{
  "type": "FeatureCollection",
  "name": "SP-008_AI_Spill_Footprint",
  "features": [
    {
      "type": "Feature",
      "geometry": {
        "type": "Polygon",
        "coordinates": [
          [
            [
              -88.95440028342426,
              29.047416222600667
            ],
            [
              -88.9531684060499,
              29.04743415184324
            ],
            [
              -88.95316670627271,
              29.047343945436886
            ],
            [
              -88.95285873702173,
              29.04734842596691
            ],
            [
              -88.95285703751993,
              29.04725821954271
            ],
            [
              -88.9523437557255,
              29.047265685497106
            ],
            [
              -88.9523454547813,
              29.047355891948865
            ],
            [
              -88.95214014183071,
              29.047358877792817
            ],
            [
              -88.95214184071588,
              29.047449084254296
            ],
            [
              -88.95070464794271,
              29.04746997645786
            ],
            [
              -88.95070295030635,
              29.04737976991926
            ],
            [
              -88.9502923238769,
              29.047385736275704
            ],
            [
              -88.9502906266051,
              29.04729552971378
            ],
            [
              -88.9500853135222,
              29.04729851241056
            ],
            [
              -88.95008361643654,
              29.047208305836328
            ],
            [
              -88.94998095997265,
              29.047209797061615
            ],
            [
              -88.94997926298397,
              29.047119590480577
            ],
            [
              -88.9498766066015,
              29.047121081621952
            ],
            [
              -88.94987490970979,
              29.047030875034114
            ],
            [
              -88.94946428445913,
              29.047036838793556
            ],
            [
              -88.94946598099403,
              29.047127045403403
            ],
            [
              -88.94905535526237,
              29.047133007930405
            ],
            [
              -88.94905365908426,
              29.047042801298534
            ],
            [
              -88.94895100272115,
              29.047044291728774
            ],
            [
              -88.94894591450095,
              29.046773671808833
            ],
            [
              -88.94915122668422,
              29.04677069090297
            ],
            [
              -88.94914953044794,
              29.046680484271384
            ],
            [
              -88.94945749839705,
              29.046676012341067
            ],
            [
              -88.94945580190094,
              29.04658580572469
            ],
            [
              -88.94976376951263,
              29.046581333105273
            ],
            [
              -88.94976207275668,
              29.046491126504094
            ],
            [
              -88.94986472852253,
              29.046489635479652
            ],
            [
              -88.94986303168515,
              29.046399428882683
            ],
            [
              -88.94996568735402,
              29.046397937785336
            ],
            [
              -88.94996399043522,
              29.046307731192577
            ],
            [
              -88.95006664600714,
              29.04630624002234
            ],
            [
              -88.95005985805274,
              29.04594541366025
            ],
            [
              -88.94995720283761,
              29.04594690480847
            ],
            [
              -88.94995041536419,
              29.045586078403524
            ],
            [
              -88.95005307022255,
              29.045584587277318
            ],
            [
              -88.95004967635404,
              29.045404174078023
            ],
            [
              -88.95015233102627,
              29.045402682884447
            ],
            [
              -88.95014893701041,
              29.04522226969095
            ],
            [
              -88.9502515914965,
              29.045220778429975
            ],
            [
              -88.95024989441103,
              29.04513057183678
            ],
            [
              -88.95035254880015,
              29.045129080502914
            ],
            [
              -88.95035085163326,
              29.04503887391391
            ],
            [
              -88.95045350592542,
              29.045037382507157
            ],
            [
              -88.9504518086771,
              29.044947175922356
            ],
            [
              -88.9505544628723,
              29.04494568444271
            ],
            [
              -88.95055276554257,
              29.044855477862118
            ],
            [
              -88.95065541964082,
              29.044853986309572
            ],
            [
              -88.9506452352903,
              29.044312746831714
            ],
            [
              -88.95054258172716,
              29.04431423835123
            ],
            [
              -88.95054088445177,
              29.04422403176152
            ],
            [
              -88.95064353792571,
              29.04422254024752
            ],
            [
              -88.95064014321984,
              29.04404212707519
            ],
            [
              -88.95074279650765,
              29.044040635493808
            ],
            [
              -88.95073940165447,
              29.04386022232729
            ],
            [
              -88.95094470785006,
              29.043857238951382
            ],
            [
              -88.95094301025675,
              29.043767032377172
            ],
            [
              -88.95104566325371,
              29.043765540577134
            ],
            [
              -88.95104396557898,
              29.04367533400713
            ],
            [
              -88.95135192425569,
              29.043670858153178
            ],
            [
              -88.95135362219797,
              29.043761064706647
            ],
            [
              -88.95155892812198,
              29.04375808040103
            ],
            [
              -88.95156062625038,
              29.043848286942193
            ],
            [
              -88.9519712383619,
              29.043842317368203
            ],
            [
              -88.95196953987677,
              29.043752110849073
            ],
            [
              -88.95207219279602,
              29.04375061826512
            ],
            [
              -88.95207049422947,
              29.043660411750203
            ],
            [
              -88.95227579986634,
              29.043657426358113
            ],
            [
              -88.95227410112918,
              29.043567219852925
            ],
            [
              -88.95237675384676,
              29.043565727044793
            ],
            [
              -88.9523750550282,
              29.043475520543808
            ],
            [
              -88.95247770764884,
              29.043474027662807
            ],
            [
              -88.95247261097222,
              29.04320340816856
            ],
            [
              -88.95236995861912,
              29.04320490103303
            ],
            [
              -88.95236146475942,
              29.04275386848901
            ],
            [
              -88.95246411666662,
              29.0427523756521
            ],
            [
              -88.95246241782881,
              29.042662169144887
            ],
            [
              -88.95256506963905,
              29.042660676235105
            ],
            [
              -88.95256337071984,
              29.042570469732105
            ],
            [
              -88.95266602243312,
              29.042568976749433
            ],
            [
              -88.95266432343251,
              29.042478770250646
            ],
            [
              -88.95307492985123,
              29.042472797558133
            ],
            [
              -88.95307323050167,
              29.0423825910801
            ],
            [
              -88.95317588199774,
              29.042381097716508
            ],
            [
              -88.95317758143646,
              29.042471304189032
            ],
            [
              -88.95338288458363,
              29.04246831721567
            ],
            [
              -88.9533845842085,
              29.04255852367587
            ],
            [
              -88.95358988750291,
              29.04255553637793
            ],
            [
              -88.9535915873139,
              29.04264574282579
            ],
            [
              -88.95369423903863,
              29.042644249053726
            ],
            [
              -88.95369593894658,
              29.04273445549477
            ],
            [
              -88.9537985907527,
              29.0427329616388
            ],
            [
              -88.95380029075761,
              29.04282316807303
            ],
            [
              -88.95390294264513,
              29.04282167413316
            ],
            [
              -88.95390464274699,
              29.042911880560574
            ],
            [
              -88.95400729471592,
              29.042910386536793
            ],
            [
              -88.95400899491474,
              29.043000592957384
            ],
            [
              -88.95411164696507,
              29.042999098849705
            ],
            [
              -88.95411334726086,
              29.043089305263482
            ],
            [
              -88.95421599939259,
              29.04308781107189
            ],
            [
              -88.95421769978532,
              29.043178017478837
            ],
            [
              -88.95432035199846,
              29.043176523203346
            ],
            [
              -88.95432205248815,
              29.043266729603488
            ],
            [
              -88.95442470478268,
              29.04326523524409
            ],
            [
              -88.95445191510282,
              29.04470853738072
            ],
            [
              -88.95455456881652,
              29.04470704285466
            ],
            [
              -88.9545766798277,
              29.045879725523246
            ],
            [
              -88.9544740249545,
              29.04588122012102
            ],
            [
              -88.95450123888477,
              29.047324521652822
            ],
            [
              -88.95439858257667,
              29.047326016260484
            ],
            [
              -88.95440028342426,
              29.047416222600667
            ]
          ]
        ]
      },
      "properties": {
        "incident_id": "SP-008",
        "type": "AI-detected-slick",
        "source": "Sentinel-1 SAR",
        "method": "U-Net segmentation + radiometric filtering"
      }
    },
    {
      "type": "Feature",
      "geometry": {
        "type": "Polygon",
        "coordinates": [
          [
            [
              -88.7242561232646,
              29.00915056127209
            ],
            [
              -88.7240508595607,
              29.009153195225657
            ],
            [
              -88.72404936147151,
              29.009062976679274
            ],
            [
              -88.72363883433773,
              29.009068243627144
            ],
            [
              -88.7236373366117,
              29.00897802506
            ],
            [
              -88.72343207318181,
              29.008980658054316
            ],
            [
              -88.72343057564078,
              29.00889043947617
            ],
            [
              -88.72322531236163,
              29.008893072147487
            ],
            [
              -88.72322381500558,
              29.008802853558333
            ],
            [
              -88.7231211834448,
              29.008804169771654
            ],
            [
              -88.72311818893141,
              29.008623732579764
            ],
            [
              -88.72301555754191,
              29.00862504870504
            ],
            [
              -88.72301106609044,
              29.008354392893004
            ],
            [
              -88.7229084349613,
              29.008355708925382
            ],
            [
              -88.72290394383869,
              29.00808505308721
            ],
            [
              -88.72300657470063,
              29.008083737069423
            ],
            [
              -88.72299459796264,
              29.00736198815011
            ],
            [
              -88.72309722810516,
              29.007360672092915
            ],
            [
              -88.72309423381105,
              29.007180234859977
            ],
            [
              -88.72319686376862,
              29.007178918734187
            ],
            [
              -88.72319237211167,
              29.006908262889766
            ],
            [
              -88.72329500179518,
              29.00690694670027
            ],
            [
              -88.72329350450084,
              29.006816728087752
            ],
            [
              -88.7231908749064,
              29.006818044272396
            ],
            [
              -88.72318937770795,
              29.006727825653744
            ],
            [
              -88.72308674819571,
              29.006729141755212
            ],
            [
              -88.72308525109321,
              29.00663892313041
            ],
            [
              -88.72298262166316,
              29.00664023914871
            ],
            [
              -88.72298112465657,
              29.00655002051777
            ],
            [
              -88.72287849530875,
              29.006551336452894
            ],
            [
              -88.72287699839806,
              29.006461117815807
            ],
            [
              -88.72277436913245,
              29.00646243366776
            ],
            [
              -88.72277287231768,
              29.006372215024523
            ],
            [
              -88.72267024313427,
              29.006373530793304
            ],
            [
              -88.72266575299824,
              29.006102874841325
            ],
            [
              -88.72256312407517,
              29.00610419051722
            ],
            [
              -88.72255264795427,
              29.005472659883672
            ],
            [
              -88.72265527625395,
              29.00547134424181
            ],
            [
              -88.72265228296007,
              29.005290906916127
            ],
            [
              -88.72275491107477,
              29.005289591205678
            ],
            [
              -88.72275341434906,
              29.005199372545775
            ],
            [
              -88.72285604236787,
              29.00519805676189
            ],
            [
              -88.72285454555995,
              29.005107838105566
            ],
            [
              -88.72295717348284,
              29.005106522248237
            ],
            [
              -88.72295567659272,
              29.00501630359548
            ],
            [
              -88.7230583044197,
              29.00501498766471
            ],
            [
              -88.72305680744738,
              29.004924769015542
            ],
            [
              -88.72326206290269,
              29.00492213692882
            ],
            [
              -88.7232605657591,
              29.004831918288108
            ],
            [
              -88.7234658210089,
              29.004829285897898
            ],
            [
              -88.72346432369407,
              29.004739067265614
            ],
            [
              -88.72408008874463,
              29.004731168244913
            ],
            [
              -88.72408158659378,
              29.004821386848004
            ],
            [
              -88.72490260698966,
              29.004810850396535
            ],
            [
              -88.7249041055581,
              29.0049010689594
            ],
            [
              -88.7251093607666,
              29.00489843405377
            ],
            [
              -88.72511085952,
              29.00498865260562
            ],
            [
              -88.72552137021088,
              29.004983381835245
            ],
            [
              -88.72551987110127,
              29.00489316330288
            ],
            [
              -88.72572512622743,
              29.004890527457615
            ],
            [
              -88.72572362694656,
              29.00480030893369
            ],
            [
              -88.72582625441031,
              29.004798990898475
            ],
            [
              -88.72582475504724,
              29.004708772378144
            ],
            [
              -88.72695365571573,
              29.004694268876424
            ],
            [
              -88.72695515605837,
              29.004784487343162
            ],
            [
              -88.72726303818183,
              29.00478053018373
            ],
            [
              -88.72726453879848,
              29.004870748634563
            ],
            [
              -88.72736716624829,
              29.004869429419937
            ],
            [
              -88.72737767138061,
              29.00550095850573
            ],
            [
              -88.72748029944692,
              29.00549963917868
            ],
            [
              -88.72748180029663,
              29.0055898576095
            ],
            [
              -88.72758442844513,
              29.005588538199277
            ],
            [
              -88.72758592939078,
              29.005678756623933
            ],
            [
              -88.72768855762148,
              29.005677437130526
            ],
            [
              -88.72769606289803,
              29.00612852921022
            ],
            [
              -88.72779869156714,
              29.006127209614124
            ],
            [
              -88.72780319508271,
              29.00639786483191
            ],
            [
              -88.72770056614642,
              29.006399184442635
            ],
            [
              -88.72770657057379,
              29.00676005806792
            ],
            [
              -88.7276039412744,
              29.006761377619835
            ],
            [
              -88.72761144651788,
              29.007212469646934
            ],
            [
              -88.72750881676632,
              29.00721378914492
            ],
            [
              -88.72751331972765,
              29.007484444360426
            ],
            [
              -88.72741068970201,
              29.00748576379473
            ],
            [
              -88.72741369153246,
              29.007666200608394
            ],
            [
              -88.72731106132181,
              29.00766751997414
            ],
            [
              -88.72731256215828,
              29.007757738383926
            ],
            [
              -88.7272099318517,
              29.007759057676232
            ],
            [
              -88.72721143260596,
              29.00784927608961
            ],
            [
              -88.72710880220345,
              29.007850595308483
            ],
            [
              -88.72711030287552,
              29.007940813725444
            ],
            [
              -88.72700767237707,
              29.007942132870877
            ],
            [
              -88.72701367477777,
              29.008303006545415
            ],
            [
              -88.72680841304772,
              29.00830564464034
            ],
            [
              -88.72680991348693,
              29.00839586306551
            ],
            [
              -88.72670728252254,
              29.008397182000373
            ],
            [
              -88.72670878287954,
              29.008487400429143
            ],
            [
              -88.72640088967795,
              29.008491356778457
            ],
            [
              -88.7264023897746,
              29.00858157522056
            ],
            [
              -88.72609449624403,
              29.008585530879667
            ],
            [
              -88.72609299641458,
              29.00849531242295
            ],
            [
              -88.72568247196729,
              29.00850058551922
            ],
            [
              -88.72568397144046,
              29.00859080399542
            ],
            [
              -88.7254787089975,
              29.008593440083402
            ],
            [
              -88.7254802082994,
              29.00868365856806
            ],
            [
              -88.72537757697856,
              29.008684976499442
            ],
            [
              -88.72537907619824,
              29.008775194987702
            ],
            [
              -88.72527644478147,
              29.00877651284565
            ],
            [
              -88.72527794391895,
              29.008866731337477
            ],
            [
              -88.72507268088667,
              29.00886936682816
            ],
            [
              -88.72507417985287,
              29.00895958532844
            ],
            [
              -88.724868916615,
              29.0089622205156
            ],
            [
              -88.72487041540991,
              29.00905243902434
            ],
            [
              -88.72425462499726,
              29.009060342735435
            ],
            [
              -88.7242561232646,
              29.00915056127209
            ]
          ]
        ]
      },
      "properties": {
        "incident_id": "SP-008",
        "type": "AI-detected-slick",
        "source": "Sentinel-1 SAR",
        "method": "U-Net segmentation + radiometric filtering"
      }
    },
    {
      "type": "Feature",
      "geometry": {
        "type": "Polygon",
        "coordinates": [
          [
            [
              -88.7831182215171,
              28.975716702678277
            ],
            [
              -88.7821948608847,
              28.975728944690406
            ],
            [
              -88.78219331441481,
              28.975638728508667
            ],
            [
              -88.78198812326309,
              28.975641448085547
            ],
            [
              -88.78198503070017,
              28.975461015698098
            ],
            [
              -88.78188243529151,
              28.97546237535918
            ],
            [
              -88.78188088910959,
              28.9753721591585
            ],
            [
              -88.78177829378276,
              28.975373518736347
            ],
            [
              -88.78177365554617,
              28.975102870111506
            ],
            [
              -88.78187625060627,
              28.975101510548733
            ],
            [
              -88.78187006603429,
              28.974740645717713
            ],
            [
              -88.78197266073167,
              28.97473928609685
            ],
            [
              -88.78196956831034,
              28.974558853683675
            ],
            [
              -88.78207216282283,
              28.974557493994666
            ],
            [
              -88.78207061653389,
              28.974467277791174
            ],
            [
              -88.78217321095039,
              28.974465918029
            ],
            [
              -88.78217011821592,
              28.97428548562823
            ],
            [
              -88.78227271244755,
              28.974284125797908
            ],
            [
              -88.78227116600202,
              28.974193909600608
            ],
            [
              -88.78237376013765,
              28.974192549697133
            ],
            [
              -88.78237221361032,
              28.974102333503577
            ],
            [
              -88.78247480764996,
              28.974100973526927
            ],
            [
              -88.7824732610408,
              28.974010757337112
            ],
            [
              -88.78257585498446,
              28.974009397287286
            ],
            [
              -88.78257430829346,
              28.973919181101234
            ],
            [
              -88.78267690214116,
              28.97391782097825
            ],
            [
              -88.78267535536834,
              28.973827604795922
            ],
            [
              -88.78277794912005,
              28.97382624459978
            ],
            [
              -88.78277640226541,
              28.97373602842119
            ],
            [
              -88.78287899592112,
              28.973734668151874
            ],
            [
              -88.78287744898468,
              28.97364445197704
            ],
            [
              -88.78298004254441,
              28.973643091634568
            ],
            [
              -88.78297849552614,
              28.97355287546347
            ],
            [
              -88.78308108898989,
              28.97355151504783
            ],
            [
              -88.7830779947968,
              28.97337108271184
            ],
            [
              -88.78318058807565,
              28.973369722228068
            ],
            [
              -88.78317749373309,
              28.973189289897
            ],
            [
              -88.78328008682708,
              28.973187929345098
            ],
            [
              -88.78327699233505,
              28.973007497018937
            ],
            [
              -88.78337958524415,
              28.973006136398915
            ],
            [
              -88.78336875412292,
              28.972374623252065
            ],
            [
              -88.7832661618361,
              28.97237598383689
            ],
            [
              -88.78325997313542,
              28.972015119133122
            ],
            [
              -88.78315738119709,
              28.972016479619622
            ],
            [
              -88.78315274001261,
              28.97174583106321
            ],
            [
              -88.7830501483339,
              28.971747191456434
            ],
            [
              -88.78304860137547,
              28.971656975263347
            ],
            [
              -88.78294600977854,
              28.971658335573363
            ],
            [
              -88.78294291606073,
              28.971477903173287
            ],
            [
              -88.7828403246345,
              28.97147926339504
            ],
            [
              -88.78283877787511,
              28.97138904718805
            ],
            [
              -88.78273618653071,
              28.971390407326595
            ],
            [
              -88.78273463986729,
              28.97130019111329
            ],
            [
              -88.78201650088043,
              28.97130970985865
            ],
            [
              -88.7820180469216,
              28.971399926107164
            ],
            [
              -88.78150508984561,
              28.97140672289053
            ],
            [
              -88.7815066354494,
              28.971496939162886
            ],
            [
              -88.78109626930565,
              28.971502375202316
            ],
            [
              -88.78109781456095,
              28.971592591493494
            ],
            [
              -88.78089263126886,
              28.97159530905413
            ],
            [
              -88.78089417635344,
              28.97168552535406
            ],
            [
              -88.78048380932877,
              28.971690959557186
            ],
            [
              -88.78048535406487,
              28.971781175875932
            ],
            [
              -88.7802801703323,
              28.971783892518406
            ],
            [
              -88.78028171489768,
              28.971874108845913
            ],
            [
              -88.77997393897911,
              28.971878183238275
            ],
            [
              -88.77997548328489,
              28.97196839957956
            ],
            [
              -88.77977029912603,
              28.971971115460228
            ],
            [
              -88.7797718432611,
              28.972061331810277
            ],
            [
              -88.77936147450298,
              28.972066762653437
            ],
            [
              -88.77936301828953,
              28.972156979022287
            ],
            [
              -88.77926042599341,
              28.97215833654262
            ],
            [
              -88.77926196969814,
              28.97224855291519
            ],
            [
              -88.77895419250075,
              28.97225262502212
            ],
            [
              -88.77895573594586,
              28.972342841408466
            ],
            [
              -88.7788531434437,
              28.97234419862608
            ],
            [
              -88.77885468680697,
              28.972434415016156
            ],
            [
              -88.77864950160365,
              28.972437129226858
            ],
            [
              -88.7786510447962,
              28.97252734562567
            ],
            [
              -88.77854845209504,
              28.97252870261876
            ],
            [
              -88.77854999520576,
              28.972618919021315
            ],
            [
              -88.77844740240864,
              28.972620275941217
            ],
            [
              -88.77844894543752,
              28.972710492347506
            ],
            [
              -88.77834635254445,
              28.972711849194237
            ],
            [
              -88.77834789549149,
              28.972802065604256
            ],
            [
              -88.77814270950635,
              28.97280477907318
            ],
            [
              -88.77814425228267,
              28.97289499549194
            ],
            [
              -88.77793906609148,
              28.97289770865813
            ],
            [
              -88.77794060869705,
              28.972987925085654
            ],
            [
              -88.7777354222998,
              28.972990637949103
            ],
            [
              -88.77773696473464,
              28.97308085438535
            ],
            [
              -88.77732659149983,
              28.973086279194007
            ],
            [
              -88.77732813358612,
              28.973176495649028
            ],
            [
              -88.77671257298869,
              28.97318463054628
            ],
            [
              -88.77671411454864,
              28.97327484703012
            ],
            [
              -88.77640633388792,
              28.973278913438175
            ],
            [
              -88.77640787518824,
              28.973369129935747
            ],
            [
              -88.77620268786801,
              28.97337184049351
            ],
            [
              -88.77620422899757,
              28.973462056999818
            ],
            [
              -88.77599904147132,
              28.973464767254818
            ],
            [
              -88.77600058243013,
              28.973554983769862
            ],
            [
              -88.77579539469785,
              28.97355769372211
            ],
            [
              -88.77579693548591,
              28.973647910245894
            ],
            [
              -88.77569434152029,
              28.973649265109728
            ],
            [
              -88.77569588222651,
              28.97373948163724
            ],
            [
              -88.77549069409629,
              28.97374219114035
            ],
            [
              -88.77549223463176,
              28.97383240767659
            ],
            [
              -88.77538964046717,
              28.973833762315863
            ],
            [
              -88.77539118092078,
              28.973923978855836
            ],
            [
              -88.77518599239264,
              28.973926687909806
            ],
            [
              -88.77518753267549,
              28.9740169044585
            ],
            [
              -88.77508493831192,
              28.974018258873205
            ],
            [
              -88.77508647851293,
              28.974108475425613
            ],
            [
              -88.77488128958686,
              28.974111184030445
            ],
            [
              -88.77488282961711,
              28.974201400591593
            ],
            [
              -88.77467764048501,
              28.974204108893655
            ],
            [
              -88.7746791803445,
              28.974294325463518
            ],
            [
              -88.77406361224558,
              28.974302448523
            ],
            [
              -88.77406207291952,
              28.974212231923083
            ],
            [
              -88.77395947830061,
              28.974213585487636
            ],
            [
              -88.77395793907051,
              28.974123368881422
            ],
            [
              -88.77385534453346,
              28.974124722362763
            ],
            [
              -88.77385380539931,
              28.974034505750282
            ],
            [
              -88.77375121094411,
              28.974035859148433
            ],
            [
              -88.77374043782473,
              28.97340434278995
            ],
            [
              -88.7738430316576,
              28.973402989426837
            ],
            [
              -88.7738399535091,
              28.973222556179987
            ],
            [
              -88.77394254715712,
              28.973221202748686
            ],
            [
              -88.77394100800456,
              28.97313098612834
            ],
            [
              -88.77404360155663,
              28.973129632623852
            ],
            [
              -88.77404206232218,
              28.97303941600724
            ],
            [
              -88.77414465577831,
              28.973038062429545
            ],
            [
              -88.77414311646203,
              28.972947845816645
            ],
            [
              -88.7742457098222,
              28.97294649216578
            ],
            [
              -88.77424263103298,
              28.97276605894611
            ],
            [
              -88.7743452242083,
              28.972764705227068
            ],
            [
              -88.77434368473537,
              28.972674488620306
            ],
            [
              -88.77444627781476,
              28.97267313482807
            ],
            [
              -88.77444473825996,
              28.972582918225054
            ],
            [
              -88.7745473312434,
              28.972581564359626
            ],
            [
              -88.77454579160676,
              28.972491347760318
            ],
            [
              -88.77464838449424,
              28.972489993821718
            ],
            [
              -88.77464684477577,
              28.972399777226123
            ],
            [
              -88.77474943756731,
              28.972398423214333
            ],
            [
              -88.77474789776697,
              28.972308206622465
            ],
            [
              -88.77485049046257,
              28.972306852537486
            ],
            [
              -88.77484895058039,
              28.972216635949334
            ],
            [
              -88.77495154318004,
              28.972215281791176
            ],
            [
              -88.774950003216,
              28.972125065206743
            ],
            [
              -88.7750525957197,
              28.972123710975406
            ],
            [
              -88.77505105567383,
              28.972033494394708
            ],
            [
              -88.77515364808158,
              28.97203214009018
            ],
            [
              -88.77515210795387,
              28.971941923513207
            ],
            [
              -88.77525470026568,
              28.9719405691355
            ],
            [
              -88.77525316005611,
              28.97185035256223
            ],
            [
              -88.77535575227198,
              28.97184899811134
            ],
            [
              -88.77535421198056,
              28.97175878154181
            ],
            [
              -88.77545680410047,
              28.97175742701774
            ],
            [
              -88.77545526372724,
              28.971667210451926
            ],
            [
              -88.7755578557512,
              28.97166585585468
            ],
            [
              -88.77555477484808,
              28.971485422729213
            ],
            [
              -88.77565736668721,
              28.971484068063802
            ],
            [
              -88.7756542856345,
              28.971303634943204
            ],
            [
              -88.7757568772888,
              28.97130228020962
            ],
            [
              -88.77575225549597,
              28.971031630534124
            ],
            [
              -88.77564966410836,
              28.971032985252684
            ],
            [
              -88.7756465831262,
              28.970852552119226
            ],
            [
              -88.7755439919093,
              28.970853906749575
            ],
            [
              -88.77553937075564,
              28.97058325702474
            ],
            [
              -88.77543677979837,
              28.97058461156188
            ],
            [
              -88.77543369924229,
              28.97040417839553
            ],
            [
              -88.77533110845575,
              28.970405532844467
            ],
            [
              -88.77531724710246,
              28.969593583487224
            ],
            [
              -88.77541983708902,
              28.969592229083364
            ],
            [
              -88.77541829688504,
              28.969502012486686
            ],
            [
              -88.77552088677567,
              28.969500658009654
            ],
            [
              -88.77551780621107,
              28.969320224822482
            ],
            [
              -88.77572298561563,
              28.969317515653906
            ],
            [
              -88.77572144516614,
              28.969227299068404
            ],
            [
              -88.77582403476897,
              28.969225944371846
            ],
            [
              -88.77582249423766,
              28.969135727790082
            ],
            [
              -88.77602767324437,
              28.969133018172453
            ],
            [
              -88.77602613254236,
              28.969042801599414
            ],
            [
              -88.77612872194624,
              28.969041446678343
            ],
            [
              -88.7761271811624,
              28.96895123010902
            ],
            [
              -88.77643494906509,
              28.968947164891755
            ],
            [
              -88.77643340802165,
              28.968856948336192
            ],
            [
              -88.7766385864104,
              28.968854237810476
            ],
            [
              -88.77663704519627,
              28.968764021263652
            ],
            [
              -88.77694481245983,
              28.96875995490376
            ],
            [
              -88.77694327098611,
              28.968669738370682
            ],
            [
              -88.77725103791953,
              28.968665671322228
            ],
            [
              -88.7772494961862,
              28.968575454802902
            ],
            [
              -88.77755726278944,
              28.968571387065882
            ],
            [
              -88.77755572079656,
              28.96848117056031
            ],
            [
              -88.77776089831897,
              28.968478458354763
            ],
            [
              -88.77775935615539,
              28.968388241857944
            ],
            [
              -88.77786194481715,
              28.968386885642907
            ],
            [
              -88.77786040257173,
              28.968296669149822
            ],
            [
              -88.77796299113753,
              28.968295312861628
            ],
            [
              -88.77796144881032,
              28.96820509637227
            ],
            [
              -88.77816662574297,
              28.968202383571395
            ],
            [
              -88.77816508324506,
              28.96811216709078
            ],
            [
              -88.77826767161193,
              28.968110810578086
            ],
            [
              -88.77826612903219,
              28.968020594101198
            ],
            [
              -88.77857389382378,
              28.96801652410913
            ],
            [
              -88.77857235098448,
              28.967926307646014
            ],
            [
              -88.77877752729913,
              28.96792359393711
            ],
            [
              -88.77877598428914,
              28.96783337748275
            ],
            [
              -88.77887857234697,
              28.96783202051605
            ],
            [
              -88.77887702925518,
              28.967741804065408
            ],
            [
              -88.77908220517193,
              28.96773908990753
            ],
            [
              -88.77908066190945,
              28.96764887346565
            ],
            [
              -88.77928583762018,
              28.96764615900511
            ],
            [
              -88.77928429418701,
              28.967555942571973
            ],
            [
              -88.77959205743349,
              28.967551870309894
            ],
            [
              -88.77959051374077,
              28.96746165389053
            ],
            [
              -88.78000086428162,
              28.967456223133414
            ],
            [
              -88.77999932024045,
              28.967366006732842
            ],
            [
              -88.78040967031271,
              28.96736057474502
            ],
            [
              -88.78040812592312,
              28.96727035836326
            ],
            [
              -88.78092106290994,
              28.967263566644668
            ],
            [
              -88.78091951808307,
              28.967173350286735
            ],
            [
              -88.78143245444868,
              28.96716655663892
            ],
            [
              -88.78143090918452,
              28.967076340304825
            ],
            [
              -88.78204643205655,
              28.96706818537788
            ],
            [
              -88.78204488626623,
              28.966977969072676
            ],
            [
              -88.78307075626462,
              28.96696437132421
            ],
            [
              -88.78306920959267,
              28.96687415506799
            ],
            [
              -88.78337697018749,
              28.966870074234173
            ],
            [
              -88.78337542325602,
              28.966779857991764
            ],
            [
              -88.78368318352048,
              28.966775776469497
            ],
            [
              -88.78368163632948,
              28.966685560240897
            ],
            [
              -88.78532302190764,
              28.96666378032056
            ],
            [
              -88.78532457052056,
              28.966753996468626
            ],
            [
              -88.78563233038103,
              28.966749910490556
            ],
            [
              -88.78563387926766,
              28.966840126622223
            ],
            [
              -88.7857364659625,
              28.96683876446815
            ],
            [
              -88.78574111293155,
              28.967109412840315
            ],
            [
              -88.78584369988592,
              28.967108050592962
            ],
            [
              -88.78584524897865,
              28.967198266709413
            ],
            [
              -88.7859478360148,
              28.967196904378845
            ],
            [
              -88.7859509343993,
              28.967377336597785
            ],
            [
              -88.78697680614799,
              28.967363708891867
            ],
            [
              -88.78697525606347,
              28.96727349283344
            ],
            [
              -88.78707784311044,
              28.967272129637934
            ],
            [
              -88.78707629294415,
              28.967181913583254
            ],
            [
              -88.78728146683905,
              28.967179186967815
            ],
            [
              -88.78727991650211,
              28.96708897092193
            ],
            [
              -88.78738250335005,
              28.967087607501995
            ],
            [
              -88.78738095293133,
              28.966997391459866
            ],
            [
              -88.7874835396833,
              28.966996027966797
            ],
            [
              -88.78748198918281,
              28.966905811928438
            ],
            [
              -88.7875845758388,
              28.966904448362236
            ],
            [
              -88.78758302525655,
              28.966814232327614
            ],
            [
              -88.78768561181658,
              28.966812868688287
            ],
            [
              -88.78768406115255,
              28.96672265265743
            ],
            [
              -88.7877866476166,
              28.96672128894498
            ],
            [
              -88.78778509687082,
              28.966631072917878
            ],
            [
              -88.78788768323889,
              28.966629709132302
            ],
            [
              -88.78788613241133,
              28.96653949310895
            ],
            [
              -88.78798871868345,
              28.966538129250242
            ],
            [
              -88.78798716777412,
              28.966447913230663
            ],
            [
              -88.78808975395027,
              28.96644654929882
            ],
            [
              -88.78808665197519,
              28.966266117265878
            ],
            [
              -88.78818923796649,
              28.966264753265957
            ],
            [
              -88.78818768690074,
              28.96617453725261
            ],
            [
              -88.78829027279608,
              28.966173173179556
            ],
            [
              -88.78828872164856,
              28.966082957169963
            ],
            [
              -88.78839130744792,
              28.9660815930238
            ],
            [
              -88.78838820499647,
              28.965901161010827
            ],
            [
              -88.788490790611,
              28.96589979679658
            ],
            [
              -88.78848923930705,
              28.965809580793213
            ],
            [
              -88.78859182482563,
              28.965808216505845
            ],
            [
              -88.78859027343991,
              28.965718000506236
            ],
            [
              -88.788795444278,
              28.965715271707097
            ],
            [
              -88.78879389272167,
              28.96562505571629
            ],
            [
              -88.7888964780412,
              28.965623691204506
            ],
            [
              -88.7888949264031,
              28.96553347521746
            ],
            [
              -88.78910009684311,
              28.96553074596949
            ],
            [
              -88.78909854503439,
              28.96544052999126
            ],
            [
              -88.78920113015488,
              28.965439165255066
            ],
            [
              -88.78919957826442,
              28.96534894928059
            ],
            [
              -88.78940474830634,
              28.965346219583807
            ],
            [
              -88.78940319624526,
              28.965256003618148
            ],
            [
              -88.78950578116668,
              28.96525463865755
            ],
            [
              -88.78950422902383,
              28.96516442269565
            ],
            [
              -88.78970939866768,
              28.965161692550062
            ],
            [
              -88.7897078463542,
              28.965071476596957
            ],
            [
              -88.7898104310766,
              28.965070111411965
            ],
            [
              -88.78980887868138,
              28.964979895462637
            ],
            [
              -88.78991146330782,
              28.96497853020453
            ],
            [
              -88.78990991083084,
              28.96488831425896
            ],
            [
              -88.7900124953613,
              28.964886948927738
            ],
            [
              -88.79001094280258,
              28.964796732985917
            ],
            [
              -88.79011352723707,
              28.96479536758158
            ],
            [
              -88.79011197459658,
              28.96470515164354
            ],
            [
              -88.79021455893512,
              28.96470378616609
            ],
            [
              -88.79021300621288,
              28.964613570231798
            ],
            [
              -88.79041817469087,
              28.9646108390525
            ],
            [
              -88.79041662179803,
              28.964520623127026
            ],
            [
              -88.79051920593751,
              28.96451925742518
            ],
            [
              -88.79051765296292,
              28.964429041503475
            ],
            [
              -88.79062023700644,
              28.96442767572852
            ],
            [
              -88.7906186839501,
              28.96433745981058
            ],
            [
              -88.79072126789762,
              28.964336093962512
            ],
            [
              -88.79071971475956,
              28.964245878048335
            ],
            [
              -88.79092488245556,
              28.964243146127814
            ],
            [
              -88.79092332914689,
              28.964152930222447
            ],
            [
              -88.79112849663673,
              28.964150197999384
            ],
            [
              -88.79112694315745,
              28.964059982102842
            ],
            [
              -88.79122952680285,
              28.964058615879125
            ],
            [
              -88.79122797324182,
              28.96396839998635
            ],
            [
              -88.79133055679125,
              28.963967033689514
            ],
            [
              -88.79132900314849,
              28.963876817800504
            ],
            [
              -88.79143158660195,
              28.963875451430567
            ],
            [
              -88.79143003287744,
              28.96378523554532
            ],
            [
              -88.79153261623493,
              28.96378386910227
            ],
            [
              -88.79153106242867,
              28.963693653220798
            ],
            [
              -88.7916336456902,
              28.96369228670464
            ],
            [
              -88.79163209180221,
              28.963602070826926
            ],
            [
              -88.79173467496776,
              28.963600704237656
            ],
            [
              -88.79173312099803,
              28.963510488363724
            ],
            [
              -88.79193828713007,
              28.963507754960833
            ],
            [
              -88.79193673298975,
              28.96341753909571
            ],
            [
              -88.79214189891562,
              28.963414805390272
            ],
            [
              -88.7921403446047,
              28.96332458953399
            ],
            [
              -88.79224292746811,
              28.96332322256908
            ],
            [
              -88.79224137307547,
              28.963233006716553
            ],
            [
              -88.79244653860322,
              28.963230272562395
            ],
            [
              -88.79244498403999,
              28.963140056718697
            ],
            [
              -88.79254756670433,
              28.963138689529437
            ],
            [
              -88.79254601205936,
              28.963048473689497
            ],
            [
              -88.79264859462774,
              28.963047106427133
            ],
            [
              -88.79264703990104,
              28.962956890590974
            ],
            [
              -88.79274962237344,
              28.962955523255495
            ],
            [
              -88.79274806756501,
              28.96286530742311
            ],
            [
              -88.79295323231077,
              28.96286257252782
            ],
            [
              -88.79295167733176,
              28.96277235670425
            ],
            [
              -88.79305425960509,
              28.962770989144424
            ],
            [
              -88.79305270454435,
              28.96268077332463
            ],
            [
              -88.79315528672171,
              28.962679405691702
            ],
            [
              -88.79315373157925,
              28.962589189875686
            ],
            [
              -88.79335889573493,
              28.962586454385487
            ],
            [
              -88.79335734042188,
              28.962496238578286
            ],
            [
              -88.79356250437138,
              28.962493502785573
            ],
            [
              -88.79356094888776,
              28.96240328698722
            ],
            [
              -88.79386869449203,
              28.962399182727154
            ],
            [
              -88.79386713874898,
              28.962308966942675
            ],
            [
              -88.7941748840226,
              28.9623048619944
            ],
            [
              -88.79417332802014,
              28.962214646223817
            ],
            [
              -88.79468623622274,
              28.962207803105517
            ],
            [
              -88.79468779266946,
              28.96229801885078
            ],
            [
              -88.79489295607831,
              28.96229528104625
            ],
            [
              -88.79489451270985,
              28.9623854967801
            ],
            [
              -88.79499709449243,
              28.96238412775553
            ],
            [
              -88.79499865121994,
              28.962474343483034
            ],
            [
              -88.79510123308424,
              28.96247297437525
            ],
            [
              -88.79510278990773,
              28.96256319009639
            ],
            [
              -88.79520537185375,
              28.962561820905393
            ],
            [
              -88.79520692877323,
              28.962652036620188
            ],
            [
              -88.79530951080096,
              28.96265066734596
            ],
            [
              -88.79531262483897,
              28.962831098761562
            ],
            [
              -88.79541520703731,
              28.96282972939905
            ],
            [
              -88.79544323626209,
              28.96445361181663
            ],
            [
              -88.7953406524644,
              28.964454981270304
            ],
            [
              -88.7953453239599,
              28.964725628314557
            ],
            [
              -88.79524273988851,
              28.964726997705256
            ],
            [
              -88.79524429697908,
              28.96481721338917
            ],
            [
              -88.79514171281168,
              28.964818582706776
            ],
            [
              -88.79514482683649,
              28.964999014080846
            ],
            [
              -88.79504224248426,
              28.96500038333041
            ],
            [
              -88.7950437994185,
              28.9650905990206
            ],
            [
              -88.79494121497028,
              28.96509196819707
            ],
            [
              -88.79494277182278,
              28.965182183891013
            ],
            [
              -88.79484018727857,
              28.965183552994382
            ],
            [
              -88.79484174404934,
              28.9652737686921
            ],
            [
              -88.79473915940915,
              28.96527513772236
            ],
            [
              -88.79474071609818,
              28.96536535342387
            ],
            [
              -88.79463813136199,
              28.965366722381027
            ],
            [
              -88.7946396879693,
              28.965456938086305
            ],
            [
              -88.7945371031371,
              28.965458306970365
            ],
            [
              -88.79453865966268,
              28.96554852267942
            ],
            [
              -88.7944360747345,
              28.965549891490383
            ],
            [
              -88.79443763117834,
              28.965640107203207
            ],
            [
              -88.79433504615419,
              28.965641475941066
            ],
            [
              -88.79433660251628,
              28.96573169165766
            ],
            [
              -88.79423401739614,
              28.965733060322403
            ],
            [
              -88.79423712996397,
              28.965913491761864
            ],
            [
              -88.79413454465897,
              28.96591486035857
            ],
            [
              -88.7941376570776,
              28.96609529180302
            ],
            [
              -88.79403507158773,
              28.966096660331676
            ],
            [
              -88.79403662771887,
              28.96618687605702
            ],
            [
              -88.79393404213302,
              28.966188244512566
            ],
            [
              -88.7939355981824,
              28.966278460241696
            ],
            [
              -88.79383301250057,
              28.966279828624142
            ],
            [
              -88.79383456846821,
              28.966370044357035
            ],
            [
              -88.79373198269039,
              28.966371412666366
            ],
            [
              -88.79373353857629,
              28.966461628403028
            ],
            [
              -88.79363095270247,
              28.96646299663926
            ],
            [
              -88.79363250850665,
              28.966553212379708
            ],
            [
              -88.79352992253683,
              28.96655458054282
            ],
            [
              -88.79353147825925,
              28.96664479628704
            ],
            [
              -88.79342889219345,
              28.96664616437705
            ],
            [
              -88.79343044783413,
              28.966736380125027
            ],
            [
              -88.79332786167234,
              28.96673774814193
            ],
            [
              -88.79332941723126,
              28.96682796389369
            ],
            [
              -88.79322683097348,
              28.96682933183747
            ],
            [
              -88.79322838645066,
              28.966919547593005
            ],
            [
              -88.79312580009689,
              28.966920915463675
            ],
            [
              -88.79312735549232,
              28.96701113122298
            ],
            [
              -88.79302476904256,
              28.967012499020548
            ],
            [
              -88.79302632435623,
              28.967102714783618
            ],
            [
              -88.79292373781048,
              28.967104082508065
            ],
            [
              -88.79292529304243,
              28.9671942982749
            ],
            [
              -88.79282270640068,
              28.96719566592624
            ],
            [
              -88.79282426155088,
              28.967285881696842
            ],
            [
              -88.79272167481312,
              28.96728724927507
            ],
            [
              -88.79272322988157,
              28.967377465049456
            ],
            [
              -88.79262064304784,
              28.967378832554562
            ],
            [
              -88.79262219803452,
              28.967469048332724
            ],
            [
              -88.79251961110481,
              28.96747041576471
            ],
            [
              -88.79252116600975,
              28.96756063154663
            ],
            [
              -88.79241857898403,
              28.967561998905502
            ],
            [
              -88.79242013380721,
              28.96765221469121
            ],
            [
              -88.79231754668551,
              28.967653581976954
            ],
            [
              -88.79231910142694,
              28.967743797766424
            ],
            [
              -88.79221651420924,
              28.967745164979053
            ],
            [
              -88.7922196235357,
              28.967925596564243
            ],
            [
              -88.79201444872346,
              28.967928330775216
            ],
            [
              -88.7920175577229,
              28.96810876237547
            ],
            [
              -88.79181238252671,
              28.968111496293965
            ],
            [
              -88.79181393685936,
              28.968201712102278
            ],
            [
              -88.7917113491617,
              28.968203078949323
            ],
            [
              -88.79171290341259,
              28.968293294761395
            ],
            [
              -88.79161031561895,
              28.968294661535317
            ],
            [
              -88.79161186978807,
              28.968384877351163
            ],
            [
              -88.79150928189844,
              28.968386244051967
            ],
            [
              -88.79151083598582,
              28.968476459871574
            ],
            [
              -88.79130566000744,
              28.96847919304875
            ],
            [
              -88.79130721392417,
              28.968569408877187
            ],
            [
              -88.79120462583543,
              28.968570775353566
            ],
            [
              -88.7912061796704,
              28.968660991185757
            ],
            [
              -88.79110359148568,
              28.968662357589018
            ],
            [
              -88.79110514523887,
              28.968752573424975
            ],
            [
              -88.79100255695816,
              28.968753939755103
            ],
            [
              -88.7910041106296,
              28.96884415559484
            ],
            [
              -88.79079893386907,
              28.96884688803068
            ],
            [
              -88.79080204087778,
              28.969027319726475
            ],
            [
              -88.79059686373327,
              28.969030051869815
            ],
            [
              -88.79059841707054,
              28.96912026772589
            ],
            [
              -88.79049582839875,
              28.969121633685347
            ],
            [
              -88.79049738165425,
              28.969211849545182
            ],
            [
              -88.79039479288646,
              28.9692132154315
            ],
            [
              -88.79039634606019,
              28.969303431295106
            ],
            [
              -88.79019116832552,
              28.96930616284332
            ],
            [
              -88.7901927213286,
              28.969396378715732
            ],
            [
              -88.79009013236171,
              28.96939774437762
            ],
            [
              -88.79009168528303,
              28.969487960253808
            ],
            [
              -88.78998909622014,
              28.969489325842567
            ],
            [
              -88.78999064905969,
              28.969579541722506
            ],
            [
              -88.78978547073484,
              28.969582272675588
            ],
            [
              -88.78978857607973,
              28.969762704451817
            ],
            [
              -88.7895833973709,
              28.969765435112357
            ],
            [
              -88.78958494987626,
              28.96985565100865
            ],
            [
              -88.7894823604223,
              28.969857016226698
            ],
            [
              -88.78948391284587,
              28.969947232126746
            ],
            [
              -88.78938132329593,
              28.969948597271664
            ],
            [
              -88.7893844279866,
              28.970129029077984
            ],
            [
              -88.78917924850987,
              28.970131759153467
            ],
            [
              -88.78918235287342,
              28.970312190974845
            ],
            [
              -88.78907976294663,
              28.97031355590541
            ],
            [
              -88.78908286716084,
              28.97049398773172
            ],
            [
              -88.78898027704919,
              28.97049535259421
            ],
            [
              -88.78898182907807,
              28.970585568510483
            ],
            [
              -88.7888792388704,
              28.970586933299828
            ],
            [
              -88.7888807908175,
              28.97067714921985
            ],
            [
              -88.78877820051385,
              28.97067851393606
            ],
            [
              -88.7887813042516,
              28.97085894578236
            ],
            [
              -88.78867871376305,
              28.97086031043047
            ],
            [
              -88.78868181735145,
              28.971040742281726
            ],
            [
              -88.78857922667804,
              28.97104210686174
            ],
            [
              -88.78858233011707,
              28.97122253871794
            ],
            [
              -88.78847973925876,
              28.971223903229873
            ],
            [
              -88.78848129090004,
              28.971314119161075
            ],
            [
              -88.78837869994575,
              28.97131548359986
            ],
            [
              -88.78838180307186,
              28.971495915468513
            ],
            [
              -88.78827921193268,
              28.971497279839216
            ],
            [
              -88.78828076341749,
              28.971587495776653
            ],
            [
              -88.78817817218231,
              28.971588860074203
            ],
            [
              -88.78818127499547,
              28.97176929195533
            ],
            [
              -88.78807868357542,
              28.971770656184777
            ],
            [
              -88.78808023490375,
              28.971860872128442
            ],
            [
              -88.78797764338769,
              28.971862236284757
            ],
            [
              -88.78798074588791,
              28.972042668178318
            ],
            [
              -88.78787815418696,
              28.97204403226654
            ],
            [
              -88.78787970535882,
              28.972134248216435
            ],
            [
              -88.78777711356189,
              28.9721356122315
            ],
            [
              -88.78778021574914,
              28.972316044137532
            ],
            [
              -88.78767762376731,
              28.97231740808449
            ],
            [
              -88.78767917478268,
              28.972407624040624
            ],
            [
              -88.78757658270484,
              28.972408987914427
            ],
            [
              -88.78757813363843,
              28.972499203874314
            ],
            [
              -88.78747554146462,
              28.97250056767499
            ],
            [
              -88.78747709231641,
              28.972590783638633
            ],
            [
              -88.78737450004658,
              28.972592147366164
            ],
            [
              -88.78737605081659,
              28.972682363333558
            ],
            [
              -88.78727345845078,
              28.972683726987935
            ],
            [
              -88.78727655983428,
              28.972864158928946
            ],
            [
              -88.78717396728356,
              28.97286552251522
            ],
            [
              -88.78717551789707,
              28.972955738488842
            ],
            [
              -88.78707292525037,
              28.972957102001963
            ],
            [
              -88.78707447578206,
              28.97304731797933
            ],
            [
              -88.78697188303936,
              28.973048681419307
            ],
            [
              -88.78697343348928,
              28.973138897400432
            ],
            [
              -88.78687084065058,
              28.973140260767263
            ],
            [
              -88.78687239101868,
              28.973230476752146
            ],
            [
              -88.78676979808398,
              28.97323184004582
            ],
            [
              -88.7867728986637,
              28.973412272021807
            ],
            [
              -88.78667030554409,
              28.973413635247372
            ],
            [
              -88.78667185575571,
              28.973503851238473
            ],
            [
              -88.78656926254011,
              28.97350521439089
            ],
            [
              -88.78657081266991,
              28.973595430385746
            ],
            [
              -88.78646821935831,
              28.973596793465006
            ],
            [
              -88.78646976940632,
              28.973687009463617
            ],
            [
              -88.78636717599872,
              28.97368837246972
            ],
            [
              -88.78636872596493,
              28.973778588472086
            ],
            [
              -88.78626613246134,
              28.97377995140504
            ],
            [
              -88.78626768234572,
              28.97387016741115
            ],
            [
              -88.78606249513946,
              28.973872893052544
            ],
            [
              -88.78606404485315,
              28.973963109067455
            ],
            [
              -88.78596145115047,
              28.973964471775904
            ],
            [
              -88.78596300078235,
              28.974054687794577
            ],
            [
              -88.7857578131779,
              28.974057412986955
            ],
            [
              -88.78575936263907,
              28.974147629014404
            ],
            [
              -88.78555417482845,
              28.974150353904076
            ],
            [
              -88.7855557241189,
              28.974240569940314
            ],
            [
              -88.78535053610209,
              28.974243294527284
            ],
            [
              -88.78535208522182,
              28.97433351057232
            ],
            [
              -88.78504430287673,
              28.974337596881426
            ],
            [
              -88.78504585173683,
              28.974427812940277
            ],
            [
              -88.78494325751872,
              28.974429174891956
            ],
            [
              -88.78494480629702,
              28.974519390954548
            ],
            [
              -88.78473961766169,
              28.974522114633395
            ],
            [
              -88.78474116626927,
              28.97461233070478
            ],
            [
              -88.78463857185206,
              28.974613692431944
            ],
            [
              -88.78464012037783,
              28.974703908507063
            ],
            [
              -88.78453752586464,
              28.974705270161067
            ],
            [
              -88.78453907430857,
              28.974795486239945
            ],
            [
              -88.7843338850831,
              28.97479820932341
            ],
            [
              -88.78433543335632,
              28.974888425411084
            ],
            [
              -88.78423283864404,
              28.97488978684055
            ],
            [
              -88.78423438683545,
              28.97498000293197
            ],
            [
              -88.78413179202717,
              28.974981364288276
            ],
            [
              -88.78413334013675,
              28.97507158038344
            ],
            [
              -88.78403074523249,
              28.97507294166658
            ],
            [
              -88.78403229326025,
              28.97516315776548
            ],
            [
              -88.78392969826,
              28.97516451897546
            ],
            [
              -88.78393124620594,
              28.975254735078117
            ],
            [
              -88.78372605600633,
              28.975257457273546
            ],
            [
              -88.78372760378154,
              28.975347673384977
            ],
            [
              -88.7836250085822,
              28.97534903437042
            ],
            [
              -88.78362655627559,
              28.9754392504856
            ],
            [
              -88.78352396098026,
              28.975440611397882
            ],
            [
              -88.78352550859182,
              28.975530827516806
            ],
            [
              -88.78332031780208,
              28.975533549116825
            ],
            [
              -88.78332186524291,
              28.97562376524452
            ],
            [
              -88.783116674247,
              28.97562648654181
            ],
            [
              -88.7831182215171,
              28.975716702678277
            ]
          ]
        ]
      },
      "properties": {
        "incident_id": "SP-008",
        "type": "AI-detected-slick",
        "source": "Sentinel-1 SAR",
        "method": "U-Net segmentation + radiometric filtering"
      }
    },
    {
      "type": "Feature",
      "geometry": {
        "type": "Polygon",
        "coordinates": [
          [
            [
              -88.79626079049277,
              28.964262222095297
            ],
            [
              -88.79585045619828,
              28.96426770190169
            ],
            [
              -88.79584889861736,
              28.96417748624045
            ],
            [
              -88.79574631511476,
              28.96417885599158
            ],
            [
              -88.79574320015202,
              28.96399842465511
            ],
            [
              -88.79564061682001,
              28.963999794317946
            ],
            [
              -88.79560012721016,
              28.96165418634364
            ],
            [
              -88.79570270823207,
              28.9616528168125
            ],
            [
              -88.79569803639767,
              28.961382169697757
            ],
            [
              -88.7958006171459,
              28.961380800103665
            ],
            [
              -88.7957975024476,
              28.96120036869753
            ],
            [
              -88.79590008301102,
              28.961198999035414
            ],
            [
              -88.79589385334462,
              28.960838136227952
            ],
            [
              -88.79599643354555,
              28.960836766507956
            ],
            [
              -88.79599176110409,
              28.96056611940404
            ],
            [
              -88.79609434103136,
              28.960564749621092
            ],
            [
              -88.79609278347631,
              28.960474533922273
            ],
            [
              -88.79619536330762,
              28.960473164066233
            ],
            [
              -88.79619380567084,
              28.9603829483712
            ],
            [
              -88.79629638540618,
              28.96038157844209
            ],
            [
              -88.7962948276877,
              28.96029136275084
            ],
            [
              -88.79639740732706,
              28.960289992748642
            ],
            [
              -88.79639584952689,
              28.96019977706117
            ],
            [
              -88.79660100860653,
              28.96019703683246
            ],
            [
              -88.79659789267221,
              28.960016605473932
            ],
            [
              -88.79670047202366,
              28.96001523525248
            ],
            [
              -88.79669268186855,
              28.959564156858956
            ],
            [
              -88.79659010296129,
              28.959565527055062
            ],
            [
              -88.79658698712684,
              28.959385095678506
            ],
            [
              -88.79648440839011,
              28.959386465786324
            ],
            [
              -88.79648285057243,
              28.959296250091043
            ],
            [
              -88.79638027191741,
              28.959297620115645
            ],
            [
              -88.7963787141957,
              28.959207404414016
            ],
            [
              -88.79627613562236,
              28.959208774355414
            ],
            [
              -88.796273020378,
              28.95902834293816
            ],
            [
              -88.79617044197522,
              28.959029712791267
            ],
            [
              -88.79616888445257,
              28.95893949707565
            ],
            [
              -88.79606630613146,
              28.95894086684555
            ],
            [
              -88.7960616338728,
              28.958670219675742
            ],
            [
              -88.79595905581108,
              28.95867158935231
            ],
            [
              -88.79594192572222,
              28.957679216241544
            ],
            [
              -88.79604450280681,
              28.95767784662071
            ],
            [
              -88.79604294547997,
              28.95758763088071
            ],
            [
              -88.79624809945012,
              28.957584891414754
            ],
            [
              -88.79624654195277,
              28.95749467568361
            ],
            [
              -88.79881096195105,
              28.957460406113615
            ],
            [
              -88.79881252166906,
              28.957550621717996
            ],
            [
              -88.79891509846502,
              28.95754924991431
            ],
            [
              -88.79891665827901,
              28.95763946551235
            ],
            [
              -88.79901923515663,
              28.957638093625437
            ],
            [
              -88.7990207950666,
              28.95772830921711
            ],
            [
              -88.7991233720259,
              28.95772693724699
            ],
            [
              -88.79912493203184,
              28.95781715283229
            ],
            [
              -88.79922750907284,
              28.957815780778947
            ],
            [
              -88.79922906917473,
              28.95790599635789
            ],
            [
              -88.79933164629742,
              28.95790462422135
            ],
            [
              -88.79933476670028,
              28.958085055365217
            ],
            [
              -88.79943734399349,
              28.95808368314037
            ],
            [
              -88.79944202491787,
              28.95835432983129
            ],
            [
              -88.7995446024704,
              28.958352957513075
            ],
            [
              -88.79955084415826,
              28.95871381972932
            ],
            [
              -88.79965342205897,
              28.95871244731266
            ],
            [
              -88.79965654312343,
              28.958892878402903
            ],
            [
              -88.79975912119467,
              28.95889150589794
            ],
            [
              -88.79976380311145,
              28.95916215250843
            ],
            [
              -88.79986638144203,
              28.95916077991009
            ],
            [
              -88.79986794218408,
              28.95925099543926
            ],
            [
              -88.79997052059635,
              28.959249622757703
            ],
            [
              -88.79997988573176,
              28.959790915875264
            ],
            [
              -88.80008246466988,
              28.95978954308509
            ],
            [
              -88.80008870859179,
              28.960150405117414
            ],
            [
              -88.79998612929832,
              28.96015177792789
            ],
            [
              -88.79999081204828,
              28.96042242445384
            ],
            [
              -88.79988823248115,
              28.960423797201404
            ],
            [
              -88.79989135417253,
              28.960604228222426
            ],
            [
              -88.79978877442056,
              28.960605600901985
            ],
            [
              -88.79979501753371,
              28.960966462948875
            ],
            [
              -88.79969243741924,
              28.960967835570607
            ],
            [
              -88.79969399812656,
              28.961058051084194
            ],
            [
              -88.7995914179161,
              28.96105942363285
            ],
            [
              -88.79959297854172,
              28.96114963915021
            ],
            [
              -88.79949039823528,
              28.961151011625788
            ],
            [
              -88.79949351933027,
              28.96133144266683
            ],
            [
              -88.799390938839,
              28.961332815074403
            ],
            [
              -88.79939405978487,
              28.961513246120433
            ],
            [
              -88.79929147910877,
              28.961514618460015
            ],
            [
              -88.7992930395036,
              28.961604833986176
            ],
            [
              -88.7991904587315,
              28.961606206252675
            ],
            [
              -88.79919357936488,
              28.96178663731129
            ],
            [
              -88.79909099840796,
              28.961788009509785
            ],
            [
              -88.79909255864652,
              28.961878225042234
            ],
            [
              -88.7989899775936,
              28.96187959716766
            ],
            [
              -88.79899309791446,
              28.962060028238838
            ],
            [
              -88.79889051667672,
              28.962061400296246
            ],
            [
              -88.79889207675903,
              28.962151615834987
            ],
            [
              -88.79878949542528,
              28.962152987819323
            ],
            [
              -88.79879105542588,
              28.962243203361854
            ],
            [
              -88.79868847399615,
              28.962244575273107
            ],
            [
              -88.79869003391505,
              28.962334790819412
            ],
            [
              -88.79858745238933,
              28.962336162657586
            ],
            [
              -88.79858901222653,
              28.962426378207674
            ],
            [
              -88.79848643060483,
              28.96242774997277
            ],
            [
              -88.7984879903603,
              28.962517965526654
            ],
            [
              -88.7983854086426,
              28.962519337218662
            ],
            [
              -88.79838696831638,
              28.96260955277633
            ],
            [
              -88.79828438650269,
              28.962610924395257
            ],
            [
              -88.79828750569398,
              28.962791355516877
            ],
            [
              -88.79808234168978,
              28.962794098540545
            ],
            [
              -88.79808546055422,
              28.962974529677307
            ],
            [
              -88.79798287836371,
              28.96297590108205
            ],
            [
              -88.7979844377178,
              28.96306611665357
            ],
            [
              -88.7978818554313,
              28.963067487985235
            ],
            [
              -88.79788341470366,
              28.96315770356054
            ],
            [
              -88.79778083232118,
              28.96315907481911
            ],
            [
              -88.79778395070963,
              28.963339505976005
            ],
            [
              -88.7976813681423,
              28.963340877166562
            ],
            [
              -88.79768292725839,
              28.963431092748145
            ],
            [
              -88.79758034459506,
              28.96343246386562
            ],
            [
              -88.79758190362944,
              28.96352267945099
            ],
            [
              -88.79737673810367,
              28.963525421461586
            ],
            [
              -88.79737829696748,
              28.96361563705581
            ],
            [
              -88.79727571410503,
              28.963617007948944
            ],
            [
              -88.79727727288711,
              28.963707223546958
            ],
            [
              -88.79707210696311,
              28.963709965108883
            ],
            [
              -88.79707366557464,
              28.963800180715737
            ],
            [
              -88.79686849944437,
              28.96380292197516
            ],
            [
              -88.79687005788531,
              28.963893137590883
            ],
            [
              -88.7966648915488,
              28.963895878547795
            ],
            [
              -88.79666644981918,
              28.96398609417235
            ],
            [
              -88.79656386655135,
              28.963987464538636
            ],
            [
              -88.79656542474001,
              28.964077680166977
            ],
            [
              -88.7964628413762,
              28.964079050460164
            ],
            [
              -88.79646439948314,
              28.96416926609229
            ],
            [
              -88.79625923255641,
              28.964172006454326
            ],
            [
              -88.79626079049277,
              28.964262222095297
            ]
          ]
        ]
      },
      "properties": {
        "incident_id": "SP-008",
        "type": "AI-detected-slick",
        "source": "Sentinel-1 SAR",
        "method": "U-Net segmentation + radiometric filtering"
      }
    },
    {
      "type": "Feature",
      "geometry": {
        "type": "Polygon",
        "coordinates": [
          [
            [
              -88.79870526599983,
              28.9572813466113
            ],
            [
              -88.79665373376825,
              28.95730876440867
            ],
            [
              -88.79665217593698,
              28.95721854869393
            ],
            [
              -88.79644702273447,
              28.95722128874446
            ],
            [
              -88.79644546508798,
              28.957131073018285
            ],
            [
              -88.79634288856485,
              28.957132442921278
            ],
            [
              -88.79634133101433,
              28.95704222718875
            ],
            [
              -88.7962387545729,
              28.95704359700854
            ],
            [
              -88.79623563967088,
              28.956863165529512
            ],
            [
              -88.79613306339995,
              28.956864535261023
            ],
            [
              -88.79612216208928,
              28.956233025008398
            ],
            [
              -88.79622473773844,
              28.956231655312347
            ],
            [
              -88.7962216229648,
              28.95605122381014
            ],
            [
              -88.79632419842919,
              28.956049854046093
            ],
            [
              -88.79632108350643,
              28.955869422548876
            ],
            [
              -88.79642365878605,
              28.955868052716824
            ],
            [
              -88.79642210124655,
              28.95577783697136
            ],
            [
              -88.79652467643022,
              28.955776467066237
            ],
            [
              -88.79652311880902,
              28.955686251324543
            ],
            [
              -88.79662569389676,
              28.955684881346357
            ],
            [
              -88.79662413619388,
              28.95559466560845
            ],
            [
              -88.79682928617028,
              28.955591925427818
            ],
            [
              -88.79682772829692,
              28.95550170969876
            ],
            [
              -88.79693030318559,
              28.955500339496304
            ],
            [
              -88.79692874523055,
              28.955410123771024
            ],
            [
              -88.79703132002328,
              28.95540875349551
            ],
            [
              -88.79702976198655,
              28.95531853777401
            ],
            [
              -88.79713233668332,
              28.955317167425427
            ],
            [
              -88.79712922045361,
              28.955136735988713
            ],
            [
              -88.79723179496564,
              28.95513536557214
            ],
            [
              -88.79722712040815,
              28.954864718422613
            ],
            [
              -88.79732969464659,
              28.95486334794312
            ],
            [
              -88.79732501988687,
              28.954592700797217
            ],
            [
              -88.79742759385174,
              28.9545913302548
            ],
            [
              -88.79742603552396,
              28.954501114541994
            ],
            [
              -88.7973234616479,
              28.954502485079352
            ],
            [
              -88.79731878697382,
              28.954231837918
            ],
            [
              -88.79721621335707,
              28.954233208362012
            ],
            [
              -88.79721465523546,
              28.95414299263392
            ],
            [
              -88.79700950815818,
              28.95414573327741
            ],
            [
              -88.79700795022131,
              28.954055517537896
            ],
            [
              -88.79690537676079,
              28.954056887737384
            ],
            [
              -88.79690381891987,
              28.953966671991513
            ],
            [
              -88.79680124554102,
              28.953968042107803
            ],
            [
              -88.79679968779604,
              28.953877826355573
            ],
            [
              -88.79669711449887,
              28.953879196388662
            ],
            [
              -88.79669555684984,
              28.95378898063008
            ],
            [
              -88.79659298363433,
              28.95379035057998
            ],
            [
              -88.79659142608125,
              28.95370013481504
            ],
            [
              -88.79648885294742,
              28.953701504681735
            ],
            [
              -88.79648729549027,
              28.95361128891044
            ],
            [
              -88.79638472243812,
              28.953612658693938
            ],
            [
              -88.79638005037592,
              28.953342011357144
            ],
            [
              -88.79627747758306,
              28.95334338104732
            ],
            [
              -88.79627436308819,
              28.953162949472887
            ],
            [
              -88.79637693570344,
              28.95316157979284
            ],
            [
              -88.79636759185713,
              28.952620285069067
            ],
            [
              -88.79626501977474,
              28.9526216547187
            ],
            [
              -88.79626346258077,
              28.952531438921838
            ],
            [
              -88.79605831857216,
              28.952534177976602
            ],
            [
              -88.79605676156294,
              28.952443962168314
            ],
            [
              -88.79595418963675,
              28.952445331573447
            ],
            [
              -88.79595263272347,
              28.952355115758806
            ],
            [
              -88.79585006087895,
              28.95235648508075
            ],
            [
              -88.79584850406158,
              28.952266269259756
            ],
            [
              -88.79574593229874,
              28.952267638498515
            ],
            [
              -88.79574437557733,
              28.952177422671163
            ],
            [
              -88.79564180389615,
              28.952178791826732
            ],
            [
              -88.79564024727065,
              28.952088575993038
            ],
            [
              -88.79553767567116,
              28.952089945065417
            ],
            [
              -88.79553456261918,
              28.95190951338402
            ],
            [
              -88.79543199119014,
              28.95191088236815
            ],
            [
              -88.79540553290899,
              28.950377212782467
            ],
            [
              -88.79550810282846,
              28.950375843884437
            ],
            [
              -88.79550343366745,
              28.95010519628708
            ],
            [
              -88.79560600331341,
              28.950103827326117
            ],
            [
              -88.79560133395019,
              28.949833179732384
            ],
            [
              -88.79570390332265,
              28.94983181070851
            ],
            [
              -88.79570079027188,
              28.94965137898303
            ],
            [
              -88.79580335945963,
              28.949650009891172
            ],
            [
              -88.79580180285615,
              28.949559794031575
            ],
            [
              -88.79590437194798,
              28.949558424866662
            ],
            [
              -88.79590281526283,
              28.949468209010845
            ],
            [
              -88.79610795324753,
              28.949465470456804
            ],
            [
              -88.79610639639192,
              28.94937525460983
            ],
            [
              -88.79692694733517,
              28.949364297309625
            ],
            [
              -88.79692850490108,
              28.94945451311606
            ],
            [
              -88.79723621165347,
              28.949450402824393
            ],
            [
              -88.79723776949288,
              28.949540618614336
            ],
            [
              -88.79754547644744,
              28.949536507604424
            ],
            [
              -88.79754703456035,
              28.94962672337787
            ],
            [
              -88.79764960361975,
              28.949625352879938
            ],
            [
              -88.79765116182858,
              28.949715568647044
            ],
            [
              -88.7977537309696,
              28.94971419806592
            ],
            [
              -88.79775840590533,
              28.949984845344254
            ],
            [
              -88.79786097530558,
              28.949983474669807
            ],
            [
              -88.79786409214266,
              28.950163906172122
            ],
            [
              -88.79776152256481,
              28.950165276856715
            ],
            [
              -88.79776775596943,
              28.95052613986618
            ],
            [
              -88.79766518602928,
              28.95052751049294
            ],
            [
              -88.79767141919291,
              28.950888373502103
            ],
            [
              -88.79756884889042,
              28.95088974407102
            ],
            [
              -88.79757352357169,
              28.95116039132959
            ],
            [
              -88.79767609414056,
              28.951159020745457
            ],
            [
              -88.79768232750399,
              28.951519883718575
            ],
            [
              -88.79778489842093,
              28.95151851303605
            ],
            [
              -88.79778801532305,
              28.951698944504752
            ],
            [
              -88.79789058641045,
              28.95169757373396
            ],
            [
              -88.79789370351872,
              28.95187800518737
            ],
            [
              -88.79830398850729,
              28.95187252128239
            ],
            [
              -88.79830242959439,
              28.951782305576618
            ],
            [
              -88.799328140678,
              28.951768590396398
            ],
            [
              -88.7993297004789,
              28.951858806051433
            ],
            [
              -88.7998425561969,
              28.951851945506387
            ],
            [
              -88.79984411644894,
              28.951942161134763
            ],
            [
              -88.80004925886372,
              28.951939416359743
            ],
            [
              -88.80005081930052,
              28.952029631976668
            ],
            [
              -88.80025596186431,
              28.952026886878997
            ],
            [
              -88.80025752248586,
              28.952117102484486
            ],
            [
              -88.80046266519867,
              28.952114357064175
            ],
            [
              -88.80046422600498,
              28.95220457265822
            ],
            [
              -88.80077194028698,
              28.952200453926597
            ],
            [
              -88.80077350136683,
              28.952290669504116
            ],
            [
              -88.80097864436337,
              28.952287923282267
            ],
            [
              -88.80098020562797,
              28.952378138848335
            ],
            [
              -88.80128792033554,
              28.952374018914387
            ],
            [
              -88.80128948187371,
              28.952464234463942
            ],
            [
              -88.80149462515394,
              28.952461487440537
            ],
            [
              -88.80149618687686,
              28.952551702978628
            ],
            [
              -88.80170133030609,
              28.95254895563257
            ],
            [
              -88.80170289221377,
              28.952639171159205
            ],
            [
              -88.80180546400646,
              28.95263779736391
            ],
            [
              -88.80180858802088,
              28.952818228403167
            ],
            [
              -88.80191115998402,
              28.952816854519583
            ],
            [
              -88.80191740845389,
              28.953177716562326
            ],
            [
              -88.80181483613552,
              28.95317909046624
            ],
            [
              -88.80181796023577,
              28.953359521490054
            ],
            [
              -88.80171538773264,
              28.953360895326018
            ],
            [
              -88.8017247596722,
              28.95390218839704
            ],
            [
              -88.80162218662907,
              28.95390356218536
            ],
            [
              -88.80162531048853,
              28.954083993208897
            ],
            [
              -88.80152273726064,
              28.954085366929252
            ],
            [
              -88.80152586097108,
              28.954265797957813
            ],
            [
              -88.80142328755842,
              28.9542671716102
            ],
            [
              -88.80142641111985,
              28.954447602643786
            ],
            [
              -88.80132383752242,
              28.9544489762282
            ],
            [
              -88.80132696093483,
              28.954629407266772
            ],
            [
              -88.8012243871526,
              28.95463078078323
            ],
            [
              -88.80122594878074,
              28.954720996305674
            ],
            [
              -88.80112337490255,
              28.95472236974908
            ],
            [
              -88.80112649800262,
              28.954902800800262
            ],
            [
              -88.80102392393967,
              28.9549041741757
            ],
            [
              -88.80102548541161,
              28.954994389704435
            ],
            [
              -88.8009229112527,
              28.954995763006817
            ],
            [
              -88.80092603404042,
              28.955176194070592
            ],
            [
              -88.80082345969672,
              28.955177567305004
            ],
            [
              -88.80082502101249,
              28.95526778284005
            ],
            [
              -88.80072244657283,
              28.9552691560014
            ],
            [
              -88.80072400780693,
              28.955359371540236
            ],
            [
              -88.8006214332713,
              28.95536074462854
            ],
            [
              -88.80062455558334,
              28.955541175712494
            ],
            [
              -88.80041940613536,
              28.955543921675023
            ],
            [
              -88.8004225281207,
              28.955724352774155
            ],
            [
              -88.80021737828888,
              28.955727098444463
            ],
            [
              -88.80022049994756,
              28.95590752955874
            ],
            [
              -88.80001534973186,
              28.955910274936826
            ],
            [
              -88.80001847106386,
              28.956090706066266
            ],
            [
              -88.79981332046431,
              28.95609345115212
            ],
            [
              -88.79981644146963,
              28.956273882296735
            ],
            [
              -88.79971386598149,
              28.956275254732606
            ],
            [
              -88.79971542640604,
              28.956365470308064
            ],
            [
              -88.79961285082193,
              28.956366842670864
            ],
            [
              -88.79961441116481,
              28.956457058250113
            ],
            [
              -88.79951183548474,
              28.95645843053987
            ],
            [
              -88.79951495601429,
              28.95663886170464
            ],
            [
              -88.79941238014943,
              28.956640233926407
            ],
            [
              -88.79941394033611,
              28.95673044951194
            ],
            [
              -88.79931136437528,
              28.956731821660654
            ],
            [
              -88.79931292448028,
              28.956822037249967
            ],
            [
              -88.7992103484235,
              28.95682340932561
            ],
            [
              -88.79921190844681,
              28.956913624918716
            ],
            [
              -88.79910933229405,
              28.956914996921302
            ],
            [
              -88.79911089223569,
              28.95700521251819
            ],
            [
              -88.79900831598697,
              28.957006584447715
            ],
            [
              -88.79900987584692,
              28.9570968000484
            ],
            [
              -88.79890729950223,
              28.957098171904857
            ],
            [
              -88.7989088592805,
              28.957188387509323
            ],
            [
              -88.79870370639206,
              28.95719113099798
            ],
            [
              -88.79870526599983,
              28.9572813466113
            ]
          ]
        ]
      },
      "properties": {
        "incident_id": "SP-008",
        "type": "AI-detected-slick",
        "source": "Sentinel-1 SAR",
        "method": "U-Net segmentation + radiometric filtering"
      }
    },
    {
      "type": "Feature",
      "geometry": {
        "type": "Polygon",
        "coordinates": [
          [
            [
              -88.8002555420534,
              28.946071281740146
            ],
            [
              -88.79933245309522,
              28.94608362990641
            ],
            [
              -88.79933089366263,
              28.945993414174083
            ],
            [
              -88.799125762882,
              28.945996157341742
            ],
            [
              -88.79912420363411,
              28.94590594159798
            ],
            [
              -88.79902163832186,
              28.945907313059585
            ],
            [
              -88.79902007916988,
              28.94581709730945
            ],
            [
              -88.79891751393926,
              28.945818468687875
            ],
            [
              -88.79891595488319,
              28.945728252931396
            ],
            [
              -88.7988133897342,
              28.94572962422664
            ],
            [
              -88.79881183077404,
              28.94563940846379
            ],
            [
              -88.79870926570669,
              28.945640779675863
            ],
            [
              -88.79870770684244,
              28.945550563906643
            ],
            [
              -88.79860514185673,
              28.94555193503555
            ],
            [
              -88.79860358308838,
              28.94546171925997
            ],
            [
              -88.7985010181843,
              28.945463090305704
            ],
            [
              -88.79849322489353,
              28.94501201138317
            ],
            [
              -88.79859578935377,
              28.94501064036281
            ],
            [
              -88.79859267190989,
              28.94483020879495
            ],
            [
              -88.79869523618545,
              28.94482883770663
            ],
            [
              -88.79869367738544,
              28.944738621925836
            ],
            [
              -88.7987962415651,
              28.944737250764494
            ],
            [
              -88.79879468268346,
              28.94464703498749
            ],
            [
              -88.79889724676721,
              28.944645663753125
            ],
            [
              -88.79889412884783,
              28.944465232205392
            ],
            [
              -88.79909925663884,
              28.944462489522646
            ],
            [
              -88.79909769751232,
              28.94437227375701
            ],
            [
              -88.79920026130834,
              28.944370902303575
            ],
            [
              -88.79919870210021,
              28.944280686541717
            ],
            [
              -88.79940382949331,
              28.9442779434107
            ],
            [
              -88.7994007107434,
              28.944097511903415
            ],
            [
              -88.79950327425169,
              28.94409614023091
            ],
            [
              -88.79950171479868,
              28.944005924480415
            ],
            [
              -88.79960427821108,
              28.94400455273489
            ],
            [
              -88.79960271867644,
              28.943914336988183
            ],
            [
              -88.79970528199294,
              28.943912965169634
            ],
            [
              -88.79970216276757,
              28.943732533682507
            ],
            [
              -88.79980472589939,
              28.94373116179602
            ],
            [
              -88.79980316620868,
              28.9436409460556
            ],
            [
              -88.79990572924459,
              28.9436395740961
            ],
            [
              -88.79990416947223,
              28.943549358359462
            ],
            [
              -88.80000673241224,
              28.943547986326926
            ],
            [
              -88.80000517255826,
              28.943457770594094
            ],
            [
              -88.80010773540238,
              28.94345639848855
            ],
            [
              -88.80010617546678,
              28.9433661827595
            ],
            [
              -88.80020873821498,
              28.94336481058094
            ],
            [
              -88.80020561818772,
              28.943184379129146
            ],
            [
              -88.80030818075123,
              28.943183006882634
            ],
            [
              -88.80030506057503,
              28.943002575435838
            ],
            [
              -88.80040762295388,
              28.943001203121394
            ],
            [
              -88.80040606278774,
              28.942910987401145
            ],
            [
              -88.8005086250707,
              28.94290961501369
            ],
            [
              -88.80050706482294,
              28.942819399297232
            ],
            [
              -88.80060962700999,
              28.94281802683676
            ],
            [
              -88.80060806668064,
              28.942727811124087
            ],
            [
              -88.80071062877177,
              28.9427264385906
            ],
            [
              -88.80070906836079,
              28.942636222881724
            ],
            [
              -88.80081163035602,
              28.94263485027523
            ],
            [
              -88.80080850937799,
              28.942454418863775
            ],
            [
              -88.80091107118857,
              28.942453046189343
            ],
            [
              -88.80090951062151,
              28.942362830486765
            ],
            [
              -88.80101207233618,
              28.94236145773932
            ],
            [
              -88.80100582978439,
              28.942000594936463
            ],
            [
              -88.80090326842473,
              28.94200196766359
            ],
            [
              -88.80090014736923,
              28.941821536244273
            ],
            [
              -88.80079758617995,
              28.941822908883154
            ],
            [
              -88.80079446533054,
              28.941642477448543
            ],
            [
              -88.80069190431162,
              28.941643849999174
            ],
            [
              -88.80067942190988,
              28.940922124168594
            ],
            [
              -88.80057686159381,
              28.940923496600522
            ],
            [
              -88.80057530141451,
              28.940833280860833
            ],
            [
              -88.80047274118006,
              28.94083465320959
            ],
            [
              -88.80046806095125,
              28.940564005967552
            ],
            [
              -88.80057062091944,
              28.940562633634038
            ],
            [
              -88.80056906076872,
              28.940472417889197
            ],
            [
              -88.80067162064103,
              28.940471045482667
            ],
            [
              -88.80066850018352,
              28.940290613999284
            ],
            [
              -88.80077105987118,
              28.94028924152482
            ],
            [
              -88.8007694995644,
              28.94019902578628
            ],
            [
              -88.80087205915616,
              28.94019765323883
            ],
            [
              -88.80086893838653,
              28.94001722176804
            ],
            [
              -88.80097149779365,
              28.94001584915265
            ],
            [
              -88.80096993733082,
              28.939925633420405
            ],
            [
              -88.80107249664206,
              28.939924260732017
            ],
            [
              -88.80106781503017,
              28.939653613542802
            ],
            [
              -88.80117037406804,
              28.939652240791563
            ],
            [
              -88.80116569225424,
              28.939381593605997
            ],
            [
              -88.80126825101873,
              28.93938022079193
            ],
            [
              -88.80126512966778,
              28.939199789338613
            ],
            [
              -88.80136768824761,
              28.939198416456605
            ],
            [
              -88.80136456674778,
              28.939017985008306
            ],
            [
              -88.80146712514299,
              28.93901661205838
            ],
            [
              -88.80146556431505,
              28.93892639633739
            ],
            [
              -88.80167068090655,
              28.938923650213475
            ],
            [
              -88.80166911990828,
              28.938833434501355
            ],
            [
              -88.80197679447568,
              28.93882931474512
            ],
            [
              -88.80197523321833,
              28.93873909904696
            ],
            [
              -88.80218034938336,
              28.938736352162582
            ],
            [
              -88.8021787879557,
              28.938646136473285
            ],
            [
              -88.80238390391463,
              28.938643389286753
            ],
            [
              -88.80238234231663,
              28.93855317360635
            ],
            [
              -88.80258745806948,
              28.93855042611767
            ],
            [
              -88.80258589630117,
              28.93846021044613
            ],
            [
              -88.80268845407811,
              28.93845883658976
            ],
            [
              -88.8026868922282,
              28.938368620922024
            ],
            [
              -88.80278944990927,
              28.93836724699265
            ],
            [
              -88.80278788797777,
              28.938277031328717
            ],
            [
              -88.80289044556295,
              28.938275657326347
            ],
            [
              -88.80288888354987,
              28.938185441666224
            ],
            [
              -88.80299144103915,
              28.938184067590864
            ],
            [
              -88.80298987894449,
              28.938093851934514
            ],
            [
              -88.80309243633788,
              28.938092477786174
            ],
            [
              -88.80308931199252,
              28.937912046479795
            ],
            [
              -88.80319186920129,
              28.937910672263545
            ],
            [
              -88.80319030695061,
              28.937820456613508
            ],
            [
              -88.8032928640635,
              28.937819082324257
            ],
            [
              -88.80329130173124,
              28.937728866678032
            ],
            [
              -88.80339385874822,
              28.93772749231579
            ],
            [
              -88.80339229633438,
              28.93763727667336
            ],
            [
              -88.8035974101694,
              28.937634527724843
            ],
            [
              -88.80359584758526,
              28.937544312091283
            ],
            [
              -88.80400607481447,
              28.937538813277683
            ],
            [
              -88.80400763775356,
              28.937629028890893
            ],
            [
              -88.80462297891505,
              28.937620778297703
            ],
            [
              -88.8046245423937,
              28.937710993879076
            ],
            [
              -88.80493221314397,
              28.937706867513192
            ],
            [
              -88.80493377689601,
              28.937797083078014
            ],
            [
              -88.80513889087118,
              28.937794331766863
            ],
            [
              -88.80514045480784,
              28.93788454732023
            ],
            [
              -88.80534556893183,
              28.937881795686597
            ],
            [
              -88.80534713305313,
              28.937972011228485
            ],
            [
              -88.80555224732595,
              28.937969259272364
            ],
            [
              -88.80555381163188,
              28.938059474802785
            ],
            [
              -88.80565636884627,
              28.938058098702516
            ],
            [
              -88.8056579332481,
              28.938148314226556
            ],
            [
              -88.80576049054407,
              28.938146938043122
            ],
            [
              -88.80576361954671,
              28.938327369077143
            ],
            [
              -88.80586617701299,
              28.938325992805442
            ],
            [
              -88.8058677416138,
              28.93841620831543
            ],
            [
              -88.80597029916164,
              28.938414831960564
            ],
            [
              -88.80597968744938,
              28.938956124962914
            ],
            [
              -88.8060822455225,
              28.93895474849941
            ],
            [
              -88.80608537518656,
              28.939135179479702
            ],
            [
              -88.80618793342998,
              28.93913380292792
            ],
            [
              -88.8061894983615,
              28.93922401841104
            ],
            [
              -88.80629205668652,
              28.93922264177609
            ],
            [
              -88.80629362171395,
              28.939312857252844
            ],
            [
              -88.80639618012053,
              28.93931148053472
            ],
            [
              -88.80639931037439,
              28.939491911474153
            ],
            [
              -88.80650186895129,
              28.939490534667755
            ],
            [
              -88.8065049994113,
              28.939670965591848
            ],
            [
              -88.80660755815852,
              28.939669588697182
            ],
            [
              -88.80660912348803,
              28.9397598041522
            ],
            [
              -88.8067116823168,
              28.93975842717436
            ],
            [
              -88.80671324774222,
              28.939848642623012
            ],
            [
              -88.80691836555579,
              28.939845888422894
            ],
            [
              -88.80691993116587,
              28.93993610386005
            ],
            [
              -88.80702249015064,
              28.939934726637766
            ],
            [
              -88.80702405585663,
              28.94002494206854
            ],
            [
              -88.80712661492298,
              28.94002356476308
            ],
            [
              -88.80712818072489,
              28.94011378018748
            ],
            [
              -88.80723073987281,
              28.94011240279884
            ],
            [
              -88.80723230577064,
              28.94020261821684
            ],
            [
              -88.80733486500012,
              28.940201240745026
            ],
            [
              -88.80733799699478,
              28.940381671566996
            ],
            [
              -88.8074405563946,
              28.94038029400689
            ],
            [
              -88.80744682082496,
              28.940741155614973
            ],
            [
              -88.80713914153901,
              28.940745288122173
            ],
            [
              -88.8071407073983,
              28.940835503536256
            ],
            [
              -88.80693558766099,
              28.940838258160827
            ],
            [
              -88.80693715334993,
              28.94092847358382
            ],
            [
              -88.80662947342394,
              28.940932604950326
            ],
            [
              -88.80663103885382,
              28.94102282038732
            ],
            [
              -88.80632335859704,
              28.94102695106634
            ],
            [
              -88.80632492376783,
              28.941117166517333
            ],
            [
              -88.80611980338331,
              28.9411199199231
            ],
            [
              -88.80612136838378,
              28.941210135382995
            ],
            [
              -88.80591624779308,
              28.941212888486596
            ],
            [
              -88.8059178126232,
              28.941303103955406
            ],
            [
              -88.80571269182634,
              28.941305856756856
            ],
            [
              -88.80571425648614,
              28.94139607223455
            ],
            [
              -88.8056116959882,
              28.94139744852323
            ],
            [
              -88.8056132605664,
              28.941487664004732
            ],
            [
              -88.80551069997256,
              28.94148904022042
            ],
            [
              -88.80551226446917,
              28.94157925570573
            ],
            [
              -88.80530714308247,
              28.94158200791303
            ],
            [
              -88.80530870740876,
              28.941672223407227
            ],
            [
              -88.8051035858159,
              28.941674975312377
            ],
            [
              -88.80510514997182,
              28.941765190815463
            ],
            [
              -88.80469490634513,
              28.94177069370904
            ],
            [
              -88.8046964701532,
              28.941860909231217
            ],
            [
              -88.80438878709174,
              28.941865035596745
            ],
            [
              -88.80439035064072,
              28.94195525113289
            ],
            [
              -88.80346730027084,
              28.941967626058435
            ],
            [
              -88.80346886302819,
              28.94205784163909
            ],
            [
              -88.80295605657285,
              28.94206471389002
            ],
            [
              -88.80295761889357,
              28.942154929494823
            ],
            [
              -88.80234225037853,
              28.94216317364949
            ],
            [
              -88.80234381217387,
              28.94225338928351
            ],
            [
              -88.8022412506409,
              28.94225476304106
            ],
            [
              -88.80224281235465,
              28.942344978678864
            ],
            [
              -88.80214025072577,
              28.942346352363394
            ],
            [
              -88.80214337399721,
              28.942526783645324
            ],
            [
              -88.80204081218366,
              28.942528157261936
            ],
            [
              -88.80204237374136,
              28.942618372906043
            ],
            [
              -88.8019398118319,
              28.94261974644965
            ],
            [
              -88.80194449628162,
              28.942890393389515
            ],
            [
              -88.80184193409873,
              28.942891766870268
            ],
            [
              -88.80185910998858,
              28.94388413893991
            ],
            [
              -88.80175654682219,
              28.943885512398477
            ],
            [
              -88.80176123103966,
              28.94415615931478
            ],
            [
              -88.80165866759981,
              28.94415753271049
            ],
            [
              -88.8016617902697,
              28.944337963991746
            ],
            [
              -88.80155922664517,
              28.94433933731953
            ],
            [
              -88.80156078790206,
              28.944429552963303
            ],
            [
              -88.80145822418162,
              28.94443092621807
            ],
            [
              -88.8014597853569,
              28.94452114186564
            ],
            [
              -88.80135722154054,
              28.944522515047396
            ],
            [
              -88.80135878263421,
              28.94461273069877
            ],
            [
              -88.80125621872193,
              28.944614103807496
            ],
            [
              -88.80125777973397,
              28.94470431946266
            ],
            [
              -88.80115521572577,
              28.944705692498363
            ],
            [
              -88.80115833759379,
              28.944886123814985
            ],
            [
              -88.80105577340092,
              28.944887496782762
            ],
            [
              -88.80105889511998,
              28.945067928104404
            ],
            [
              -88.80095633074241,
              28.945069301004235
            ],
            [
              -88.80095945231253,
              28.945249732330876
            ],
            [
              -88.80085688775027,
              28.945251105162765
            ],
            [
              -88.80086469135681,
              28.945702183482258
            ],
            [
              -88.80076212634354,
              28.945703556261446
            ],
            [
              -88.80076368699753,
              28.94579377192655
            ],
            [
              -88.80066112188835,
              28.94579514463271
            ],
            [
              -88.80066268246071,
              28.945885360301638
            ],
            [
              -88.80045755204338,
              28.945888105489807
            ],
            [
              -88.80045911244532,
              28.94597832116759
            ],
            [
              -88.80025398182187,
              28.94598106605351
            ],
            [
              -88.8002555420534,
              28.946071281740146
            ]
          ]
        ]
      },
      "properties": {
        "incident_id": "SP-008",
        "type": "AI-detected-slick",
        "source": "Sentinel-1 SAR",
        "method": "U-Net segmentation + radiometric filtering"
      }
    },
    {
      "type": "Feature",
      "geometry": {
        "type": "Polygon",
        "coordinates": [
          [
            [
              -88.82537410622365,
              28.93932608789384
            ],
            [
              -88.82465620469317,
              28.939335824500976
            ],
            [
              -88.82465462375964,
              28.939245609944592
            ],
            [
              -88.82362905041664,
              28.93925951269529
            ],
            [
              -88.82362747037774,
              28.939169298086192
            ],
            [
              -88.82342235579976,
              28.939172077689115
            ],
            [
              -88.82342077594556,
              28.93908186306844
            ],
            [
              -88.82321566151613,
              28.93908464234876
            ],
            [
              -88.82321408184663,
              28.9389944277165
            ],
            [
              -88.82270129609013,
              28.93900137452527
            ],
            [
              -88.82269971687157,
              28.93891115986602
            ],
            [
              -88.82239204559707,
              28.938915326998938
            ],
            [
              -88.82239046665194,
              28.93882511232299
            ],
            [
              -88.82187768149352,
              28.93883205595728
            ],
            [
              -88.82187610299931,
              28.938741841254338
            ],
            [
              -88.8216709890628,
              28.938744618151244
            ],
            [
              -88.8216694107533,
              28.938654403436736
            ],
            [
              -88.82156685386293,
              28.938655791762937
            ],
            [
              -88.82156369744308,
              28.938475362319796
            ],
            [
              -88.82146114072296,
              28.93847675055764
            ],
            [
              -88.82144851604251,
              28.937755032692383
            ],
            [
              -88.82155107205276,
              28.937753644495633
            ],
            [
              -88.82154633765066,
              28.937483000290317
            ],
            [
              -88.82164889338748,
              28.937481612030908
            ],
            [
              -88.82164731517916,
              28.937391397298367
            ],
            [
              -88.82174987082003,
              28.937390008966013
            ],
            [
              -88.82174829253022,
              28.937299794237315
            ],
            [
              -88.8219534036128,
              28.937297017348673
            ],
            [
              -88.82195182515275,
              28.937206802628953
            ],
            [
              -88.82215693602896,
              28.937204025438312
            ],
            [
              -88.82215535739869,
              28.93711381072759
            ],
            [
              -88.82256557870942,
              28.937108255429987
            ],
            [
              -88.82256399973146,
              28.937018040738533
            ],
            [
              -88.82266655495233,
              28.93701665172409
            ],
            [
              -88.82266497589288,
              28.9369264370365
            ],
            [
              -88.82297264124593,
              28.936922269540183
            ],
            [
              -88.82297106192752,
              28.936832054866723
            ],
            [
              -88.823073616942,
              28.936830665550282
            ],
            [
              -88.8230720375421,
              28.93674045088066
            ],
            [
              -88.82327714737193,
              28.936737672023863
            ],
            [
              -88.8232755678018,
              28.93664745736324
            ],
            [
              -88.82337812261711,
              28.93664606782288
            ],
            [
              -88.82337654296552,
              28.936555853166112
            ],
            [
              -88.82358165239701,
              28.93655307386147
            ],
            [
              -88.82358007257518,
              28.936462859213705
            ],
            [
              -88.82368262719136,
              28.936461469449416
            ],
            [
              -88.82368104728803,
              28.936371254805497
            ],
            [
              -88.82398871082697,
              28.936367085059665
            ],
            [
              -88.8239871306647,
              28.936276870429882
            ],
            [
              -88.82439734826038,
              28.93627130969639
            ],
            [
              -88.82439576775045,
              28.936181095085907
            ],
            [
              -88.82449832204254,
              28.93617970471251
            ],
            [
              -88.8244999026412,
              28.936269919317848
            ],
            [
              -88.82480756574022,
              28.936265747713815
            ],
            [
              -88.8248059848754,
              28.936175533123915
            ],
            [
              -88.8255238645653,
              28.936165796684815
            ],
            [
              -88.82552544605119,
              28.936256011238694
            ],
            [
              -88.82634588025768,
              28.936244879154486
            ],
            [
              -88.82634746246062,
              28.93633509366588
            ],
            [
              -88.8268602340478,
              28.936328133550294
            ],
            [
              -88.8268618167016,
              28.936418348034636
            ],
            [
              -88.8273745885512,
              28.936411385941597
            ],
            [
              -88.82737617165587,
              28.936501600398874
            ],
            [
              -88.82799149816846,
              28.93649324328006
            ],
            [
              -88.82799308181274,
              28.93658345770512
            ],
            [
              -88.8281981907697,
              28.936580671363995
            ],
            [
              -88.82819977459867,
              28.93667088577747
            ],
            [
              -88.828302329155,
              28.93666949248464
            ],
            [
              -88.82830391307996,
              28.93675970689167
            ],
            [
              -88.8285090223483,
              28.936756920061512
            ],
            [
              -88.82851060645797,
              28.936847134456933
            ],
            [
              -88.82861316116998,
              28.936845740919587
            ],
            [
              -88.82861632958854,
              28.93702616969626
            ],
            [
              -88.82851377469909,
              28.937027563243905
            ],
            [
              -88.82851694296922,
              28.937207992025737
            ],
            [
              -88.82841438789504,
              28.93720938550564
            ],
            [
              -88.82841597195227,
              28.937299599899774
            ],
            [
              -88.82831341678211,
              28.937300993306767
            ],
            [
              -88.82831500075785,
              28.937391207704763
            ],
            [
              -88.82810989021831,
              28.937393994294837
            ],
            [
              -88.82811147402386,
              28.937484208701854
            ],
            [
              -88.82800891865448,
              28.937485601884934
            ],
            [
              -88.82801050237853,
              28.93757581629584
            ],
            [
              -88.82780539144056,
              28.9375786024381
            ],
            [
              -88.82780697499442,
              28.937668816858007
            ],
            [
              -88.82760186384996,
              28.937671602698302
            ],
            [
              -88.82760344723361,
              28.93776181712724
            ],
            [
              -88.82750089156178,
              28.93776320993543
            ],
            [
              -88.82750564149006,
              28.938033853229953
            ],
            [
              -88.82740308554477,
              28.938035245975527
            ],
            [
              -88.82740466877998,
              28.938125460409612
            ],
            [
              -88.8273021127387,
              28.938126853082277
            ],
            [
              -88.82730369589243,
              28.938217067520227
            ],
            [
              -88.82658580277943,
              28.93822681407885
            ],
            [
              -88.82658738531926,
              28.938317028551577
            ],
            [
              -88.82638227275856,
              28.938319812590255
            ],
            [
              -88.82638385512817,
              28.938410027071996
            ],
            [
              -88.82617874236101,
              28.93841281080867
            ],
            [
              -88.82618032456041,
              28.93850302529942
            ],
            [
              -88.82607776807721,
              28.938504417055793
            ],
            [
              -88.82607935019513,
              28.93859463155041
            ],
            [
              -88.82587423702955,
              28.938597414839236
            ],
            [
              -88.82587581897722,
              28.938687629342862
            ],
            [
              -88.82577326229483,
              28.938689020875316
            ],
            [
              -88.82577484416102,
              28.938779235382803
            ],
            [
              -88.82567228738264,
              28.938780626842327
            ],
            [
              -88.8256754509593,
              28.93896105586372
            ],
            [
              -88.82557289399621,
              28.938962447255463
            ],
            [
              -88.82557447570665,
              28.939052661769377
            ],
            [
              -88.82567703275846,
              28.939051270372484
            ],
            [
              -88.8256786145649,
              28.93914148487997
            ],
            [
              -88.82557605742434,
              28.939142876282002
            ],
            [
              -88.82557763914927,
              28.939233090793337
            ],
            [
              -88.82537252466895,
              28.939235873373494
            ],
            [
              -88.82537410622365,
              28.93932608789384
            ]
          ]
        ]
      },
      "properties": {
        "incident_id": "SP-008",
        "type": "AI-detected-slick",
        "source": "Sentinel-1 SAR",
        "method": "U-Net segmentation + radiometric filtering"
      }
    },
    {
      "type": "Feature",
      "geometry": {
        "type": "Polygon",
        "coordinates": [
          [
            [
              -88.88435479244833,
              28.939144712025975
            ],
            [
              -88.88291903956397,
              28.939164810413676
            ],
            [
              -88.88291740817903,
              28.93907459883587
            ],
            [
              -88.8826097469223,
              28.93907890362657
            ],
            [
              -88.88260811581101,
              28.938988692031536
            ],
            [
              -88.8823004547532,
              28.938992996103707
            ],
            [
              -88.88229882391556,
              28.93890278449145
            ],
            [
              -88.88199116305672,
              28.938907087845084
            ],
            [
              -88.88198953249272,
              28.938816876215622
            ],
            [
              -88.88147676468893,
              28.938824046883788
            ],
            [
              -88.88147839480929,
              28.938914258539782
            ],
            [
              -88.88137584113741,
              28.938915692444525
            ],
            [
              -88.88137747117652,
              28.939005904104533
            ],
            [
              -88.88117236363291,
              28.93900877169042
            ],
            [
              -88.88117399350203,
              28.939098983359752
            ],
            [
              -88.88076377797033,
              28.939104717615926
            ],
            [
              -88.88076214845611,
              28.93901450592537
            ],
            [
              -88.88055704082294,
              28.939017372574437
            ],
            [
              -88.88055541149363,
              28.938927160871984
            ],
            [
              -88.88045285775458,
              28.93892859407411
            ],
            [
              -88.88045122852147,
              28.93883838236508
            ],
            [
              -88.88034867486367,
              28.938839815483835
            ],
            [
              -88.88034704572675,
              28.938749603768184
            ],
            [
              -88.88024449215021,
              28.93875103680357
            ],
            [
              -88.88023960505036,
              28.938480401632972
            ],
            [
              -88.88013705173255,
              28.938481834574386
            ],
            [
              -88.88013216496601,
              28.938211199376237
            ],
            [
              -88.88023471801766,
              28.938209766450726
            ],
            [
              -88.8802298310521,
              28.937939131256847
            ],
            [
              -88.88033238383012,
              28.93793769826918
            ],
            [
              -88.8803307547678,
              28.937847486540605
            ],
            [
              -88.88043330744964,
              28.937846053480175
            ],
            [
              -88.88043004916995,
              28.937665630029752
            ],
            [
              -88.88053260166687,
              28.937664196901864
            ],
            [
              -88.88052934323959,
              28.937483773456858
            ],
            [
              -88.88063189555163,
              28.937482340261514
            ],
            [
              -88.88063026626044,
              28.937392128542378
            ],
            [
              -88.8808353706847,
              28.93738926192811
            ],
            [
              -88.88083374122355,
              28.937299050218286
            ],
            [
              -88.88093629333575,
              28.937297616799363
            ],
            [
              -88.88093466379335,
              28.937207405093552
            ],
            [
              -88.88103721580939,
              28.937205971601873
            ],
            [
              -88.88103395656954,
              28.937025548196974
            ],
            [
              -88.88113650840067,
              28.93702411463784
            ],
            [
              -88.88113324901325,
              28.936843691238376
            ],
            [
              -88.88123580065948,
              28.936842257611794
            ],
            [
              -88.88122439241758,
              28.936210775710045
            ],
            [
              -88.88112184139234,
              28.936212209299487
            ],
            [
              -88.88111858213925,
              28.936031785876743
            ],
            [
              -88.88101603128398,
              28.93603321937752
            ],
            [
              -88.88101114272646,
              28.93576258421778
            ],
            [
              -88.88090859212987,
              28.935764017624585
            ],
            [
              -88.88089555701454,
              28.935042323765895
            ],
            [
              -88.88099810690147,
              28.935040890401524
            ],
            [
              -88.88099484801985,
              28.93486046693453
            ],
            [
              -88.88109739772189,
              28.93485903350271
            ],
            [
              -88.88109576820356,
              28.934768821772575
            ],
            [
              -88.88119831780945,
              28.934767388268003
            ],
            [
              -88.88119668820987,
              28.934677176541893
            ],
            [
              -88.88129923771959,
              28.934675742964572
            ],
            [
              -88.88129760803876,
              28.93458553124245
            ],
            [
              -88.8814001574523,
              28.934584097592392
            ],
            [
              -88.88139852769025,
              28.934493885874286
            ],
            [
              -88.88221892202013,
              28.934482413906274
            ],
            [
              -88.88222055249183,
              28.934572625581925
            ],
            [
              -88.88252820050845,
              28.93456832229012
            ],
            [
              -88.88252983125372,
              28.934658533948554
            ],
            [
              -88.88273493007154,
              28.934655664686463
            ],
            [
              -88.8827365610017,
              28.934745876332975
            ],
            [
              -88.88294165996705,
              28.93474300674805
            ],
            [
              -88.88294329108209,
              28.93483321838265
            ],
            [
              -88.88325093974021,
              28.934828913403926
            ],
            [
              -88.88325257112884,
              28.934919125021306
            ],
            [
              -88.8834576703743,
              28.93491625463459
            ],
            [
              -88.88345930194782,
              28.935006466240047
            ],
            [
              -88.88356185164805,
              28.935005030924305
            ],
            [
              -88.88356348331774,
              28.93509524252317
            ],
            [
              -88.88366603309922,
              28.935093807124062
            ],
            [
              -88.88366929663844,
              28.935274230307254
            ],
            [
              -88.88377184658987,
              28.935272794819465
            ],
            [
              -88.8837734784594,
              28.935363006403822
            ],
            [
              -88.88387602849204,
              28.93536157083266
            ],
            [
              -88.88387929243096,
              28.93554199398685
            ],
            [
              -88.88398184263355,
              28.935540558327016
            ],
            [
              -88.88398510677978,
              28.9357209814654
            ],
            [
              -88.8840876571523,
              28.935719545716875
            ],
            [
              -88.88409255369385,
              28.935990180398832
            ],
            [
              -88.88419510432503,
              28.93598874455631
            ],
            [
              -88.8842000012,
              28.93625937921066
            ],
            [
              -88.88430255208985,
              28.936257943274146
            ],
            [
              -88.88431234657389,
              28.93679921251604
            ],
            [
              -88.88441489798855,
              28.93679777646958
            ],
            [
              -88.88441979559765,
              28.937068411057123
            ],
            [
              -88.88452234727099,
              28.937066974916657
            ],
            [
              -88.88452724521352,
              28.937337609476607
            ],
            [
              -88.88462979714552,
              28.93733617324213
            ],
            [
              -88.88463469542152,
              28.937606807774497
            ],
            [
              -88.8847372476122,
              28.937605371446015
            ],
            [
              -88.88473888047454,
              28.9376955829489
            ],
            [
              -88.88463632819514,
              28.937697019282687
            ],
            [
              -88.8846461249939,
              28.93823828830471
            ],
            [
              -88.88474867780562,
              28.938236851939028
            ],
            [
              -88.88475847540593,
              28.938778120882574
            ],
            [
              -88.88465592206188,
              28.938779557280146
            ],
            [
              -88.88465918781102,
              28.93895998026159
            ],
            [
              -88.88455663428203,
              28.938961416591738
            ],
            [
              -88.8845582670791,
              28.93905162808583
            ],
            [
              -88.88435315982125,
              28.939054500522534
            ],
            [
              -88.88435479244833,
              28.939144712025975
            ]
          ]
        ]
      },
      "properties": {
        "incident_id": "SP-008",
        "type": "AI-detected-slick",
        "source": "Sentinel-1 SAR",
        "method": "U-Net segmentation + radiometric filtering"
      }
    },
    {
      "type": "Feature",
      "geometry": {
        "type": "Polygon",
        "coordinates": [
          [
            [
              -88.83969221485829,
              28.936875207035136
            ],
            [
              -88.8391794442678,
              28.936882216149815
            ],
            [
              -88.83917785091612,
              28.936792002294833
            ],
            [
              -88.83897274280629,
              28.936794805383855
            ],
            [
              -88.83897114963938,
              28.936704591517213
            ],
            [
              -88.83866348768606,
              28.936708795549684
            ],
            [
              -88.83866189479261,
              28.936618581666192
            ],
            [
              -88.83835423303981,
              28.936622784980507
            ],
            [
              -88.83835264041983,
              28.936532571080168
            ],
            [
              -88.83732710165704,
              28.936546577001703
            ],
            [
              -88.83732550993157,
              28.93645636304825
            ],
            [
              -88.83660763298491,
              28.93646616251208
            ],
            [
              -88.83660604188779,
              28.93637594852107
            ],
            [
              -88.83650348809785,
              28.93637734812704
            ],
            [
              -88.83650507910623,
              28.936467562123227
            ],
            [
              -88.83599230960355,
              28.936474559007912
            ],
            [
              -88.83599390017561,
              28.936564773028703
            ],
            [
              -88.83486580565277,
              28.936580159362077
            ],
            [
              -88.83486739525615,
              28.936670373438524
            ],
            [
              -88.83455973269447,
              28.936674568087362
            ],
            [
              -88.83455814335726,
              28.93658435399539
            ],
            [
              -88.83343004771334,
              28.936599728306387
            ],
            [
              -88.83343163607456,
              28.936689942455256
            ],
            [
              -88.83261120161626,
              28.936701117880563
            ],
            [
              -88.83260961396483,
              28.936610903690333
            ],
            [
              -88.83240450545499,
              28.936613696755646
            ],
            [
              -88.83240291798826,
              28.936523482553813
            ],
            [
              -88.83230036381116,
              28.936524878964203
            ],
            [
              -88.83229877644042,
              28.936434664755904
            ],
            [
              -88.83219622234478,
              28.936436061083054
            ],
            [
              -88.83219463507005,
              28.936345846868306
            ],
            [
              -88.8319895270344,
              28.936348639278076
            ],
            [
              -88.83198793994438,
              28.936258425051687
            ],
            [
              -88.83188538600436,
              28.936259821134307
            ],
            [
              -88.8318822120236,
              28.93607939266735
            ],
            [
              -88.83177965825377,
              28.936080788661574
            ],
            [
              -88.83177489760328,
              28.935810145935978
            ],
            [
              -88.83187745110695,
              28.935808749957264
            ],
            [
              -88.83187269025571,
              28.93553810723555
            ],
            [
              -88.83197524348596,
              28.935536711194274
            ],
            [
              -88.83197365646137,
              28.93544649695628
            ],
            [
              -88.83207620959561,
              28.9354451008421
            ],
            [
              -88.83207462248957,
              28.935354886608007
            ],
            [
              -88.83217717552783,
              28.93535349042092
            ],
            [
              -88.83217400116011,
              28.935173061959176
            ],
            [
              -88.83227655401367,
              28.93517166570437
            ],
            [
              -88.832274966752,
              28.93508145147673
            ],
            [
              -88.83237751950956,
              28.935080055149022
            ],
            [
              -88.83237593216644,
              28.93498984092526
            ],
            [
              -88.83247848482802,
              28.934988444524663
            ],
            [
              -88.83247689740345,
              28.934898230304782
            ],
            [
              -88.83288710762218,
              28.934892643942423
            ],
            [
              -88.83288869540162,
              28.934982858141634
            ],
            [
              -88.83329890585888,
              28.934977270509602
            ],
            [
              -88.83329731772457,
              28.93488705633107
            ],
            [
              -88.83370752771057,
              28.934881467470728
            ],
            [
              -88.83370911619974,
              28.934971681628575
            ],
            [
              -88.83391422132652,
              28.934968886719677
            ],
            [
              -88.8339158100004,
              28.935059100865896
            ],
            [
              -88.83453112573842,
              28.93505071423469
            ],
            [
              -88.83452953653223,
              28.934960500119523
            ],
            [
              -88.83504229900349,
              28.934953509139337
            ],
            [
              -88.83504388865326,
              28.93504372322864
            ],
            [
              -88.83555665138607,
              28.935036730271033
            ],
            [
              -88.83555824148672,
              28.93512694433317
            ],
            [
              -88.8362761096278,
              28.93511715087765
            ],
            [
              -88.83627451890615,
              28.935026936851752
            ],
            [
              -88.83699238606923,
              28.935017139607442
            ],
            [
              -88.83699079473382,
              28.934926925616505
            ],
            [
              -88.83719589939454,
              28.934924125711657
            ],
            [
              -88.83719749090736,
              28.935014339692213
            ],
            [
              -88.83760770049618,
              28.93500873892504
            ],
            [
              -88.83760610862849,
              28.934918524965195
            ],
            [
              -88.83781121320172,
              28.934915724123595
            ],
            [
              -88.83780962116388,
              28.934825510172825
            ],
            [
              -88.83801472553051,
              28.934822709029348
            ],
            [
              -88.83801313332256,
              28.93473249508766
            ],
            [
              -88.83811568540621,
              28.934731094404015
            ],
            [
              -88.83811409311683,
              28.934640880466223
            ],
            [
              -88.83831919708484,
              28.93463807887511
            ],
            [
              -88.8383176046253,
              28.934547864946396
            ],
            [
              -88.83862526025649,
              28.934543661989824
            ],
            [
              -88.83862685298216,
              28.934633875902993
            ],
            [
              -88.83893450881382,
              28.934629672228326
            ],
            [
              -88.83893610181293,
              28.934719886124643
            ],
            [
              -88.83934630984119,
              28.93471428011149
            ],
            [
              -88.83934471648723,
              28.934624066235926
            ],
            [
              -88.83954982028014,
              28.93462126277137
            ],
            [
              -88.83954822675605,
              28.93453104890488
            ],
            [
              -88.83995843389944,
              28.934525441059787
            ],
            [
              -88.83995684002778,
              28.934435227212763
            ],
            [
              -88.84149511444434,
              28.934414186747983
            ],
            [
              -88.84149670964669,
              28.93450440051714
            ],
            [
              -88.84190691623506,
              28.934498786739507
            ],
            [
              -88.84190851179957,
              28.934589000486596
            ],
            [
              -88.84334423517984,
              28.934569342356593
            ],
            [
              -88.84334583199367,
              28.934659556029647
            ],
            [
              -88.84467900357369,
              28.93464128828472
            ],
            [
              -88.84468060154812,
              28.934731501888887
            ],
            [
              -88.84539846327687,
              28.934721659910256
            ],
            [
              -88.8454000618796,
              28.934811873476697
            ],
            [
              -88.8456051653422,
              28.934809060769854
            ],
            [
              -88.8456067641297,
              28.9348992743246
            ],
            [
              -88.84591441953482,
              28.93489505466327
            ],
            [
              -88.84591601859577,
              28.934985268201107
            ],
            [
              -88.84612112234002,
              28.934982454692847
            ],
            [
              -88.84612272158573,
              28.93507266821898
            ],
            [
              -88.84632782547808,
              28.935069854388065
            ],
            [
              -88.84632942490855,
              28.93516006790249
            ],
            [
              -88.84643197693246,
              28.935158660864737
            ],
            [
              -88.84643357645896,
              28.935248874372668
            ],
            [
              -88.84663868066224,
              28.93524606005255
            ],
            [
              -88.84664028037349,
              28.93533627354878
            ],
            [
              -88.84674283255286,
              28.935334866266423
            ],
            [
              -88.84674443236015,
              28.93542507975615
            ],
            [
              -88.84694953687433,
              28.935422264946837
            ],
            [
              -88.84695113686641,
              28.935512478424858
            ],
            [
              -88.84705368920122,
              28.935511070897896
            ],
            [
              -88.84705528928933,
              28.93560128436943
            ],
            [
              -88.84715784170552,
              28.9355998767592
            ],
            [
              -88.84716264227998,
              28.935870517150384
            ],
            [
              -88.84706008959762,
              28.935871924776244
            ],
            [
              -88.84706168971503,
              28.935962138242605
            ],
            [
              -88.84695913693663,
              28.935963545795605
            ],
            [
              -88.84696073697268,
              28.936053759265892
            ],
            [
              -88.84675563121644,
              28.93605657414813
            ],
            [
              -88.84675723108236,
              28.936146787627532
            ],
            [
              -88.84644957212691,
              28.936151009381025
            ],
            [
              -88.84645117173399,
              28.936241222874752
            ],
            [
              -88.84593840621812,
              28.936248257595324
            ],
            [
              -88.84594000538893,
              28.936338471113803
            ],
            [
              -88.84563234572533,
              28.936342691024983
            ],
            [
              -88.84563394463731,
              28.93643290455778
            ],
            [
              -88.84522373129512,
              28.93643853003393
            ],
            [
              -88.84522213273804,
              28.93634831648031
            ],
            [
              -88.84368383299258,
              28.936369400813547
            ],
            [
              -88.84368223577363,
              28.936279187180617
            ],
            [
              -88.84347712919396,
              28.93628199708754
            ],
            [
              -88.84347872623546,
              28.93637221073087
            ],
            [
              -88.84317106604493,
              28.93637642502136
            ],
            [
              -88.84317266282758,
              28.936466638678993
            ],
            [
              -88.84296755581988,
              28.936469447826063
            ],
            [
              -88.84296915243242,
              28.93655966149281
            ],
            [
              -88.84276404521802,
              28.936562470338014
            ],
            [
              -88.8427656416604,
              28.936652684013854
            ],
            [
              -88.84256053423931,
              28.936655492557172
            ],
            [
              -88.84255893797437,
              28.936565278870944
            ],
            [
              -88.84173850870741,
              28.936576509880023
            ],
            [
              -88.84174010426257,
              28.93666672360782
            ],
            [
              -88.8414324429007,
              28.93667093396371
            ],
            [
              -88.841434038197,
              28.9367611477058
            ],
            [
              -88.8407161608092,
              28.936770969173555
            ],
            [
              -88.84071456613395,
              28.936680755395123
            ],
            [
              -88.84040690455294,
              28.93668496340901
            ],
            [
              -88.84040531015117,
              28.936594749613718
            ],
            [
              -88.83989254114704,
              28.936601761382917
            ],
            [
              -88.83989413510518,
              28.936691975204166
            ],
            [
              -88.83979158119375,
              28.936693377328993
            ],
            [
              -88.83979317507047,
              28.936783591154136
            ],
            [
              -88.83969062106299,
              28.93678499320609
            ],
            [
              -88.83969221485829,
              28.936875207035136
            ]
          ]
        ]
      },
      "properties": {
        "incident_id": "SP-008",
        "type": "AI-detected-slick",
        "source": "Sentinel-1 SAR",
        "method": "U-Net segmentation + radiometric filtering"
      }
    },
    {
      "type": "Feature",
      "geometry": {
        "type": "Polygon",
        "coordinates": [
          [
            [
              -88.85396804436772,
              28.937852342604806
            ],
            [
              -88.85355782737011,
              28.937857993729317
            ],
            [
              -88.85355622150166,
              28.937767780620106
            ],
            [
              -88.8534536673226,
              28.93776919320083
            ],
            [
              -88.85345045578521,
              28.93758876696807
            ],
            [
              -88.85334790177626,
              28.937590179460287
            ],
            [
              -88.8533302398224,
              28.936597835030287
            ],
            [
              -88.85343279285541,
              28.936596422595567
            ],
            [
              -88.85342155327248,
              28.93596493064082
            ],
            [
              -88.85331900086051,
              28.935966343038945
            ],
            [
              -88.85331578979472,
              28.93578591674408
            ],
            [
              -88.85321323755282,
              28.935787329053696
            ],
            [
              -88.85321002669387,
              28.935606902743206
            ],
            [
              -88.85310747462205,
              28.935608314964313
            ],
            [
              -88.85310426396997,
              28.935427888638202
            ],
            [
              -88.85300171206822,
              28.935429300770785
            ],
            [
              -88.85299850162295,
              28.935248874429075
            ],
            [
              -88.85289594989129,
              28.93525028647315
            ],
            [
              -88.85289273965287,
              28.935069860115817
            ],
            [
              -88.85279018809128,
              28.935071272071387
            ],
            [
              -88.85278858307181,
              28.934981058885555
            ],
            [
              -88.85268603159159,
              28.934982470757827
            ],
            [
              -88.85268282175213,
              28.93480204437185
            ],
            [
              -88.85258027044198,
              28.93480345615562
            ],
            [
              -88.85257545600405,
              28.934532816551297
            ],
            [
              -88.85247290495269,
              28.934534228241333
            ],
            [
              -88.85247130024345,
              28.93444401503208
            ],
            [
              -88.8525738512061,
              28.934442603347268
            ],
            [
              -88.8525722464155,
              28.93435239014196
            ],
            [
              -88.85246969554157,
              28.93435380182155
            ],
            [
              -88.85246809084704,
              28.934263588609713
            ],
            [
              -88.85257064163227,
              28.93426217693535
            ],
            [
              -88.85256903685638,
              28.934171963727454
            ],
            [
              -88.85267158754554,
              28.93417055198026
            ],
            [
              -88.8526699826883,
              28.9340803387763
            ],
            [
              -88.85277253328141,
              28.934078926956268
            ],
            [
              -88.85277092834279,
              28.933988713756232
            ],
            [
              -88.85297602932954,
              28.93398588989245
            ],
            [
              -88.85297442422086,
              28.933895676701578
            ],
            [
              -88.85358972647239,
              28.93388720326826
            ],
            [
              -88.85359133211333,
              28.933977416427766
            ],
            [
              -88.85482193688658,
              28.933960461068356
            ],
            [
              -88.85482033018116,
              28.9338702479716
            ],
            [
              -88.8554356316382,
              28.933861766108258
            ],
            [
              -88.85543402440788,
              28.93377155304159
            ],
            [
              -88.8558442248772,
              28.933765896925856
            ],
            [
              -88.85584261729942,
              28.933675683878832
            ],
            [
              -88.85676556712623,
              28.93366295309932
            ],
            [
              -88.85676717550238,
              28.93375316609924
            ],
            [
              -88.85697227556028,
              28.93375033616804
            ],
            [
              -88.85697388412122,
              28.933840549156194
            ],
            [
              -88.85738408450345,
              28.933834888336207
            ],
            [
              -88.85738247558768,
              28.93374467536901
            ],
            [
              -88.85830542521822,
              28.933731934004978
            ],
            [
              -88.85830703493235,
              28.933822146925024
            ],
            [
              -88.85861468494262,
              28.93381789838298
            ],
            [
              -88.85861629493023,
              28.933908111286
            ],
            [
              -88.85871884500762,
              28.93390669494397
            ],
            [
              -88.85872045509132,
              28.93399690784048
            ],
            [
              -88.85882300525003,
              28.933995491415146
            ],
            [
              -88.85882622561697,
              28.93417591719378
            ],
            [
              -88.85892877594573,
              28.934174500679905
            ],
            [
              -88.85893038622896,
              28.93426471356205
            ],
            [
              -88.85975078930316,
              28.93425337859913
            ],
            [
              -88.85975240030345,
              28.934343591438022
            ],
            [
              -88.86016260201832,
              28.934337922062234
            ],
            [
              -88.86016421338083,
              28.93442813487886
            ],
            [
              -88.86006166287447,
              28.93442955234514
            ],
            [
              -88.86006488544419,
              28.93460997798502
            ],
            [
              -88.86016743612795,
              28.934608560508245
            ],
            [
              -88.8601690475126,
              28.934698773320996
            ],
            [
              -88.86027159827772,
              28.934697355760928
            ],
            [
              -88.86027320975843,
              28.934787568567135
            ],
            [
              -88.86037576060488,
              28.934786150923763
            ],
            [
              -88.8603773721817,
              28.934876363723443
            ],
            [
              -88.86047992310947,
              28.93487494599676
            ],
            [
              -88.86048153478238,
              28.934965158789907
            ],
            [
              -88.8606866367932,
              28.93496232309188
            ],
            [
              -88.86068824865092,
              28.93505253587322
            ],
            [
              -88.8609959018779,
              28.935048281725003
            ],
            [
              -88.86099751400914,
              28.935138494489326
            ],
            [
              -88.86120261630099,
              28.93513565798973
            ],
            [
              -88.86120422861703,
              28.935225870742247
            ],
            [
              -88.86130677984058,
              28.93522445237011
            ],
            [
              -88.86130839225272,
              28.935314665116096
            ],
            [
              -88.86141094355762,
              28.93531324666065
            ],
            [
              -88.86141255606584,
              28.935403459400117
            ],
            [
              -88.86151510745205,
              28.935402040861362
            ],
            [
              -88.8615167200564,
              28.935492253594255
            ],
            [
              -88.8617218229841,
              28.935489416272066
            ],
            [
              -88.86172343577324,
              28.935579628993185
            ],
            [
              -88.86182598731473,
              28.935578210209744
            ],
            [
              -88.86182760019999,
              28.935668422924312
            ],
            [
              -88.86193015182279,
              28.935667004057578
            ],
            [
              -88.86193176480415,
              28.935757216765595
            ],
            [
              -88.86203431650829,
              28.93575579781555
            ],
            [
              -88.86203592958576,
              28.93584601051704
            ],
            [
              -88.86213848137122,
              28.93584459148367
            ],
            [
              -88.86214009454477,
              28.93593480417861
            ],
            [
              -88.86224264641156,
              28.935933385061933
            ],
            [
              -88.86224425968123,
              28.936023597750328
            ],
            [
              -88.86234681162935,
              28.93602217855034
            ],
            [
              -88.86235003836829,
              28.936202603912744
            ],
            [
              -88.86245259048644,
              28.93620118462419
            ],
            [
              -88.86246227141294,
              28.93674246064892
            ],
            [
              -88.86235971876246,
              28.936743879968997
            ],
            [
              -88.86236133218736,
              28.93683409264052
            ],
            [
              -88.86225877944078,
              28.936835511887775
            ],
            [
              -88.86226039278434,
              28.93692572456325
            ],
            [
              -88.86174762849704,
              28.93693281965484
            ],
            [
              -88.86174924140438,
              28.937023032355278
            ],
            [
              -88.8612364764888,
              28.937030125521506
            ],
            [
              -88.86123808895992,
              28.937120338246906
            ],
            [
              -88.86113553586594,
              28.93712175665121
            ],
            [
              -88.86113714825572,
              28.93721196938056
            ],
            [
              -88.86041927576997,
              28.93722189606158
            ],
            [
              -88.86042088754608,
              28.937312108826383
            ],
            [
              -88.86031833421558,
              28.937313526616652
            ],
            [
              -88.86031994591036,
              28.937403739385402
            ],
            [
              -88.86011483904977,
              28.937406574742244
            ],
            [
              -88.86011645057448,
              28.93749678752019
            ],
            [
              -88.85980878996206,
              28.93750103998569
            ],
            [
              -88.85980717870352,
              28.937410827192014
            ],
            [
              -88.85949951829085,
              28.937415078939182
            ],
            [
              -88.85949790730585,
              28.937324866128463
            ],
            [
              -88.85929280050463,
              28.93732770022577
            ],
            [
              -88.85929118970444,
              28.937237487403273
            ],
            [
              -88.85826565614298,
              28.937251653153368
            ],
            [
              -88.85826404623741,
              28.93716144027717
            ],
            [
              -88.85816149292941,
              28.937162856417576
            ],
            [
              -88.85815988311992,
              28.937072643534833
            ],
            [
              -88.8580573298933,
              28.937074059591943
            ],
            [
              -88.85805411047389,
              28.936893633812126
            ],
            [
              -88.85795155741734,
              28.936895049780674
            ],
            [
              -88.85794994780741,
              28.936804836883585
            ],
            [
              -88.85784739483219,
              28.936806252768836
            ],
            [
              -88.85784578531836,
              28.93671603986521
            ],
            [
              -88.8577432324245,
              28.93671745566716
            ],
            [
              -88.85774162300675,
              28.93662724275701
            ],
            [
              -88.85763907019424,
              28.936628658475655
            ],
            [
              -88.8576374608726,
              28.936538445558977
            ],
            [
              -88.8572272499037,
              28.936544107631967
            ],
            [
              -88.85722885887046,
              28.9366343205696
            ],
            [
              -88.85681864742878,
              28.936639981414515
            ],
            [
              -88.8568170388169,
              28.936549768455922
            ],
            [
              -88.85661193322929,
              28.936552598399523
            ],
            [
              -88.8566087163825,
              28.936372172457542
            ],
            [
              -88.85630105847815,
              28.936376416756065
            ],
            [
              -88.8563026666317,
              28.936466629743403
            ],
            [
              -88.85599500839491,
              28.93647087335505
            ],
            [
              -88.85599340050751,
              28.936380660352004
            ],
            [
              -88.85578829515694,
              28.936383489025644
            ],
            [
              -88.85578668745435,
              28.93629327601083
            ],
            [
              -88.85558158225176,
              28.936296104361745
            ],
            [
              -88.85557997473397,
              28.936205891335188
            ],
            [
              -88.85506721204224,
              28.936212960820225
            ],
            [
              -88.85506881911645,
              28.936303173872947
            ],
            [
              -88.85496626646731,
              28.936304587541002
            ],
            [
              -88.85496787346017,
              28.936394800597675
            ],
            [
              -88.85466021520241,
              28.93639904114913
            ],
            [
              -88.85466182193646,
              28.9364892542202
            ],
            [
              -88.85445671621707,
              28.936492080874643
            ],
            [
              -88.85445832278104,
              28.93658229395489
            ],
            [
              -88.85425321685476,
              28.936585120307537
            ],
            [
              -88.85425803605848,
              28.936855759571877
            ],
            [
              -88.85436058929146,
              28.9368543464189
            ],
            [
              -88.85436701535433,
              28.937215198732353
            ],
            [
              -88.85426446176646,
              28.93721661190626
            ],
            [
              -88.85426767466458,
              28.937397038065694
            ],
            [
              -88.85416512089192,
              28.93739845117199
            ],
            [
              -88.85416833364204,
              28.937578877336712
            ],
            [
              -88.85406577968456,
              28.937580290375397
            ],
            [
              -88.85406899228664,
              28.93776071654542
            ],
            [
              -88.85396643814435,
              28.937762129516486
            ],
            [
              -88.85396804436772,
              28.937852342604806
            ]
          ]
        ]
      },
      "properties": {
        "incident_id": "SP-008",
        "type": "AI-detected-slick",
        "source": "Sentinel-1 SAR",
        "method": "U-Net segmentation + radiometric filtering"
      }
    },
    {
      "type": "Feature",
      "geometry": {
        "type": "Polygon",
        "coordinates": [
          [
            [
              -88.89490957764728,
              28.938545320136694
            ],
            [
              -88.89388405217915,
              28.938559757831026
            ],
            [
              -88.89388241133827,
              28.938469546816574
            ],
            [
              -88.89377985883884,
              28.938470990151316
            ],
            [
              -88.8937782180942,
              28.938380779130235
            ],
            [
              -88.89367566567597,
              28.938382222381566
            ],
            [
              -88.89367402502756,
              28.938292011353838
            ],
            [
              -88.89357147269054,
              28.938293454521773
            ],
            [
              -88.89356983213838,
              28.938203243487422
            ],
            [
              -88.89336472761923,
              28.938206129578404
            ],
            [
              -88.89336308725201,
              28.938115918532077
            ],
            [
              -88.8932605350699,
              28.938117361455138
            ],
            [
              -88.8932588947989,
              28.93802715040217
            ],
            [
              -88.893156342698,
              28.938028593241825
            ],
            [
              -88.89315470252323,
              28.937938382182228
            ],
            [
              -88.89305215050354,
              28.937939824938482
            ],
            [
              -88.893050510425,
              28.937849613872256
            ],
            [
              -88.8929479584865,
              28.93785105654511
            ],
            [
              -88.8929463185042,
              28.93776084547225
            ],
            [
              -88.89284376664692,
              28.9377622880617
            ],
            [
              -88.89284212676084,
              28.937672076982203
            ],
            [
              -88.89273957498477,
              28.93767351948825
            ],
            [
              -88.89273793519492,
              28.937583308402125
            ],
            [
              -88.89263538350004,
              28.93758475082478
            ],
            [
              -88.89263374380643,
              28.937494539732022
            ],
            [
              -88.89253119219276,
              28.937495982071287
            ],
            [
              -88.89252955259536,
              28.937405770971882
            ],
            [
              -88.89242700106291,
              28.93740721322774
            ],
            [
              -88.89242536156175,
              28.937317002121713
            ],
            [
              -88.89232281011049,
              28.937318444294178
            ],
            [
              -88.89232117070554,
              28.93722823318152
            ],
            [
              -88.89221861933551,
              28.93722967527058
            ],
            [
              -88.89221698002679,
              28.937139464151294
            ],
            [
              -88.89211442873795,
              28.93714090615696
            ],
            [
              -88.89211278952544,
              28.937050695031044
            ],
            [
              -88.89201023831782,
              28.93705213695331
            ],
            [
              -88.89200859920155,
              28.93696192582076
            ],
            [
              -88.8918034969412,
              28.93696480942046
            ],
            [
              -88.89180185800986,
              28.93687459827595
            ],
            [
              -88.89169930695714,
              28.936876039953354
            ],
            [
              -88.89169766812202,
              28.93678582880221
            ],
            [
              -88.8915951171505,
              28.93678727039624
            ],
            [
              -88.89159183968022,
              28.9366068480794
            ],
            [
              -88.89148928887862,
              28.936608289584697
            ],
            [
              -88.89148765024345,
              28.936518078419002
            ],
            [
              -88.89138509952305,
              28.936519519840914
            ],
            [
              -88.8913834609841,
              28.93642930866859
            ],
            [
              -88.89128091034493,
              28.9364307500071
            ],
            [
              -88.89127763346693,
              28.936250327647887
            ],
            [
              -88.89107253252092,
              28.93625321006942
            ],
            [
              -88.8910692560278,
              28.936072787683706
            ],
            [
              -88.89086415540662,
              28.936075669771675
            ],
            [
              -88.89086251734874,
              28.93598545856621
            ],
            [
              -88.8907599671156,
              28.935986899487776
            ],
            [
              -88.89075832915393,
              28.935896688275683
            ],
            [
              -88.890655779002,
              28.93589812911387
            ],
            [
              -88.89065414113654,
              28.93580791789514
            ],
            [
              -88.89055159106582,
              28.93580935864993
            ],
            [
              -88.89054995329656,
              28.93571914742459
            ],
            [
              -88.89044740330706,
              28.935720588095982
            ],
            [
              -88.89044576563401,
              28.935630376864022
            ],
            [
              -88.88942026621356,
              28.935644779231655
            ],
            [
              -88.88942190299952,
              28.93573499051692
            ],
            [
              -88.88931935292753,
              28.935736430329708
            ],
            [
              -88.88934226747604,
              28.9369993882621
            ],
            [
              -88.88923971615458,
              28.93700082807142
            ],
            [
              -88.88924298960401,
              28.937181250623134
            ],
            [
              -88.88914043809763,
              28.93718269036505
            ],
            [
              -88.88914371139963,
              28.93736311292225
            ],
            [
              -88.88904115970831,
              28.937364552596755
            ],
            [
              -88.88904279628183,
              28.93745476387873
            ],
            [
              -88.88842748544427,
              28.937463400318446
            ],
            [
              -88.88842584940303,
              28.937373189004507
            ],
            [
              -88.88822074590801,
              28.937376067182594
            ],
            [
              -88.88821911005172,
              28.937285855856707
            ],
            [
              -88.88791145501912,
              28.93729017252241
            ],
            [
              -88.88790981943647,
              28.937199961179253
            ],
            [
              -88.88749961297634,
              28.937205715619374
            ],
            [
              -88.88749797775606,
              28.937115504253637
            ],
            [
              -88.88698521995597,
              28.937122695520802
            ],
            [
              -88.88698358518675,
              28.93703248412716
            ],
            [
              -88.88677848219173,
              28.93703536007696
            ],
            [
              -88.88677684760744,
              28.93694514867137
            ],
            [
              -88.88667429618741,
              28.936946586523852
            ],
            [
              -88.88667102721867,
              28.936766163698167
            ],
            [
              -88.8865684759686,
              28.936767601461952
            ],
            [
              -88.88656030412135,
              28.936316544348475
            ],
            [
              -88.88645775330735,
              28.936317982007605
            ],
            [
              -88.88645285055496,
              28.936047347708026
            ],
            [
              -88.8863502999996,
              28.936048785273133
            ],
            [
              -88.88634703171287,
              28.935868362389638
            ],
            [
              -88.88624448132747,
              28.935869799866044
            ],
            [
              -88.88624121324807,
              28.935689376966742
            ],
            [
              -88.8861386630326,
              28.93569081435447
            ],
            [
              -88.88613702909284,
              28.935600602897548
            ],
            [
              -88.88603447895859,
              28.93560204020189
            ],
            [
              -88.88603121127895,
              28.935421617273533
            ],
            [
              -88.88592866131462,
              28.93542305448918
            ],
            [
              -88.88592539384233,
              28.935242631545012
            ],
            [
              -88.88582284404795,
              28.93524406867197
            ],
            [
              -88.88582121041172,
              28.935153857192635
            ],
            [
              -88.88571866069859,
              28.93515529423622
            ],
            [
              -88.88571702715856,
              28.93506508275027
            ],
            [
              -88.88561447752664,
              28.93506651971047
            ],
            [
              -88.88561284408279,
              28.934976308217898
            ],
            [
              -88.8855102945321,
              28.93497774509474
            ],
            [
              -88.88550866118443,
              28.93488753359557
            ],
            [
              -88.88540611171497,
              28.93488897038903
            ],
            [
              -88.8854044784635,
              28.934798758883243
            ],
            [
              -88.88509683027634,
              28.93480306877937
            ],
            [
              -88.88509519729845,
              28.934712857256336
            ],
            [
              -88.88489009864703,
              28.934715730119517
            ],
            [
              -88.88488846585406,
              28.93462551858456
            ],
            [
              -88.88478591660584,
              28.934626954893762
            ],
            [
              -88.8847826512197,
              28.934446531809332
            ],
            [
              -88.88468010214142,
              28.934447968029854
            ],
            [
              -88.88467193925048,
              28.933996910269567
            ],
            [
              -88.88477448788525,
              28.933995474075633
            ],
            [
              -88.88477285524081,
              28.933905262525016
            ],
            [
              -88.8848754037794,
              28.93390382625833
            ],
            [
              -88.88487377105372,
              28.933813614711738
            ],
            [
              -88.88507886793107,
              28.93381074195486
            ],
            [
              -88.88507723503547,
              28.93372053041761
            ],
            [
              -88.88517978337421,
              28.933719093927408
            ],
            [
              -88.88517651742805,
              28.933538670859622
            ],
            [
              -88.88527906558193,
              28.93353723430201
            ],
            [
              -88.88527743253135,
              28.933447022771496
            ],
            [
              -88.88537998058905,
              28.93344558614116
            ],
            [
              -88.88537671433293,
              28.933265163086883
            ],
            [
              -88.8855818100711,
              28.93326228961331
            ],
            [
              -88.88558017677688,
              28.933172078094866
            ],
            [
              -88.88834896391715,
              28.933133255789283
            ],
            [
              -88.88835059960624,
              28.933223467164062
            ],
            [
              -88.88855569491021,
              28.93322058916367
            ],
            [
              -88.88855733078418,
              28.933310800526503
            ],
            [
              -88.88865987851362,
              28.93330936140391
            ],
            [
              -88.88866151448379,
              28.933399572760113
            ],
            [
              -88.88876406229444,
              28.933398133554153
            ],
            [
              -88.8887656983608,
              28.933488344903733
            ],
            [
              -88.88897079413701,
              28.933485466247003
            ],
            [
              -88.88897243038826,
              28.933575677584653
            ],
            [
              -88.88907497835383,
              28.93357423813389
            ],
            [
              -88.88907661470128,
              28.93366444946491
            ],
            [
              -88.88917916274806,
              28.93366300993076
            ],
            [
              -88.88918079919169,
              28.93375322125516
            ],
            [
              -88.88928334731968,
              28.93375178163764
            ],
            [
              -88.8892849838595,
              28.933841992955415
            ],
            [
              -88.88938753206868,
              28.933840553254523
            ],
            [
              -88.88938916870472,
              28.93393076456567
            ],
            [
              -88.88949171699511,
              28.933929324781396
            ],
            [
              -88.88949335372733,
              28.934019536085927
            ],
            [
              -88.88959590209892,
              28.93401809621827
            ],
            [
              -88.88959753892736,
              28.934108307516176
            ],
            [
              -88.88970008738016,
              28.934106867565145
            ],
            [
              -88.88970172430479,
              28.93419707885643
            ],
            [
              -88.88990682136529,
              28.934194198709562
            ],
            [
              -88.88990845847482,
              28.934284409988887
            ],
            [
              -88.89001100708253,
              28.934282969793042
            ],
            [
              -88.89001264428826,
              28.93437318106574
            ],
            [
              -88.89021774165859,
              28.934370300429237
            ],
            [
              -88.89021937904923,
              28.93446051169
            ],
            [
              -88.89042447656696,
              28.934457630730623
            ],
            [
              -88.89042611414251,
              28.93454784197942
            ],
            [
              -88.89052866297884,
              28.93454640137733
            ],
            [
              -88.89053030065057,
              28.9346366126195
            ],
            [
              -88.89073539847813,
              28.93463373117049
            ],
            [
              -88.89073703633478,
              28.934723942400705
            ],
            [
              -88.89094213430974,
              28.934721060628817
            ],
            [
              -88.8909437723513,
              28.934811271847074
            ],
            [
              -88.89125141952358,
              28.934806948587855
            ],
            [
              -88.89125305783877,
              28.934897159788814
            ],
            [
              -88.89145815609352,
              28.934894277215072
            ],
            [
              -88.89145979459363,
              28.934984488404083
            ],
            [
              -88.89166489299576,
              28.93498160550745
            ],
            [
              -88.89166653168077,
              28.935071816684488
            ],
            [
              -88.89187163023031,
              28.93506893346498
            ],
            [
              -88.89187326910023,
              28.935159144630056
            ],
            [
              -88.89218091713437,
              28.935154819199386
            ],
            [
              -88.89218255627792,
              28.935245030347158
            ],
            [
              -88.8924902045106,
              28.935240704197994
            ],
            [
              -88.89249184392777,
              28.93533091532845
            ],
            [
              -88.89259439341235,
              28.93532947311728
            ],
            [
              -88.89259603292577,
              28.935419684241122
            ],
            [
              -88.89269858249155,
              28.93541824194656
            ],
            [
              -88.89270022210115,
              28.93550845306378
            ],
            [
              -88.89300787101956,
              28.93550412569575
            ],
            [
              -88.89300951090281,
              28.935594336795653
            ],
            [
              -88.89454775581133,
              28.935572689338084
            ],
            [
              -88.89454611459747,
              28.9354824783183
            ],
            [
              -88.89495631259935,
              28.935476702718233
            ],
            [
              -88.89495467103818,
              28.935386491718525
            ],
            [
              -88.89515976981657,
              28.935383603460853
            ],
            [
              -88.89515648636197,
              28.935203181478922
            ],
            [
              -88.89525903556247,
              28.935201737243695
            ],
            [
              -88.89523440928097,
              28.93384857229429
            ],
            [
              -88.89533695714343,
              28.93384712806118
            ],
            [
              -88.89533367358965,
              28.9336667060566
            ],
            [
              -88.8955387689372,
              28.933663817377617
            ],
            [
              -88.89553712699421,
              28.93357360638408
            ],
            [
              -88.89584476969304,
              28.933569272796273
            ],
            [
              -88.89584641190214,
              28.93365948377377
            ],
            [
              -88.89615405479938,
              28.933655149467484
            ],
            [
              -88.89615733977234,
              28.933835571386528
            ],
            [
              -88.89625988756711,
              28.933834126450975
            ],
            [
              -88.89626153015357,
              28.933924337403205
            ],
            [
              -88.89636407802952,
              28.933922892384256
            ],
            [
              -88.89636736340242,
              28.934103314274147
            ],
            [
              -88.89646991144824,
              28.934101869166458
            ],
            [
              -88.89647155423468,
              28.9341920801041
            ],
            [
              -88.89657410236167,
              28.93419063491301
            ],
            [
              -88.8965773881345,
              28.93437105677374
            ],
            [
              -88.8966799364314,
              28.934369611493892
            ],
            [
              -88.89668322241172,
              28.934550033338734
            ],
            [
              -88.8967857708785,
              28.934548587970152
            ],
            [
              -88.89678905706634,
              28.93472900979912
            ],
            [
              -88.89689160570298,
              28.93472756434179
            ],
            [
              -88.89689489209835,
              28.93490798615488
            ],
            [
              -88.89699744090485,
              28.9349065406088
            ],
            [
              -88.89700072750773,
              28.935086962406004
            ],
            [
              -88.89710327648413,
              28.93508551677116
            ],
            [
              -88.89710491988556,
              28.935175727662475
            ],
            [
              -88.89720746894314,
              28.935174281944242
            ],
            [
              -88.89721239945871,
              28.935444914594356
            ],
            [
              -88.89731494877488,
              28.935443468782015
            ],
            [
              -88.89731823600032,
              28.93562389053158
            ],
            [
              -88.89721568650673,
              28.93562533635463
            ],
            [
              -88.89722226069308,
              28.935986179859622
            ],
            [
              -88.89711971083715,
              28.935987625626005
            ],
            [
              -88.89712299779806,
              28.936168047381443
            ],
            [
              -88.89702044775719,
              28.936169493080467
            ],
            [
              -88.8970253779889,
              28.93644012571996
            ],
            [
              -88.89692282767435,
              28.936441571356973
            ],
            [
              -88.8969261143557,
              28.936621993120855
            ],
            [
              -88.8968235638562,
              28.936623438690518
            ],
            [
              -88.89682685039024,
              28.93680386045992
            ],
            [
              -88.8966217490138,
              28.936806751386474
            ],
            [
              -88.89662339211469,
              28.936896962279935
            ],
            [
              -88.8963157397275,
              28.936901298100373
            ],
            [
              -88.89631738256976,
              28.936991509008564
            ],
            [
              -88.89590717892663,
              28.93699728903105
            ],
            [
              -88.89590882142157,
              28.937087499959343
            ],
            [
              -88.89580627040327,
              28.937088944775166
            ],
            [
              -88.895807912817,
              28.93717915570751
            ],
            [
              -88.89570536170247,
              28.93718060045062
            ],
            [
              -88.89570700403502,
              28.937270811387023
            ],
            [
              -88.89560445282423,
              28.93727225605742
            ],
            [
              -88.89560609507559,
              28.93736246699786
            ],
            [
              -88.89550354376858,
              28.937363911595536
            ],
            [
              -88.89550682811642,
              28.93754433348325
            ],
            [
              -88.89540427662446,
              28.937545778013547
            ],
            [
              -88.89541084505551,
              28.9379066217948
            ],
            [
              -88.89530829320117,
              28.937908066268427
            ],
            [
              -88.89531321933727,
              28.938178699106793
            ],
            [
              -88.89521066720926,
              28.938180143518395
            ],
            [
              -88.89521230918093,
              28.938270354467278
            ],
            [
              -88.89510975695666,
              28.938271798806156
            ],
            [
              -88.89511139884715,
              28.938362009759086
            ],
            [
              -88.89500884652665,
              28.938363454025254
            ],
            [
              -88.89501048833594,
              28.938453664982227
            ],
            [
              -88.89490793591919,
              28.938455109175674
            ],
            [
              -88.89490957764728,
              28.938545320136694
            ]
          ],
          [
            [
              -88.89671115445998,
              28.93608361881077
            ],
            [
              -88.89670951133812,
              28.935993407911006
            ],
            [
              -88.89660696144453,
              28.935994853287124
            ],
            [
              -88.89660367540081,
              28.935814431473023
            ],
            [
              -88.89639857594592,
              28.935817321969687
            ],
            [
              -88.89640350449055,
              28.93608795472099
            ],
            [
              -88.89671115445998,
              28.93608361881077
            ]
          ],
          [
            [
              -88.89691789770876,
              28.936170938701448
            ],
            [
              -88.89691625440196,
              28.93608072781369
            ],
            [
              -88.89681370443473,
              28.936082173351252
            ],
            [
              -88.89681534765282,
              28.936172384244365
            ],
            [
              -88.89691789770876,
              28.936170938701448
            ]
          ]
        ]
      },
      "properties": {
        "incident_id": "SP-008",
        "type": "AI-detected-slick",
        "source": "Sentinel-1 SAR",
        "method": "U-Net segmentation + radiometric filtering"
      }
    },
    {
      "type": "Feature",
      "geometry": {
        "type": "Polygon",
        "coordinates": [
          [
            [
              -88.88752531317472,
              28.932964341787688
            ],
            [
              -88.885166719769,
              28.932997401625236
            ],
            [
              -88.88516508685201,
              28.932907190081647
            ],
            [
              -88.88495999176361,
              28.9329100628883
            ],
            [
              -88.88495835903149,
              28.932819851332784
            ],
            [
              -88.88485581156476,
              28.93282128761372
            ],
            [
              -88.88485417892882,
              28.93273107605159
            ],
            [
              -88.88464908415033,
              28.932733948368696
            ],
            [
              -88.88464745169925,
              28.93264373679464
            ],
            [
              -88.8845449043875,
              28.932645172830803
            ],
            [
              -88.88454327203259,
              28.932554961250148
            ],
            [
              -88.88444072480206,
              28.93255639720296
            ],
            [
              -88.88443909254332,
              28.932466185615688
            ],
            [
              -88.88433654539399,
              28.932467621485127
            ],
            [
              -88.88433491323144,
              28.932377409891252
            ],
            [
              -88.88423236616335,
              28.93237884567734
            ],
            [
              -88.88423073409695,
              28.932288634076865
            ],
            [
              -88.88412818711006,
              28.932290069779594
            ],
            [
              -88.88412655513986,
              28.9321998581725
            ],
            [
              -88.88402400823419,
              28.932201293791863
            ],
            [
              -88.88402074449357,
              28.932020870563175
            ],
            [
              -88.88391819775782,
              28.932022306093874
            ],
            [
              -88.88391493422446,
              28.931841882849383
            ],
            [
              -88.88381238765864,
              28.931843318291413
            ],
            [
              -88.88379933453373,
              28.931121625219195
            ],
            [
              -88.88369678866997,
              28.93112306054068
            ],
            [
              -88.88369352564084,
              28.93094263724907
            ],
            [
              -88.88359097994697,
              28.93094407248189
            ],
            [
              -88.88358771712512,
              28.930763649174462
            ],
            [
              -88.88348517160117,
              28.930765084318615
            ],
            [
              -88.88348190898658,
              28.93058466099541
            ],
            [
              -88.88337936363251,
              28.930586096050902
            ],
            [
              -88.88337773242512,
              28.930495884382044
            ],
            [
              -88.88327518715228,
              28.930497319354192
            ],
            [
              -88.88327192493726,
              28.93031689600197
            ],
            [
              -88.88316937983433,
              28.93031833088545
            ],
            [
              -88.8831595939007,
              28.92977706076588
            ],
            [
              -88.88326213847154,
              28.929775625914264
            ],
            [
              -88.88326050742005,
              28.92968541422846
            ],
            [
              -88.88336305189473,
              28.929683979304116
            ],
            [
              -88.88336142076204,
              28.92959376762231
            ],
            [
              -88.88407923125479,
              28.929583721004036
            ],
            [
              -88.88408086300825,
              28.929673932648647
            ],
            [
              -88.88428595183058,
              28.929671061473325
            ],
            [
              -88.8842875837689,
              28.929761273106017
            ],
            [
              -88.88439012825752,
              28.929759837395974
            ],
            [
              -88.88439339233393,
              28.929940260646855
            ],
            [
              -88.88449593699247,
              28.929938824848158
            ],
            [
              -88.88449756913056,
              28.930029036466333
            ],
            [
              -88.88460011387029,
              28.93002760058428
            ],
            [
              -88.88460174610455,
              28.930117812195856
            ],
            [
              -88.8847042909255,
              28.930116376230448
            ],
            [
              -88.88470592325592,
              28.93020658783542
            ],
            [
              -88.88480846815807,
              28.93020515178666
            ],
            [
              -88.88481010058466,
              28.930295363385017
            ],
            [
              -88.88491264556802,
              28.9302939272529
            ],
            [
              -88.88491427809076,
              28.93038413884465
            ],
            [
              -88.88511936821243,
              28.93038126633568
            ],
            [
              -88.88512100092002,
              28.930471477915503
            ],
            [
              -88.88522354605833,
              28.930470041538637
            ],
            [
              -88.88522517886209,
              28.930560253111857
            ],
            [
              -88.88543026929362,
              28.93055738011337
            ],
            [
              -88.88543190228224,
              28.930647591674656
            ],
            [
              -88.8857395381395,
              28.93064328157568
            ],
            [
              -88.88574117140166,
              28.930733493119728
            ],
            [
              -88.88615135279473,
              28.930727745207257
            ],
            [
              -88.8861529864191,
              28.930817956728735
            ],
            [
              -88.88656316804719,
              28.930812207546346
            ],
            [
              -88.88656480203382,
              28.930902419045253
            ],
            [
              -88.88666734751081,
              28.93090098154923
            ],
            [
              -88.88666898159362,
              28.93099119304152
            ],
            [
              -88.88687407270253,
              28.930988317804708
            ],
            [
              -88.88687570697019,
              28.93107852928507
            ],
            [
              -88.8869782526021,
              28.93107709154428
            ],
            [
              -88.88697988696595,
              28.931167303018018
            ],
            [
              -88.88708243267907,
              28.93116586519387
            ],
            [
              -88.88708406713909,
              28.93125607666099
            ],
            [
              -88.8871866129334,
              28.931254638753483
            ],
            [
              -88.88718824748959,
              28.931344850213993
            ],
            [
              -88.88739333923317,
              28.931341974154204
            ],
            [
              -88.88739497397422,
              28.93143218560277
            ],
            [
              -88.88749751992346,
              28.931430747450484
            ],
            [
              -88.88749915476069,
              28.931520958892435
            ],
            [
              -88.88760170079115,
              28.931519520656785
            ],
            [
              -88.88760333572455,
              28.931609732092127
            ],
            [
              -88.8877058818362,
              28.931608293773113
            ],
            [
              -88.88770915190288,
              28.931788716629256
            ],
            [
              -88.88781169818442,
              28.931787278221545
            ],
            [
              -88.88781496845841,
              28.931967701061875
            ],
            [
              -88.88791751490987,
              28.931966262565478
            ],
            [
              -88.88793223231184,
              28.932778165234954
            ],
            [
              -88.88782968506214,
              28.932779603779267
            ],
            [
              -88.88783132027778,
              28.932869815185832
            ],
            [
              -88.88752367821769,
              28.932874130366443
            ],
            [
              -88.88752531317472,
              28.932964341787688
            ]
          ]
        ]
      },
      "properties": {
        "incident_id": "SP-008",
        "type": "AI-detected-slick",
        "source": "Sentinel-1 SAR",
        "method": "U-Net segmentation + radiometric filtering"
      }
    },
    {
      "type": "Feature",
      "geometry": {
        "type": "Polygon",
        "coordinates": [
          [
            [
              -88.93681956851127,
              28.930639740961734
            ],
            [
              -88.93620431512335,
              28.93064859388866
            ],
            [
              -88.93620263817657,
              28.930558385004897
            ],
            [
              -88.93599755382982,
              28.930561335345356
            ],
            [
              -88.93599587706807,
              28.930471126449394
            ],
            [
              -88.9356882507564,
              28.930475551358477
            ],
            [
              -88.93568657426836,
              28.930385342444847
            ],
            [
              -88.9352764061,
              28.930391241209332
            ],
            [
              -88.93527472997434,
              28.930301032272563
            ],
            [
              -88.9349671040335,
              28.93030545551023
            ],
            [
              -88.93496542818154,
              28.930215246555797
            ],
            [
              -88.93486288627459,
              28.93021672080684
            ],
            [
              -88.93486121051897,
              28.930126511845636
            ],
            [
              -88.93475866869301,
              28.93012798601319
            ],
            [
              -88.93475699303376,
              28.93003777704524
            ],
            [
              -88.9346544512888,
              28.930039251129298
            ],
            [
              -88.9346527757259,
              28.929949042154604
            ],
            [
              -88.93455023406192,
              28.929950516155177
            ],
            [
              -88.93454688313648,
              28.929770098190968
            ],
            [
              -88.93444434164219,
              28.92977157210261
            ],
            [
              -88.93444266627965,
              28.929681363113108
            ],
            [
              -88.93434012486637,
              28.929682836941264
            ],
            [
              -88.93433844960018,
              28.929592627945
            ],
            [
              -88.9340308255803,
              28.92959704894493
            ],
            [
              -88.93402915058779,
              28.929506839931015
            ],
            [
              -88.93392660932115,
              28.92950831343614
            ],
            [
              -88.93392828422499,
              28.929598522455507
            ],
            [
              -88.93321049452311,
              28.929608834844768
            ],
            [
              -88.93320882023998,
              28.929518625787235
            ],
            [
              -88.93146561662162,
              28.92954365415049
            ],
            [
              -88.9314672893973,
              28.929633863300648
            ],
            [
              -88.93126220629573,
              28.929636806342312
            ],
            [
              -88.93126387890173,
              28.92972701550207
            ],
            [
              -88.93105879559215,
              28.929729958242493
            ],
            [
              -88.93106214047245,
              28.929910376579908
            ],
            [
              -88.93095959862883,
              28.929911847843965
            ],
            [
              -88.93096127099179,
              28.93000205701617
            ],
            [
              -88.93085872905183,
              28.930003528207635
            ],
            [
              -88.93085705677754,
              28.92991331902999
            ],
            [
              -88.930651973052,
              28.929916261167957
            ],
            [
              -88.93065030096271,
              28.929826051978118
            ],
            [
              -88.93024013377443,
              28.92983193529591
            ],
            [
              -88.93024180550901,
              28.929922144507515
            ],
            [
              -88.92993417977137,
              28.929926556192854
            ],
            [
              -88.92993585124759,
              28.93001676541949
            ],
            [
              -88.92983330923104,
              28.93001823583065
            ],
            [
              -88.92983498062625,
              28.930108445061432
            ],
            [
              -88.92921972783425,
              28.930117265922377
            ],
            [
              -88.92922139870505,
              28.93020747518451
            ],
            [
              -88.92911885645758,
              28.930208945060333
            ],
            [
              -88.92911718567547,
              28.93011873579276
            ],
            [
              -88.92901464350903,
              28.930120205585112
            ],
            [
              -88.92901631420247,
              28.930210414858117
            ],
            [
              -88.9286061451055,
              28.93021629326895
            ],
            [
              -88.92860781545188,
              28.930306502562416
            ],
            [
              -88.92850527306983,
              28.930307971975488
            ],
            [
              -88.92850360281213,
              28.930217762676588
            ],
            [
              -88.92829851820245,
              28.930220701257742
            ],
            [
              -88.92829684812973,
              28.93013049194666
            ],
            [
              -88.9281943059021,
              28.930131961114757
            ],
            [
              -88.92819597588613,
              28.93022217043127
            ],
            [
              -88.92809343356217,
              28.930223639526773
            ],
            [
              -88.9280917636668,
              28.930133430204815
            ],
            [
              -88.92798922142387,
              28.930134899216842
            ],
            [
              -88.92799089123055,
              28.93022510854424
            ],
            [
              -88.92727309469512,
              28.93023538948159
            ],
            [
              -88.92727142550919,
              28.930145180116156
            ],
            [
              -88.92675871391219,
              28.930152521274703
            ],
            [
              -88.92675704517728,
              28.930062311880807
            ],
            [
              -88.9264494183934,
              28.930066715623244
            ],
            [
              -88.92644608147856,
              28.92988629679895
            ],
            [
              -88.92634353937932,
              28.929887764546173
            ],
            [
              -88.92628681951818,
              28.926820643554397
            ],
            [
              -88.92638935860268,
              28.926819175991856
            ],
            [
              -88.92638602223799,
              28.926638757074144
            ],
            [
              -88.92648856113752,
              28.92663728944445
            ],
            [
              -88.92648689287799,
              28.926547079989078
            ],
            [
              -88.92689704804506,
              28.926541208711836
            ],
            [
              -88.92689871665925,
              28.92663141814547
            ],
            [
              -88.92710379437425,
              28.92662848202785
            ],
            [
              -88.9271054631734,
              28.926718691449324
            ],
            [
              -88.9272080021081,
              28.926717223268053
            ],
            [
              -88.92720967100355,
              28.9268074326828
            ],
            [
              -88.92741474902734,
              28.926804496075317
            ],
            [
              -88.92741641810775,
              28.926894705477896
            ],
            [
              -88.92782657441825,
              28.926888831304932
            ],
            [
              -88.92782490498317,
              28.926798621924103
            ],
            [
              -88.92823506081666,
              28.92679274652454
            ],
            [
              -88.92823673060637,
              28.926882955883624
            ],
            [
              -88.92844180865455,
              28.92688001770485
            ],
            [
              -88.92844347862923,
              28.92697022705177
            ],
            [
              -88.92864855682414,
              28.92696728855002
            ],
            [
              -88.9286502269838,
              28.92705749788477
            ],
            [
              -88.92885530532544,
              28.927054559060064
            ],
            [
              -88.92885697567007,
              28.927144768382636
            ],
            [
              -88.92906205415844,
              28.927141829234955
            ],
            [
              -88.92906372468804,
              28.92723203854535
            ],
            [
              -88.92937134262917,
              28.927227629222354
            ],
            [
              -88.92937301343241,
              28.927317838515133
            ],
            [
              -88.92988571029123,
              28.927310488055824
            ],
            [
              -88.92988738154544,
              28.927400697320095
            ],
            [
              -88.93070769683081,
              28.927388932484465
            ],
            [
              -88.93070936880198,
              28.927479141703902
            ],
            [
              -88.93111952661555,
              28.927473257391764
            ],
            [
              -88.93112119894903,
              28.927563466588126
            ],
            [
              -88.93204405437938,
              28.927550222272455
            ],
            [
              -88.9320457275185,
              28.927640431418492
            ],
            [
              -88.93225080659606,
              28.927637487368074
            ],
            [
              -88.93225247992018,
              28.92772769650192
            ],
            [
              -88.93235501953613,
              28.927726224354224
            ],
            [
              -88.93235669295659,
              28.927816433481333
            ],
            [
              -88.93245923265353,
              28.92781496125017
            ],
            [
              -88.93246090617032,
              28.927905170370526
            ],
            [
              -88.93256344594826,
              28.92790369805589
            ],
            [
              -88.93256511956137,
              28.927993907169494
            ],
            [
              -88.9327701992716,
              28.92799096229525
            ],
            [
              -88.93277187306971,
              28.92808117139666
            ],
            [
              -88.93297695292661,
              28.92807822619941
            ],
            [
              -88.93297862690972,
              28.92816843528863
            ],
            [
              -88.93318370691328,
              28.92816548976839
            ],
            [
              -88.93318538108137,
              28.928255698845394
            ],
            [
              -88.93339046123161,
              28.92825275300216
            ],
            [
              -88.93339213558471,
              28.928342962066964
            ],
            [
              -88.93349467573698,
              28.92834148902286
            ],
            [
              -88.93349635018643,
              28.92843169808092
            ],
            [
              -88.9335988904197,
              28.92843022495333
            ],
            [
              -88.93360056496547,
              28.92852043400464
            ],
            [
              -88.93380564558635,
              28.928517487504482
            ],
            [
              -88.93380732031714,
              28.928607696543583
            ],
            [
              -88.93401240108466,
              28.928604749720414
            ],
            [
              -88.93401407600045,
              28.92869495874733
            ],
            [
              -88.93432169736022,
              28.928690537911017
            ],
            [
              -88.93432337254968,
              28.928780746920257
            ],
            [
              -88.93596402005394,
              28.92875715717932
            ],
            [
              -88.9359656966698,
              28.928847366099962
            ],
            [
              -88.93617077764696,
              28.928844415966953
            ],
            [
              -88.93617245444783,
              28.928934624875374
            ],
            [
              -88.93627499501356,
              28.928933149686372
            ],
            [
              -88.93627667191078,
              28.92902335858803
            ],
            [
              -88.93648175319655,
              28.92902040796501
            ],
            [
              -88.93648343027877,
              28.929110616854466
            ],
            [
              -88.93668851171115,
              28.929107665908415
            ],
            [
              -88.93669018897842,
              28.929197874785658
            ],
            [
              -88.93679272977175,
              28.92919639919013
            ],
            [
              -88.93679440713535,
              28.92928660806059
            ],
            [
              -88.93689694800969,
              28.929285132381587
            ],
            [
              -88.93690030293727,
              28.929465550107693
            ],
            [
              -88.93700284398126,
              28.929464074339727
            ],
            [
              -88.93700619911692,
              28.92964449204972
            ],
            [
              -88.93710874033057,
              28.92964301619281
            ],
            [
              -88.93711209567431,
              28.92982343388667
            ],
            [
              -88.93721463705762,
              28.929821957940813
            ],
            [
              -88.9372196703969,
              28.930092584455487
            ],
            [
              -88.93711712874756,
              28.930094060417744
            ],
            [
              -88.93712383961946,
              28.93045489577432
            ],
            [
              -88.93702129760774,
              28.9304563716804
            ],
            [
              -88.93702297525626,
              28.930546580521764
            ],
            [
              -88.93681789103243,
              28.93054953211074
            ],
            [
              -88.93681956851127,
              28.930639740961734
            ]
          ]
        ]
      },
      "properties": {
        "incident_id": "SP-008",
        "type": "AI-detected-slick",
        "source": "Sentinel-1 SAR",
        "method": "U-Net segmentation + radiometric filtering"
      }
    },
    {
      "type": "Feature",
      "geometry": {
        "type": "Polygon",
        "coordinates": [
          [
            [
              -88.91789685822769,
              28.92793302707567
            ],
            [
              -88.91707653247401,
              28.92794471406013
            ],
            [
              -88.91707487227252,
              28.927854504123083
            ],
            [
              -88.91676725025542,
              28.92785888543861
            ],
            [
              -88.91676559032753,
              28.927768675484046
            ],
            [
              -88.91615034662006,
              28.927777435975933
            ],
            [
              -88.91614868723178,
              28.92768722598765
            ],
            [
              -88.91584106554144,
              28.92769160516403
            ],
            [
              -88.91583940642676,
              28.927601395158238
            ],
            [
              -88.9156343254392,
              28.927604314208228
            ],
            [
              -88.91563266650945,
              28.92751410419034
            ],
            [
              -88.91553012609295,
              28.927515563592898
            ],
            [
              -88.91552846725946,
              28.927425353568303
            ],
            [
              -88.915323386581,
              28.927428272128527
            ],
            [
              -88.91532172793244,
              28.927338062091852
            ],
            [
              -88.91521918767047,
              28.927339521249525
            ],
            [
              -88.9152175291182,
              28.927249311206143
            ],
            [
              -88.91511498893729,
              28.927250770280395
            ],
            [
              -88.91511333048126,
              28.927160560230305
            ],
            [
              -88.91501079038143,
              28.927162019221136
            ],
            [
              -88.91500913202167,
              28.927071809164353
            ],
            [
              -88.91480405197656,
              28.927074726901136
            ],
            [
              -88.91480239380172,
              28.92698451683227
            ],
            [
              -88.91469985385643,
              28.926985975578223
            ],
            [
              -88.91469819577786,
              28.92689576550265
            ],
            [
              -88.91459565591364,
              28.926897224165177
            ],
            [
              -88.91459399793133,
              28.926807014082925
            ],
            [
              -88.91449145814818,
              28.926808472662035
            ],
            [
              -88.91448980026212,
              28.92671826257308
            ],
            [
              -88.91418218113313,
              28.92672263782606
            ],
            [
              -88.91418052352064,
              28.92663242771961
            ],
            [
              -88.91407798388445,
              28.92663388597583
            ],
            [
              -88.91407632636823,
              28.926543675862685
            ],
            [
              -88.91335854932301,
              28.9265538814338
            ],
            [
              -88.9133602062186,
              28.926644091584716
            ],
            [
              -88.91315512681719,
              28.926647006770757
            ],
            [
              -88.91315678354303,
              28.92673721693117
            ],
            [
              -88.91254154462472,
              28.92674596064911
            ],
            [
              -88.91253988843084,
              28.926655750456337
            ],
            [
              -88.91233480890806,
              28.926658664394004
            ],
            [
              -88.91233315289911,
              28.926568454189155
            ],
            [
              -88.91212807352329,
              28.92657136780395
            ],
            [
              -88.91212641769924,
              28.926481157587023
            ],
            [
              -88.91202387808863,
              28.92648261427199
            ],
            [
              -88.91202056664063,
              28.926302193823464
            ],
            [
              -88.91191802719975,
              28.926303650419634
            ],
            [
              -88.91191471595943,
              28.926123229955124
            ],
            [
              -88.91181217668827,
              28.926124686462494
            ],
            [
              -88.91181052116815,
              28.926034476222892
            ],
            [
              -88.91170798197808,
              28.926035932646844
            ],
            [
              -88.91170632655421,
              28.92594572240057
            ],
            [
              -88.91160378744522,
              28.925947178741115
            ],
            [
              -88.91160213211758,
              28.92585696848816
            ],
            [
              -88.91149959308967,
              28.925858424745282
            ],
            [
              -88.91149793785827,
              28.925768214485625
            ],
            [
              -88.91139539891145,
              28.92576967065935
            ],
            [
              -88.91138546821419,
              28.92522840904192
            ],
            [
              -88.91148800662906,
              28.92522695290054
            ],
            [
              -88.91148635145073,
              28.92513674263183
            ],
            [
              -88.91158888976936,
              28.925135286417817
            ],
            [
              -88.91158723450997,
              28.925045076153204
            ],
            [
              -88.91168977273236,
              28.92504361986657
            ],
            [
              -88.91168811739186,
              28.924953409606037
            ],
            [
              -88.91271349831217,
              28.92493884250261
            ],
            [
              -88.91271515453923,
              28.925029052709228
            ],
            [
              -88.91302276893337,
              28.925024681040668
            ],
            [
              -88.91302442543397,
              28.9251148912298
            ],
            [
              -88.9138447308604,
              28.925103229971025
            ],
            [
              -88.91384638807786,
              28.9251934401157
            ],
            [
              -88.91446161736084,
              28.925184690862466
            ],
            [
              -88.91446327511782,
              28.925274900973463
            ],
            [
              -88.91477088992278,
              28.92527052527741
            ],
            [
              -88.91477254795332,
              28.925360735370916
            ],
            [
              -88.9149776246293,
              28.92535781783932
            ],
            [
              -88.91497928284475,
              28.92544802792072
            ],
            [
              -88.91528689806773,
              28.925443651021983
            ],
            [
              -88.91528855655675,
              28.925533861085896
            ],
            [
              -88.9154936335114,
              28.925530942752506
            ],
            [
              -88.91549529218534,
              28.925621152804318
            ],
            [
              -88.91580290782632,
              28.92561677470288
            ],
            [
              -88.91580456677382,
              28.925706984737197
            ],
            [
              -88.91611218261238,
              28.92570260591738
            ],
            [
              -88.91611384183346,
              28.9257928159342
            ],
            [
              -88.91672907383735,
              28.92578405615561
            ],
            [
              -88.91672741408432,
              28.925693846171217
            ],
            [
              -88.91754772228782,
              28.925682162140575
            ],
            [
              -88.91754938275012,
              28.92577237208172
            ],
            [
              -88.91785699846693,
              28.92576798926669
            ],
            [
              -88.9178586592028,
              28.925858199190305
            ],
            [
              -88.91826881374004,
              28.92585235432302
            ],
            [
              -88.91827047483817,
              28.9259425642237
            ],
            [
              -88.91857809092717,
              28.925938179737795
            ],
            [
              -88.9185797522989,
              28.92602838962097
            ],
            [
              -88.91878482983083,
              28.92602546622944
            ],
            [
              -88.91878649138748,
              28.92611567610049
            ],
            [
              -88.9190941078943,
              28.92611129041182
            ],
            [
              -88.91909576972454,
              28.92620150026534
            ],
            [
              -88.91919830863357,
              28.92620003820767
            ],
            [
              -88.91919997056009,
              28.92629024805448
            ],
            [
              -88.91930250955016,
              28.926288785913375
            ],
            [
              -88.91930417157296,
              28.926378995753478
            ],
            [
              -88.91940671064408,
              28.92637753352893
            ],
            [
              -88.91940837276314,
              28.92646774336232
            ],
            [
              -88.91951091191534,
              28.926466281054342
            ],
            [
              -88.91951257413068,
              28.926556490881023
            ],
            [
              -88.9196151133639,
              28.92655502848962
            ],
            [
              -88.91961677567551,
              28.926645238309597
            ],
            [
              -88.91971931498979,
              28.926643775834748
            ],
            [
              -88.91972097739767,
              28.92673398564802
            ],
            [
              -88.919823516793,
              28.92673252308974
            ],
            [
              -88.91982850432832,
              28.927003152505506
            ],
            [
              -88.91993104398203,
              28.927001689852958
            ],
            [
              -88.9199327065977,
              28.927091899650208
            ],
            [
              -88.91983016685533,
              28.927093362308167
            ],
            [
              -88.91983349193218,
              28.927273781909612
            ],
            [
              -88.91973095200487,
              28.927275244500372
            ],
            [
              -88.91973427693485,
              28.927455664107445
            ],
            [
              -88.91963173682258,
              28.927457126631
            ],
            [
              -88.91963339921034,
              28.927547336438007
            ],
            [
              -88.9195308590018,
              28.927548798888953
            ],
            [
              -88.91953252130848,
              28.92763900870008
            ],
            [
              -88.91932744069123,
              28.927641933378723
            ],
            [
              -88.9193291028282,
              28.927732143199375
            ],
            [
              -88.91912402200316,
              28.927735067576744
            ],
            [
              -88.9191256839704,
              28.927825277406917
            ],
            [
              -88.91789519731685,
              28.927842817181883
            ],
            [
              -88.91789685822769,
              28.92793302707567
            ]
          ]
        ]
      },
      "properties": {
        "incident_id": "SP-008",
        "type": "AI-detected-slick",
        "source": "Sentinel-1 SAR",
        "method": "U-Net segmentation + radiometric filtering"
      }
    },
    {
      "type": "Feature",
      "geometry": {
        "type": "Polygon",
        "coordinates": [
          [
            [
              -88.8992672243215,
              28.930001887671647
            ],
            [
              -88.89895959276716,
              28.93000622859376
            ],
            [
              -88.89895794810974,
              28.92991601773032
            ],
            [
              -88.89854777295321,
              28.92992180451252
            ],
            [
              -88.89854612865805,
              28.92983159362638
            ],
            [
              -88.89834104121196,
              28.929834486538564
            ],
            [
              -88.89833939710171,
              28.929744275640413
            ],
            [
              -88.89823685345605,
              28.929745721974097
            ],
            [
              -88.89823027744502,
              28.929384878347115
            ],
            [
              -88.89812773414657,
              28.92938632458136
            ],
            [
              -88.89812609025131,
              28.929296113666037
            ],
            [
              -88.89802354703399,
              28.929297559816884
            ],
            [
              -88.89802190323495,
              28.929207348894902
            ],
            [
              -88.89791936009878,
              28.92920879496237
            ],
            [
              -88.89791771639595,
              28.929118584033734
            ],
            [
              -88.89740500104554,
              28.92912581317381
            ],
            [
              -88.89740335779364,
              28.929035602217134
            ],
            [
              -88.89709572875911,
              28.929039938748726
            ],
            [
              -88.89709408578076,
              28.92894972777471
            ],
            [
              -88.89688899989747,
              28.928952618394895
            ],
            [
              -88.89688735710399,
              28.928862407408882
            ],
            [
              -88.89678481423974,
              28.928863852596574
            ],
            [
              -88.89677495816892,
              28.9283225866212
            ],
            [
              -88.89687750050112,
              28.92832114146559
            ],
            [
              -88.89687257230126,
              28.928050508476474
            ],
            [
              -88.89697511435992,
              28.92804906325889
            ],
            [
              -88.896973471553,
              28.927958852265267
            ],
            [
              -88.89707601351546,
              28.927957406975
            ],
            [
              -88.89707272774687,
              28.927776984994583
            ],
            [
              -88.89717526952444,
              28.927775539636986
            ],
            [
              -88.89717362656276,
              28.92768532865018
            ],
            [
              -88.89727616824415,
              28.927683883219895
            ],
            [
              -88.89727452520133,
              28.92759367223715
            ],
            [
              -88.89737706678652,
              28.927592226734188
            ],
            [
              -88.89737542366255,
              28.927502015755504
            ],
            [
              -88.89747796515155,
              28.927500570179863
            ],
            [
              -88.89747632194641,
              28.92741035920522
            ],
            [
              -88.89757886333922,
              28.92740891355691
            ],
            [
              -88.89757393350301,
              28.92713828064128
            ],
            [
              -88.89767647462229,
              28.927136834930998
            ],
            [
              -88.89766332801425,
              28.926415147141835
            ],
            [
              -88.89756078760432,
              28.92641659280932
            ],
            [
              -88.8975575012049,
              28.926236170838376
            ],
            [
              -88.8974549609648,
              28.926237616417147
            ],
            [
              -88.89744510247917,
              28.925696350441132
            ],
            [
              -88.89734256276351,
              28.925697795909773
            ],
            [
              -88.89733927683916,
              28.92551737389671
            ],
            [
              -88.8972367372933,
              28.925518819276625
            ],
            [
              -88.89723345157638,
              28.92533839724769
            ],
            [
              -88.89713091220031,
              28.925339842538875
            ],
            [
              -88.8971292694418,
              28.925249631517122
            ],
            [
              -88.89702673014688,
              28.925251076724937
            ],
            [
              -88.89702508748455,
              28.925160865696533
            ],
            [
              -88.89692254827075,
              28.925162310820976
            ],
            [
              -88.89692090570462,
              28.925072099785925
            ],
            [
              -88.89671582743178,
              28.925074989790062
            ],
            [
              -88.89671418505048,
              28.924984778743028
            ],
            [
              -88.89661164599144,
              28.92498622362271
            ],
            [
              -88.89661000370633,
              28.92489601256903
            ],
            [
              -88.896404925743,
              28.92489890208365
            ],
            [
              -88.89640328364271,
              28.924808691017983
            ],
            [
              -88.89609566690727,
              28.924813024688717
            ],
            [
              -88.89609730874157,
              28.924903235770422
            ],
            [
              -88.89599476972607,
              28.924904680176642
            ],
            [
              -88.89599641147922,
              28.924994891262415
            ],
            [
              -88.89589387236754,
              28.924996335595957
            ],
            [
              -88.89589551403957,
              28.925086546685773
            ],
            [
              -88.89507520016608,
              28.925098098588144
            ],
            [
              -88.89507355920334,
              28.925007887455564
            ],
            [
              -88.8942532455581,
              28.92501943432184
            ],
            [
              -88.89425652607254,
              28.92519985667118
            ],
            [
              -88.89405144723145,
              28.9252027426289
            ],
            [
              -88.89405308732262,
              28.92529295381231
            ],
            [
              -88.89395054780213,
              28.92529439667948
            ],
            [
              -88.89395218781216,
              28.925384607866928
            ],
            [
              -88.89374710857135,
              28.925387493377887
            ],
            [
              -88.89374874841154,
              28.92547770457472
            ],
            [
              -88.89344112922802,
              28.925482032272004
            ],
            [
              -88.89344276880975,
              28.925572243483572
            ],
            [
              -88.89323768913918,
              28.925575128235657
            ],
            [
              -88.89323932855109,
              28.92566533945661
            ],
            [
              -88.89303424867316,
              28.925668223907273
            ],
            [
              -88.89303588791526,
              28.925758435137602
            ],
            [
              -88.89293334787638,
              28.92575987725124
            ],
            [
              -88.89293662620575,
              28.925940299718697
            ],
            [
              -88.89283408598202,
              28.92594174176498
            ],
            [
              -88.8928373641641,
              28.92612216423793
            ],
            [
              -88.89273482375553,
              28.926123606216866
            ],
            [
              -88.89273646276918,
              28.926213817456738
            ],
            [
              -88.89263392226444,
              28.926215259362984
            ],
            [
              -88.89263556119693,
              28.926305470606902
            ],
            [
              -88.892533020596,
              28.92630691244046
            ],
            [
              -88.89253465944732,
              28.926397123688417
            ],
            [
              -88.89222703733356,
              28.92640144873696
            ],
            [
              -88.89222867592638,
              28.926491659999623
            ],
            [
              -88.89161343096423,
              28.926500308022025
            ],
            [
              -88.8916117929034,
              28.926410096727356
            ],
            [
              -88.89140671136666,
              28.926412978766614
            ],
            [
              -88.89140507349067,
              28.92632276745996
            ],
            [
              -88.89119999210126,
              28.926325649176455
            ],
            [
              -88.89119835441011,
              28.92623543785786
            ],
            [
              -88.89109581379282,
              28.92623687859373
            ],
            [
              -88.89109417619784,
              28.92614666726851
            ],
            [
              -88.8909916356617,
              28.926148107921026
            ],
            [
              -88.8909899981629,
              28.92605789658916
            ],
            [
              -88.89088745770792,
              28.92605933715832
            ],
            [
              -88.89088582030527,
              28.925969125819847
            ],
            [
              -88.89078327993147,
              28.92597056630565
            ],
            [
              -88.89078000532601,
              28.925790143614144
            ],
            [
              -88.89067746512204,
              28.92579158401126
            ],
            [
              -88.89067091635573,
              28.925430738591402
            ],
            [
              -88.89077345620505,
              28.925429298215604
            ],
            [
              -88.89076363274862,
              28.924888030078975
            ],
            [
              -88.89086617205847,
              28.924886589657156
            ],
            [
              -88.89086289745566,
              28.92470616694525
            ],
            [
              -88.89096543658069,
              28.92470472645607
            ],
            [
              -88.89096379920187,
              28.92461451510351
            ],
            [
              -88.8911688772521,
              28.92461163390175
            ],
            [
              -88.89116723970348,
              28.924521422558566
            ],
            [
              -88.89126977862868,
              28.92451998184599
            ],
            [
              -88.89126814099889,
              28.924429770506848
            ],
            [
              -88.8914732186495,
              28.924426888858303
            ],
            [
              -88.89147158084988,
              28.924336677528522
            ],
            [
              -88.89167665829318,
              28.92433379557857
            ],
            [
              -88.89167502032375,
              28.92424358425816
            ],
            [
              -88.89188009755969,
              28.924240702006806
            ],
            [
              -88.89187845942048,
              28.924150490695773
            ],
            [
              -88.89239115193574,
              28.92414328372871
            ],
            [
              -88.89238951336074,
              28.924053072443066
            ],
            [
              -88.89269712851387,
              28.92404874734262
            ],
            [
              -88.8926954896804,
              28.92395853607168
            ],
            [
              -88.89300310450001,
              28.92395421028509
            ],
            [
              -88.89300146540808,
              28.923863999028875
            ],
            [
              -88.89320654173964,
              28.923861114791727
            ],
            [
              -88.8932049024779,
              28.923770903544884
            ],
            [
              -88.89392266878122,
              28.923760806294705
            ],
            [
              -88.89392102890642,
              28.92367059508394
            ],
            [
              -88.89433118055987,
              28.923664823531684
            ],
            [
              -88.89432954033796,
              28.923574612341003
            ],
            [
              -88.89597014433103,
              28.923551513734804
            ],
            [
              -88.8959717859714,
              28.923641724839985
            ],
            [
              -88.89658701250453,
              28.923633057681524
            ],
            [
              -88.89658537033223,
              28.923542846608417
            ],
            [
              -88.8967904456058,
              28.923539956942165
            ],
            [
              -88.89678880326373,
              28.923449745878457
            ],
            [
              -88.89719895336597,
              28.923443965631147
            ],
            [
              -88.89719731067682,
              28.92335375458755
            ],
            [
              -88.8972998480949,
              28.92335230933603
            ],
            [
              -88.89730477645091,
              28.92362294244689
            ],
            [
              -88.89740731412743,
              28.923621497101315
            ],
            [
              -88.89740895701647,
              28.92371170813034
            ],
            [
              -88.89751149477414,
              28.923710262701395
            ],
            [
              -88.89751313775935,
              28.92380047372377
            ],
            [
              -88.89802582687801,
              28.923793245382033
            ],
            [
              -88.89802418344954,
              28.923703034386406
            ],
            [
              -88.898229258867,
              28.923700142514303
            ],
            [
              -88.89822761526874,
              28.92360993152809
            ],
            [
              -88.89843269047878,
              28.923607039354632
            ],
            [
              -88.89843104671075,
              28.92351682837783
            ],
            [
              -88.89863612171338,
              28.92351393590301
            ],
            [
              -88.89863283384528,
              28.92333351396695
            ],
            [
              -88.89945313213613,
              28.923321941032714
            ],
            [
              -88.89945477677563,
              28.923412151958544
            ],
            [
              -88.89955731411675,
              28.92341070498535
            ],
            [
              -88.89955895885242,
              28.92350091590454
            ],
            [
              -88.89966149627466,
              28.92349946884797
            ],
            [
              -88.89968781448867,
              28.92494284329321
            ],
            [
              -88.89979035332185,
              28.924941396072914
            ],
            [
              -88.89987261460656,
              28.929451938809635
            ],
            [
              -88.89977007133994,
              28.929453386297773
            ],
            [
              -88.89977336200583,
              28.92963380795062
            ],
            [
              -88.89967081855431,
              28.929635255371437
            ],
            [
              -88.89967246380989,
              28.929725466201287
            ],
            [
              -88.89956992026215,
              28.929726913549423
            ],
            [
              -88.89957156543659,
              28.929817124383323
            ],
            [
              -88.89946902179263,
              28.929818571658778
            ],
            [
              -88.89947066688592,
              28.929908782496735
            ],
            [
              -88.89926557939805,
              28.92991167682427
            ],
            [
              -88.8992672243215,
              28.930001887671647
            ]
          ]
        ]
      },
      "properties": {
        "incident_id": "SP-008",
        "type": "AI-detected-slick",
        "source": "Sentinel-1 SAR",
        "method": "U-Net segmentation + radiometric filtering"
      }
    },
    {
      "type": "Feature",
      "geometry": {
        "type": "Polygon",
        "coordinates": [
          [
            [
              -88.90142723052118,
              28.930332324478247
            ],
            [
              -88.90070942208041,
              28.930342463825383
            ],
            [
              -88.90070777588527,
              28.930252253058192
            ],
            [
              -88.90050268786884,
              28.930255149301463
            ],
            [
              -88.90050104185858,
              28.93016493852226
            ],
            [
              -88.90039849792774,
              28.93016638652149
            ],
            [
              -88.90039685201373,
              28.93007617573563
            ],
            [
              -88.90029430816402,
              28.930077623651457
            ],
            [
              -88.90029266234622,
              28.929987412858956
            ],
            [
              -88.90019011857765,
              28.929988860691388
            ],
            [
              -88.90018847285607,
              28.929898649892227
            ],
            [
              -88.90008592916867,
              28.92990009764126
            ],
            [
              -88.90007111881171,
              28.929088200342314
            ],
            [
              -88.89996857591487,
              28.929089647965093
            ],
            [
              -88.89996693044601,
              28.928999437142274
            ],
            [
              -88.90006947325418,
              28.928997989524845
            ],
            [
              -88.90006782770418,
              28.928907778706083
            ],
            [
              -88.8999652849847,
              28.92890922631815
            ],
            [
              -88.89996363953092,
              28.928819015492735
            ],
            [
              -88.90006618216172,
              28.92881756788602
            ],
            [
              -88.9000645366268,
              28.928727357064666
            ],
            [
              -88.89996199408468,
              28.92872880466602
            ],
            [
              -88.89996034864596,
              28.92863859383801
            ],
            [
              -88.90006289109942,
              28.928637146242018
            ],
            [
              -88.89995594798481,
              28.92277343999179
            ],
            [
              -88.9000584846677,
              28.922771992666004
            ],
            [
              -88.90005519443791,
              28.922591570859183
            ],
            [
              -88.90026026742649,
              28.922588675995023
            ],
            [
              -88.9002586221456,
              28.92249846510038
            ],
            [
              -88.900566231306,
              28.922494122235133
            ],
            [
              -88.90056787685283,
              28.922584333113697
            ],
            [
              -88.90108055907932,
              28.922577093417903
            ],
            [
              -88.90108220507692,
              28.92266730426838
            ],
            [
              -88.90128727809203,
              28.922664407833253
            ],
            [
              -88.90128892427447,
              28.922754618671714
            ],
            [
              -88.90139146085937,
              28.92275317033177
            ],
            [
              -88.90139310713799,
              28.922843381163567
            ],
            [
              -88.901495643804,
              28.922841932740262
            ],
            [
              -88.90149729017882,
              28.92293214356539
            ],
            [
              -88.90159982692593,
              28.92293069505871
            ],
            [
              -88.90160147339694,
              28.923020905877184
            ],
            [
              -88.90170401022515,
              28.923019457287122
            ],
            [
              -88.90170565679236,
              28.92310966809895
            ],
            [
              -88.90180819370168,
              28.923108219425508
            ],
            [
              -88.90180984036509,
              28.923198430230695
            ],
            [
              -88.90201491433841,
              28.92319553263904
            ],
            [
              -88.90201656118664,
              28.92328574343219
            ],
            [
              -88.90211909825064,
              28.92328429451398
            ],
            [
              -88.90212074519508,
              28.923374505300476
            ],
            [
              -88.90232581947774,
              28.923371607219284
            ],
            [
              -88.90232746660702,
              28.923461817993758
            ],
            [
              -88.9025325410368,
              28.923458919589784
            ],
            [
              -88.90253418835093,
              28.923549130352225
            ],
            [
              -88.90273926292785,
              28.923546231625462
            ],
            [
              -88.90274091042683,
              28.92363644237589
            ],
            [
              -88.9028434477926,
              28.923634992890122
            ],
            [
              -88.90284509538779,
              28.92372520363388
            ],
            [
              -88.90294763283468,
              28.923723754064728
            ],
            [
              -88.90294928052606,
              28.92381396480183
            ],
            [
              -88.90305181805405,
              28.9238125151493
            ],
            [
              -88.90305346584164,
              28.923902725879735
            ],
            [
              -88.90315600345073,
              28.923901276143823
            ],
            [
              -88.90315765133451,
              28.923991486867607
            ],
            [
              -88.90336272670739,
              28.923988587150998
            ],
            [
              -88.90336437477602,
              28.924078797862744
            ],
            [
              -88.90377452578579,
              28.924072997471868
            ],
            [
              -88.90377617421659,
              28.924163208160852
            ],
            [
              -88.90387871203882,
              28.92416175786272
            ],
            [
              -88.90387706351936,
              28.9240715471791
            ],
            [
              -88.90397960124538,
              28.924070096808325
            ],
            [
              -88.90398124985349,
              28.924160307486574
            ],
            [
              -88.90439140103665,
              28.924154505201834
            ],
            [
              -88.90439305000693,
              28.92424471585731
            ],
            [
              -88.9044955878725,
              28.924243265085707
            ],
            [
              -88.90449723693897,
              28.92433347573451
            ],
            [
              -88.90470231282475,
              28.924330573946524
            ],
            [
              -88.9047039620761,
              28.924420784583283
            ],
            [
              -88.90480650009631,
              28.9244193335669
            ],
            [
              -88.90481639629496,
              28.924960597328102
            ],
            [
              -88.9047138577428,
              28.924962048376717
            ],
            [
              -88.90471550704703,
              28.925052259004428
            ],
            [
              -88.90461296839867,
              28.925053709980393
            ],
            [
              -88.90461461762179,
              28.925143920612182
            ],
            [
              -88.9045120788772,
              28.925145371515498
            ],
            [
              -88.90451372801923,
              28.925235582151345
            ],
            [
              -88.90441118917845,
              28.925237032982018
            ],
            [
              -88.90441283823934,
              28.925327243621943
            ],
            [
              -88.90420776035779,
              28.92533014505996
            ],
            [
              -88.90420940924894,
              28.92542035570934
            ],
            [
              -88.90410687020817,
              28.925421806316685
            ],
            [
              -88.90410851901821,
              28.92551201697013
            ],
            [
              -88.90400597988122,
              28.925513467504835
            ],
            [
              -88.90400762861016,
              28.925603678162346
            ],
            [
              -88.90390508937696,
              28.925605128624394
            ],
            [
              -88.90390673802477,
              28.925695339285983
            ],
            [
              -88.90370165935842,
              28.925698239986744
            ],
            [
              -88.90370825331591,
              28.92605908266311
            ],
            [
              -88.90381079300751,
              28.92605763233027
            ],
            [
              -88.90381573882091,
              28.92632826430783
            ],
            [
              -88.90391827877096,
              28.926326813880863
            ],
            [
              -88.90392157619497,
              28.926507235182036
            ],
            [
              -88.90402411631479,
              28.92650578466631
            ],
            [
              -88.90402906277345,
              28.926776416592222
            ],
            [
              -88.90413160315171,
              28.92677496598236
            ],
            [
              -88.90413325207504,
              28.92686517661638
            ],
            [
              -88.90423579253441,
              28.92686372592313
            ],
            [
              -88.90423744155396,
              28.926953936550476
            ],
            [
              -88.90433998209444,
              28.926952485773825
            ],
            [
              -88.9043416312102,
              28.927042696394505
            ],
            [
              -88.90444417183181,
              28.927041245534458
            ],
            [
              -88.90444582104381,
              28.927131456148484
            ],
            [
              -88.90465090244169,
              28.927128554183568
            ],
            [
              -88.90465420124298,
              28.927308975386236
            ],
            [
              -88.90475674210792,
              28.927307524276006
            ],
            [
              -88.90475839160857,
              28.927397734870034
            ],
            [
              -88.90486093255464,
              28.92739628367639
            ],
            [
              -88.90487083024921,
              28.92793754718109
            ],
            [
              -88.90497337171973,
              28.927936095877197
            ],
            [
              -88.90497502145061,
              28.92802630645141
            ],
            [
              -88.90487247989142,
              28.928027757760674
            ],
            [
              -88.90487412954118,
              28.928117968338952
            ],
            [
              -88.90497667118906,
              28.92811651702433
            ],
            [
              -88.90497832093504,
              28.928206727595946
            ],
            [
              -88.9048757791985,
              28.92820817891595
            ],
            [
              -88.90487742886337,
              28.928298389491644
            ],
            [
              -88.9049799706886,
              28.928296938166266
            ],
            [
              -88.90498327021835,
              28.928477359303024
            ],
            [
              -88.90488072821579,
              28.92847881063915
            ],
            [
              -88.9048856773011,
              28.92874944235069
            ],
            [
              -88.90478313502497,
              28.92875089362489
            ],
            [
              -88.90478643427558,
              28.928931314770182
            ],
            [
              -88.90468389181454,
              28.928932765977095
            ],
            [
              -88.90468554136251,
              28.929022976553167
            ],
            [
              -88.90458299880524,
              28.929024427687416
            ],
            [
              -88.90458464827209,
              28.929114638267563
            ],
            [
              -88.9044821056186,
              28.929116089329163
            ],
            [
              -88.90448375500432,
              28.929206299913385
            ],
            [
              -88.90438121225458,
              28.929207750902314
            ],
            [
              -88.90438286155918,
              28.9292979614906
            ],
            [
              -88.90417777585971,
              28.929300863245096
            ],
            [
              -88.90417942499451,
              28.929391073842847
            ],
            [
              -88.90407688204476,
              28.92939252460842
            ],
            [
              -88.90407853109845,
              28.92948273521023
            ],
            [
              -88.9036683588692,
              28.929488537513638
            ],
            [
              -88.90366671017024,
              28.929398326890354
            ],
            [
              -88.90335908118504,
              28.929402677782452
            ],
            [
              -88.90335743275966,
              28.929312467141763
            ],
            [
              -88.90325488983818,
              28.929313917277696
            ],
            [
              -88.90325324150902,
              28.92922370663035
            ],
            [
              -88.902535441468,
              28.929233855359378
            ],
            [
              -88.90253873689237,
              28.9294142767279
            ],
            [
              -88.90243619382183,
              28.92941572624494
            ],
            [
              -88.90243948909902,
              28.929596147619
            ],
            [
              -88.90233694584357,
              28.929597597068728
            ],
            [
              -88.90233859340482,
              28.929687807759198
            ],
            [
              -88.90223605005315,
              28.92968925713625
            ],
            [
              -88.90223769753325,
              28.92977946783077
            ],
            [
              -88.90213515408534,
              28.929780917135165
            ],
            [
              -88.90213844889084,
              28.92996133853105
            ],
            [
              -88.90193336161768,
              28.92996423692717
            ],
            [
              -88.90193665609863,
              28.93014465833934
            ],
            [
              -88.90173156844055,
              28.930147556444762
            ],
            [
              -88.90173321551498,
              28.930237767159632
            ],
            [
              -88.90142558370526,
              28.93024211374858
            ],
            [
              -88.90142723052118,
              28.930332324478247
            ]
          ]
        ]
      },
      "properties": {
        "incident_id": "SP-008",
        "type": "AI-detected-slick",
        "source": "Sentinel-1 SAR",
        "method": "U-Net segmentation + radiometric filtering"
      }
    },
    {
      "type": "Feature",
      "geometry": {
        "type": "Polygon",
        "coordinates": [
          [
            [
              -88.87601901255752,
              28.9262673937821
            ],
            [
              -88.87499359676616,
              28.926281682043875
            ],
            [
              -88.87499197310696,
              28.92619146988243
            ],
            [
              -88.87478689003676,
              28.92619432658787
            ],
            [
              -88.87478526656234,
              28.926104114414553
            ],
            [
              -88.87468272510476,
              28.926105542644944
            ],
            [
              -88.87468110172645,
              28.926015330465052
            ],
            [
              -88.8745785603501,
              28.92601675861212
            ],
            [
              -88.87457693706789,
              28.925926546425647
            ],
            [
              -88.87447439577276,
              28.925927974489415
            ],
            [
              -88.87447277258666,
              28.92583776229636
            ],
            [
              -88.87426769015147,
              28.925840618179237
            ],
            [
              -88.87426444415622,
              28.92566019376811
            ],
            [
              -88.87405936204595,
              28.925663049317752
            ],
            [
              -88.87405773923683,
              28.925572837099676
            ],
            [
              -88.87385265727417,
              28.92557569232664
            ],
            [
              -88.87384941203285,
              28.92539526786547
            ],
            [
              -88.8737468712177,
              28.92539669535134
            ],
            [
              -88.87370631042619,
              28.923141389018436
            ],
            [
              -88.87380884902481,
              28.923139961664653
            ],
            [
              -88.87380398177598,
              28.922869324866255
            ],
            [
              -88.8739065201012,
              28.922867897450303
            ],
            [
              -88.87390489761114,
              28.92277768518688
            ],
            [
              -88.874109974062,
              28.92277483013149
            ],
            [
              -88.87410835140204,
              28.92268461787734
            ],
            [
              -88.87441596575661,
              28.922680334724983
            ],
            [
              -88.87441434283814,
              28.92259012248538
            ],
            [
              -88.87482449485219,
              28.922584410544495
            ],
            [
              -88.87482287158655,
              28.922494198324756
            ],
            [
              -88.87513048525305,
              28.922489913565773
            ],
            [
              -88.8751288617289,
              28.922399701360604
            ],
            [
              -88.87717961602164,
              28.9223711184629
            ],
            [
              -88.87717799073187,
              28.92228090636224
            ],
            [
              -88.87758814087857,
              28.922275186059135
            ],
            [
              -88.87758976652295,
              28.92236539813863
            ],
            [
              -88.8786151422549,
              28.922351091866883
            ],
            [
              -88.87861676879324,
              28.922441303892125
            ],
            [
              -88.87902691923205,
              28.92243557917781
            ],
            [
              -88.87902854613243,
              28.92252579118057
            ],
            [
              -88.87923362148443,
              28.92252292834472
            ],
            [
              -88.87923524856959,
              28.922613140335592
            ],
            [
              -88.87944032406907,
              28.922610277177093
            ],
            [
              -88.87944195133898,
              28.922700489156057
            ],
            [
              -88.8795444891662,
              28.922699057454487
            ],
            [
              -88.87954774390568,
              28.922879481397953
            ],
            [
              -88.87965028190274,
              28.922878049607768
            ],
            [
              -88.87965353684937,
              28.923058473535452
            ],
            [
              -88.87975607501629,
              28.923057041656655
            ],
            [
              -88.87975770258944,
              28.923147253613266
            ],
            [
              -88.87965516433385,
              28.923148685497367
            ],
            [
              -88.87965841932521,
              28.9233291094173
            ],
            [
              -88.87955588088487,
              28.923330541233987
            ],
            [
              -88.87955750830307,
              28.92342075319732
            ],
            [
              -88.87945496976661,
              28.92342218494129
            ],
            [
              -88.87945659710361,
              28.923512396908627
            ],
            [
              -88.87935405847107,
              28.923513828579885
            ],
            [
              -88.87935568572685,
              28.923604040551222
            ],
            [
              -88.87925314699818,
              28.92360547214975
            ],
            [
              -88.87925640135481,
              28.923785896099158
            ],
            [
              -88.87915386244137,
              28.923787327630276
            ],
            [
              -88.87915711665052,
              28.92396775158509
            ],
            [
              -88.8790545775523,
              28.923969183048786
            ],
            [
              -88.8790562045794,
              28.924059395029555
            ],
            [
              -88.87895366538508,
              28.924060826420533
            ],
            [
              -88.87895529233096,
              28.92415103840531
            ],
            [
              -88.8786476744373,
              28.92415533212598
            ],
            [
              -88.87864930112467,
              28.924245544125355
            ],
            [
              -88.87844422231433,
              28.9242484062263
            ],
            [
              -88.87844584883182,
              28.924338618234984
            ],
            [
              -88.87824076981437,
              28.924341480034435
            ],
            [
              -88.87824239616197,
              28.924431692052405
            ],
            [
              -88.87813985655342,
              28.92443312284039
            ],
            [
              -88.87814148281981,
              28.924523334862382
            ],
            [
              -88.87803894311513,
              28.924524765577644
            ],
            [
              -88.87804219549297,
              28.924705189628312
            ],
            [
              -88.87793965560353,
              28.924706620276154
            ],
            [
              -88.87794290783383,
              28.924887044332237
            ],
            [
              -88.8778403677596,
              28.924888474912635
            ],
            [
              -88.87784199379725,
              28.924978686944048
            ],
            [
              -88.87773945362693,
              28.924980117451717
            ],
            [
              -88.87774270554726,
              28.925160541521226
            ],
            [
              -88.87764016519216,
              28.92516197196146
            ],
            [
              -88.87764179107482,
              28.92525218399958
            ],
            [
              -88.87753925062361,
              28.92525361436709
            ],
            [
              -88.87754250223398,
              28.925434038450025
            ],
            [
              -88.87743996159799,
              28.925435468750095
            ],
            [
              -88.87744158732566,
              28.92552568079492
            ],
            [
              -88.87733904659356,
              28.92552711102226
            ],
            [
              -88.87734067224002,
              28.92561732307108
            ],
            [
              -88.8772381314118,
              28.92561875322569
            ],
            [
              -88.87723975697706,
              28.925708965278506
            ],
            [
              -88.87713721605272,
              28.925710395360387
            ],
            [
              -88.87713884153675,
              28.925800607417216
            ],
            [
              -88.87693375948842,
              28.92580346735747
            ],
            [
              -88.87693538480255,
              28.925893679423584
            ],
            [
              -88.87683284367856,
              28.925895109281978
            ],
            [
              -88.87683446891145,
              28.92598532135209
            ],
            [
              -88.87652684522881,
              28.925989610474957
            ],
            [
              -88.87652847020314,
              28.92607982255966
            ],
            [
              -88.87632338753349,
              28.926082681595354
            ],
            [
              -88.87632501233794,
              28.926172893689333
            ],
            [
              -88.87601738801162,
              28.926177181673538
            ],
            [
              -88.87601901255752,
              28.9262673937821
            ]
          ]
        ]
      },
      "properties": {
        "incident_id": "SP-008",
        "type": "AI-detected-slick",
        "source": "Sentinel-1 SAR",
        "method": "U-Net segmentation + radiometric filtering"
      }
    },
    {
      "type": "Feature",
      "geometry": {
        "type": "Polygon",
        "coordinates": [
          [
            [
              -88.87181318217807,
              28.926235713743186
            ],
            [
              -88.87150555687064,
              28.926239991427693
            ],
            [
              -88.87150393623364,
              28.92614977908535
            ],
            [
              -88.87129885283557,
              28.92615263047432
            ],
            [
              -88.87129399150115,
              28.925881993407884
            ],
            [
              -88.871191450057,
              28.925883418969494
            ],
            [
              -88.87118820938181,
              28.925702994241522
            ],
            [
              -88.87108566810758,
              28.925704419714556
            ],
            [
              -88.8710840478698,
              28.92561420734336
            ],
            [
              -88.8709815066768,
              28.925615632733088
            ],
            [
              -88.8709798865351,
              28.925525420355317
            ],
            [
              -88.87087734542334,
              28.925526845661743
            ],
            [
              -88.87087572537774,
              28.925436633277407
            ],
            [
              -88.87077318434723,
              28.925438058500536
            ],
            [
              -88.87077156439771,
              28.92534784610962
            ],
            [
              -88.87066902344846,
              28.925349271249452
            ],
            [
              -88.870665783749,
              28.925168846453214
            ],
            [
              -88.87056324296965,
              28.925170271504463
            ],
            [
              -88.87056162321973,
              28.925080059099134
            ],
            [
              -88.87045908252162,
              28.92508148406708
            ],
            [
              -88.87045584322135,
              28.924901059241982
            ],
            [
              -88.87035330269316,
              28.924902484121358
            ],
            [
              -88.87035168314283,
              28.924812271701608
            ],
            [
              -88.87024914269588,
              28.924813696497687
            ],
            [
              -88.87024752324162,
              28.924723484071365
            ],
            [
              -88.87014498287591,
              28.924724908784142
            ],
            [
              -88.87014336351773,
              28.92463469635125
            ],
            [
              -88.87004082323328,
              28.924636120980736
            ],
            [
              -88.87003920397117,
              28.924545908541266
            ],
            [
              -88.86983412355735,
              28.924548757555623
            ],
            [
              -88.86983250448,
              28.924458545104333
            ],
            [
              -88.869422343918,
              28.92446424217567
            ],
            [
              -88.86942072520272,
              28.92437402970199
            ],
            [
              -88.86911310496934,
              28.924378301670437
            ],
            [
              -88.86911148652746,
              28.924288089179658
            ],
            [
              -88.86900894652351,
              28.924289513007825
            ],
            [
              -88.86900732817769,
              28.92419930051048
            ],
            [
              -88.86890478825498,
              28.924200724255357
            ],
            [
              -88.86890317000525,
              28.92411051175145
            ],
            [
              -88.86880063016379,
              28.92411193541303
            ],
            [
              -88.86879901201011,
              28.924021722902566
            ],
            [
              -88.86869647224992,
              28.924023146480852
            ],
            [
              -88.86869485419233,
              28.923932933963822
            ],
            [
              -88.86859231451338,
              28.923934357458823
            ],
            [
              -88.86859069655185,
              28.923844144935227
            ],
            [
              -88.86848815695413,
              28.92384556834693
            ],
            [
              -88.86848653908869,
              28.923755355816784
            ],
            [
              -88.86838399957223,
              28.923756779145204
            ],
            [
              -88.86838238180285,
              28.923666566608496
            ],
            [
              -88.86827984236764,
              28.923667989853623
            ],
            [
              -88.86827822469432,
              28.92357777731035
            ],
            [
              -88.86817568534036,
              28.92357920047218
            ],
            [
              -88.86817245019328,
              28.923398775371233
            ],
            [
              -88.86806991100923,
              28.92340019844452
            ],
            [
              -88.86806829353547,
              28.923309985886828
            ],
            [
              -88.86786321532244,
              28.923312831788806
            ],
            [
              -88.86786159803341,
              28.923222619219292
            ],
            [
              -88.86765651996808,
              28.923225464798644
            ],
            [
              -88.86765490286376,
              28.923135252217318
            ],
            [
              -88.86755236390864,
              28.9231366748847
            ],
            [
              -88.86754589592006,
              28.922775824525367
            ],
            [
              -88.86764843452056,
              28.922774401879053
            ],
            [
              -88.86764681745326,
              28.922684189291243
            ],
            [
              -88.8677493559577,
              28.922682766572166
            ],
            [
              -88.86774773880917,
              28.92259255398835
            ],
            [
              -88.86785027721753,
              28.922591131196523
            ],
            [
              -88.86784865998776,
              28.922500918616677
            ],
            [
              -88.86836135147522,
              28.922493803513643
            ],
            [
              -88.86835973380957,
              28.922403590958833
            ],
            [
              -88.86866734834716,
              28.922399320976606
            ],
            [
              -88.86866573042298,
              28.92230910843632
            ],
            [
              -88.86938349679738,
              28.92229914245078
            ],
            [
              -88.86938511534214,
              28.922389354954174
            ],
            [
              -88.8697952677476,
              28.922383658367846
            ],
            [
              -88.86979364884823,
              28.92229344588554
            ],
            [
              -88.86989618684241,
              28.922292021549186
            ],
            [
              -88.86989456786179,
              28.922201809070863
            ],
            [
              -88.86999710575991,
              28.922200384661764
            ],
            [
              -88.86999548669804,
              28.922110172187413
            ],
            [
              -88.8700980245001,
              28.922108747705572
            ],
            [
              -88.870096405357,
              28.922018535235207
            ],
            [
              -88.87019894306297,
              28.922017110680624
            ],
            [
              -88.87019732383865,
              28.92192689821425
            ],
            [
              -88.8705049366461,
              28.921922624098237
            ],
            [
              -88.87050331716324,
              28.921832411646367
            ],
            [
              -88.87070839215383,
              28.921829561856182
            ],
            [
              -88.87070677250108,
              28.92173934941357
            ],
            [
              -88.87142453411381,
              28.92172937272736
            ],
            [
              -88.87142615438711,
              28.921819585133036
            ],
            [
              -88.87214391625673,
              28.921809604587178
            ],
            [
              -88.87214229536289,
              28.921719392218456
            ],
            [
              -88.87234736993867,
              28.921716539942356
            ],
            [
              -88.87234899100982,
              28.92180675230053
            ],
            [
              -88.87255406573317,
              28.921803899701818
            ],
            [
              -88.87255730825234,
              28.921984324393158
            ],
            [
              -88.87276238330061,
              28.921981471461265
            ],
            [
              -88.87276400474863,
              28.922071683794425
            ],
            [
              -88.87286654235028,
              28.922070257206183
            ],
            [
              -88.87286816389438,
              28.92216046953278
            ],
            [
              -88.87297070157724,
              28.92215904286124
            ],
            [
              -88.87297232321743,
              28.92224925518126
            ],
            [
              -88.87317739873819,
              28.922246401593558
            ],
            [
              -88.87318064239544,
              28.922426826208607
            ],
            [
              -88.87338571824108,
              28.922423972287724
            ],
            [
              -88.8733905843146,
              28.922694609168897
            ],
            [
              -88.87349312249225,
              28.922693182075587
            ],
            [
              -88.87354341191605,
              28.925489762336092
            ],
            [
              -88.87344087098995,
              28.92549118959317
            ],
            [
              -88.87344411553678,
              28.925671614094018
            ],
            [
              -88.87334157442591,
              28.92567304128364
            ],
            [
              -88.8733431966218,
              28.925763253537397
            ],
            [
              -88.87313811420044,
              28.925766107693125
            ],
            [
              -88.87313973622643,
              28.925856319956168
            ],
            [
              -88.87283211227266,
              28.925860600620396
            ],
            [
              -88.87283373404007,
              28.925950812897987
            ],
            [
              -88.87273119261862,
              28.925952239635297
            ],
            [
              -88.87273281430478,
              28.92604245191687
            ],
            [
              -88.87252773126227,
              28.926045305167953
            ],
            [
              -88.87252935277853,
              28.926135517458803
            ],
            [
              -88.87181156127507,
              28.926145501416684
            ],
            [
              -88.87181318217807,
              28.926235713743186
            ]
          ]
        ]
      },
      "properties": {
        "incident_id": "SP-008",
        "type": "AI-detected-slick",
        "source": "Sentinel-1 SAR",
        "method": "U-Net segmentation + radiometric filtering"
      }
    }
  ]
}