{
  "type": "FeatureCollection",
  "name": "SP-016_AI_Spill_Footprint",
  "features": [
    {
      "type": "Feature",
      "geometry": {
        "type": "Polygon",
        "coordinates": [
          [
            [
              -89.11137939316352,
              29.338754726459456
            ],
            [
              -89.1106588345034,
              29.338766129320604
            ],
            [
              -89.11065697568802,
              29.338675935670796
            ],
            [
              -89.11055403879314,
              29.338677564327725
            ],
            [
              -89.11055218007672,
              29.338587370670613
            ],
            [
              -89.11044924326387,
              29.338588999242265
            ],
            [
              -89.1104399502614,
              29.33813803090689
            ],
            [
              -89.1103370138925,
              29.338139659369354
            ],
            [
              -89.11033329693183,
              29.337959272013972
            ],
            [
              -89.11023036073543,
              29.337960900385184
            ],
            [
              -89.1102285023583,
              29.337870706699537
            ],
            [
              -89.11012556624391,
              29.337872334985462
            ],
            [
              -89.11012370796574,
              29.33778214129251
            ],
            [
              -89.11002077193336,
              29.337783769493157
            ],
            [
              -89.11001891375416,
              29.33769357579291
            ],
            [
              -89.10929836192363,
              29.337704970934926
            ],
            [
              -89.10929650438631,
              29.337614777191565
            ],
            [
              -89.1091935684671,
              29.337616404745773
            ],
            [
              -89.10919171102873,
              29.337526210995097
            ],
            [
              -89.10908877519155,
              29.33752783846404
            ],
            [
              -89.1090850605212,
              29.33734745094679
            ],
            [
              -89.10898212485651,
              29.337349078324475
            ],
            [
              -89.10897283878128,
              29.336898109478273
            ],
            [
              -89.10886990356055,
              29.336899736746812
            ],
            [
              -89.10886618937072,
              29.33671934918711
            ],
            [
              -89.10876325432248,
              29.3367209763644
            ],
            [
              -89.10875768337272,
              29.336450394996977
            ],
            [
              -89.10865474858744,
              29.33645202207706
            ],
            [
              -89.10864917798534,
              29.336181440679802
            ],
            [
              -89.10854624346304,
              29.336183067662677
            ],
            [
              -89.10854252995163,
              29.336002680045922
            ],
            [
              -89.10843959560182,
              29.336004306937554
            ],
            [
              -89.10843773894928,
              29.335914113121238
            ],
            [
              -89.10833480468148,
              29.335915739927586
            ],
            [
              -89.10833294812791,
              29.33582554610397
            ],
            [
              -89.1082300139421,
              29.335827172825063
            ],
            [
              -89.10822258817437,
              29.335466397493434
            ],
            [
              -89.10832552199825,
              29.335464770796214
            ],
            [
              -89.10832366548702,
              29.335374576965943
            ],
            [
              -89.10852953292844,
              29.335371323345523
            ],
            [
              -89.10852767624472,
              29.335281129525875
            ],
            [
              -89.1088364770719,
              29.33527624851836
            ],
            [
              -89.10883462012522,
              29.335186054715273
            ],
            [
              -89.10914342060475,
              29.335181173011932
            ],
            [
              -89.10914156339511,
              29.335090979225434
            ],
            [
              -89.10924449678087,
              29.335089351838345
            ],
            [
              -89.10924078220609,
              29.33490896427331
            ],
            [
              -89.10934371540242,
              29.334907336818855
            ],
            [
              -89.10933814333235,
              29.33463675547926
            ],
            [
              -89.1094410762488,
              29.334635127963406
            ],
            [
              -89.1094392188186,
              29.33454493418685
            ],
            [
              -89.10954215163609,
              29.33454330659768
            ],
            [
              -89.10954029412387,
              29.33445311282577
            ],
            [
              -89.10995202494728,
              29.33444660169994
            ],
            [
              -89.10995016708165,
              29.334356407950583
            ],
            [
              -89.1102589648388,
              29.334351523791465
            ],
            [
              -89.11025710671024,
              29.334261330058688
            ],
            [
              -89.11046297165835,
              29.334258073568055
            ],
            [
              -89.11046111335732,
              29.334167879845904
            ],
            [
              -89.1110787074554,
              29.33415810850664
            ],
            [
              -89.11108056629925,
              29.334248302192954
            ],
            [
              -89.11118349870972,
              29.334246673352887
            ],
            [
              -89.11118535765252,
              29.334336867031904
            ],
            [
              -89.11128829014498,
              29.334335238106565
            ],
            [
              -89.11129014918673,
              29.33442543177827
            ],
            [
              -89.11159894688467,
              29.334420544508518
            ],
            [
              -89.11160266553641,
              29.334600931812115
            ],
            [
              -89.11170559826637,
              29.33459930255165
            ],
            [
              -89.11170745769545,
              29.334689496195473
            ],
            [
              -89.1118103905074,
              29.334687866849723
            ],
            [
              -89.11181225003541,
              29.334778060486244
            ],
            [
              -89.11191518292935,
              29.334776431055225
            ],
            [
              -89.11191704255633,
              29.334866624684448
            ],
            [
              -89.11201997553226,
              29.334864995168154
            ],
            [
              -89.11202183525819,
              29.33495518879006
            ],
            [
              -89.11212476831612,
              29.334953559188477
            ],
            [
              -89.112126628141,
              29.335043752803095
            ],
            [
              -89.11222956128091,
              29.335042123116228
            ],
            [
              -89.11223142120475,
              29.335132316723534
            ],
            [
              -89.11233435442665,
              29.335130686951402
            ],
            [
              -89.11233993452053,
              29.33540126774743
            ],
            [
              -89.11244286800536,
              29.33539963787806
            ],
            [
              -89.1124726312433,
              29.336842735159433
            ],
            [
              -89.11236969631084,
              29.33684436512445
            ],
            [
              -89.11238643827242,
              29.337656107249696
            ],
            [
              -89.11248937401926,
              29.337654477230867
            ],
            [
              -89.1124949550973,
              29.337925057897447
            ],
            [
              -89.11239201907901,
              29.337926687934214
            ],
            [
              -89.11239759996198,
              29.338197268606788
            ],
            [
              -89.11229466366375,
              29.338198898582167
            ],
            [
              -89.11229652388455,
              29.338289092143018
            ],
            [
              -89.11219358748734,
              29.338290722045066
            ],
            [
              -89.11219544762614,
              29.33838091561057
            ],
            [
              -89.11209251112996,
              29.338382545439277
            ],
            [
              -89.11209437118676,
              29.338472739009426
            ],
            [
              -89.11188849798796,
              29.33847599844086
            ],
            [
              -89.11189035787226,
              29.33856619202164
            ],
            [
              -89.11147861101091,
              29.338572709956665
            ],
            [
              -89.11148047054174,
              29.338662903560017
            ],
            [
              -89.1113775337147,
              29.338664532851464
            ],
            [
              -89.11137939316352,
              29.338754726459456
            ]
          ]
        ]
      },
      "properties": {
        "incident_id": "SP-016",
        "type": "AI-detected-slick",
        "source": "Sentinel-1 SAR",
        "method": "U-Net segmentation + radiometric filtering"
      }
    },
    {
      "type": "Feature",
      "geometry": {
        "type": "Polygon",
        "coordinates": [
          [
            [
              -89.1459694972377,
              29.33838320203188
            ],
            [
              -89.14524895741876,
              29.338394791516016
            ],
            [
              -89.14524706818311,
              29.338304599892254
            ],
            [
              -89.14493826554576,
              29.338309565606213
            ],
            [
              -89.14493637659017,
              29.338219373962914
            ],
            [
              -89.1446275741467,
              29.338224338944908
            ],
            [
              -89.14462568547118,
              29.33813414728207
            ],
            [
              -89.14400808089454,
              29.338144075068357
            ],
            [
              -89.14400996902718,
              29.3382342667676
            ],
            [
              -89.1438041005851,
              29.338237575407387
            ],
            [
              -89.14380598854538,
              29.338327767117438
            ],
            [
              -89.1436001198879,
              29.338331075452118
            ],
            [
              -89.14360200767584,
              29.338421267172972
            ],
            [
              -89.13948462367843,
              29.338487367490877
            ],
            [
              -89.13948273950976,
              29.33839717552761
            ],
            [
              -89.13937980482402,
              29.338398826403683
            ],
            [
              -89.13937792075443,
              29.33830863443303
            ],
            [
              -89.13927498615058,
              29.338310285223738
            ],
            [
              -89.13926368245636,
              29.337769133335577
            ],
            [
              -89.13916074838681,
              29.33777078401066
            ],
            [
              -89.13914567799957,
              29.337049248036834
            ],
            [
              -89.1392486113453,
              29.33704759741018
            ],
            [
              -89.1392316570027,
              29.336235869392368
            ],
            [
              -89.13912872447122,
              29.33623751996454
            ],
            [
              -89.13910612084936,
              29.335155215700546
            ],
            [
              -89.1392090522952,
              29.33515356520102
            ],
            [
              -89.13917703107751,
              29.33362030060209
            ],
            [
              -89.13927996097686,
              29.333618650126166
            ],
            [
              -89.1392761937571,
              29.333438266042542
            ],
            [
              -89.13937912346695,
              29.33343661549944
            ],
            [
              -89.13937723977949,
              29.333346423461684
            ],
            [
              -89.13948016939028,
              29.333344772845354
            ],
            [
              -89.13947828562097,
              29.333254580812323
            ],
            [
              -89.13978707413041,
              29.333249628505726
            ],
            [
              -89.1397889581711,
              29.33333982052059
            ],
            [
              -89.13989188774752,
              29.333338169587087
            ],
            [
              -89.13989377188726,
              29.33342836159457
            ],
            [
              -89.13999670154554,
              29.333426710575715
            ],
            [
              -89.13999858578435,
              29.33351690257582
            ],
            [
              -89.14010151552449,
              29.333515251471617
            ],
            [
              -89.14010339986235,
              29.333605443464318
            ],
            [
              -89.14020632968436,
              29.333603792274776
            ],
            [
              -89.14020821412127,
              29.33369398426009
            ],
            [
              -89.14031114402515,
              29.333692332985198
            ],
            [
              -89.14030925949777,
              29.333602141005937
            ],
            [
              -89.14102976795097,
              29.333590579903873
            ],
            [
              -89.14103165311157,
              29.333680771840722
            ],
            [
              -89.14113458294666,
              29.333679119931492
            ],
            [
              -89.14113646820631,
              29.333769311860962
            ],
            [
              -89.14134232803163,
              29.333766007792487
            ],
            [
              -89.1413442134808,
              29.333856199708524
            ],
            [
              -89.1420647232317,
              29.33384463292873
            ],
            [
              -89.1420628371493,
              29.333754441055117
            ],
            [
              -89.1427833458454,
              29.333742870432413
            ],
            [
              -89.14278523256102,
              29.33383306226358
            ],
            [
              -89.1428881624308,
              29.333831408994246
            ],
            [
              -89.14289004924548,
              29.33392160081801
            ],
            [
              -89.14309590914013,
              29.33391829402933
            ],
            [
              -89.14309779614435,
              29.334008485839636
            ],
            [
              -89.14330365618548,
              29.334005178721657
            ],
            [
              -89.14330554337923,
              29.33409537051852
            ],
            [
              -89.14361433364775,
              29.334090409228654
            ],
            [
              -89.1436105587261,
              29.33391002567001
            ],
            [
              -89.14391934837438,
              29.333905063702915
            ],
            [
              -89.14392123610227,
              29.333995255464686
            ],
            [
              -89.14402416605827,
              29.333993601311
            ],
            [
              -89.14402605388524,
              29.334083793065396
            ],
            [
              -89.1441289839231,
              29.334082138826343
            ],
            [
              -89.1441327597838,
              29.334262522318994
            ],
            [
              -89.14433862019551,
              29.33425921357874
            ],
            [
              -89.14434050831971,
              29.334349405310935
            ],
            [
              -89.14475222940163,
              29.334342786854638
            ],
            [
              -89.14475411789628,
              29.33443297856122
            ],
            [
              -89.14485704823569,
              29.334431323742844
            ],
            [
              -89.14486082543178,
              29.33461170713989
            ],
            [
              -89.1449637559435,
              29.33461005223007
            ],
            [
              -89.14496564464493,
              29.334700243920533
            ],
            [
              -89.14486271404274,
              29.334701898836414
            ],
            [
              -89.14486837992733,
              29.334972473917997
            ],
            [
              -89.14497131080091,
              29.3349708189839
            ],
            [
              -89.1449731995368,
              29.335061010669037
            ],
            [
              -89.14507613049223,
              29.335059355649573
            ],
            [
              -89.1450780193272,
              29.335149547327315
            ],
            [
              -89.14518095036449,
              29.33514789222249
            ],
            [
              -89.14518283929853,
              29.335238083892822
            ],
            [
              -89.14528577041767,
              29.335236428702625
            ],
            [
              -89.14528765945079,
              29.335326620365553
            ],
            [
              -89.14539059065177,
              29.33532496509
            ],
            [
              -89.145392479784,
              29.335415156745523
            ],
            [
              -89.14549541106682,
              29.335413501384597
            ],
            [
              -89.14549730029812,
              29.335503693032717
            ],
            [
              -89.14570316301887,
              29.335500382060836
            ],
            [
              -89.14570505243972,
              29.335590573695484
            ],
            [
              -89.14580798387763,
              29.33558891808452
            ],
            [
              -89.14580987339757,
              29.335679109711766
            ],
            [
              -89.14591280491733,
              29.335677454015435
            ],
            [
              -89.14592603243155,
              29.336308795326396
            ],
            [
              -89.1458231002785,
              29.336310451065245
            ],
            [
              -89.1458268794649,
              29.336490834297095
            ],
            [
              -89.1457239471223,
              29.336492489968805
            ],
            [
              -89.14572961569513,
              29.336763064824837
            ],
            [
              -89.14583254830916,
              29.336761409134937
            ],
            [
              -89.14583821723099,
              29.337031983960795
            ],
            [
              -89.14594115010782,
              29.337030328173366
            ],
            [
              -89.14594303985614,
              29.337120519773254
            ],
            [
              -89.14604597281482,
              29.33711886390046
            ],
            [
              -89.14604975251827,
              29.337299247084083
            ],
            [
              -89.14615268564928,
              29.337297591119835
            ],
            [
              -89.14615457560441,
              29.337387782703573
            ],
            [
              -89.14666924158256,
              29.33737950166242
            ],
            [
              -89.14666735117503,
              29.337289310109057
            ],
            [
              -89.14697615038702,
              29.33728434055095
            ],
            [
              -89.14697425971671,
              29.33719414901447
            ],
            [
              -89.14707719267965,
              29.337192492342574
            ],
            [
              -89.14707530192749,
              29.33710230081084
            ],
            [
              -89.14728116764654,
              29.33709898724128
            ],
            [
              -89.14727927672206,
              29.337008795720376
            ],
            [
              -89.14799980583373,
              29.336997195771456
            ],
            [
              -89.14799791428455,
              29.336907004291756
            ],
            [
              -89.14851257722455,
              29.336898716265285
            ],
            [
              -89.1485144692261,
              29.336988907714595
            ],
            [
              -89.14872033452264,
              29.33698559193674
            ],
            [
              -89.14872222671377,
              29.337075783372544
            ],
            [
              -89.14913395756517,
              29.337069150840886
            ],
            [
              -89.14913585012683,
              29.33715934225104
            ],
            [
              -89.14934171568169,
              29.337156025497237
            ],
            [
              -89.14934360843291,
              29.337246216893895
            ],
            [
              -89.14944654128787,
              29.33724455839195
            ],
            [
              -89.14944843413822,
              29.337334749781192
            ],
            [
              -89.149551367075,
              29.337333091193866
            ],
            [
              -89.14955326002446,
              29.33742328257571
            ],
            [
              -89.14986205905447,
              29.337418306319666
            ],
            [
              -89.14986016583359,
              29.33732811495608
            ],
            [
              -89.15006603162946,
              29.3373247970677
            ],
            [
              -89.15006413823627,
              29.337234605714958
            ],
            [
              -89.15016707103078,
              29.337232946657906
            ],
            [
              -89.15016517755575,
              29.337142755309916
            ],
            [
              -89.15026811025116,
              29.337141096179636
            ],
            [
              -89.15026621669429,
              29.3370509048364
            ],
            [
              -89.15047208187822,
              29.337047586350117
            ],
            [
              -89.15047018814906,
              29.33695739501772
            ],
            [
              -89.1506760531175,
              29.336954076226405
            ],
            [
              -89.15067415921602,
              29.33686388490484
            ],
            [
              -89.15160055033209,
              29.33684894647328
            ],
            [
              -89.151598655625,
              29.33675875520517
            ],
            [
              -89.15170158783755,
              29.336757094989036
            ],
            [
              -89.15169969304863,
              29.336666903725682
            ],
            [
              -89.15180262516208,
              29.33666524343633
            ],
            [
              -89.15180452004147,
              29.336755434693583
            ],
            [
              -89.15190745223673,
              29.33675377431884
            ],
            [
              -89.15190555726687,
              29.336663583067672
            ],
            [
              -89.15200848936303,
              29.336661922619715
            ],
            [
              -89.15201038442336,
              29.336752113864794
            ],
            [
              -89.15211331660134,
              29.336750453331444
            ],
            [
              -89.15211521176079,
              29.336840644569094
            ],
            [
              -89.1522181440206,
              29.336838983950358
            ],
            [
              -89.15222193454638,
              29.3370193664095
            ],
            [
              -89.15242779940195,
              29.337016044909753
            ],
            [
              -89.15242969485877,
              29.337106236125152
            ],
            [
              -89.15253262736405,
              29.33710457525024
            ],
            [
              -89.15253452291998,
              29.337194766458204
            ],
            [
              -89.15346091589274,
              29.337179814960578
            ],
            [
              -89.15346281227157,
              29.337270006112373
            ],
            [
              -89.15366867746243,
              29.337266682672844
            ],
            [
              -89.15367057403087,
              29.33735687381114
            ],
            [
              -89.1537735067038,
              29.33735521196632
            ],
            [
              -89.15377730004758,
              29.337535594226686
            ],
            [
              -89.15367436719369,
              29.337537256083696
            ],
            [
              -89.15367626378807,
              29.337627447217987
            ],
            [
              -89.15295573293538,
              29.33763907803918
            ],
            [
              -89.15295762890509,
              29.33772926921479
            ],
            [
              -89.15244296329848,
              29.337737574595597
            ],
            [
              -89.15244485882445,
              29.337827765800334
            ],
            [
              -89.15223899234033,
              29.337831087409707
            ],
            [
              -89.15224088769399,
              29.337921278625302
            ],
            [
              -89.1521379543485,
              29.33792293931712
            ],
            [
              -89.15213984962034,
              29.338013130537465
            ],
            [
              -89.15193398272244,
              29.338016451695385
            ],
            [
              -89.15193587782196,
              29.338106642926572
            ],
            [
              -89.15152414356052,
              29.338113284315103
            ],
            [
              -89.15152603830678,
              29.338203475569323
            ],
            [
              -89.15121723724855,
              29.33820845579628
            ],
            [
              -89.15121534277372,
              29.33811826452379
            ],
            [
              -89.15100947553931,
              29.338121584266396
            ],
            [
              -89.15100758125409,
              29.338031392980408
            ],
            [
              -89.1509046477144,
              29.338033052726665
            ],
            [
              -89.1509027535283,
              29.337942861433262
            ],
            [
              -89.15038808615265,
              29.33795115894454
            ],
            [
              -89.15038997988637,
              29.338041350268384
            ],
            [
              -89.15018411269467,
              29.338044668729932
            ],
            [
              -89.15018600625608,
              29.338134860064606
            ],
            [
              -89.1494654701798,
              29.338146472224516
            ],
            [
              -89.14946357725177,
              29.338056280847244
            ],
            [
              -89.14915477621813,
              29.33806125627938
            ],
            [
              -89.14915288357015,
              29.337971064882545
            ],
            [
              -89.14884408273026,
              29.337976039582696
            ],
            [
              -89.14884219036236,
              29.337885848166263
            ],
            [
              -89.14843045615024,
              29.33789247996519
            ],
            [
              -89.14843234815625,
              29.337982671405943
            ],
            [
              -89.14812354713511,
              29.33798764444068
            ],
            [
              -89.14812543887831,
              29.338077835898325
            ],
            [
              -89.14802250509686,
              29.338079493424026
            ],
            [
              -89.1480243967582,
              29.338169684886434
            ],
            [
              -89.14771559509066,
              29.338174657005972
            ],
            [
              -89.14771748648919,
              29.338264848485274
            ],
            [
              -89.14720281641836,
              29.338273133795443
            ],
            [
              -89.14720092547223,
              29.338182942285762
            ],
            [
              -89.14648038764417,
              29.33819453834661
            ],
            [
              -89.14648227795695,
              29.33828472989883
            ],
            [
              -89.1459676073687,
              29.338293010450624
            ],
            [
              -89.1459694972377,
              29.33838320203188
            ]
          ]
        ]
      },
      "properties": {
        "incident_id": "SP-016",
        "type": "AI-detected-slick",
        "source": "Sentinel-1 SAR",
        "method": "U-Net segmentation + radiometric filtering"
      }
    },
    {
      "type": "Feature",
      "geometry": {
        "type": "Polygon",
        "coordinates": [
          [
            [
              -89.12167677988485,
              29.338771790129535
            ],
            [
              -89.11879456147453,
              29.338817600669294
            ],
            [
              -89.11879269549348,
              29.33872740749493
            ],
            [
              -89.11858682267541,
              29.338730677284957
            ],
            [
              -89.11858309110079,
              29.338550290908238
            ],
            [
              -89.11848015485997,
              29.338551925672288
            ],
            [
              -89.11846336400977,
              29.33774018685738
            ],
            [
              -89.11856629943621,
              29.337738552147282
            ],
            [
              -89.11856070236787,
              29.337467972536402
            ],
            [
              -89.11866363751436,
              29.337466337764976
            ],
            [
              -89.11866177175145,
              29.337376144564683
            ],
            [
              -89.11876470679894,
              29.337374509719954
            ],
            [
              -89.11876284095406,
              29.337284316524343
            ],
            [
              -89.11917458069698,
              29.337277776376315
            ],
            [
              -89.11917271449869,
              29.33718758320334
            ],
            [
              -89.1196873885334,
              29.33717940626386
            ],
            [
              -89.1196855218912,
              29.337089213119565
            ],
            [
              -89.11989139126455,
              29.337085941800613
            ],
            [
              -89.1198895244499,
              29.336995748666975
            ],
            [
              -89.12019832817458,
              29.336990841111756
            ],
            [
              -89.12019646109701,
              29.33690064799478
            ],
            [
              -89.1202993955644,
              29.336899011990415
            ],
            [
              -89.12029752840486,
              29.33680881887814
            ],
            [
              -89.12040046277326,
              29.33680718280048
            ],
            [
              -89.12039859553177,
              29.33671698969286
            ],
            [
              -89.12060446406203,
              29.336713717311618
            ],
            [
              -89.1206025966481,
              29.336623524214673
            ],
            [
              -89.12245541025824,
              29.336594058616477
            ],
            [
              -89.1224535412242,
              29.336503865626277
            ],
            [
              -89.12255647514222,
              29.336502227901207
            ],
            [
              -89.12255460602624,
              29.33641203491569
            ],
            [
              -89.123069275036,
              29.33640384513079
            ],
            [
              -89.12306179684785,
              29.336043073295542
            ],
            [
              -89.1231647302623,
              29.336041435124677
            ],
            [
              -89.12315912143931,
              29.33577085625232
            ],
            [
              -89.12326205457383,
              29.33576921802018
            ],
            [
              -89.12325644555617,
              29.335498639153904
            ],
            [
              -89.12335937841073,
              29.33549700086048
            ],
            [
              -89.12334816006282,
              29.334955843128082
            ],
            [
              -89.12345109236603,
              29.334954204791423
            ],
            [
              -89.1234454830358,
              29.334683625925333
            ],
            [
              -89.12354841505908,
              29.334681987527393
            ],
            [
              -89.1235446753673,
              29.33450160162203
            ],
            [
              -89.12364760720111,
              29.334499963156812
            ],
            [
              -89.123641997456,
              29.33422938430684
            ],
            [
              -89.12374492900987,
              29.334227745780364
            ],
            [
              -89.12373744910728,
              29.333866973985835
            ],
            [
              -89.12384038029076,
              29.333865335404095
            ],
            [
              -89.12383664020972,
              29.333684949510886
            ],
            [
              -89.12404250218923,
              29.33368167213355
            ],
            [
              -89.12404063198056,
              29.333591479196976
            ],
            [
              -89.12434942461444,
              29.333586562554302
            ],
            [
              -89.12434755414293,
              29.333496369634428
            ],
            [
              -89.12465634642862,
              29.33349145229613
            ],
            [
              -89.12465821717153,
              29.333581645197967
            ],
            [
              -89.12476114800683,
              29.33358000592059
            ],
            [
              -89.12476301884874,
              29.33367019881509
            ],
            [
              -89.12486594976598,
              29.333668559452427
            ],
            [
              -89.12486782070687,
              29.333758752339577
            ],
            [
              -89.12497075170602,
              29.333757112891583
            ],
            [
              -89.12497262274591,
              29.333847305771407
            ],
            [
              -89.12507555382702,
              29.333845666238112
            ],
            [
              -89.12507929611334,
              29.334026051981713
            ],
            [
              -89.12518222736682,
              29.3340244123571
            ],
            [
              -89.12518409861327,
              29.3341146052209
            ],
            [
              -89.12528702994868,
              29.334112965510972
            ],
            [
              -89.12528890129413,
              29.33420315836743
            ],
            [
              -89.12539183271146,
              29.334201518572186
            ],
            [
              -89.1253937041559,
              29.334291711421297
            ],
            [
              -89.12549663565517,
              29.334290071540742
            ],
            [
              -89.12549850719861,
              29.334380264382524
            ],
            [
              -89.12560143877982,
              29.334378624416658
            ],
            [
              -89.12561266876257,
              29.334919781403286
            ],
            [
              -89.12550973663856,
              29.33492142140524
            ],
            [
              -89.12551347985348,
              29.335101807068853
            ],
            [
              -89.12541054754,
              29.33510344700354
            ],
            [
              -89.12541429060815,
              29.33528383267386
            ],
            [
              -89.12531135810518,
              29.335285472541276
            ],
            [
              -89.1253132295616,
              29.335375665380464
            ],
            [
              -89.12521029695961,
              29.33537730517459
            ],
            [
              -89.12521216833409,
              29.335467498018474
            ],
            [
              -89.1251092356331,
              29.335469137739306
            ],
            [
              -89.12511110692563,
              29.33555933058785
            ],
            [
              -89.12500817412564,
              29.33556097023541
            ],
            [
              -89.12501004533624,
              29.335651163088645
            ],
            [
              -89.12480417952969,
              29.335654442157878
            ],
            [
              -89.1248060505679,
              29.335744635021815
            ],
            [
              -89.12470311756134,
              29.335746274443487
            ],
            [
              -89.12470498851759,
              29.33583646731211
            ],
            [
              -89.12460205541204,
              29.3358381066605
            ],
            [
              -89.1246057971692,
              29.336018492405778
            ],
            [
              -89.12450286387416,
              29.33602013168689
            ],
            [
              -89.124512217964,
              29.336471096056915
            ],
            [
              -89.12440928420804,
              29.336472735288773
            ],
            [
              -89.12441302572276,
              29.336653121039504
            ],
            [
              -89.12431009177732,
              29.336654760204087
            ],
            [
              -89.124311962457,
              29.336744953083464
            ],
            [
              -89.12420902841255,
              29.336746592174762
            ],
            [
              -89.12422212277586,
              29.337377942335337
            ],
            [
              -89.12411918808952,
              29.337379581389403
            ],
            [
              -89.12412292923202,
              29.33755996714963
            ],
            [
              -89.12401999435619,
              29.33756160613641
            ],
            [
              -89.12402373535184,
              29.337741991903336
            ],
            [
              -89.12412667040863,
              29.337740352904536
            ],
            [
              -89.12413789414327,
              29.338281510137406
            ],
            [
              -89.12403495854358,
              29.33828314917227
            ],
            [
              -89.12403682910539,
              29.33837334204578
            ],
            [
              -89.12393389340667,
              29.338374981007338
            ],
            [
              -89.12393576388654,
              29.338465173885517
            ],
            [
              -89.1238328280888,
              29.338466812773788
            ],
            [
              -89.1238346984867,
              29.33855700565665
            ],
            [
              -89.12373176258995,
              29.33855864447162
            ],
            [
              -89.1237336329059,
              29.33864883735917
            ],
            [
              -89.12321895284174,
              29.338657030274366
            ],
            [
              -89.12321708297821,
              29.338566837356765
            ],
            [
              -89.12218772311513,
              29.338583217178694
            ],
            [
              -89.12218959207378,
              29.338673410156368
            ],
            [
              -89.12167491137012,
              29.338681597123163
            ],
            [
              -89.12167677988485,
              29.338771790129535
            ]
          ]
        ]
      },
      "properties": {
        "incident_id": "SP-016",
        "type": "AI-detected-slick",
        "source": "Sentinel-1 SAR",
        "method": "U-Net segmentation + radiometric filtering"
      }
    },
    {
      "type": "Feature",
      "geometry": {
        "type": "Polygon",
        "coordinates": [
          [
            [
              -89.08305512457667,
              29.33333547272167
            ],
            [
              -89.08223165751988,
              29.33334832731658
            ],
            [
              -89.08222982413423,
              29.333258131949023
            ],
            [
              -89.08171515740428,
              29.33326616346407
            ],
            [
              -89.08171332447935,
              29.333175968065746
            ],
            [
              -89.08130159130677,
              29.33318239182679
            ],
            [
              -89.08129975875208,
              29.333092196403577
            ],
            [
              -89.08109389229658,
              29.333095407796506
            ],
            [
              -89.08109205993121,
              29.33300521236019
            ],
            [
              -89.08098912678139,
              29.333006817931807
            ],
            [
              -89.08098729451484,
              29.332916622488288
            ],
            [
              -89.08088436144713,
              29.332918227974723
            ],
            [
              -89.08088069712004,
              29.332737837071914
            ],
            [
              -89.08077776422492,
              29.332739442467265
            ],
            [
              -89.08077410011221,
              29.33255905154739
            ],
            [
              -89.08067116738967,
              29.332560656851665
            ],
            [
              -89.0806638396264,
              29.332199874972456
            ],
            [
              -89.08056090725736,
              29.33220148017389
            ],
            [
              -89.08055907542791,
              29.332111284694886
            ],
            [
              -89.08045614314099,
              29.332112889811125
            ],
            [
              -89.08045247968808,
              29.331932498837375
            ],
            [
              -89.08034954757375,
              29.331934103862547
            ],
            [
              -89.08034405272844,
              29.33166351737434
            ],
            [
              -89.08024112087713,
              29.33166512230255
            ],
            [
              -89.08023562637842,
              29.331394535784753
            ],
            [
              -89.08013269479017,
              29.331396140616004
            ],
            [
              -89.08012903201373,
              29.331215749585752
            ],
            [
              -89.08002610059805,
              29.331217354325933
            ],
            [
              -89.08002243803594,
              29.331036963278606
            ],
            [
              -89.07991950679283,
              29.331038567927727
            ],
            [
              -89.07991401328371,
              29.330767981329156
            ],
            [
              -89.07981108230365,
              29.330769585881317
            ],
            [
              -89.07980192707447,
              29.330318608161118
            ],
            [
              -89.07969899653834,
              29.33032021260456
            ],
            [
              -89.07969716560802,
              29.330230017050663
            ],
            [
              -89.079594235154,
              29.330231621408927
            ],
            [
              -89.07959057349935,
              29.330051230285385
            ],
            [
              -89.0794876432179,
              29.33005283455259
            ],
            [
              -89.07948581249354,
              29.32996263898295
            ],
            [
              -89.07938288229421,
              29.32996424316497
            ],
            [
              -89.07938105166868,
              29.329874047588127
            ],
            [
              -89.07927812155143,
              29.329875651684976
            ],
            [
              -89.0792762910247,
              29.32978545610093
            ],
            [
              -89.07917336098957,
              29.329787060112597
            ],
            [
              -89.07915688743888,
              29.328975299743565
            ],
            [
              -89.07925981665991,
              29.328973695784846
            ],
            [
              -89.07924883412582,
              29.328432522181224
            ],
            [
              -89.07914590544748,
              29.328434126104646
            ],
            [
              -89.0791404145645,
              29.328163539267305
            ],
            [
              -89.07903748614918,
              29.328165143093777
            ],
            [
              -89.07903382578317,
              29.327984751850515
            ],
            [
              -89.07893089754039,
              29.32798635558594
            ],
            [
              -89.07892906746036,
              29.327896159956428
            ],
            [
              -89.0788261392997,
              29.327897763606696
            ],
            [
              -89.07882430931845,
              29.327807567969984
            ],
            [
              -89.07872138123987,
              29.327809171535076
            ],
            [
              -89.07871955135742,
              29.32771897589115
            ],
            [
              -89.07861662336094,
              29.327720579371075
            ],
            [
              -89.0786147935773,
              29.327630383719946
            ],
            [
              -89.07851186566293,
              29.327631987114703
            ],
            [
              -89.07850820630158,
              29.327451595796717
            ],
            [
              -89.07840527855974,
              29.327453199100432
            ],
            [
              -89.07840344898203,
              29.327363003433568
            ],
            [
              -89.0783005213223,
              29.327364606652107
            ],
            [
              -89.07829869184339,
              29.327274410978042
            ],
            [
              -89.07819576426576,
              29.327276014111426
            ],
            [
              -89.07819393488563,
              29.327185818430156
            ],
            [
              -89.0780910073901,
              29.32718742147837
            ],
            [
              -89.07808917810875,
              29.327097225789903
            ],
            [
              -89.07798625069533,
              29.327098828752955
            ],
            [
              -89.07798442151278,
              29.327008633057275
            ],
            [
              -89.07788149418145,
              29.327010235935166
            ],
            [
              -89.07787966509768,
              29.326920040232277
            ],
            [
              -89.0776738105909,
              29.326923245738456
            ],
            [
              -89.07767198169637,
              29.32683305002249
            ],
            [
              -89.0775690545209,
              29.326834652650778
            ],
            [
              -89.07756722572513,
              29.326744456927596
            ],
            [
              -89.07746429863177,
              29.32674605947073
            ],
            [
              -89.07746246993482,
              29.32665586374036
            ],
            [
              -89.07735954292355,
              29.326657466198327
            ],
            [
              -89.07735771432539,
              29.326567270460753
            ],
            [
              -89.07725478739621,
              29.32656887283356
            ],
            [
              -89.07725295889682,
              29.326478677088776
            ],
            [
              -89.07715003204974,
              29.326480279376426
            ],
            [
              -89.07714637525689,
              29.32629988787115
            ],
            [
              -89.07704344858236,
              29.32630149006776
            ],
            [
              -89.07704162028888,
              29.326211294307253
            ],
            [
              -89.07693869369645,
              29.326212896418713
            ],
            [
              -89.0769350373154,
              29.326032504881987
            ],
            [
              -89.07683211089552,
              29.326034106902398
            ],
            [
              -89.07682845472871,
              29.325853715348615
            ],
            [
              -89.07672552848136,
              29.325855317278005
            ],
            [
              -89.07672370050089,
              29.325765121493255
            ],
            [
              -89.07662077433565,
              29.325766723337484
            ],
            [
              -89.07661711858063,
              29.325586331752255
            ],
            [
              -89.07651419258792,
              29.325587933505453
            ],
            [
              -89.07651053704713,
              29.325407541903182
            ],
            [
              -89.07640761122695,
              29.32540914356535
            ],
            [
              -89.0764039559004,
              29.32522875194603
            ],
            [
              -89.07630103025276,
              29.325230353517178
            ],
            [
              -89.07629737514041,
              29.325049961880808
            ],
            [
              -89.07619444966532,
              29.32505156336092
            ],
            [
              -89.0761907947672,
              29.324871171707517
            ],
            [
              -89.07608786946464,
              29.32487277309661
            ],
            [
              -89.07608421478072,
              29.324692381426154
            ],
            [
              -89.0759812896507,
              29.32469398272422
            ],
            [
              -89.07597032634165,
              29.32415280764586
            ],
            [
              -89.07586740174588,
              29.324154408829394
            ],
            [
              -89.07586374755708,
              29.32397401711427
            ],
            [
              -89.07565789870226,
              29.323977219220026
            ],
            [
              -89.07565424490852,
              29.323796827476126
            ],
            [
              -89.07555132064948,
              29.32379842839835
            ],
            [
              -89.07554949385555,
              29.32370823251855
            ],
            [
              -89.07544656967859,
              29.323709833355622
            ],
            [
              -89.07544474298341,
              29.3236196374686
            ],
            [
              -89.07534181888855,
              29.323621238220532
            ],
            [
              -89.07533268598984,
              29.32317025873627
            ],
            [
              -89.0752297623388,
              29.323171859379574
            ],
            [
              -89.07522610941848,
              29.32299146756486
            ],
            [
              -89.07512318593996,
              29.322993068117142
            ],
            [
              -89.07511040161432,
              29.32236169668286
            ],
            [
              -89.07521332445987,
              29.322360096171682
            ],
            [
              -89.07518410323043,
              29.320916961315195
            ],
            [
              -89.07508118183162,
              29.32091856173243
            ],
            [
              -89.07507752950875,
              29.3207381698398
            ],
            [
              -89.07497460828242,
              29.32073977016603
            ],
            [
              -89.07497095617371,
              29.32055937825637
            ],
            [
              -89.07486803511989,
              29.32056097849159
            ],
            [
              -89.07486620916845,
              29.3204707825289
            ],
            [
              -89.07476328819672,
              29.320472382678993
            ],
            [
              -89.07476146234401,
              29.32038218670911
            ],
            [
              -89.07465854145437,
              29.320383786774062
            ],
            [
              -89.07465123848853,
              29.32002300285784
            ],
            [
              -89.0747541590165,
              29.32002140281637
            ],
            [
              -89.07475050740274,
              29.31984101086205
            ],
            [
              -89.07485342774157,
              29.319839410753055
            ],
            [
              -89.07484977598028,
              29.319659018805197
            ],
            [
              -89.07495269612997,
              29.319657418628687
            ],
            [
              -89.07494174050359,
              29.319116242788564
            ],
            [
              -89.07483882089637,
              29.319117842929842
            ],
            [
              -89.07483334346686,
              29.318847254974308
            ],
            [
              -89.07473042412254,
              29.31884885501872
            ],
            [
              -89.07472677272533,
              29.318668463030008
            ],
            [
              -89.07462385355349,
              29.318670062983415
            ],
            [
              -89.07461837679136,
              29.318399474972814
            ],
            [
              -89.07451545788241,
              29.31840107482935
            ],
            [
              -89.07449537805704,
              29.31740891862401
            ],
            [
              -89.07459829597155,
              29.317407318832043
            ],
            [
              -89.07459464502166,
              29.317226926789246
            ],
            [
              -89.07469756274705,
              29.31722532692975
            ],
            [
              -89.07469208611349,
              29.316954738873246
            ],
            [
              -89.07479500355933,
              29.316953138952112
            ],
            [
              -89.07479317794107,
              29.3168629429365
            ],
            [
              -89.07489609528818,
              29.316861342941998
            ],
            [
              -89.07489426958786,
              29.316771146930936
            ],
            [
              -89.07510010407631,
              29.31676794671591
            ],
            [
              -89.07509827820351,
              29.31667775071527
            ],
            [
              -89.08003829158345,
              29.316600850737533
            ],
            [
              -89.0800401217953,
              29.316691046456018
            ],
            [
              -89.08045178907079,
              29.316684629859118
            ],
            [
              -89.0804536196526,
              29.316774825552724
            ],
            [
              -89.08055653654098,
              29.316773221199497
            ],
            [
              -89.08055836722154,
              29.316863416885894
            ],
            [
              -89.08076420115405,
              29.316860207929917
            ],
            [
              -89.08076603202375,
              29.3169504036032
            ],
            [
              -89.08086894906788,
              29.31694879900045
            ],
            [
              -89.08087078003634,
              29.317038994666532
            ],
            [
              -89.0809736971625,
              29.317037389978644
            ],
            [
              -89.08097552822971,
              29.31712758563752
            ],
            [
              -89.08107844543792,
              29.317125980864496
            ],
            [
              -89.08108027660388,
              29.31721617651616
            ],
            [
              -89.08128611117604,
              29.31721296672057
            ],
            [
              -89.08128794253115,
              29.317303162359128
            ],
            [
              -89.0813908598951,
              29.317301557336584
            ],
            [
              -89.0813945228112,
              29.31748194859795
            ],
            [
              -89.08149744034758,
              29.317480343484366
            ],
            [
              -89.08149927190856,
              29.31757053910718
            ],
            [
              -89.08160218952699,
              29.317568933908458
            ],
            [
              -89.08161867476542,
              29.318380694401185
            ],
            [
              -89.08172159318913,
              29.31837908907019
            ],
            [
              -89.08172525684817,
              29.31855948026446
            ],
            [
              -89.08182817544433,
              29.318557874842437
            ],
            [
              -89.08183733519024,
              29.31900885277547
            ],
            [
              -89.08173441614206,
              29.319010458226952
            ],
            [
              -89.08173991181867,
              29.319281044988553
            ],
            [
              -89.0816369924909,
              29.319282650378454
            ],
            [
              -89.08163882430942,
              29.319372845968907
            ],
            [
              -89.08174174372759,
              29.31937124057312
            ],
            [
              -89.0817472395045,
              29.319641827318843
            ],
            [
              -89.08185015918555,
              29.31964022182613
            ],
            [
              -89.0818519912183,
              29.319730417399505
            ],
            [
              -89.08205783073613,
              29.319727206164526
            ],
            [
              -89.08206149518837,
              29.319907597283734
            ],
            [
              -89.08216441511557,
              29.31990599153558
            ],
            [
              -89.08216807978206,
              29.320086382637687
            ],
            [
              -89.08227099988173,
              29.32008477679849
            ],
            [
              -89.08227466476248,
              29.320265167883537
            ],
            [
              -89.0823775850346,
              29.320263561953293
            ],
            [
              -89.08238125012963,
              29.32044395302126
            ],
            [
              -89.08248417057422,
              29.32044234699997
            ],
            [
              -89.08248783588351,
              29.32062273805086
            ],
            [
              -89.08259075650058,
              29.32062113193852
            ],
            [
              -89.08259442202414,
              29.320801522972328
            ],
            [
              -89.08269734281366,
              29.320799916768944
            ],
            [
              -89.08270650722099,
              29.321250894300817
            ],
            [
              -89.08280942845423,
              29.321249287988703
            ],
            [
              -89.0828112614512,
              29.321339483485225
            ],
            [
              -89.08270834012754,
              29.321341089803227
            ],
            [
              -89.08271383889736,
              29.321611676302485
            ],
            [
              -89.08261091729408,
              29.3216132825589
            ],
            [
              -89.08261275014365,
              29.321703478061902
            ],
            [
              -89.0825098284416,
              29.321705084244954
            ],
            [
              -89.08251166120913,
              29.321795279752532
            ],
            [
              -89.0824087394083,
              29.32179688586221
            ],
            [
              -89.0824179029192,
              29.32224786340965
            ],
            [
              -89.0823149806579,
              29.32224946946953
            ],
            [
              -89.08231864593995,
              29.322429860491017
            ],
            [
              -89.08221572348945,
              29.322431466483415
            ],
            [
              -89.08222488638877,
              29.32288244404345
            ],
            [
              -89.0823278092914,
              29.322880838021597
            ],
            [
              -89.08233697285185,
              29.323331815519058
            ],
            [
              -89.08243989619824,
              29.323330209388484
            ],
            [
              -89.08244356186181,
              29.32351060036641
            ],
            [
              -89.08254648538069,
              29.32350899414478
            ],
            [
              -89.08254831831545,
              29.32359918962587
            ],
            [
              -89.0826512419164,
              29.323597583319067
            ],
            [
              -89.08265307494993,
              29.323687778792934
            ],
            [
              -89.08275599863295,
              29.323686172400976
            ],
            [
              -89.08275783176528,
              29.323776367867634
            ],
            [
              -89.08286075553036,
              29.323774761390492
            ],
            [
              -89.08286625524883,
              29.324045347764823
            ],
            [
              -89.08296917927683,
              29.324043741190753
            ],
            [
              -89.08297467934185,
              29.324314327535486
            ],
            [
              -89.08307760363279,
              29.32431272086444
            ],
            [
              -89.08308127056549,
              29.32449311174253
            ],
            [
              -89.08318419502892,
              29.32449150498044
            ],
            [
              -89.08318602859823,
              29.324581700411585
            ],
            [
              -89.08328895314374,
              29.324580093564318
            ],
            [
              -89.08329078681186,
              29.32467028898826
            ],
            [
              -89.08339371143943,
              29.324668682055822
            ],
            [
              -89.08339737898163,
              29.32484907288794
            ],
            [
              -89.0835003037817,
              29.32484746586444
            ],
            [
              -89.08350397153824,
              29.325027856679473
            ],
            [
              -89.0836068965108,
              29.32502624956491
            ],
            [
              -89.08361239847966,
              29.325296835759833
            ],
            [
              -89.0835094732358,
              29.325298442892084
            ],
            [
              -89.08351314107598,
              29.32547883369388
            ],
            [
              -89.08341021564289,
              29.32548044075865
            ],
            [
              -89.08341204948509,
              29.325570636163445
            ],
            [
              -89.08330912395319,
              29.32557224315484
            ],
            [
              -89.08331095771332,
              29.325662438564223
            ],
            [
              -89.08320803208261,
              29.32566404548223
            ],
            [
              -89.08320986576068,
              29.32575424089617
            ],
            [
              -89.08310694003116,
              29.325755847740805
            ],
            [
              -89.08311060723153,
              29.325936238576517
            ],
            [
              -89.08300768131276,
              29.325937845353653
            ],
            [
              -89.08300951483506,
              29.326028040775412
            ],
            [
              -89.0829065888175,
              29.326029647479174
            ],
            [
              -89.0829102557063,
              29.326210038330508
            ],
            [
              -89.08280732949949,
              29.326211644966776
            ],
            [
              -89.08281466301567,
              29.326572426677146
            ],
            [
              -89.08271173643875,
              29.32657403325771
            ],
            [
              -89.08271356974825,
              29.32666422868788
            ],
            [
              -89.08261064307253,
              29.326665835195055
            ],
            [
              -89.08261247629996,
              29.326756030629802
            ],
            [
              -89.08220076915163,
              29.326762455889266
            ],
            [
              -89.08219893628598,
              29.326672260430946
            ],
            [
              -89.08199308284252,
              29.32667547257321
            ],
            [
              -89.0819912501661,
              29.326585277101778
            ],
            [
              -89.08188832352228,
              29.32658688304811
            ],
            [
              -89.08188649094465,
              29.326496687569467
            ],
            [
              -89.08178356438292,
              29.326498293430618
            ],
            [
              -89.0817817319041,
              29.326408097944757
            ],
            [
              -89.08147295244005,
              29.32641291503485
            ],
            [
              -89.08147478464754,
              29.326503110538383
            ],
            [
              -89.08137185805236,
              29.326504716082404
            ],
            [
              -89.08137369017777,
              29.326594911590494
            ],
            [
              -89.08085905662432,
              29.32660293815088
            ],
            [
              -89.08085722495113,
              29.326512742613343
            ],
            [
              -89.0807542983058,
              29.326514347681695
            ],
            [
              -89.08075612988857,
              29.32660454322511
            ],
            [
              -89.08044734963116,
              29.32660935797213
            ],
            [
              -89.08044918095095,
              29.3266995535319
            ],
            [
              -89.08055210780222,
              29.326697948689603
            ],
            [
              -89.0805539392208,
              29.326788144242173
            ],
            [
              -89.08065686615416,
              29.326786539314714
            ],
            [
              -89.0806623607314,
              29.327057125946776
            ],
            [
              -89.08076528792772,
              29.32705552092239
            ],
            [
              -89.0807671195606,
              29.327145716457856
            ],
            [
              -89.08087004683904,
              29.3271441113483
            ],
            [
              -89.08087187857073,
              29.32723430687657
            ],
            [
              -89.08097480593123,
              29.32723270168183
            ],
            [
              -89.08097846960058,
              29.327413092722637
            ],
            [
              -89.08108139713363,
              29.32741148743683
            ],
            [
              -89.08108322907128,
              29.327501682949347
            ],
            [
              -89.08118615668641,
              29.32750007757838
            ],
            [
              -89.08119348488239,
              29.32786085959167
            ],
            [
              -89.08129641285096,
              29.327859254117854
            ],
            [
              -89.0812982450113,
              29.327949449611985
            ],
            [
              -89.08140117306195,
              29.327947844053
            ],
            [
              -89.08140300532109,
              29.3280380395399
            ],
            [
              -89.08150593345384,
              29.32803643389575
            ],
            [
              -89.0815205925515,
              29.328757997696222
            ],
            [
              -89.08162352139948,
              29.32875639192566
            ],
            [
              -89.08162718643838,
              29.32893678285075
            ],
            [
              -89.08173011545891,
              29.328935176989116
            ],
            [
              -89.08173378071216,
              29.329115567897134
            ],
            [
              -89.08183670990523,
              29.329113961944426
            ],
            [
              -89.08184037537283,
              29.32929435283537
            ],
            [
              -89.08194330473845,
              29.32929274679158
            ],
            [
              -89.0819469704204,
              29.329473137665445
            ],
            [
              -89.08204989995856,
              29.329471531530597
            ],
            [
              -89.08205356585486,
              29.32965192238739
            ],
            [
              -89.08215649556558,
              29.32965031616146
            ],
            [
              -89.08215832861673,
              29.32974051158197
            ],
            [
              -89.08226125840953,
              29.32973890527086
            ],
            [
              -89.08226309155951,
              29.329829100684154
            ],
            [
              -89.08236602143441,
              29.32982749428787
            ],
            [
              -89.0823678546832,
              29.329917689693954
            ],
            [
              -89.0824707846402,
              29.329916083212478
            ],
            [
              -89.0824726179878,
              29.330006278611336
            ],
            [
              -89.08257554802688,
              29.330004672044684
            ],
            [
              -89.08257738147331,
              29.330094867436333
            ],
            [
              -89.0826803115945,
              29.33009326078449
            ],
            [
              -89.08268397869335,
              29.330273651552012
            ],
            [
              -89.0827869089871,
              29.330272044809092
            ],
            [
              -89.08279057630034,
              29.330452435559543
            ],
            [
              -89.08289350676662,
              29.330450828725542
            ],
            [
              -89.08292101403934,
              29.33180375909659
            ],
            [
              -89.08302394585421,
              29.331802152094884
            ],
            [
              -89.0830349498331,
              29.332343324124512
            ],
            [
              -89.08313788218238,
              29.33234171700813
            ],
            [
              -89.08314155042322,
              29.332522107662296
            ],
            [
              -89.08324448294509,
              29.332520500454827
            ],
            [
              -89.08325181988903,
              29.33288128172366
            ],
            [
              -89.0833547527644,
              29.332879674413316
            ],
            [
              -89.08335658711178,
              29.332969869721314
            ],
            [
              -89.08325365414593,
              29.33297147703756
            ],
            [
              -89.08325732268486,
              29.333151867661385
            ],
            [
              -89.08315438952971,
              29.33315347491012
            ],
            [
              -89.08315622372123,
              29.33324367022594
            ],
            [
              -89.08305329046725,
              29.333245277401264
            ],
            [
              -89.08305512457667,
              29.33333547272167
            ]
          ],
          [
            [
              -89.08157404664684,
              29.32632111391847
            ],
            [
              -89.08157221436562,
              29.32623091841819
            ],
            [
              -89.08146928805013,
              29.326232524023826
            ],
            [
              -89.0814711202409,
              29.32632271953
            ],
            [
              -89.08157404664684,
              29.32632111391847
            ]
          ]
        ]
      },
      "properties": {
        "incident_id": "SP-016",
        "type": "AI-detected-slick",
        "source": "Sentinel-1 SAR",
        "method": "U-Net segmentation + radiometric filtering"
      }
    },
    {
      "type": "Feature",
      "geometry": {
        "type": "Polygon",
        "coordinates": [
          [
            [
              -89.14083801266491,
              29.314556750149936
            ],
            [
              -89.14052928066458,
              29.31456170202492
            ],
            [
              -89.14052739741663,
              29.314471509800065
            ],
            [
              -89.14042448682304,
              29.31447316026054
            ],
            [
              -89.14042260367404,
              29.314382968028294
            ],
            [
              -89.14031969316223,
              29.314384618403487
            ],
            [
              -89.14031592707076,
              29.314204233922897
            ],
            [
              -89.14011010638285,
              29.31420753441136
            ],
            [
              -89.14010822353076,
              29.31411734215696
            ],
            [
              -89.13990240298924,
              29.314120642316393
            ],
            [
              -89.13990052032646,
              29.31403045004856
            ],
            [
              -89.13969469993133,
              29.314033749878973
            ],
            [
              -89.13969281745787,
              29.3139435575977
            ],
            [
              -89.13958990733781,
              29.313945207388002
            ],
            [
              -89.13958426024011,
              29.31367463051804
            ],
            [
              -89.13968717008908,
              29.3136729807459
            ],
            [
              -89.1396834052195,
              29.313492596171383
            ],
            [
              -89.13978631487913,
              29.313490946332116
            ],
            [
              -89.13978254986316,
              29.3133105617644
            ],
            [
              -89.13988545933348,
              29.31330891185801
            ],
            [
              -89.13987981160282,
              29.313038335014618
            ],
            [
              -89.13998272079347,
              29.31303668504717
            ],
            [
              -89.13997330762899,
              29.312585723645196
            ],
            [
              -89.13966458138682,
              29.312590673219056
            ],
            [
              -89.13966646373143,
              29.312680865520264
            ],
            [
              -89.13935773714087,
              29.312685814399252
            ],
            [
              -89.13935961922297,
              29.312776006717307
            ],
            [
              -89.13905089228403,
              29.312780954901427
            ],
            [
              -89.13904901047302,
              29.312690762565225
            ],
            [
              -89.13894610156656,
              29.312692411795428
            ],
            [
              -89.13893104811036,
              29.31197087300954
            ],
            [
              -89.13903395629393,
              29.311969223827735
            ],
            [
              -89.13903019283501,
              29.311788839130077
            ],
            [
              -89.13892728483216,
              29.311790488299767
            ],
            [
              -89.13892352158831,
              29.311610103584687
            ],
            [
              -89.13882061375762,
              29.311611752663048
            ],
            [
              -89.13881685072882,
              29.311431367930542
            ],
            [
              -89.13871394307026,
              29.31143301691758
            ],
            [
              -89.13868948539461,
              29.310260515948027
            ],
            [
              -89.13879239187852,
              29.31025886703965
            ],
            [
              -89.13877169706134,
              29.309266750725737
            ],
            [
              -89.13887460254281,
              29.309265101804712
            ],
            [
              -89.13886895841097,
              29.308994524618416
            ],
            [
              -89.13897186361281,
              29.30899287563634
            ],
            [
              -89.13896810072048,
              29.30881249085094
            ],
            [
              -89.13907100573304,
              29.308810841801737
            ],
            [
              -89.1390691242094,
              29.308720649413097
            ],
            [
              -89.13968655356243,
              29.308710753490736
            ],
            [
              -89.13970725675765,
              29.309702869293215
            ],
            [
              -89.1398101626136,
              29.309701219628995
            ],
            [
              -89.13981204486413,
              29.309791411960635
            ],
            [
              -89.13991495080185,
              29.309789762211132
            ],
            [
              -89.13991683315132,
              29.309879954535408
            ],
            [
              -89.14032845717772,
              29.309873354721052
            ],
            [
              -89.14032657446683,
              29.309783162420995
            ],
            [
              -89.1405323862478,
              29.309779862050625
            ],
            [
              -89.14053050336481,
              29.309689669761376
            ],
            [
              -89.1407363149307,
              29.30968636908626
            ],
            [
              -89.1407344318756,
              29.30959617680778
            ],
            [
              -89.14083733755531,
              29.309594526357458
            ],
            [
              -89.14083545441846,
              29.309504334083694
            ],
            [
              -89.14093835999923,
              29.30950268356022
            ],
            [
              -89.14093082717632,
              29.309141914476132
            ],
            [
              -89.14082792195696,
              29.309143564975393
            ],
            [
              -89.14082415577775,
              29.308963180413247
            ],
            [
              -89.14072125073048,
              29.308964830821182
            ],
            [
              -89.14071936774411,
              29.308874638532068
            ],
            [
              -89.1406164627786,
              29.30887628885473
            ],
            [
              -89.14061457989118,
              29.308786096558222
            ],
            [
              -89.14051167500742,
              29.30878774679561
            ],
            [
              -89.14050979221891,
              29.308697554491715
            ],
            [
              -89.14030398260633,
              29.30870085471674
            ],
            [
              -89.1403021000071,
              29.30861066239942
            ],
            [
              -89.13999338579484,
              29.308615612124704
            ],
            [
              -89.13999150347526,
              29.308525419787888
            ],
            [
              -89.14009440813093,
              29.308523769964722
            ],
            [
              -89.14009064333683,
              29.308343385299203
            ],
            [
              -89.14019354780322,
              29.30834173540893
            ],
            [
              -89.14018225308499,
              29.30780058141678
            ],
            [
              -89.14028515700072,
              29.30779893148364
            ],
            [
              -89.14028139198268,
              29.307618546821068
            ],
            [
              -89.14038429570914,
              29.30761689682083
            ],
            [
              -89.14038053054477,
              29.307436512165047
            ],
            [
              -89.14048343408197,
              29.307434862097708
            ],
            [
              -89.14048155142231,
              29.30734466977388
            ],
            [
              -89.14058445486059,
              29.307343019633386
            ],
            [
              -89.14058257211919,
              29.30725282731427
            ],
            [
              -89.14078837878927,
              29.307249526807773
            ],
            [
              -89.14078649587579,
              29.307159334499467
            ],
            [
              -89.14099230233083,
              29.307156033688248
            ],
            [
              -89.14099041924524,
              29.30706584139071
            ],
            [
              -89.14129912859234,
              29.30706088959801
            ],
            [
              -89.14129724524436,
              29.306970697317308
            ],
            [
              -89.1416059542431,
              29.306965744829927
            ],
            [
              -89.14160407063268,
              29.306875552566083
            ],
            [
              -89.14170697352475,
              29.306873901584606
            ],
            [
              -89.1417050898326,
              29.306783709325483
            ],
            [
              -89.14180799262571,
              29.306782058270855
            ],
            [
              -89.14180610885182,
              29.306691866016465
            ],
            [
              -89.1420119142316,
              29.306688563681714
            ],
            [
              -89.14201003028563,
              29.30659837143812
            ],
            [
              -89.1421129328723,
              29.306596720157994
            ],
            [
              -89.14211104884458,
              29.306506527919126
            ],
            [
              -89.14221395133231,
              29.30650487656586
            ],
            [
              -89.142210183122,
              29.30632449209625
            ],
            [
              -89.14231308542047,
              29.3063228406759
            ],
            [
              -89.14231120123786,
              29.30623264844516
            ],
            [
              -89.14241410343739,
              29.306230996951665
            ],
            [
              -89.14241221917307,
              29.306140804725672
            ],
            [
              -89.14261802336567,
              29.306137501513184
            ],
            [
              -89.14261613892927,
              29.306047309297977
            ],
            [
              -89.14282194290682,
              29.3060440057808
            ],
            [
              -89.14282005829834,
              29.305953813576394
            ],
            [
              -89.14312876392918,
              29.305948857724797
            ],
            [
              -89.14313064880866,
              29.30603904991102
            ],
            [
              -89.14333645270021,
              29.306035745601815
            ],
            [
              -89.14333833776897,
              29.30612593777459
            ],
            [
              -89.14344123979218,
              29.30612428549512
            ],
            [
              -89.14344501013613,
              29.306304669824534
            ],
            [
              -89.1435479123314,
              29.306303017453736
            ],
            [
              -89.14354979760662,
              29.3063932096104
            ],
            [
              -89.14344689532102,
              29.30639486198726
            ],
            [
              -89.14345066571657,
              29.30657524630871
            ],
            [
              -89.1432448607582,
              29.30657855084907
            ],
            [
              -89.14324674578822,
              29.306668743019927
            ],
            [
              -89.14314384320579,
              29.30667039517737
            ],
            [
              -89.14314572815407,
              29.306760587352965
            ],
            [
              -89.14324863082683,
              29.306758935189468
            ],
            [
              -89.14325051587404,
              29.306849127357665
            ],
            [
              -89.14335341862854,
              29.30684747510889
            ],
            [
              -89.14335530377468,
              29.30693766726969
            ],
            [
              -89.14356110943856,
              29.306934362522394
            ],
            [
              -89.14355922411174,
              29.306844170373726
            ],
            [
              -89.14407373766916,
              29.306835907149708
            ],
            [
              -89.14407562344768,
              29.306926099268054
            ],
            [
              -89.14417852622368,
              29.30692444637957
            ],
            [
              -89.1441822979872,
              29.307104830600146
            ],
            [
              -89.14428520093529,
              29.30710317762032
            ],
            [
              -89.14428708692027,
              29.307193369722548
            ],
            [
              -89.1443899899501,
              29.30719171665745
            ],
            [
              -89.14439187603404,
              29.30728190875229
            ],
            [
              -89.14449477914559,
              29.307280255601924
            ],
            [
              -89.14449666532849,
              29.307370447689355
            ],
            [
              -89.14459956852177,
              29.307368794453716
            ],
            [
              -89.14460145480359,
              29.307458986533746
            ],
            [
              -89.14470435807861,
              29.30745733321283
            ],
            [
              -89.14472322227371,
              29.30835925387941
            ],
            [
              -89.14462031809528,
              29.308360907261
            ],
            [
              -89.14463163648338,
              29.308902059633525
            ],
            [
              -89.14452873175428,
              29.308903712972306
            ],
            [
              -89.14453250443847,
              29.309084097097983
            ],
            [
              -89.14442959952008,
              29.30908575036969
            ],
            [
              -89.144433372058,
              29.309266134502185
            ],
            [
              -89.1443304669503,
              29.30926778770681
            ],
            [
              -89.1443361255507,
              29.309538363913756
            ],
            [
              -89.14423322016333,
              29.30954001705738
            ],
            [
              -89.14423699242592,
              29.30972040120084
            ],
            [
              -89.14413408684926,
              29.30972205427736
            ],
            [
              -89.14413785896556,
              29.309902438427635
            ],
            [
              -89.1440349531996,
              29.309904091437083
            ],
            [
              -89.14403872516962,
              29.310084475594174
            ],
            [
              -89.14393581921435,
              29.310086128536536
            ],
            [
              -89.14393770512193,
              29.310176320619146
            ],
            [
              -89.14383479906768,
              29.310177973488358
            ],
            [
              -89.1438366848935,
              29.310268165575707
            ],
            [
              -89.14363087257851,
              29.31027147108862
            ],
            [
              -89.14363275823224,
              29.310361663186768
            ],
            [
              -89.14342694570213,
              29.310364968394943
            ],
            [
              -89.14342883118375,
              29.310455160503896
            ],
            [
              -89.14281139284489,
              29.3104650742636
            ],
            [
              -89.14281327779298,
              29.310555266407594
            ],
            [
              -89.14250455823638,
              29.310560222236216
            ],
            [
              -89.14250644292203,
              29.31065041439706
            ],
            [
              -89.1424035362956,
              29.310652066187558
            ],
            [
              -89.14240542089948,
              29.31074225835314
            ],
            [
              -89.14219960744013,
              29.3107455617086
            ],
            [
              -89.14220149187189,
              29.31083575388497
            ],
            [
              -89.14199567819745,
              29.310839056935674
            ],
            [
              -89.14199756245709,
              29.310929249122847
            ],
            [
              -89.1416888416099,
              29.310934203122944
            ],
            [
              -89.14168695762132,
              29.3108440109176
            ],
            [
              -89.14158405074541,
              29.31084566208647
            ],
            [
              -89.14158216685578,
              29.31075546987373
            ],
            [
              -89.14147926006164,
              29.31075712095732
            ],
            [
              -89.14146984119417,
              29.310306159843396
            ],
            [
              -89.14167565387032,
              29.310302857657593
            ],
            [
              -89.1416737699419,
              29.31021266544294
            ],
            [
              -89.14177667617673,
              29.31021101423727
            ],
            [
              -89.14176914018762,
              29.30985024538959
            ],
            [
              -89.14125461073456,
              29.30985850050461
            ],
            [
              -89.14125837780841,
              29.310038884991695
            ],
            [
              -89.14115547171131,
              29.310040535789156
            ],
            [
              -89.14115923863883,
              29.310220920283047
            ],
            [
              -89.14085051975387,
              29.310225872236508
            ],
            [
              -89.14085240295947,
              29.31031606449962
            ],
            [
              -89.14074949655694,
              29.3103177149984
            ],
            [
              -89.14075137968076,
              29.31040790726624
            ],
            [
              -89.14064847317931,
              29.31040955769186
            ],
            [
              -89.14065035622136,
              29.310499749964436
            ],
            [
              -89.14054744962095,
              29.310501400316888
            ],
            [
              -89.14054933258124,
              29.310591592594193
            ],
            [
              -89.14034351917395,
              29.31059489307355
            ],
            [
              -89.14034540196214,
              29.310685085361637
            ],
            [
              -89.14024249515523,
              29.31068673548855
            ],
            [
              -89.14024437786165,
              29.31077692778136
            ],
            [
              -89.14014147095581,
              29.3107785778351
            ],
            [
              -89.14014523621371,
              29.310958962428842
            ],
            [
              -89.14004232911856,
              29.310960612415474
            ],
            [
              -89.14004421167003,
              29.311050804716416
            ],
            [
              -89.13994130447595,
              29.311052454629888
            ],
            [
              -89.13994318694564,
              29.311142646935537
            ],
            [
              -89.13984027965262,
              29.311144296775844
            ],
            [
              -89.13984216204055,
              29.311234489086218
            ],
            [
              -89.13973925464856,
              29.31123613885336
            ],
            [
              -89.13974490159283,
              29.311506715794675
            ],
            [
              -89.13964199392119,
              29.31150836550076
            ],
            [
              -89.13964575841291,
              29.311688750133783
            ],
            [
              -89.13954285055198,
              29.311690399772747
            ],
            [
              -89.13954849708288,
              29.31196097673044
            ],
            [
              -89.13975431333836,
              29.31195767733696
            ],
            [
              -89.13975619571323,
              29.31204786964144
            ],
            [
              -89.14006492030312,
              29.31204291993889
            ],
            [
              -89.14006303765717,
              29.311952727652578
            ],
            [
              -89.14037176189866,
              29.311947777255178
            ],
            [
              -89.14036987899021,
              29.311857584985713
            ],
            [
              -89.14047278696319,
              29.311855934700866
            ],
            [
              -89.14047090397297,
              29.31176574243612
            ],
            [
              -89.1409854432571,
              29.3117574898538
            ],
            [
              -89.1409873266991,
              29.311847682088256
            ],
            [
              -89.1410902346205,
              29.31184603132807
            ],
            [
              -89.14109211816148,
              29.311936223555136
            ],
            [
              -89.14119502616467,
              29.31193457270968
            ],
            [
              -89.14119690980459,
              29.312024764929365
            ],
            [
              -89.14129981788953,
              29.31202311399861
            ],
            [
              -89.14130170162841,
              29.31211330621091
            ],
            [
              -89.14140460979512,
              29.312111655194887
            ],
            [
              -89.14140649363297,
              29.31220184739979
            ],
            [
              -89.1413035853759,
              29.31220349842188
            ],
            [
              -89.14130546913196,
              29.312293690631513
            ],
            [
              -89.14120256077594,
              29.31229534158044
            ],
            [
              -89.14120444445024,
              29.3123855337948
            ],
            [
              -89.14110153599525,
              29.312387184670563
            ],
            [
              -89.14110341958778,
              29.312477376889667
            ],
            [
              -89.14100051103384,
              29.31247902769226
            ],
            [
              -89.14100427806395,
              29.31265941213856
            ],
            [
              -89.14090136932069,
              29.312661062874042
            ],
            [
              -89.1409183205683,
              29.313472792871174
            ],
            [
              -89.14081541100315,
              29.313474443581942
            ],
            [
              -89.14082106130259,
              29.313745020241885
            ],
            [
              -89.14071815145775,
              29.313746670891593
            ],
            [
              -89.14072945174641,
              29.314287824211938
            ],
            [
              -89.14083236213348,
              29.31428617352589
            ],
            [
              -89.14083424563536,
              29.31437636573523
            ],
            [
              -89.14073133515792,
              29.31437801642734
            ],
            [
              -89.14073321857803,
              29.314468208641408
            ],
            [
              -89.14083612914584,
              29.31446655794325
            ],
            [
              -89.14083801266491,
              29.314556750149936
            ]
          ]
        ]
      },
      "properties": {
        "incident_id": "SP-016",
        "type": "AI-detected-slick",
        "source": "Sentinel-1 SAR",
        "method": "U-Net segmentation + radiometric filtering"
      }
    },
    {
      "type": "Feature",
      "geometry": {
        "type": "Polygon",
        "coordinates": [
          [
            [
              -89.0790054651235,
              29.316436495064906
            ],
            [
              -89.07499170951404,
              29.31649895883953
            ],
            [
              -89.07498988375663,
              29.31640876282906
            ],
            [
              -89.07468113307124,
              29.316413562724506
            ],
            [
              -89.07467930759334,
              29.31632336669509
            ],
            [
              -89.07457639077197,
              29.316324966495884
            ],
            [
              -89.0745745653928,
              29.31623477045926
            ],
            [
              -89.07447164865349,
              29.31623637017493
            ],
            [
              -89.07446982337304,
              29.316146174131124
            ],
            [
              -89.07436690671578,
              29.316147773761667
            ],
            [
              -89.07436508153405,
              29.31605757771067
            ],
            [
              -89.07426216495887,
              29.316059177256108
            ],
            [
              -89.0742585148012,
              29.31587878513841
            ],
            [
              -89.07415559839849,
              29.31588038459285
            ],
            [
              -89.07415012349561,
              29.31560979638876
            ],
            [
              -89.07404720735575,
              29.315611395746362
            ],
            [
              -89.07404173279899,
              29.31534080751276
            ],
            [
              -89.07393881692198,
              29.31534240677351
            ],
            [
              -89.07393151799108,
              29.314981622420046
            ],
            [
              -89.07382860246732,
              29.314983221578075
            ],
            [
              -89.07381035662672,
              29.31408126054314
            ],
            [
              -89.07370744199851,
              29.31408285956324
            ],
            [
              -89.0737001442569,
              29.313722075088755
            ],
            [
              -89.07359722998191,
              29.313723674006148
            ],
            [
              -89.07358993273502,
              29.31336288948702
            ],
            [
              -89.07348701881322,
              29.31336448830171
            ],
            [
              -89.07348154623661,
              29.313093899880883
            ],
            [
              -89.07337863257764,
              29.31309549859872
            ],
            [
              -89.07337316034706,
              29.312824910148386
            ],
            [
              -89.07327024695093,
              29.312826508769394
            ],
            [
              -89.07326295112152,
              29.312465724126966
            ],
            [
              -89.07316003807857,
              29.312467322645276
            ],
            [
              -89.07313815247376,
              29.311384968520596
            ],
            [
              -89.07303524050701,
              29.311386566889272
            ],
            [
              -89.07302065149247,
              29.31066499732009
            ],
            [
              -89.07291774024037,
              29.31066659556261
            ],
            [
              -89.07291226976832,
              29.310396006934745
            ],
            [
              -89.07280935877901,
              29.310397605080446
            ],
            [
              -89.07280571201998,
              29.31021721264351
            ],
            [
              -89.0727028012031,
              29.31021881069826
            ],
            [
              -89.07269915465808,
              29.310038418244314
            ],
            [
              -89.07259624401364,
              29.31004001620811
            ],
            [
              -89.07259259768263,
              29.309859623737154
            ],
            [
              -89.07248968721058,
              29.30986122160999
            ],
            [
              -89.07248604109357,
              29.309680829121998
            ],
            [
              -89.07238313079395,
              29.30968242690387
            ],
            [
              -89.07238130783828,
              29.309592230652044
            ],
            [
              -89.0722783976207,
              29.309593828348824
            ],
            [
              -89.07227475191507,
              29.309413435829445
            ],
            [
              -89.07217184186992,
              29.309415033435286
            ],
            [
              -89.07217001911994,
              29.30932483716775
            ],
            [
              -89.07206710915683,
              29.30932643468849
            ],
            [
              -89.07206346386255,
              29.30914604213774
            ],
            [
              -89.07196055407185,
              29.30914763956753
            ],
            [
              -89.07195690899157,
              29.30896724699976
            ],
            [
              -89.07185399937329,
              29.308968844338608
            ],
            [
              -89.07183577537442,
              29.308066881361768
            ],
            [
              -89.07193868408909,
              29.308065284081536
            ],
            [
              -89.07193321678051,
              29.307794695180288
            ],
            [
              -89.07203612521579,
              29.307793097838434
            ],
            [
              -89.07203065771095,
              29.307522508942863
            ],
            [
              -89.07213356586685,
              29.307520911539374
            ],
            [
              -89.07212080801415,
              29.306889537444455
            ],
            [
              -89.07201790049074,
              29.3068911348069
            ],
            [
              -89.07201425564551,
              29.306710742184745
            ],
            [
              -89.07191134829448,
              29.306712339456247
            ],
            [
              -89.07190770366323,
              29.306531946817053
            ],
            [
              -89.0718047964846,
              29.306533543997617
            ],
            [
              -89.07180297427179,
              29.306443347670182
            ],
            [
              -89.0717000671752,
              29.30644494476567
            ],
            [
              -89.07169824506106,
              29.30635474843104
            ],
            [
              -89.0715953380465,
              29.30635634544145
            ],
            [
              -89.07159351603103,
              29.306266149099653
            ],
            [
              -89.07149060909852,
              29.30626774602499
            ],
            [
              -89.07148332148115,
              29.305906960621083
            ],
            [
              -89.07138041490172,
              29.305908557443757
            ],
            [
              -89.07137494954704,
              29.305637968359378
            ],
            [
              -89.07127204323034,
              29.305639565085247
            ],
            [
              -89.07126293492384,
              29.305188583222183
            ],
            [
              -89.0713658407888,
              29.30518698652561
            ],
            [
              -89.0713603756336,
              29.304916397409468
            ],
            [
              -89.07125747003967,
              29.30491799408847
            ],
            [
              -89.07125018364383,
              29.304557208558347
            ],
            [
              -89.07114727840298,
              29.304558805134686
            ],
            [
              -89.07114363543562,
              29.304378412349962
            ],
            [
              -89.07104073036713,
              29.30438000883539
            ],
            [
              -89.07102798087553,
              29.303748634006197
            ],
            [
              -89.07092507643112,
              29.30375023037139
            ],
            [
              -89.07091779155154,
              29.303389444702205
            ],
            [
              -89.07081488746017,
              29.303391040964737
            ],
            [
              -89.07080578199937,
              29.302940058819193
            ],
            [
              -89.07090868563903,
              29.302938462585946
            ],
            [
              -89.07089775881825,
              29.302397284002804
            ],
            [
              -89.0710006619076,
              29.3023956877255
            ],
            [
              -89.07099337716528,
              29.3020349020004
            ],
            [
              -89.07089047443725,
              29.302036498254267
            ],
            [
              -89.07088501123876,
              29.30176590892897
            ],
            [
              -89.07078210877343,
              29.301767505086058
            ],
            [
              -89.07076936223339,
              29.30113612990644
            ],
            [
              -89.07066646039205,
              29.301137725943313
            ],
            [
              -89.0706609979848,
              29.3008671365432
            ],
            [
              -89.07055809640612,
              29.300868732483316
            ],
            [
              -89.07055445502348,
              29.30068833953158
            ],
            [
              -89.07045155361715,
              29.300689935380767
            ],
            [
              -89.07044609187648,
              29.30041934592569
            ],
            [
              -89.07054899301183,
              29.300417750094063
            ],
            [
              -89.07054535171225,
              29.300237357129117
            ],
            [
              -89.07064825265866,
              29.300235761230024
            ],
            [
              -89.07064461121168,
              29.300055368271494
            ],
            [
              -89.07074751196913,
              29.30005377230491
            ],
            [
              -89.07074569116777,
              29.299963575829523
            ],
            [
              -89.07095149247708,
              29.299960383670506
            ],
            [
              -89.07094967150339,
              29.29987018720552
            ],
            [
              -89.07105257205525,
              29.299868591013066
            ],
            [
              -89.07105075099956,
              29.2997783945526
            ],
            [
              -89.0711536514528,
              29.299776798286818
            ],
            [
              -89.07115183031509,
              29.299686601830906
            ],
            [
              -89.0712547306697,
              29.299685005491785
            ],
            [
              -89.07125290944998,
              29.29959480904041
            ],
            [
              -89.07135580970595,
              29.299593212627954
            ],
            [
              -89.07135398840421,
              29.299503016181095
            ],
            [
              -89.07145688856156,
              29.299501419695304
            ],
            [
              -89.07145324580239,
              29.299321026809377
            ],
            [
              -89.07155614577077,
              29.299319430256112
            ],
            [
              -89.0715506814234,
              29.299048840934876
            ],
            [
              -89.07144778172596,
              29.29905043747056
            ],
            [
              -89.07141864124829,
              29.297607294129236
            ],
            [
              -89.07131574298758,
              29.29760889049195
            ],
            [
              -89.07131210075808,
              29.297428497538778
            ],
            [
              -89.07120920266968,
              29.297430093810593
            ],
            [
              -89.0712073816577,
              29.29733989732616
            ],
            [
              -89.07110448365131,
              29.297341493512945
            ],
            [
              -89.07110266273796,
              29.29725129702131
            ],
            [
              -89.07099976481356,
              29.29725289312305
            ],
            [
              -89.07099794399882,
              29.297162696624248
            ],
            [
              -89.07079214830573,
              29.297165888578427
            ],
            [
              -89.07079032767993,
              29.297075692066596
            ],
            [
              -89.07068742991123,
              29.29707728791904
            ],
            [
              -89.07068925044672,
              29.29716748443673
            ],
            [
              -89.07048345470378,
              29.297170675915783
            ],
            [
              -89.07048709543845,
              29.297351068970645
            ],
            [
              -89.0703841973739,
              29.29735266460311
            ],
            [
              -89.07038783796118,
              29.297533057664378
            ],
            [
              -89.0702849397077,
              29.297534653229366
            ],
            [
              -89.07028675992349,
              29.297624849763885
            ],
            [
              -89.0701838615714,
              29.297626445255542
            ],
            [
              -89.07018750184726,
              29.297806838332317
            ],
            [
              -89.07008460330621,
              29.29780843375649
            ],
            [
              -89.0700973439012,
              29.29843980952458
            ],
            [
              -89.07020024307442,
              29.29843821405939
            ],
            [
              -89.0702038834998,
              29.29861860711237
            ],
            [
              -89.07030678284535,
              29.29861701155629
            ],
            [
              -89.07031770486272,
              29.299158190648363
            ],
            [
              -89.07021480497527,
              29.299159786239592
            ],
            [
              -89.07021662525024,
              29.299249982756155
            ],
            [
              -89.07011372526415,
              29.29925157827405
            ],
            [
              -89.07011736565839,
              29.29943197131494
            ],
            [
              -89.06991156530003,
              29.29943516213655
            ],
            [
              -89.06990974527939,
              29.299344965605044
            ],
            [
              -89.06980684517808,
              29.299346560891212
            ],
            [
              -89.06980502525607,
              29.299256364352534
            ],
            [
              -89.06970212523676,
              29.299257959553632
            ],
            [
              -89.0696984855983,
              29.299077566460603
            ],
            [
              -89.06959558575133,
              29.29907916157081
            ],
            [
              -89.06959012662685,
              29.298808571903777
            ],
            [
              -89.06969302620287,
              29.298806976811143
            ],
            [
              -89.06968756688218,
              29.298536387149777
            ],
            [
              -89.06958466757712,
              29.29853798222484
            ],
            [
              -89.06957193008503,
              29.297906606261094
            ],
            [
              -89.06946903140386,
              29.29790820121598
            ],
            [
              -89.06946539237576,
              29.29772780805986
            ],
            [
              -89.06936249386692,
              29.297729402923856
            ],
            [
              -89.06936067445564,
              29.297639206337962
            ],
            [
              -89.06925777602879,
              29.29764080111692
            ],
            [
              -89.06925413741176,
              29.297460407929464
            ],
            [
              -89.06915123915725,
              29.297462002617507
            ],
            [
              -89.06914578156488,
              29.29719141280884
            ],
            [
              -89.069042883573,
              29.297193007400143
            ],
            [
              -89.06903924540022,
              29.297012614176044
            ],
            [
              -89.06893634758066,
              29.297014208676462
            ],
            [
              -89.0689327096217,
              29.296833815435384
            ],
            [
              -89.06882981197447,
              29.29683540984491
            ],
            [
              -89.06882799309773,
              29.296745213216518
            ],
            [
              -89.06872509553249,
              29.296746807541002
            ],
            [
              -89.06872145798457,
              29.296566414268565
            ],
            [
              -89.06861856059166,
              29.296568008502152
            ],
            [
              -89.06860219284954,
              29.2957562386581
            ],
            [
              -89.06849929626108,
              29.295757832759836
            ],
            [
              -89.06848656689183,
              29.295126456099492
            ],
            [
              -89.06838367092718,
              29.29512805008108
            ],
            [
              -89.06837639754566,
              29.294767263365536
            ],
            [
              -89.06827350193392,
              29.294768857244538
            ],
            [
              -89.0682680472558,
              29.294498267176444
            ],
            [
              -89.06816515190665,
              29.294499860958723
            ],
            [
              -89.06815969757409,
              29.294229270861177
            ],
            [
              -89.06826259265235,
              29.294227677096462
            ],
            [
              -89.06825895629154,
              29.29404728370319
            ],
            [
              -89.06836185118091,
              29.29404568987099
            ],
            [
              -89.06836003292264,
              29.293955493178228
            ],
            [
              -89.0685658224959,
              29.29395230528801
            ],
            [
              -89.06856400406535,
              29.293862108605627
            ],
            [
              -89.06949005592152,
              29.29384775923303
            ],
            [
              -89.06949187516473,
              29.293937955862734
            ],
            [
              -89.07010924323704,
              29.293928386016244
            ],
            [
              -89.07010742345206,
              29.293838189421663
            ],
            [
              -89.07051900163968,
              29.293831807963894
            ],
            [
              -89.07051718150184,
              29.29374161139143
            ],
            [
              -89.07247217436216,
              29.29371128227827
            ],
            [
              -89.0724739962156,
              29.293801478739393
            ],
            [
              -89.07267978494379,
              29.29379828452675
            ],
            [
              -89.07268160698612,
              29.29388848097482
            ],
            [
              -89.07278450142805,
              29.293886883743866
            ],
            [
              -89.07278814571825,
              29.294067276624332
            ],
            [
              -89.07289104033244,
              29.294065679302477
            ],
            [
              -89.07289286258032,
              29.29415587573487
            ],
            [
              -89.07299575727647,
              29.294154278327966
            ],
            [
              -89.07299757962296,
              29.29424447475315
            ],
            [
              -89.0731004744011,
              29.294242877261212
            ],
            [
              -89.07310411929961,
              29.294423270095916
            ],
            [
              -89.07320701425004,
              29.294421672513064
            ],
            [
              -89.07321430450804,
              29.29478245814314
            ],
            [
              -89.07311140919641,
              29.294784055749446
            ],
            [
              -89.07311869922628,
              29.295144841381816
            ],
            [
              -89.07301580354516,
              29.295146438932413
            ],
            [
              -89.07302673829766,
              29.295687617376487
            ],
            [
              -89.0729238420664,
              29.295689214883076
            ],
            [
              -89.07293295413733,
              29.296140196912766
            ],
            [
              -89.0730358508201,
              29.29613859937686
            ],
            [
              -89.07304131843338,
              29.296409188561217
            ],
            [
              -89.07314421537873,
              29.29640759092853
            ],
            [
              -89.07314968333777,
              29.296678180083386
            ],
            [
              -89.07325258054574,
              29.29667658235391
            ],
            [
              -89.0732653400401,
              29.29730795696125
            ],
            [
              -89.0733682378719,
              29.297306359111538
            ],
            [
              -89.07337188369719,
              29.297486751832846
            ],
            [
              -89.07347478170131,
              29.29748515389222
            ],
            [
              -89.0734784277405,
              29.29766554659651
            ],
            [
              -89.07358132591692,
              29.297663948564956
            ],
            [
              -89.07358679530903,
              29.297934537593907
            ],
            [
              -89.07368969374807,
              29.297932939465564
            ],
            [
              -89.07369334023169,
              29.298113332133173
            ],
            [
              -89.07379623884302,
              29.29811173391391
            ],
            [
              -89.07379806218763,
              29.29820193023987
            ],
            [
              -89.07390096088096,
              29.298200331935554
            ],
            [
              -89.07390460777577,
              29.298380724571757
            ],
            [
              -89.07400750664141,
              29.29837912617651
            ],
            [
              -89.07401297731695,
              29.298649715103306
            ],
            [
              -89.07411587644522,
              29.29864811661126
            ],
            [
              -89.0741213474666,
              29.298918705508544
            ],
            [
              -89.07422424685751,
              29.298917106919717
            ],
            [
              -89.07422971822474,
              29.2991876957875
            ],
            [
              -89.07433261787827,
              29.299186097101867
            ],
            [
              -89.07433626567867,
              29.299366489662038
            ],
            [
              -89.0744391655045,
              29.29936489088547
            ],
            [
              -89.07444281351884,
              29.29954528342863
            ],
            [
              -89.074545713517,
              29.299543684561137
            ],
            [
              -89.07454753762697,
              29.299633880824853
            ],
            [
              -89.07465043770712,
              29.29963228187229
            ],
            [
              -89.07465408613268,
              29.29981267438403
            ],
            [
              -89.07475698638514,
              29.29981107534054
            ],
            [
              -89.07475881070071,
              29.29990127158855
            ],
            [
              -89.07486171103518,
              29.299899672459993
            ],
            [
              -89.07486353544942,
              29.299989868700813
            ],
            [
              -89.07496643586587,
              29.29998826948719
            ],
            [
              -89.07497008489996,
              29.30016866195314
            ],
            [
              -89.07507298548873,
              29.30016706264857
            ],
            [
              -89.07507663473676,
              29.300347455097473
            ],
            [
              -89.07517953549785,
              29.300345855701977
            ],
            [
              -89.07518136022469,
              29.300436051918577
            ],
            [
              -89.07528426106778,
              29.300434452438008
            ],
            [
              -89.07528791072706,
              29.30061484485549
            ],
            [
              -89.07539081174247,
              29.300613245283987
            ],
            [
              -89.07539263667493,
              29.300703441484877
            ],
            [
              -89.07549553777234,
              29.30070184182831
            ],
            [
              -89.07549918784288,
              29.300882234214367
            ],
            [
              -89.0756020891126,
              29.300880634466854
            ],
            [
              -89.07560391425069,
              29.300970830652034
            ],
            [
              -89.07570681560243,
              29.300969230819454
            ],
            [
              -89.07570864083918,
              29.30105942699743
            ],
            [
              -89.0758115422729,
              29.301057827079777
            ],
            [
              -89.07581336760829,
              29.301148023250555
            ],
            [
              -89.07591626912402,
              29.30114642324783
            ],
            [
              -89.07593087282969,
              29.30186799251951
            ],
            [
              -89.07603377505971,
              29.301866392390593
            ],
            [
              -89.07604107747377,
              29.302227176971194
            ],
            [
              -89.07614398005678,
              29.302225576739584
            ],
            [
              -89.07614763149446,
              29.30240596901021
            ],
            [
              -89.07625053424982,
              29.302404368687647
            ],
            [
              -89.07625236007148,
              29.302494564815092
            ],
            [
              -89.07635526290883,
              29.302492964407463
            ],
            [
              -89.07635708882917,
              29.302583160527703
            ],
            [
              -89.07645999174851,
              29.302581560034998
            ],
            [
              -89.07646181776751,
              29.30267175614805
            ],
            [
              -89.07656472076886,
              29.30267015557026
            ],
            [
              -89.07656837301252,
              29.302850547780654
            ],
            [
              -89.07667127618622,
              29.302848947111908
            ],
            [
              -89.07667310241087,
              29.302939143209247
            ],
            [
              -89.07677600566656,
              29.30293754245542
            ],
            [
              -89.07677965832154,
              29.303117934634365
            ],
            [
              -89.07688256174957,
              29.303116333789593
            ],
            [
              -89.07688621461857,
              29.303296725951505
            ],
            [
              -89.07698911821893,
              29.303295125015772
            ],
            [
              -89.07699094475628,
              29.303385321088857
            ],
            [
              -89.07709384843865,
              29.303383720068034
            ],
            [
              -89.07709932837166,
              29.30365430826175
            ],
            [
              -89.07720223231671,
              29.3036527071441
            ],
            [
              -89.07720405906807,
              29.303742903200156
            ],
            [
              -89.0773069630951,
              29.303741301997412
            ],
            [
              -89.07730878994512,
              29.30383149804626
            ],
            [
              -89.07741169405418,
              29.303829896758433
            ],
            [
              -89.07741717492527,
              29.304100484879417
            ],
            [
              -89.07752007929702,
              29.304098883494753
            ],
            [
              -89.07752190636106,
              29.30418907952655
            ],
            [
              -89.07741900189899,
              29.304190680917102
            ],
            [
              -89.07742813689255,
              29.30464166108568
            ],
            [
              -89.07753104180634,
              29.30464005966574
            ],
            [
              -89.0775328689204,
              29.30473025568961
            ],
            [
              -89.07763577391619,
              29.304728654184576
            ],
            [
              -89.07764308281719,
              29.30508943824331
            ],
            [
              -89.077745988166,
              29.30508783663557
            ],
            [
              -89.0777532975618,
              29.30544862064961
            ],
            [
              -89.07785620326365,
              29.30544701893914
            ],
            [
              -89.07786168566908,
              29.30571760691815
            ],
            [
              -89.07796459163364,
              29.305716005110824
            ],
            [
              -89.07796641920915,
              29.305806201095304
            ],
            [
              -89.07806932525571,
              29.30580459920289
            ],
            [
              -89.0780711529299,
              29.305894795180166
            ],
            [
              -89.07817405905848,
              29.305893193202657
            ],
            [
              -89.07817771461256,
              29.306073585141487
            ],
            [
              -89.0782806209135,
              29.306071983073004
            ],
            [
              -89.07828427668164,
              29.306252374994774
            ],
            [
              -89.07838718315494,
              29.306250772835313
            ],
            [
              -89.07839632317301,
              29.30670175258719
            ],
            [
              -89.0784992300897,
              29.306700150319116
            ],
            [
              -89.07850654261571,
              29.307060934073274
            ],
            [
              -89.0784036353376,
              29.307062536364867
            ],
            [
              -89.07841094763563,
              29.307423320121387
            ],
            [
              -89.07830803998776,
              29.30742492235729
            ],
            [
              -89.0783135240278,
              29.307695510178405
            ],
            [
              -89.07821061610053,
              29.307697112352724
            ],
            [
              -89.0782124440402,
              29.307787308296337
            ],
            [
              -89.07831535205784,
              29.30778570611614
            ],
            [
              -89.07832632041318,
              29.30832688171475
            ],
            [
              -89.07842922896462,
              29.30832527942004
            ],
            [
              -89.07843288533051,
              29.30850567126389
            ],
            [
              -89.07853579405433,
              29.308504068878204
            ],
            [
              -89.07853945063431,
              29.308684460705003
            ],
            [
              -89.0786423595305,
              29.30868285822833
            ],
            [
              -89.07865333001281,
              29.309224033641687
            ],
            [
              -89.07875623944284,
              29.309222431050504
            ],
            [
              -89.07876172506771,
              29.309493018721682
            ],
            [
              -89.07886463476048,
              29.30949141603363
            ],
            [
              -89.07886646340916,
              29.309581611915483
            ],
            [
              -89.07896937318395,
              29.309580009142334
            ],
            [
              -89.07897668822353,
              29.309940792633025
            ],
            [
              -89.07907959835144,
              29.309939189757106
            ],
            [
              -89.07909240062456,
              29.31057056077369
            ],
            [
              -89.07898948986406,
              29.310572163690782
            ],
            [
              -89.07900960755384,
              29.311564318079096
            ],
            [
              -89.07890669579092,
              29.311565920981657
            ],
            [
              -89.07891035348042,
              29.31174631268319
            ],
            [
              -89.07880744152841,
              29.31174791551829
            ],
            [
              -89.07881292785413,
              29.3120185030783
            ],
            [
              -89.07871001562266,
              29.31202010585181
            ],
            [
              -89.0787118443242,
              29.312110301708383
            ],
            [
              -89.07881475664605,
              29.312108698928988
            ],
            [
              -89.07881841425494,
              29.312289090626408
            ],
            [
              -89.0789213267492,
              29.312287487756016
            ],
            [
              -89.07892498457221,
              29.312467879436365
            ],
            [
              -89.07902789723887,
              29.312466276474986
            ],
            [
              -89.07904252958774,
              29.31318784309641
            ],
            [
              -89.07914544296911,
              29.31318624000874
            ],
            [
              -89.07914727214066,
              29.313276435824573
            ],
            [
              -89.07904435866892,
              29.31327803891814
            ],
            [
              -89.0790608207749,
              29.314089801254102
            ],
            [
              -89.07916373506008,
              29.314088198107587
            ],
            [
              -89.07917105213015,
              29.314448981310075
            ],
            [
              -89.07927396676854,
              29.314447378060795
            ],
            [
              -89.07927762553443,
              29.31462776964233
            ],
            [
              -89.07938054034524,
              29.314626166302045
            ],
            [
              -89.07938419932529,
              29.314806557866515
            ],
            [
              -89.07948711430853,
              29.314804954435214
            ],
            [
              -89.07949260311237,
              29.315075541754357
            ],
            [
              -89.07959551835845,
              29.315073938226163
            ],
            [
              -89.07960283724198,
              29.31543472127628
            ],
            [
              -89.07970575284126,
              29.315433117645313
            ],
            [
              -89.07970941251389,
              29.31561350915065
            ],
            [
              -89.07981232828561,
              29.315611905428653
            ],
            [
              -89.07981964809265,
              29.315972688399945
            ],
            [
              -89.07971673195937,
              29.315974292145466
            ],
            [
              -89.07972039173218,
              29.316154683634927
            ],
            [
              -89.07961747540976,
              29.316156287312978
            ],
            [
              -89.0796193052183,
              29.31624648306162
            ],
            [
              -89.07941347236763,
              29.316249690191743
            ],
            [
              -89.07941530200374,
              29.316339885950814
            ],
            [
              -89.07900363584065,
              29.316346299283623
            ],
            [
              -89.0790054651235,
              29.316436495064906
            ]
          ]
        ]
      },
      "properties": {
        "incident_id": "SP-016",
        "type": "AI-detected-slick",
        "source": "Sentinel-1 SAR",
        "method": "U-Net segmentation + radiometric filtering"
      }
    },
    {
      "type": "Feature",
      "geometry": {
        "type": "Polygon",
        "coordinates": [
          [
            [
              -89.0680706207116,
              29.28980963091749
            ],
            [
              -89.06796773004909,
              29.289811224316374
            ],
            [
              -89.0679659124516,
              29.289721027543937
            ],
            [
              -89.06776013128227,
              29.289724214092494
            ],
            [
              -89.06775831387363,
              29.289634017307048
            ],
            [
              -89.0676554233668,
              29.289635610456727
            ],
            [
              -89.06765360605672,
              29.289545413664097
            ],
            [
              -89.06744782519873,
              29.28954859971427
            ],
            [
              -89.0674460080775,
              29.289458402908632
            ],
            [
              -89.06734311772634,
              29.28945999580912
            ],
            [
              -89.06734130070369,
              29.28936979899631
            ],
            [
              -89.0672384104345,
              29.28937139181179
            ],
            [
              -89.06723659351042,
              29.289281194991805
            ],
            [
              -89.06713370332322,
              29.289282787722286
            ],
            [
              -89.06713188649769,
              29.289192590895137
            ],
            [
              -89.06702899639248,
              29.289194183540598
            ],
            [
              -89.06702717966552,
              29.289103986706273
            ],
            [
              -89.0669242896423,
              29.28910557926672
            ],
            [
              -89.0669224730139,
              29.28901538242524
            ],
            [
              -89.06671669312311,
              29.289018567296964
            ],
            [
              -89.06671850957098,
              29.289108764150157
            ],
            [
              -89.06610116915806,
              29.28911831690055
            ],
            [
              -89.06609935325186,
              29.289028120012272
            ],
            [
              -89.06579068320434,
              29.289032895301244
            ],
            [
              -89.06578886757724,
              29.288942698394134
            ],
            [
              -89.0656859776351,
              29.28894428999295
            ],
            [
              -89.06568416210656,
              29.28885409307868
            ],
            [
              -89.0655812722464,
              29.288855684592498
            ],
            [
              -89.06557764139473,
              29.288675290748287
            ],
            [
              -89.06547475170683,
              29.28867688217126
            ],
            [
              -89.0654729363837,
              29.288586685241338
            ],
            [
              -89.0653700467778,
              29.288588276579304
            ],
            [
              -89.06536823155321,
              29.288498079642196
            ],
            [
              -89.06516245249709,
              29.28850126206897
            ],
            [
              -89.06516063746133,
              29.288411065118872
            ],
            [
              -89.06495485855264,
              29.288414247217318
            ],
            [
              -89.06495122886705,
              29.288233853289796
            ],
            [
              -89.0648483395808,
              29.288235444208592
            ],
            [
              -89.06484471010889,
              29.2880550502641
            ],
            [
              -89.06474182099491,
              29.288056641092055
            ],
            [
              -89.06473819173665,
              29.28787624713059
            ],
            [
              -89.06463530279494,
              29.28787783786771
            ],
            [
              -89.0646334882685,
              29.28778764087916
            ],
            [
              -89.06453059940877,
              29.287789231531278
            ],
            [
              -89.06452878498087,
              29.287699034535564
            ],
            [
              -89.06442589620313,
              29.28770062510268
            ],
            [
              -89.06442408187378,
              29.287610428099796
            ],
            [
              -89.06432119317803,
              29.287612018581928
            ],
            [
              -89.06431756472473,
              29.287431624560533
            ],
            [
              -89.06421467620122,
              29.28743321495182
            ],
            [
              -89.06420741975502,
              29.287072426869816
            ],
            [
              -89.06410453158429,
              29.287074017158588
            ],
            [
              -89.06409908960737,
              29.28680342606571
            ],
            [
              -89.06399620169915,
              29.28680501625781
            ],
            [
              -89.06398894620686,
              29.286444228092112
            ],
            [
              -89.06388605865145,
              29.2864458181817
            ],
            [
              -89.06388061738991,
              29.28617522702604
            ],
            [
              -89.06377773009699,
              29.28617681701896
            ],
            [
              -89.06377591644997,
              29.28608661995859
            ],
            [
              -89.06367302923904,
              29.286088209866527
            ],
            [
              -89.06366940215034,
              29.285907815730152
            ],
            [
              -89.06356651511166,
              29.285909405547258
            ],
            [
              -89.06356470166999,
              29.285819208471256
            ],
            [
              -89.06346181471326,
              29.285820798203368
            ],
            [
              -89.06346000137013,
              29.2857306011202
            ],
            [
              -89.06335711449542,
              29.285732190767327
            ],
            [
              -89.06335348801447,
              29.285551796585366
            ],
            [
              -89.063250601312,
              29.28555338614166
            ],
            [
              -89.06324878817419,
              29.28546318904287
            ],
            [
              -89.0631459015537,
              29.28546477851418
            ],
            [
              -89.06314227548344,
              29.285284384300933
            ],
            [
              -89.06303938903518,
              29.28528597368143
            ],
            [
              -89.06303576317855,
              29.285105579451237
            ],
            [
              -89.06293287690252,
              29.285107168740915
            ],
            [
              -89.06293106407688,
              29.285016971617996
            ],
            [
              -89.06282817788285,
              29.285018560822678
            ],
            [
              -89.06282636515571,
              29.28492836369261
            ],
            [
              -89.06272347904365,
              29.284929952812313
            ],
            [
              -89.06272166641506,
              29.28483975567507
            ],
            [
              -89.062618780385,
              29.284841344709793
            ],
            [
              -89.06261515533313,
              29.28466095041972
            ],
            [
              -89.06251226947529,
              29.28466253936362
            ],
            [
              -89.06250864463702,
              29.28448214505658
            ],
            [
              -89.06240575895143,
              29.28448373390966
            ],
            [
              -89.06240394663494,
              29.28439353674833
            ],
            [
              -89.06230106103135,
              29.28439512551643
            ],
            [
              -89.0622974366037,
              29.284214731178125
            ],
            [
              -89.06219455117234,
              29.28421631985541
            ],
            [
              -89.06219092695828,
              29.284035925500174
            ],
            [
              -89.06208804169914,
              29.28403751408664
            ],
            [
              -89.06208622969477,
              29.2839473169012
            ],
            [
              -89.0619833445176,
              29.283948905402692
            ],
            [
              -89.06198153261175,
              29.283858708210097
            ],
            [
              -89.0618786475166,
              29.283860296626607
            ],
            [
              -89.06187683570926,
              29.283770099426867
            ],
            [
              -89.06177395069606,
              29.28377168775841
            ],
            [
              -89.06177213898725,
              29.2836814905515
            ],
            [
              -89.06166925405604,
              29.28368307879806
            ],
            [
              -89.06166744244575,
              29.283592881584013
            ],
            [
              -89.06156455759653,
              29.28359446974559
            ],
            [
              -89.06156093458124,
              29.283414075301856
            ],
            [
              -89.06145804990423,
              29.28341566337263
            ],
            [
              -89.06145623849925,
              29.283325466142955
            ],
            [
              -89.06135335390424,
              29.28332705412875
            ],
            [
              -89.06135154259776,
              29.283236856891925
            ],
            [
              -89.06124865808472,
              29.283238444792744
            ],
            [
              -89.06124684687677,
              29.283148247548763
            ],
            [
              -89.0611439624457,
              29.283149835364615
            ],
            [
              -89.06114215133626,
              29.283059638113485
            ],
            [
              -89.0610392669872,
              29.28306122584436
            ],
            [
              -89.06103745597625,
              29.282971028586072
            ],
            [
              -89.06093457170917,
              29.282972616231973
            ],
            [
              -89.06093276079675,
              29.282882418966537
            ],
            [
              -89.06082987661163,
              29.28288400652746
            ],
            [
              -89.06082806579772,
              29.28279380925488
            ],
            [
              -89.06072518169461,
              29.28279539673084
            ],
            [
              -89.06072156027207,
              29.28261500217006
            ],
            [
              -89.06061867634116,
              29.28261658955521
            ],
            [
              -89.06061505513217,
              29.28243619497747
            ],
            [
              -89.0605121713735,
              29.282437782271835
            ],
            [
              -89.06051036087165,
              29.282347584975163
            ],
            [
              -89.06040747719496,
              29.28234917218455
            ],
            [
              -89.06040566679161,
              29.282258974880722
            ],
            [
              -89.0603027831969,
              29.282260562005135
            ],
            [
              -89.06029916259547,
              29.282080167381867
            ],
            [
              -89.06019627917298,
              29.282081754415497
            ],
            [
              -89.0601926587851,
              29.28190135977529
            ],
            [
              -89.06008977553483,
              29.281902946718105
            ],
            [
              -89.06008796544354,
              29.281812749390216
            ],
            [
              -89.05998508227526,
              29.281814336248058
            ],
            [
              -89.0599814622979,
              29.281633941576622
            ],
            [
              -89.05987857930185,
              29.28163552834369
            ],
            [
              -89.0598767694158,
              29.281545331000174
            ],
            [
              -89.05977388650173,
              29.281546917682267
            ],
            [
              -89.05977207671418,
              29.28145672033159
            ],
            [
              -89.05966919388209,
              29.281458306928716
            ],
            [
              -89.05966738419305,
              29.281368109570906
            ],
            [
              -89.05956450144294,
              29.281369696083072
            ],
            [
              -89.05955907269606,
              29.281099103984207
            ],
            [
              -89.05945619020841,
              29.281100690399764
            ],
            [
              -89.05945076180659,
              29.280830098271554
            ],
            [
              -89.0593478795814,
              29.2808316845905
            ],
            [
              -89.05934607022087,
              29.28074148720596
            ],
            [
              -89.05924318807766,
              29.280743073439933
            ],
            [
              -89.0592359510791,
              29.280382283865283
            ],
            [
              -89.05913306928858,
              29.28038386999682
            ],
            [
              -89.05912764189706,
              29.280113277784494
            ],
            [
              -89.05902476036898,
              29.28011486381942
            ],
            [
              -89.05901390635029,
              29.279573679324162
            ],
            [
              -89.05891102535536,
              29.27957526524502
            ],
            [
              -89.05877719023694,
              29.27290065213098
            ],
            [
              -89.05888006455582,
              29.272899066641074
            ],
            [
              -89.05887463949054,
              29.27262847408251
            ],
            [
              -89.05897751353058,
              29.272626888530958
            ],
            [
              -89.05897570510179,
              29.27253669101462
            ],
            [
              -89.05928432690176,
              29.272531933902787
            ],
            [
              -89.05928613560116,
              29.27262213140165
            ],
            [
              -89.05949188360694,
              29.27261895958656
            ],
            [
              -89.05949550139127,
              29.272799354557026
            ],
            [
              -89.05959837556219,
              29.272797768519162
            ],
            [
              -89.05960018455694,
              29.2728879659966
            ],
            [
              -89.0597030588098,
              29.272886379873803
            ],
            [
              -89.05970486790301,
              29.272976577344092
            ],
            [
              -89.05980774223781,
              29.272974991136355
            ],
            [
              -89.05980955142948,
              29.27306518859949
            ],
            [
              -89.05991242584622,
              29.27306360230681
            ],
            [
              -89.05991604443474,
              29.273243997217474
            ],
            [
              -89.06001891902363,
              29.27324241083404
            ],
            [
              -89.0600207284205,
              29.273332608281567
            ],
            [
              -89.06012360309131,
              29.27333102181318
            ],
            [
              -89.06012722209022,
              29.27351141669263
            ],
            [
              -89.0602300969332,
              29.27350983013348
            ],
            [
              -89.06023190653524,
              29.273600027565386
            ],
            [
              -89.06033478146016,
              29.2735984409213
            ],
            [
              -89.06033659116066,
              29.273688638346066
            ],
            [
              -89.06043946616752,
              29.273687051617042
            ],
            [
              -89.06044308577373,
              29.273867446450954
            ],
            [
              -89.06054596095274,
              29.27386585963117
            ],
            [
              -89.06054777085843,
              29.2739560570403
            ],
            [
              -89.06065064611941,
              29.27395447013557
            ],
            [
              -89.06065426613598,
              29.27413486493824
            ],
            [
              -89.06075714156911,
              29.27413327794273
            ],
            [
              -89.06076076179914,
              29.274313672728464
            ],
            [
              -89.06086363740441,
              29.274312085642194
            ],
            [
              -89.06086725784793,
              29.27449248041099
            ],
            [
              -89.06097013362535,
              29.274490893233935
            ],
            [
              -89.06097375428232,
              29.274671287985786
            ],
            [
              -89.0610766302319,
              29.274669700717965
            ],
            [
              -89.06107844066298,
              29.27475989808608
            ],
            [
              -89.06118131669452,
              29.274758310733304
            ],
            [
              -89.06118312722407,
              29.274848508094266
            ],
            [
              -89.06128600333754,
              29.27484692065654
            ],
            [
              -89.06128962460188,
              29.27502731536286
            ],
            [
              -89.06139250088751,
              29.275025727834358
            ],
            [
              -89.06139612236532,
              29.27520612252373
            ],
            [
              -89.06149899882311,
              29.275204534904457
            ],
            [
              -89.06150624223876,
              29.275565324244013
            ],
            [
              -89.06160911904914,
              29.275563736522304
            ],
            [
              -89.06161455196829,
              29.275834328495613
            ],
            [
              -89.06171742904104,
              29.275832740677288
            ],
            [
              -89.06172648452271,
              29.276283727243907
            ],
            [
              -89.06182936203827,
              29.27628213931729
            ],
            [
              -89.06183479569711,
              29.276552731223934
            ],
            [
              -89.06193767347504,
              29.276551143200695
            ],
            [
              -89.0619394848014,
              29.27664134049444
            ],
            [
              -89.0620423626613,
              29.276639752386256
            ],
            [
              -89.06204417408615,
              29.276729949672838
            ],
            [
              -89.062147052028,
              29.276728361479694
            ],
            [
              -89.06214886355133,
              29.276818558759125
            ],
            [
              -89.06245749759789,
              29.276813793687463
            ],
            [
              -89.06245930940014,
              29.276903990948078
            ],
            [
              -89.06266506557029,
              29.276900813826362
            ],
            [
              -89.06266687756126,
              29.27699101107399
            ],
            [
              -89.06287263387875,
              29.276987833624094
            ],
            [
              -89.06287444605843,
              29.277078030858725
            ],
            [
              -89.06297732429499,
              29.277076442009253
            ],
            [
              -89.06297913657315,
              29.277166639236743
            ],
            [
              -89.06308201489165,
              29.27716505030232
            ],
            [
              -89.06308382726833,
              29.27725524752264
            ],
            [
              -89.06318670566877,
              29.27725365850326
            ],
            [
              -89.06318851814393,
              29.277343855716413
            ],
            [
              -89.06329139662633,
              29.277342266612067
            ],
            [
              -89.0632950217819,
              29.277522661022772
            ],
            [
              -89.06339790043647,
              29.277521071827636
            ],
            [
              -89.06340152580557,
              29.27770146622137
            ],
            [
              -89.06350440463233,
              29.27769987693543
            ],
            [
              -89.0635062174195,
              29.277790074124482
            ],
            [
              -89.06360909632821,
              29.27778848475358
            ],
            [
              -89.06361090921388,
              29.277878681935483
            ],
            [
              -89.06371378820452,
              29.277877092479613
            ],
            [
              -89.06371741418116,
              29.278057486827773
            ],
            [
              -89.06382029334397,
              29.2780558972811
            ],
            [
              -89.06382391953414,
              29.278236291612295
            ],
            [
              -89.06392679886913,
              29.278234701974824
            ],
            [
              -89.06393042527286,
              29.278415096289063
            ],
            [
              -89.06403330478003,
              29.278413506560796
            ],
            [
              -89.06403511808452,
              29.278503703710083
            ],
            [
              -89.06413799767365,
              29.27850211389685
            ],
            [
              -89.06414525133532,
              29.278862902457483
            ],
            [
              -89.06424813127707,
              29.278861312541764
            ],
            [
              -89.06425357188091,
              29.27913190393084
            ],
            [
              -89.06435645208506,
              29.27913031391847
            ],
            [
              -89.06436189303409,
              29.27940090527816
            ],
            [
              -89.06446477350066,
              29.279399315169133
            ],
            [
              -89.06447202857616,
              29.279760103606872
            ],
            [
              -89.06457490939536,
              29.279758513395368
            ],
            [
              -89.06457853716326,
              29.27993890759462
            ],
            [
              -89.06468141815465,
              29.279937317292305
            ],
            [
              -89.06468323214125,
              29.280027514384113
            ],
            [
              -89.0647861132146,
              29.28002592399682
            ],
            [
              -89.0647879272997,
              29.280116121081463
            ],
            [
              -89.06489080845499,
              29.2801145306092
            ],
            [
              -89.06489625103069,
              29.280385121837686
            ],
            [
              -89.06499913244842,
              29.28038353126877
            ],
            [
              -89.06500276105407,
              29.28056392540281
            ],
            [
              -89.06520852422562,
              29.280560744004198
            ],
            [
              -89.06521033872134,
              29.280650941057562
            ],
            [
              -89.06531322038494,
              29.280649350233706
            ],
            [
              -89.06531503497918,
              29.2807395472799
            ],
            [
              -89.06541791672471,
              29.280737956371073
            ],
            [
              -89.06542154611851,
              29.28091835044781
            ],
            [
              -89.06552442803624,
              29.280916759448164
            ],
            [
              -89.06552805764365,
              29.28109715350793
            ],
            [
              -89.06563093973357,
              29.281095562417466
            ],
            [
              -89.06563275463994,
              29.281185759439527
            ],
            [
              -89.06573563681181,
              29.281184168264083
            ],
            [
              -89.06573745181667,
              29.28127436527898
            ],
            [
              -89.06584033407051,
              29.28127277401855
            ],
            [
              -89.06584396428562,
              29.28145316803269
            ],
            [
              -89.06594684671163,
              29.281451576681437
            ],
            [
              -89.06594866192184,
              29.28154177368068
            ],
            [
              -89.06605154442983,
              29.28154018224445
            ],
            [
              -89.06605335973856,
              29.281630379236535
            ],
            [
              -89.06615624232849,
              29.28162878771531
            ],
            [
              -89.06615805773575,
              29.281718984700234
            ],
            [
              -89.06626094040763,
              29.28171739309404
            ],
            [
              -89.06626457142751,
              29.281897787048205
            ],
            [
              -89.06647033710738,
              29.28189460357502
            ],
            [
              -89.06647396852135,
              29.282074997500537
            ],
            [
              -89.06667973452905,
              29.28207181368741
            ],
            [
              -89.06668155042894,
              29.282162010636497
            ],
            [
              -89.06678443351059,
              29.28216041860537
            ],
            [
              -89.06678624950902,
              29.282250615547284
            ],
            [
              -89.06688913267264,
              29.28224902343118
            ],
            [
              -89.0668909487696,
              29.282339220365923
            ],
            [
              -89.06699383201517,
              29.28233762816484
            ],
            [
              -89.06699564821066,
              29.282427825092405
            ],
            [
              -89.06709853153819,
              29.28242623280634
            ],
            [
              -89.06710034783221,
              29.28251642972676
            ],
            [
              -89.06720323124168,
              29.282514837355688
            ],
            [
              -89.06720504763423,
              29.282605034268936
            ],
            [
              -89.06730793112565,
              29.282603441812878
            ],
            [
              -89.06731156411612,
              29.2827838356237
            ],
            [
              -89.06741444777975,
              29.28278224307681
            ],
            [
              -89.06741808098388,
              29.28296263687066
            ],
            [
              -89.0675209648197,
              29.28296104423293
            ],
            [
              -89.06752459823748,
              29.283141438009796
            ],
            [
              -89.06762748224551,
              29.283139845281234
            ],
            [
              -89.06763111587695,
              29.28332023904111
            ],
            [
              -89.06773400005717,
              29.283318646221698
            ],
            [
              -89.06773945083725,
              29.28358923683408
            ],
            [
              -89.06784233527993,
              29.283587643917972
            ],
            [
              -89.06784778640538,
              29.2838582345009
            ],
            [
              -89.06795067111052,
              29.283856641488114
            ],
            [
              -89.06795430541612,
              29.28403703519177
            ],
            [
              -89.06805719029346,
              29.28403544208813
            ],
            [
              -89.06807899790672,
              29.28511780412881
            ],
            [
              -89.06797611194634,
              29.285119397302644
            ],
            [
              -89.0679870156593,
              29.285660578286727
            ],
            [
              -89.0680899021612,
              29.28565898507779
            ],
            [
              -89.06810080671428,
              29.286200165979203
            ],
            [
              -89.06820369374945,
              29.286198572656016
            ],
            [
              -89.06820732884736,
              29.286378966267552
            ],
            [
              -89.06831021605475,
              29.286377372853508
            ],
            [
              -89.06831385136637,
              29.28655776644805
            ],
            [
              -89.068416738746,
              29.286556172943158
            ],
            [
              -89.06841855650448,
              29.286646369732598
            ],
            [
              -89.06852144396609,
              29.2866447761427
            ],
            [
              -89.06852326182316,
              29.28673497292496
            ],
            [
              -89.06862614936672,
              29.286733379250066
            ],
            [
              -89.06862796732233,
              29.28682357602516
            ],
            [
              -89.06873085494787,
              29.28682198226525
            ],
            [
              -89.06873267300205,
              29.28691217903317
            ],
            [
              -89.06893844840874,
              29.28690899126418
            ],
            [
              -89.06894026665174,
              29.286999188019077
            ],
            [
              -89.0690431544329,
              29.286997594009996
            ],
            [
              -89.06904497277448,
              29.287087790757717
            ],
            [
              -89.06925074849244,
              29.2870846024904
            ],
            [
              -89.06925438556152,
              29.28726499595845
            ],
            [
              -89.06935727358858,
              29.28726340169435
            ],
            [
              -89.06935909222584,
              29.287353598420538
            ],
            [
              -89.06956486843558,
              29.287350409643167
            ],
            [
              -89.06956668726167,
              29.287440606356327
            ],
            [
              -89.06966957544435,
              29.28743901184304
            ],
            [
              -89.06967139436901,
              29.28752920854903
            ],
            [
              -89.06977428263367,
              29.287527613950743
            ],
            [
              -89.06977610165688,
              29.287617810649564
            ],
            [
              -89.0698789900035,
              29.287616215966256
            ],
            [
              -89.06988080912531,
              29.28770641265789
            ],
            [
              -89.06998369755388,
              29.28770481788958
            ],
            [
              -89.06998551677424,
              29.287795014574034
            ],
            [
              -89.07008840528479,
              29.2877934197207
            ],
            [
              -89.07009204393094,
              29.287973813073943
            ],
            [
              -89.07019493261372,
              29.287972218129756
            ],
            [
              -89.0702094882526,
              29.288693791442995
            ],
            [
              -89.07031237764923,
              29.288692196372786
            ],
            [
              -89.07031419723174,
              29.28878239302514
            ],
            [
              -89.07021130774484,
              29.288783988101205
            ],
            [
              -89.07021676627133,
              29.28905457806789
            ],
            [
              -89.0701138765053,
              29.28905617308236
            ],
            [
              -89.07011569594047,
              29.289146369741133
            ],
            [
              -89.06949835662834,
              29.289155938200683
            ],
            [
              -89.0694965377348,
              29.28906574150678
            ],
            [
              -89.06929075807824,
              29.2890689303483
            ],
            [
              -89.06928893937356,
              29.288978733641358
            ],
            [
              -89.06898027009727,
              29.28898351629235
            ],
            [
              -89.0689784516717,
              29.28889331956654
            ],
            [
              -89.06866978259154,
              29.288898101487522
            ],
            [
              -89.0686679644451,
              29.288807904742836
            ],
            [
              -89.06846218519738,
              29.288811092282653
            ],
            [
              -89.06846400316329,
              29.28890128903905
            ],
            [
              -89.06825822370183,
              29.28890447627393
            ],
            [
              -89.06826004149549,
              29.288994673040715
            ],
            [
              -89.06815715166206,
              29.288996266545254
            ],
            [
              -89.06817169358776,
              29.289717840678723
            ],
            [
              -89.06806880302382,
              29.28971943415091
            ],
            [
              -89.0680706207116,
              29.28980963091749
            ]
          ]
        ]
      },
      "properties": {
        "incident_id": "SP-016",
        "type": "AI-detected-slick",
        "source": "Sentinel-1 SAR",
        "method": "U-Net segmentation + radiometric filtering"
      }
    },
    {
      "type": "Feature",
      "geometry": {
        "type": "Polygon",
        "coordinates": [
          [
            [
              -89.05828108098754,
              29.278953396851822
            ],
            [
              -89.05807532013708,
              29.278956567425023
            ],
            [
              -89.0580735120327,
              29.278866369942875
            ],
            [
              -89.05776487096583,
              29.278871125191753
            ],
            [
              -89.0577630631404,
              29.27878092769083
            ],
            [
              -89.05755730256834,
              29.27878409744944
            ],
            [
              -89.05755549493163,
              29.278693899935565
            ],
            [
              -89.05734973450703,
              29.278697069366018
            ],
            [
              -89.05734792705903,
              29.278606871839173
            ],
            [
              -89.05703928663094,
              29.278611625373934
            ],
            [
              -89.05703747946185,
              29.27852142782831
            ],
            [
              -89.05683171931568,
              29.2785245964442
            ],
            [
              -89.0568299123353,
              29.278434398885608
            ],
            [
              -89.05672703234008,
              29.278435983069038
            ],
            [
              -89.05672341858453,
              29.278255587936282
            ],
            [
              -89.05662053876149,
              29.27825717202895
            ],
            [
              -89.0566187319863,
              29.278166974454773
            ],
            [
              -89.05651585224527,
              29.278168558462497
            ],
            [
              -89.05651404556856,
              29.27807836088117
            ],
            [
              -89.0564111659095,
              29.27807994480395
            ],
            [
              -89.05640935933127,
              29.277989747215507
            ],
            [
              -89.05630647975417,
              29.277991331053332
            ],
            [
              -89.05630467327441,
              29.277901133457743
            ],
            [
              -89.05609891427596,
              29.277904300884384
            ],
            [
              -89.05609710798488,
              29.277814103275848
            ],
            [
              -89.05589134913392,
              29.277817270374346
            ],
            [
              -89.05588954303153,
              29.277727072752853
            ],
            [
              -89.0557866636839,
              29.277728656177604
            ],
            [
              -89.05578485767998,
              29.277638458548974
            ],
            [
              -89.05568197841433,
              29.27764004188878
            ],
            [
              -89.05568017250889,
              29.277549844253013
            ],
            [
              -89.05557729332523,
              29.277551427507873
            ],
            [
              -89.05557548751824,
              29.27746122986498
            ],
            [
              -89.05547260841657,
              29.2774628130349
            ],
            [
              -89.05547080270804,
              29.277372615384873
            ],
            [
              -89.05536792368834,
              29.277374198469847
            ],
            [
              -89.05536431247647,
              29.27719380315421
            ],
            [
              -89.05526143362897,
              29.277195386148428
            ],
            [
              -89.05525782263051,
              29.277014990815875
            ],
            [
              -89.05515494395522,
              29.277016573719354
            ],
            [
              -89.05515133317016,
              29.27683617836989
            ],
            [
              -89.05504845466707,
              29.276837761182616
            ],
            [
              -89.05504664937712,
              29.2767475635001
            ],
            [
              -89.05494377095602,
              29.276749146227885
            ],
            [
              -89.05494196576451,
              29.276658948538216
            ],
            [
              -89.05483908742538,
              29.27666053118107
            ],
            [
              -89.05483728233236,
              29.27657033348428
            ],
            [
              -89.05473440407519,
              29.27657191604219
            ],
            [
              -89.05473079409428,
              29.276391520633034
            ],
            [
              -89.05462791600934,
              29.276393103100204
            ],
            [
              -89.05462611112146,
              29.276302905387826
            ],
            [
              -89.05452323311849,
              29.276304487770066
            ],
            [
              -89.05452142832907,
              29.27621429005056
            ],
            [
              -89.05441855040807,
              29.276215872347862
            ],
            [
              -89.0544167457171,
              29.27612567462122
            ],
            [
              -89.0543138678781,
              29.276127256833576
            ],
            [
              -89.0543102587013,
              29.275946861364737
            ],
            [
              -89.05420738103449,
              29.27594844348636
            ],
            [
              -89.05420557654867,
              29.275858245744146
            ],
            [
              -89.05410269896383,
              29.275859827780835
            ],
            [
              -89.05409909019733,
              29.275679432280825
            ],
            [
              -89.05399621278468,
              29.275681014226766
            ],
            [
              -89.05399260423154,
              29.275500618709863
            ],
            [
              -89.0538897269911,
              29.275502200565064
            ],
            [
              -89.0538879228171,
              29.27541200279883
            ],
            [
              -89.05378504565863,
              29.275413584569108
            ],
            [
              -89.05378143751577,
              29.275233189021044
            ],
            [
              -89.05367856052949,
              29.275234770700575
            ],
            [
              -89.05367495259998,
              29.275054375135625
            ],
            [
              -89.0535720757859,
              29.27505595672443
            ],
            [
              -89.05357027192372,
              29.274965758934144
            ],
            [
              -89.05346739519162,
              29.27496734043803
            ],
            [
              -89.05346378767234,
              29.27478694484192
            ],
            [
              -89.05336091111245,
              29.27478852625507
            ],
            [
              -89.05335550016592,
              29.27451793283356
            ],
            [
              -89.05325262386842,
              29.27451951415016
            ],
            [
              -89.05325082032626,
              29.27442931633455
            ],
            [
              -89.05314794411072,
              29.274430897566223
            ],
            [
              -89.053146140667,
              29.274340699743483
            ],
            [
              -89.05304326453346,
              29.274342280890238
            ],
            [
              -89.05303965785112,
              29.27416188522918
            ],
            [
              -89.05293678188976,
              29.274163466285202
            ],
            [
              -89.05293497865114,
              29.27407326844689
            ],
            [
              -89.05283210277176,
              29.274074849417985
            ],
            [
              -89.05282849649963,
              29.273894453725795
            ],
            [
              -89.05272562079244,
              29.27389603460616
            ],
            [
              -89.05272381775893,
              29.273805836752285
            ],
            [
              -89.0526209421337,
              29.273807417547722
            ],
            [
              -89.0526173362718,
              29.27362702182439
            ],
            [
              -89.05251446081876,
              29.27362860252912
            ],
            [
              -89.05251085517017,
              29.27344820678889
            ],
            [
              -89.05240797988931,
              29.27344978740288
            ],
            [
              -89.05240617716757,
              29.273359589524983
            ],
            [
              -89.05230330196869,
              29.273361170054056
            ],
            [
              -89.05230149934539,
              29.273270972169026
            ],
            [
              -89.0521986242285,
              29.273272552613193
            ],
            [
              -89.0521968217036,
              29.273182354721055
            ],
            [
              -89.05209394666869,
              29.273183935080294
            ],
            [
              -89.05209214424224,
              29.27309373718103
            ],
            [
              -89.0519892692893,
              29.27309531745534
            ],
            [
              -89.05198566464149,
              29.27291492164123
            ],
            [
              -89.05188278986073,
              29.272916501824827
            ],
            [
              -89.05188098763936,
              29.27282630390999
            ],
            [
              -89.05177811294058,
              29.27282788400868
            ],
            [
              -89.05177631081764,
              29.272737686086717
            ],
            [
              -89.05167343620083,
              29.272739266100494
            ],
            [
              -89.05166983216004,
              29.272558870241006
            ],
            [
              -89.05156695771542,
              29.272560450164068
            ],
            [
              -89.05156515579756,
              29.27247025222653
            ],
            [
              -89.05146228143491,
              29.27247183206466
            ],
            [
              -89.05146047961549,
              29.272381634120027
            ],
            [
              -89.05135760533481,
              29.27238321387325
            ],
            [
              -89.0513558036138,
              29.27229301592148
            ],
            [
              -89.05125292941511,
              29.272294595589802
            ],
            [
              -89.05124932617817,
              29.272114199670707
            ],
            [
              -89.0510435781169,
              29.27211735874679
            ],
            [
              -89.05103997527365,
              29.271936962799206
            ],
            [
              -89.05093710141108,
              29.27193854220698
            ],
            [
              -89.050935300092,
              29.271848344225408
            ],
            [
              -89.0508324263114,
              29.271849923548274
            ],
            [
              -89.05082522147804,
              29.271489131585593
            ],
            [
              -89.05072234805002,
              29.271490710806148
            ],
            [
              -89.05071514370898,
              29.27112991879916
            ],
            [
              -89.05081801677623,
              29.271128339601805
            ],
            [
              -89.05081621562132,
              29.271038141602556
            ],
            [
              -89.05091908859015,
              29.271036562331886
            ],
            [
              -89.05091728735326,
              29.27094636433713
            ],
            [
              -89.05122590593982,
              29.270941626067913
            ],
            [
              -89.05122410444058,
              29.270851428089237
            ],
            [
              -89.0582194330646,
              29.270743836754253
            ],
            [
              -89.05822124069695,
              29.270834034337746
            ],
            [
              -89.05842698525996,
              29.270830864337736
            ],
            [
              -89.05843060091021,
              29.27101125947749
            ],
            [
              -89.05853347335972,
              29.271009674347184
            ],
            [
              -89.05857324967538,
              29.27299402040782
            ],
            [
              -89.05867612410098,
              29.27299243507031
            ],
            [
              -89.05867793230044,
              29.273082632597514
            ],
            [
              -89.05857505778464,
              29.27308421794084
            ],
            [
              -89.05857686590213,
              29.273174415472553
            ],
            [
              -89.05867974050814,
              29.2731728301234
            ],
            [
              -89.05868878167047,
              29.273623817733025
            ],
            [
              -89.05858590661344,
              29.273625403111293
            ],
            [
              -89.05858771478047,
              29.273715600635086
            ],
            [
              -89.05869058992769,
              29.273714015250984
            ],
            [
              -89.05869239819319,
              29.273804212767633
            ],
            [
              -89.05858952295574,
              29.27380579815755
            ],
            [
              -89.05859133113927,
              29.273895995678693
            ],
            [
              -89.05869420646691,
              29.273894410282967
            ],
            [
              -89.0586960147489,
              29.273984607796965
            ],
            [
              -89.05859313933105,
              29.273986193198528
            ],
            [
              -89.05859494753108,
              29.27407639071703
            ],
            [
              -89.05869782303914,
              29.274074805309645
            ],
            [
              -89.05869963133763,
              29.274165002821018
            ],
            [
              -89.05859675573936,
              29.27416658823422
            ],
            [
              -89.0585985639559,
              29.274256785750087
            ],
            [
              -89.05870143964437,
              29.274255200331062
            ],
            [
              -89.05870324795937,
              29.27434539783978
            ],
            [
              -89.05860037218069,
              29.274346983264632
            ],
            [
              -89.05860218041374,
              29.27443718077786
            ],
            [
              -89.05870505628262,
              29.27443559534718
            ],
            [
              -89.05870686461414,
              29.274525792853268
            ],
            [
              -89.05860398865504,
              29.274527378289765
            ],
            [
              -89.05860579690459,
              29.274617575800345
            ],
            [
              -89.0587086729539,
              29.274615990358022
            ],
            [
              -89.05871048130192,
              29.27470618786148
            ],
            [
              -89.0586076051624,
              29.274707773309625
            ],
            [
              -89.05860941342844,
              29.274797970817573
            ],
            [
              -89.05871228965817,
              29.2747963853636
            ],
            [
              -89.05871409802269,
              29.27488658286439
            ],
            [
              -89.05861122170276,
              29.27488816832418
            ],
            [
              -89.05868175083879,
              29.278405870052744
            ],
            [
              -89.05857887099205,
              29.278407455660503
            ],
            [
              -89.05858429655954,
              29.278678048035452
            ],
            [
              -89.05848141643389,
              29.27867963358154
            ],
            [
              -89.0584850333397,
              29.27886002850322
            ],
            [
              -89.05827927270272,
              29.278863199381313
            ],
            [
              -89.05828108098754,
              29.278953396851822
            ]
          ]
        ]
      },
      "properties": {
        "incident_id": "SP-016",
        "type": "AI-detected-slick",
        "source": "Sentinel-1 SAR",
        "method": "U-Net segmentation + radiometric filtering"
      }
    },
    {
      "type": "Feature",
      "geometry": {
        "type": "Polygon",
        "coordinates": [
          [
            [
              -89.05718709722039,
              29.27057928666249
            ],
            [
              -89.04988315724164,
              29.270691559259756
            ],
            [
              -89.04988135693958,
              29.27060136120171
            ],
            [
              -89.04967561173127,
              29.270604518023813
            ],
            [
              -89.04967381161782,
              29.270514319952863
            ],
            [
              -89.04957093909154,
              29.27051589823946
            ],
            [
              -89.0495691390765,
              29.270425700161397
            ],
            [
              -89.0494662666322,
              29.270427278363094
            ],
            [
              -89.04946446671555,
              29.270337080277915
            ],
            [
              -89.04936159435321,
              29.27033865839471
            ],
            [
              -89.049359794535,
              29.270248460302405
            ],
            [
              -89.04915404996608,
              29.270251616287084
            ],
            [
              -89.04915045071502,
              29.27007122007535
            ],
            [
              -89.048944706474,
              29.27007437572043
            ],
            [
              -89.0489429070412,
              29.269984177600996
            ],
            [
              -89.04884003499855,
              29.26998575529909
            ],
            [
              -89.04883823566414,
              29.269895557172525
            ],
            [
              -89.04873536370347,
              29.269897134785722
            ],
            [
              -89.04873176523965,
              29.269716738517065
            ],
            [
              -89.04862889345115,
              29.269718316039565
            ],
            [
              -89.04862709432176,
              29.269628117897465
            ],
            [
              -89.04852422261526,
              29.269629695335073
            ],
            [
              -89.04852062456146,
              29.269449299035333
            ],
            [
              -89.04841775302711,
              29.269450876382244
            ],
            [
              -89.04841595410272,
              29.269360678224597
            ],
            [
              -89.04831308265034,
              29.269362255486612
            ],
            [
              -89.04830948500657,
              29.26918185915578
            ],
            [
              -89.04820661372636,
              29.269183436327115
            ],
            [
              -89.0482030162958,
              29.26900303997942
            ],
            [
              -89.04810014518777,
              29.269004617060066
            ],
            [
              -89.04809834657499,
              29.268914418878445
            ],
            [
              -89.04799547554892,
              29.268915995874195
            ],
            [
              -89.04799367703454,
              29.26882579768546
            ],
            [
              -89.04789080609044,
              29.26882737459632
            ],
            [
              -89.04788720926668,
              29.268646978203314
            ],
            [
              -89.04778433849474,
              29.268648555023486
            ],
            [
              -89.04778254018537,
              29.26855835681922
            ],
            [
              -89.04767966949541,
              29.268559933554496
            ],
            [
              -89.04767607308163,
              29.268379537130414
            ],
            [
              -89.04757320256383,
              29.26838111377502
            ],
            [
              -89.04756960636325,
              29.26820071733407
            ],
            [
              -89.04746673601761,
              29.26820229388799
            ],
            [
              -89.04746493801981,
              29.268112095659756
            ],
            [
              -89.04736206775615,
              29.268113672128784
            ],
            [
              -89.04736026985674,
              29.268023473893436
            ],
            [
              -89.04725739967506,
              29.268025050277572
            ],
            [
              -89.04725380408124,
              29.26784465379134
            ],
            [
              -89.04715093407171,
              29.267846230084793
            ],
            [
              -89.04714913637729,
              29.267756031833912
            ],
            [
              -89.04704626644973,
              29.267757608042494
            ],
            [
              -89.04704267126586,
              29.26757721152518
            ],
            [
              -89.04693980151046,
              29.267578787643078
            ],
            [
              -89.046938004021,
              29.26748858937666
            ],
            [
              -89.04683513434759,
              29.267490165409672
            ],
            [
              -89.04683333695651,
              29.267399967136136
            ],
            [
              -89.04673046736507,
              29.26740154308427
            ],
            [
              -89.04672867007238,
              29.26731134480363
            ],
            [
              -89.04662580056291,
              29.267312920666882
            ],
            [
              -89.0466240033686,
              29.26722272237913
            ],
            [
              -89.04652113394111,
              29.267224298157505
            ],
            [
              -89.04651933684521,
              29.267134099862638
            ],
            [
              -89.04641646749968,
              29.26713567555612
            ],
            [
              -89.04641467050213,
              29.267045477254168
            ],
            [
              -89.04631180123859,
              29.26704705286276
            ],
            [
              -89.04631000433943,
              29.266956854553694
            ],
            [
              -89.04620713515786,
              29.266958430077416
            ],
            [
              -89.04620533835708,
              29.266868231761226
            ],
            [
              -89.04610246925749,
              29.266869807200063
            ],
            [
              -89.04610067255508,
              29.266779608876785
            ],
            [
              -89.04599780353746,
              29.26678118423074
            ],
            [
              -89.04599600693345,
              29.266690985900357
            ],
            [
              -89.04589313799781,
              29.266692561169446
            ],
            [
              -89.04589134149215,
              29.266602362831943
            ],
            [
              -89.04578847263849,
              29.266603938016146
            ],
            [
              -89.04578667623122,
              29.26651373967154
            ],
            [
              -89.04568380745953,
              29.266515314770857
            ],
            [
              -89.04568021484992,
              29.266334918066136
            ],
            [
              -89.04557734625038,
              29.266336493074785
            ],
            [
              -89.04557375385393,
              29.266156096353228
            ],
            [
              -89.04547088542655,
              29.266157671271216
            ],
            [
              -89.0454690893308,
              29.266067472902662
            ],
            [
              -89.04536622098537,
              29.266069047735776
            ],
            [
              -89.04536442498801,
              29.265978849360124
            ],
            [
              -89.04526155672455,
              29.26598042410836
            ],
            [
              -89.04525976082554,
              29.265890225725606
            ],
            [
              -89.04515689264409,
              29.265891800388975
            ],
            [
              -89.045153301051,
              29.26571140360795
            ],
            [
              -89.04505043304168,
              29.265712978180645
            ],
            [
              -89.04504684166174,
              29.26553258138277
            ],
            [
              -89.04494397382456,
              29.265534155864817
            ],
            [
              -89.04494217823705,
              29.265443957458103
            ],
            [
              -89.04483931048185,
              29.265445531855278
            ],
            [
              -89.04483751499271,
              29.265355333441473
            ],
            [
              -89.04473464731949,
              29.265356907753773
            ],
            [
              -89.04473285192871,
              29.265266709332877
            ],
            [
              -89.04462998433746,
              29.2652682835603
            ],
            [
              -89.04462818904504,
              29.265178085132295
            ],
            [
              -89.04452532153577,
              29.265179659274846
            ],
            [
              -89.04452352634173,
              29.265089460839736
            ],
            [
              -89.04442065891442,
              29.265091034897416
            ],
            [
              -89.04441706873126,
              29.2649106380117
            ],
            [
              -89.0443142014761,
              29.26491221197873
            ],
            [
              -89.04431240648697,
              29.264822013528104
            ],
            [
              -89.0442095393138,
              29.264823587410255
            ],
            [
              -89.04420774442302,
              29.26473338895254
            ],
            [
              -89.04410487733182,
              29.26473496274982
            ],
            [
              -89.0441012877552,
              29.264554565818848
            ],
            [
              -89.04399842083613,
              29.26455613952549
            ],
            [
              -89.04399662615027,
              29.264465941052254
            ],
            [
              -89.04389375931319,
              29.264467514674028
            ],
            [
              -89.04389196472569,
              29.264377316193677
            ],
            [
              -89.04378909797057,
              29.264378889730587
            ],
            [
              -89.04378730348144,
              29.264288691243145
            ],
            [
              -89.0436844368083,
              29.264290264695184
            ],
            [
              -89.04368264241752,
              29.26420006620064
            ],
            [
              -89.043476909227,
              29.264203212855907
            ],
            [
              -89.04347511502473,
              29.26411301434849
            ],
            [
              -89.04337224850735,
              29.264114587551717
            ],
            [
              -89.04337045440344,
              29.264024389037186
            ],
            [
              -89.04326758796803,
              29.26402596215555
            ],
            [
              -89.04326579396249,
              29.263935763633935
            ],
            [
              -89.04316292760906,
              29.263937336667432
            ],
            [
              -89.04316113370186,
              29.263847138138722
            ],
            [
              -89.04295540115075,
              29.263850283956902
            ],
            [
              -89.04295360743208,
              29.26376008541531
            ],
            [
              -89.0428507412344,
              29.26376165819999
            ],
            [
              -89.04284894761408,
              29.263671459651313
            ],
            [
              -89.04274608149838,
              29.263673032351132
            ],
            [
              -89.0427442879764,
              29.263582833795365
            ],
            [
              -89.04264142194269,
              29.263584406410313
            ],
            [
              -89.04263962851905,
              29.263494207847447
            ],
            [
              -89.04253676256732,
              29.263495780377546
            ],
            [
              -89.04253317592494,
              29.26331538323629
            ],
            [
              -89.04243031014532,
              29.263316955675755
            ],
            [
              -89.04242851692659,
              29.263226757097367
            ],
            [
              -89.04232565122895,
              29.263228329451977
            ],
            [
              -89.04232385810855,
              29.263138130866494
            ],
            [
              -89.0422209924929,
              29.26313970313624
            ],
            [
              -89.04221740645697,
              29.262959305949796
            ],
            [
              -89.04211454101345,
              29.2629608781289
            ],
            [
              -89.04211274809792,
              29.26287067952791
            ],
            [
              -89.0420098827364,
              29.262872251622166
            ],
            [
              -89.04200808991921,
              29.262782053014092
            ],
            [
              -89.04190522463963,
              29.262783625023484
            ],
            [
              -89.04190343192079,
              29.262693426408326
            ],
            [
              -89.04180056672321,
              29.26269499833286
            ],
            [
              -89.0417987741027,
              29.262604799710605
            ],
            [
              -89.0416959089871,
              29.262606371550277
            ],
            [
              -89.04169232395095,
              29.262425974290267
            ],
            [
              -89.04158945900748,
              29.262427546039323
            ],
            [
              -89.04158766659184,
              29.262337347401534
            ],
            [
              -89.04148480173033,
              29.26233891906574
            ],
            [
              -89.04148300941304,
              29.262248720420885
            ],
            [
              -89.04138014463351,
              29.26225029200023
            ],
            [
              -89.04137656020377,
              29.262069894695017
            ],
            [
              -89.04127369559637,
              29.262071466183734
            ],
            [
              -89.04127011137967,
              29.2618910688617
            ],
            [
              -89.0411672469444,
              29.261892640259806
            ],
            [
              -89.04116366294073,
              29.261712242920947
            ],
            [
              -89.04106079867759,
              29.261713814228415
            ],
            [
              -89.04105900677818,
              29.261623615551237
            ],
            [
              -89.04095614259703,
              29.261625186773863
            ],
            [
              -89.04095255900305,
              29.261444789404006
            ],
            [
              -89.04084969499401,
              29.26144636053601
            ],
            [
              -89.04084611161306,
              29.26126596314935
            ],
            [
              -89.04074324777616,
              29.261267534190715
            ],
            [
              -89.0407414561881,
              29.261177335489638
            ],
            [
              -89.04063859243317,
              29.261178906446165
            ],
            [
              -89.0406350094619,
              29.260998509028497
            ],
            [
              -89.0405321458791,
              29.261000079894412
            ],
            [
              -89.04053035449586,
              29.260909881177827
            ],
            [
              -89.04042749099504,
              29.26091145195889
            ],
            [
              -89.04042569971014,
              29.260821253235225
            ],
            [
              -89.04021997286426,
              29.260824394548585
            ],
            [
              -89.04021818176784,
              29.26073419581206
            ],
            [
              -89.04011531842278,
              29.260735766344364
            ],
            [
              -89.0401135274247,
              29.260645567600744
            ],
            [
              -89.03990780089035,
              29.260648708416564
            ],
            [
              -89.0399042192793,
              29.26046831090231
            ],
            [
              -89.03980135618016,
              29.260469881180068
            ],
            [
              -89.03979956547704,
              29.260379682415184
            ],
            [
              -89.03969670245988,
              29.260381252608113
            ],
            [
              -89.0396949118551,
              29.260291053836152
            ],
            [
              -89.0395920489199,
              29.260292623944224
            ],
            [
              -89.03959025841344,
              29.26020242516518
            ],
            [
              -89.03948739556022,
              29.260203995188416
            ],
            [
              -89.03948560515208,
              29.260113796402273
            ],
            [
              -89.03938274238084,
              29.260115366340667
            ],
            [
              -89.03938095207101,
              29.26002516754745
            ],
            [
              -89.03927808938174,
              29.260026737401
            ],
            [
              -89.03927629917024,
              29.259936538600698
            ],
            [
              -89.0390705739475,
              29.259939678059055
            ],
            [
              -89.03906878392445,
              29.25984947924589
            ],
            [
              -89.03886305884932,
              29.259852618376417
            ],
            [
              -89.03886126901473,
              29.259762419550416
            ],
            [
              -89.0386555440872,
              29.25976555835311
            ],
            [
              -89.0386537544411,
              29.25967535951425
            ],
            [
              -89.03855089205523,
              29.259676928791237
            ],
            [
              -89.03854910250742,
              29.259586729945294
            ],
            [
              -89.03844624020351,
              29.259588299137434
            ],
            [
              -89.03844445075404,
              29.259498100284407
            ],
            [
              -89.03834158853212,
              29.259499669391715
            ],
            [
              -89.03833800983793,
              29.259319271670194
            ],
            [
              -89.03823514778814,
              29.259320840686886
            ],
            [
              -89.03823335854344,
              29.25923064181838
            ],
            [
              -89.03813049657562,
              29.25923221075024
            ],
            [
              -89.03812691829103,
              29.259051812997747
            ],
            [
              -89.03802405649532,
              29.25905338183902
            ],
            [
              -89.03802047842368,
              29.25887298406973
            ],
            [
              -89.03791761680009,
              29.2588745528204
            ],
            [
              -89.0379140389414,
              29.2586941550343
            ],
            [
              -89.03781117748993,
              29.258695723694377
            ],
            [
              -89.03780759984419,
              29.258515325891494
            ],
            [
              -89.03770473856484,
              29.25851689446097
            ],
            [
              -89.03770116113205,
              29.258336496641288
            ],
            [
              -89.0375983000248,
              29.25833806512017
            ],
            [
              -89.03759472280494,
              29.258157667283683
            ],
            [
              -89.03738900092654,
              29.258160803981205
            ],
            [
              -89.0373854240999,
              29.257980406116403
            ],
            [
              -89.03728256332872,
              29.257981974335053
            ],
            [
              -89.03728077501778,
              29.2578917753949
            ],
            [
              -89.03717791432858,
              29.25789334352871
            ],
            [
              -89.03717612611594,
              29.25780314458149
            ],
            [
              -89.03707326550872,
              29.257804712630463
            ],
            [
              -89.03707147739438,
              29.257714513676184
            ],
            [
              -89.03696861686913,
              29.25771608164033
            ],
            [
              -89.0369668288531,
              29.25762588267896
            ],
            [
              -89.03686396840983,
              29.257627450558285
            ],
            [
              -89.03686218049208,
              29.257537251589827
            ],
            [
              -89.03675932013078,
              29.257538819384322
            ],
            [
              -89.03675753231134,
              29.257448620408802
            ],
            [
              -89.03665467203203,
              29.257450188118472
            ],
            [
              -89.03665288431088,
              29.25735998913586
            ],
            [
              -89.03655002411354,
              29.257361556760706
            ],
            [
              -89.03654823649069,
              29.25727135777102
            ],
            [
              -89.03634251625178,
              29.25727449277201
            ],
            [
              -89.03634072881736,
              29.257184293769487
            ],
            [
              -89.0362378687758,
              29.257185861145626
            ],
            [
              -89.03623608143968,
              29.25709566213603
            ],
            [
              -89.0361332214801,
              29.257097229427348
            ],
            [
              -89.03613143424226,
              29.257007030410666
            ],
            [
              -89.03602857436465,
              29.257008597617162
            ],
            [
              -89.03602678722513,
              29.256918398593417
            ],
            [
              -89.0359239274295,
              29.25691996571508
            ],
            [
              -89.03592214038825,
              29.256829766684252
            ],
            [
              -89.03581928067459,
              29.2568313337211
            ],
            [
              -89.03581749373164,
              29.256741134683203
            ],
            [
              -89.03571463409996,
              29.25674270163523
            ],
            [
              -89.03571106041879,
              29.25656230354397
            ],
            [
              -89.0355053414915,
              29.25656543718781
            ],
            [
              -89.03550176820347,
              29.256385039068242
            ],
            [
              -89.03529604960409,
              29.256388172372798
            ],
            [
              -89.03529247670922,
              29.256207774224947
            ],
            [
              -89.03508675843771,
              29.25621090719024
            ],
            [
              -89.035083185936,
              29.25603050901409
            ],
            [
              -89.0348774679924,
              29.256033641640126
            ],
            [
              -89.03487389588382,
              29.255853243435666
            ],
            [
              -89.03466817826813,
              29.255856375722438
            ],
            [
              -89.03466460655268,
              29.255675977489712
            ],
            [
              -89.03456174791287,
              29.255677543502998
            ],
            [
              -89.03455996215749,
              29.255587344378903
            ],
            [
              -89.03445710359966,
              29.255588910307374
            ],
            [
              -89.03445531794256,
              29.2554987111762
            ],
            [
              -89.03435245946672,
              29.25550027701986
            ],
            [
              -89.03434888835723,
              29.255319878742064
            ],
            [
              -89.03424603005347,
              29.255321444495166
            ],
            [
              -89.03424245915686,
              29.255141046200606
            ],
            [
              -89.0341396010252,
              29.25514261186314
            ],
            [
              -89.03413781567924,
              29.25505241270812
            ],
            [
              -89.03403495762956,
              29.255053978285833
            ],
            [
              -89.03403138714235,
              29.254873579960368
            ],
            [
              -89.03392852926477,
              29.254875145447517
            ],
            [
              -89.03392674412352,
              29.25478494627705
            ],
            [
              -89.03382388632792,
              29.2547865116794
            ],
            [
              -89.03382210128494,
              29.254696312501864
            ],
            [
              -89.0337192435713,
              29.2546978778194
            ],
            [
              -89.0337174586266,
              29.254607678634798
            ],
            [
              -89.03361460099494,
              29.254609243867527
            ],
            [
              -89.0336110313102,
              29.254428845482867
            ],
            [
              -89.03340531638295,
              29.25443197568815
            ],
            [
              -89.03340174709132,
              29.254251577275213
            ],
            [
              -89.0332988897957,
              29.25425314224778
            ],
            [
              -89.03329710525223,
              29.254162943033574
            ],
            [
              -89.0331942480386,
              29.254164507921327
            ],
            [
              -89.03319246359338,
              29.254074308700066
            ],
            [
              -89.03308960646173,
              29.25407587350301
            ],
            [
              -89.03308603777599,
              29.253895475045045
            ],
            [
              -89.03298318081644,
              29.253897039757437
            ],
            [
              -89.03297961234351,
              29.253716641282693
            ],
            [
              -89.03287675555605,
              29.253718205904544
            ],
            [
              -89.03287318729595,
              29.253537807413032
            ],
            [
              -89.03277033068059,
              29.253539371944324
            ],
            [
              -89.0327667626333,
              29.253358973436058
            ],
            [
              -89.03266390619004,
              29.25336053787679
            ],
            [
              -89.03266212226873,
              29.25327033861494
            ],
            [
              -89.03255926590742,
              29.253271902970873
            ],
            [
              -89.03255748208437,
              29.253181703701948
            ],
            [
              -89.03235176951759,
              29.253184832165168
            ],
            [
              -89.0323482022564,
              29.253004433600378
            ],
            [
              -89.03224534614102,
              29.25300599770192
            ],
            [
              -89.03224177909263,
              29.25282559912036
            ],
            [
              -89.03213892314935,
              29.25282716313135
            ],
            [
              -89.03213000612145,
              29.25237616662569
            ],
            [
              -89.03202715062058,
              29.2523777305289
            ],
            [
              -89.0320057516654,
              29.25129533871198
            ],
            [
              -89.0321086060849,
              29.25129377487774
            ],
            [
              -89.03210325625896,
              29.251023176911115
            ],
            [
              -89.03220611040001,
              29.251021613015062
            ],
            [
              -89.03220254370987,
              29.250841214375555
            ],
            [
              -89.03240825160712,
              29.250838086369278
            ],
            [
              -89.03240646809404,
              29.250747887059056
            ],
            [
              -89.03261217577851,
              29.250744758748123
            ],
            [
              -89.0326139594718,
              29.25083495804685
            ],
            [
              -89.03292252120774,
              29.250830264970343
            ],
            [
              -89.03292430517949,
              29.250920464250534
            ],
            [
              -89.03302715916529,
              29.250918899727857
            ],
            [
              -89.0330289432353,
              29.251009099000974
            ],
            [
              -89.03323465136268,
              29.251005969706995
            ],
            [
              -89.03323643562103,
              29.25109616896728
            ],
            [
              -89.03344214389605,
              29.251093039345633
            ],
            [
              -89.03344392834278,
              29.251183238593114
            ],
            [
              -89.03364963676542,
              29.25118010864377
            ],
            [
              -89.03365142140049,
              29.25127030787843
            ],
            [
              -89.03406283850845,
              29.251264047008203
            ],
            [
              -89.03406462351212,
              29.25135424621853
            ],
            [
              -89.03427033219742,
              29.25135111529763
            ],
            [
              -89.03427211738946,
              29.25144131449516
            ],
            [
              -89.03437497180998,
              29.25143974891038
            ],
            [
              -89.03437675710028,
              29.251529948100828
            ],
            [
              -89.03458246609712,
              29.251526816682645
            ],
            [
              -89.03458425157578,
              29.251617015860255
            ],
            [
              -89.03468710615209,
              29.25161545002684
            ],
            [
              -89.034688891729,
              29.25170564919739
            ],
            [
              -89.03489460103738,
              29.25170251728191
            ],
            [
              -89.03489638680269,
              29.251792716439628
            ],
            [
              -89.03499924153473,
              29.25179115035757
            ],
            [
              -89.03500102739831,
              29.25188134950821
            ],
            [
              -89.03541244660548,
              29.25187508436646
            ],
            [
              -89.03541423283762,
              29.251965283492776
            ],
            [
              -89.03551708770914,
              29.251963717003964
            ],
            [
              -89.03551887403958,
              29.25205391612319
            ],
            [
              -89.03572458393836,
              29.25205078289691
            ],
            [
              -89.03572637045717,
              29.252140982003308
            ],
            [
              -89.03582922548445,
              29.252139415265844
            ],
            [
              -89.03583101210151,
              29.25222961436518
            ],
            [
              -89.03603672231182,
              29.25222648064158
            ],
            [
              -89.03603850911728,
              29.252316679728082
            ],
            [
              -89.0361413643003,
              29.252315112741954
            ],
            [
              -89.03614315120404,
              29.252405311821363
            ],
            [
              -89.03634886172584,
              29.252402177600448
            ],
            [
              -89.03635064881796,
              29.252492376667036
            ],
            [
              -89.03645350415674,
              29.252490809432242
            ],
            [
              -89.03645529134711,
              29.252581008491752
            ],
            [
              -89.03655814676785,
              29.252579441172152
            ],
            [
              -89.03655993405651,
              29.25266964022458
            ],
            [
              -89.0366627895592,
              29.25266807282017
            ],
            [
              -89.03666457694612,
              29.252758271865535
            ],
            [
              -89.03687028810727,
              29.252755136808034
            ],
            [
              -89.03687207568258,
              29.252845335840565
            ],
            [
              -89.03707778699129,
              29.252842200455348
            ],
            [
              -89.03707957475501,
              29.252932399475025
            ],
            [
              -89.03738814192721,
              29.252927695787037
            ],
            [
              -89.03738992996944,
              29.25301789478813
            ],
            [
              -89.03759564155699,
              29.253014758589355
            ],
            [
              -89.0375974297876,
              29.2531049575776
            ],
            [
              -89.03811170906421,
              29.253097115668467
            ],
            [
              -89.03811349775356,
              29.253187314626594
            ],
            [
              -89.03842206549189,
              29.253182608515214
            ],
            [
              -89.03842385445975,
              29.253272807454707
            ],
            [
              -89.0385267104463,
              29.253271238587047
            ],
            [
              -89.03852849951247,
              29.25336143751947
            ],
            [
              -89.03863135558097,
              29.253359868566992
            ],
            [
              -89.03863314474542,
              29.253450067492327
            ],
            [
              -89.03873600089587,
              29.25344849845503
            ],
            [
              -89.03873779015859,
              29.253538697373287
            ],
            [
              -89.038840646391,
              29.25353712825117
            ],
            [
              -89.0388442251212,
              29.253717526072194
            ],
            [
              -89.03894708152566,
              29.2537159568595
            ],
            [
              -89.03895244995257,
              29.253986553563855
            ],
            [
              -89.03802673958505,
              29.254000673787854
            ],
            [
              -89.038030316955,
              29.25418107168794
            ],
            [
              -89.03792746002642,
              29.25418264021797
            ],
            [
              -89.03792924863355,
              29.254272839171797
            ],
            [
              -89.03803210565223,
              29.254271270636004
            ],
            [
              -89.0380392605228,
              29.254632066415077
            ],
            [
              -89.03814211789381,
              29.254630497777175
            ],
            [
              -89.03814569555833,
              29.254810895647275
            ],
            [
              -89.03824855310144,
              29.254809326918778
            ],
            [
              -89.03825034203606,
              29.25489952584609
            ],
            [
              -89.03835319966112,
              29.254897957032778
            ],
            [
              -89.03835498869405,
              29.254988155953004
            ],
            [
              -89.03845784640107,
              29.25498658705487
            ],
            [
              -89.03845963553229,
              29.255076785968033
            ],
            [
              -89.03856249332125,
              29.25507521698507
            ],
            [
              -89.03856428255077,
              29.255165415891135
            ],
            [
              -89.0386671404217,
              29.25516384682336
            ],
            [
              -89.0386689297495,
              29.255254045722335
            ],
            [
              -89.03877178770237,
              29.255252476569723
            ],
            [
              -89.03877357712848,
              29.255342675461634
            ],
            [
              -89.03887643516332,
              29.255341106224208
            ],
            [
              -89.03887822468772,
              29.25543130510902
            ],
            [
              -89.03908394091314,
              29.255428166385464
            ],
            [
              -89.03908573062596,
              29.25551836525743
            ],
            [
              -89.03918858881654,
              29.2555167957713
            ],
            [
              -89.03919037862765,
              29.25560699463618
            ],
            [
              -89.03939609516456,
              29.255603855415206
            ],
            [
              -89.0393978851641,
              29.25569405426723
            ],
            [
              -89.03950074351043,
              29.255692484532393
            ],
            [
              -89.03950253360827,
              29.25578268337733
            ],
            [
              -89.03960539203655,
              29.255781113557656
            ],
            [
              -89.03960718223269,
              29.255871312395513
            ],
            [
              -89.03981289924498,
              29.255868172507462
            ],
            [
              -89.03981468962955,
              29.255958371332458
            ],
            [
              -89.04002040678942,
              29.25595523111663
            ],
            [
              -89.04002398794358,
              29.256135628739603
            ],
            [
              -89.04012684669152,
              29.256134058501562
            ],
            [
              -89.04012863737098,
              29.25622425730531
            ],
            [
              -89.04023149620087,
              29.25622268698243
            ],
            [
              -89.0402350777646,
              29.256403084574416
            ],
            [
              -89.04033793676658,
              29.25640151416094
            ],
            [
              -89.04033972765083,
              29.2564917129492
            ],
            [
              -89.04044258673476,
              29.256490142450886
            ],
            [
              -89.04044437771732,
              29.25658034123205
            ],
            [
              -89.04065009604092,
              29.256577199986708
            ],
            [
              -89.04065188721191,
              29.256667398755003
            ],
            [
              -89.04096046490636,
              29.25666268627672
            ],
            [
              -89.04096225635594,
              29.256752885026387
            ],
            [
              -89.04085939704251,
              29.25675445593732
            ],
            [
              -89.04086118841012,
              29.256844654691445
            ],
            [
              -89.04096404781369,
              29.25684308377474
            ],
            [
              -89.04097658824696,
              29.25747447497629
            ],
            [
              -89.04107944827328,
              29.25747290394013
            ],
            [
              -89.0410812398866,
              29.257563102672165
            ],
            [
              -89.04118409999488,
              29.257561531551154
            ],
            [
              -89.0411858917065,
              29.2576517302761
            ],
            [
              -89.04128875189676,
              29.257650159070252
            ],
            [
              -89.04129233552482,
              29.25783055650465
            ],
            [
              -89.04139519588715,
              29.257828985208192
            ],
            [
              -89.0413969878036,
              29.257919183917636
            ],
            [
              -89.04149984824787,
              29.257917612536346
            ],
            [
              -89.0415052243167,
              29.25818820863945
            ],
            [
              -89.04160808502321,
              29.25818663716176
            ],
            [
              -89.04161166929028,
              29.258367034545703
            ],
            [
              -89.04171453016889,
              29.25836546297741
            ],
            [
              -89.04171632240482,
              29.25845566166162
            ],
            [
              -89.0418191833654,
              29.258454090008488
            ],
            [
              -89.04182097569966,
              29.25854428868561
            ],
            [
              -89.0419238367422,
              29.25854271694762
            ],
            [
              -89.04192562917478,
              29.258632915617653
            ],
            [
              -89.04202849029927,
              29.258631343794825
            ],
            [
              -89.04203028283018,
              29.258721542457778
            ],
            [
              -89.04213314403663,
              29.258719970550107
            ],
            [
              -89.04213493666586,
              29.258810169205944
            ],
            [
              -89.04223779795427,
              29.258808597213438
            ],
            [
              -89.04223959068182,
              29.258898795862187
            ],
            [
              -89.0423424520522,
              29.258897223784835
            ],
            [
              -89.04234424487807,
              29.25898742242649
            ],
            [
              -89.04244710633039,
              29.2589858502643
            ],
            [
              -89.0424488992546,
              29.25907604889885
            ],
            [
              -89.04255176078888,
              29.259074476651808
            ],
            [
              -89.0425535538114,
              29.259164675279283
            ],
            [
              -89.04265641542764,
              29.25916310294739
            ],
            [
              -89.0426582085485,
              29.259253301567764
            ],
            [
              -89.0427610702467,
              29.25925172915103
            ],
            [
              -89.04276286346588,
              29.259341927764304
            ],
            [
              -89.04296858701801,
              29.25933878268206
            ],
            [
              -89.04297038042566,
              29.25942898128246
            ],
            [
              -89.04307324227959,
              29.259427408616958
            ],
            [
              -89.04307503578558,
              29.259517607210277
            ],
            [
              -89.04317789772146,
              29.259516034459924
            ],
            [
              -89.04317969132578,
              29.259606233046135
            ],
            [
              -89.04328255334362,
              29.259604660210933
            ],
            [
              -89.04328793447614,
              29.259875255944326
            ],
            [
              -89.04339079675623,
              29.259873683012714
            ],
            [
              -89.0433925905736,
              29.259963881582095
            ],
            [
              -89.04349545293563,
              29.259962308565637
            ],
            [
              -89.04349724685133,
              29.26005250712792
            ],
            [
              -89.04370297173114,
              29.260049360846214
            ],
            [
              -89.04370476583532,
              29.26013955939564
            ],
            [
              -89.04380762835308,
              29.2601379861304
            ],
            [
              -89.0438094225556,
              29.2602281846727
            ],
            [
              -89.04391228515532,
              29.26022661132261
            ],
            [
              -89.04391407945619,
              29.260316809857827
            ],
            [
              -89.04401694213786,
              29.26031523642288
            ],
            [
              -89.04401873653705,
              29.26040543495099
            ],
            [
              -89.04422446205614,
              29.260402287832328
            ],
            [
              -89.04422625664382,
              29.26049248634756
            ],
            [
              -89.04432911948122,
              29.260490912663833
            ],
            [
              -89.04433091416723,
              29.260581111171955
            ],
            [
              -89.04443377708658,
              29.260579537403387
            ],
            [
              -89.04443557187096,
              29.26066973590442
            ],
            [
              -89.04453843487227,
              29.26066816205098
            ],
            [
              -89.04454202464586,
              29.26084855903751
            ],
            [
              -89.04464488781929,
              29.260846985093437
            ],
            [
              -89.0446502728116,
              29.26111758054601
            ],
            [
              -89.04475313624727,
              29.261116006505517
            ],
            [
              -89.04475672646342,
              29.261296403455745
            ],
            [
              -89.0448595900712,
              29.2612948293246
            ],
            [
              -89.04486318050043,
              29.261475226257993
            ],
            [
              -89.04496604428032,
              29.261473652036205
            ],
            [
              -89.04496963492264,
              29.26165404895275
            ],
            [
              -89.04507249887463,
              29.261652474640325
            ],
            [
              -89.04507429429823,
              29.26174267309083
            ],
            [
              -89.0451771583322,
              29.26174109869354
            ],
            [
              -89.04517895385415,
              29.261831297136954
            ],
            [
              -89.04528181797006,
              29.261829722654802
            ],
            [
              -89.04528361359037,
              29.26191992109111
            ],
            [
              -89.04538647778824,
              29.261918346524098
            ],
            [
              -89.04538827350689,
              29.2620085449533
            ],
            [
              -89.04549113778674,
              29.262006970301428
            ],
            [
              -89.04549293360373,
              29.262097168723525
            ],
            [
              -89.04559579796553,
              29.262095593986793
            ],
            [
              -89.04559759388088,
              29.262185792401784
            ],
            [
              -89.04570045832463,
              29.262184217580177
            ],
            [
              -89.04570225433835,
              29.262274415988063
            ],
            [
              -89.04580511886405,
              29.2622728410816
            ],
            [
              -89.04580691497613,
              29.2623630394824
            ],
            [
              -89.04601264418325,
              29.26235988942065
            ],
            [
              -89.04601623679261,
              29.26254028619512
            ],
            [
              -89.04622196632756,
              29.262537135793902
            ],
            [
              -89.04622376282485,
              29.262627334167597
            ],
            [
              -89.04642949250733,
              29.26262418343849
            ],
            [
              -89.04643128919312,
              29.262714381799274
            ],
            [
              -89.0467398839258,
              29.262709655095158
            ],
            [
              -89.04674168089028,
              29.26279985343726
            ],
            [
              -89.04694741085136,
              29.262796701894196
            ],
            [
              -89.04694920800436,
              29.26288690022342
            ],
            [
              -89.04705207306276,
              29.26288532432747
            ],
            [
              -89.04705387031412,
              29.262975522649572
            ],
            [
              -89.04715673545446,
              29.26297394666877
            ],
            [
              -89.04716033016213,
              29.263154343297433
            ],
            [
              -89.04726319547459,
              29.26315276722595
            ],
            [
              -89.04726499293089,
              29.26324296553253
            ],
            [
              -89.0473678583253,
              29.26324138937619
            ],
            [
              -89.04736965587996,
              29.263331587675644
            ],
            [
              -89.04747252135634,
              29.263330011434423
            ],
            [
              -89.04747431900937,
              29.263420209726778
            ],
            [
              -89.0475771845677,
              29.263418633400686
            ],
            [
              -89.0475789823191,
              29.263508831685932
            ],
            [
              -89.04778471359145,
              29.263505678784913
            ],
            [
              -89.04778651153137,
              29.263595877057256
            ],
            [
              -89.04788937724541,
              29.263594300482332
            ],
            [
              -89.04789117528371,
              29.263684498747555
            ],
            [
              -89.04809690686746,
              29.263681345348875
            ],
            [
              -89.04809870509429,
              29.263771543601216
            ],
            [
              -89.04820157096401,
              29.263769966777453
            ],
            [
              -89.04820336928921,
              29.26386016502266
            ],
            [
              -89.04840910118436,
              29.26385701112632
            ],
            [
              -89.0484108996981,
              29.263947209358626
            ],
            [
              -89.04851376572351,
              29.263945632286028
            ],
            [
              -89.04851556433563,
              29.26403583051123
            ],
            [
              -89.04872129654217,
              29.2640326761172
            ],
            [
              -89.04872309534282,
              29.264122874329487
            ],
            [
              -89.04882596152393,
              29.26412129700805
            ],
            [
              -89.04882776042295,
              29.26421149521323
            ],
            [
              -89.04913635918754,
              29.26420676275703
            ],
            [
              -89.04913815836527,
              29.264296960943508
            ],
            [
              -89.04934389101426,
              29.26429380556569
            ],
            [
              -89.04934569038052,
              29.264384003739245
            ],
            [
              -89.04944855678286,
              29.26438242592592
            ],
            [
              -89.0494503562475,
              29.264472624092363
            ],
            [
              -89.0495532227318,
              29.264471046194146
            ],
            [
              -89.04955502229481,
              29.26456124435348
            ],
            [
              -89.04965788886105,
              29.264559666370396
            ],
            [
              -89.04965968852247,
              29.264649864522607
            ],
            [
              -89.04976255517064,
              29.26464828645463
            ],
            [
              -89.04976435493045,
              29.264738484599725
            ],
            [
              -89.04986722166058,
              29.26473690644686
            ],
            [
              -89.04986902151875,
              29.264827104584853
            ],
            [
              -89.04997188833084,
              29.264825526347106
            ],
            [
              -89.0499736882874,
              29.264915724477966
            ],
            [
              -89.05017942206726,
              29.264912567753615
            ],
            [
              -89.05018122221236,
              29.265002765871564
            ],
            [
              -89.05069555696907,
              29.264994872647677
            ],
            [
              -89.05069195578542,
              29.26481447646845
            ],
            [
              -89.05079482253177,
              29.264812897598013
            ],
            [
              -89.0507930218621,
              29.26472269951221
            ],
            [
              -89.05069015520591,
              29.264724278376853
            ],
            [
              -89.05068655407159,
              29.264543882189706
            ],
            [
              -89.0505836875875,
              29.264545460963657
            ],
            [
              -89.05058188712283,
              29.2644552628623
            ],
            [
              -89.05037615431037,
              29.264458420161354
            ],
            [
              -89.05037435403423,
              29.264368222047093
            ],
            [
              -89.05027148770583,
              29.264369800572194
            ],
            [
              -89.05026968752809,
              29.264279602450806
            ],
            [
              -89.05016682128164,
              29.264281180891025
            ],
            [
              -89.05016502120228,
              29.264190982762518
            ],
            [
              -89.05006215503776,
              29.264192561117845
            ],
            [
              -89.05004955534342,
              29.26356117414079
            ],
            [
              -89.04994668980184,
              29.26356275237645
            ],
            [
              -89.04994309014344,
              29.26338235607383
            ],
            [
              -89.04984022477396,
              29.26338393421881
            ],
            [
              -89.04983842504724,
              29.26329373605972
            ],
            [
              -89.04973555975971,
              29.263295314119837
            ],
            [
              -89.04973376013137,
              29.263205115953618
            ],
            [
              -89.04942516448996,
              29.263209849642063
            ],
            [
              -89.0494233651403,
              29.263119651457142
            ],
            [
              -89.04932050000023,
              29.263121229189327
            ],
            [
              -89.04931870074896,
              29.26303103099731
            ],
            [
              -89.04921583569083,
              29.263032608644618
            ],
            [
              -89.04921403653792,
              29.26294241044548
            ],
            [
              -89.04911117156175,
              29.262943988007915
            ],
            [
              -89.04910757346089,
              29.26276359159407
            ],
            [
              -89.04900470865681,
              29.26276516906583
            ],
            [
              -89.0490011107691,
              29.262584772635133
            ],
            [
              -89.04889824613714,
              29.262586350016228
            ],
            [
              -89.04889284963764,
              29.262315755342907
            ],
            [
              -89.04878998526792,
              29.26231733262753
            ],
            [
              -89.04878818654134,
              29.26222713439465
            ],
            [
              -89.04868532225358,
              29.262228711594403
            ],
            [
              -89.04868352362534,
              29.262138513354426
            ],
            [
              -89.04858065941951,
              29.26214009046931
            ],
            [
              -89.04857886088966,
              29.262049892222205
            ],
            [
              -89.04847599676579,
              29.262051469252224
            ],
            [
              -89.04847419833429,
              29.261961270998004
            ],
            [
              -89.04837133429236,
              29.261962847943146
            ],
            [
              -89.04836953595922,
              29.26187264968183
            ],
            [
              -89.04826667199923,
              29.26187422654209
            ],
            [
              -89.04826487376447,
              29.261784028273652
            ],
            [
              -89.04805914600016,
              29.261787181745373
            ],
            [
              -89.04805734795391,
              29.261696983464034
            ],
            [
              -89.0479544841496,
              29.26169856007549
            ],
            [
              -89.04795268620171,
              29.261608361787037
            ],
            [
              -89.04784982247935,
              29.261609938313622
            ],
            [
              -89.0478462267885,
              29.261429541721185
            ],
            [
              -89.04774336323821,
              29.261431118157105
            ],
            [
              -89.04773976776049,
              29.261250721547803
            ],
            [
              -89.04763690438232,
              29.261252297893073
            ],
            [
              -89.04763510674591,
              29.26116209958065
            ],
            [
              -89.0475322434497,
              29.261163675841058
            ],
            [
              -89.04753044591165,
              29.26107347752152
            ],
            [
              -89.04742758269737,
              29.261075053697056
            ],
            [
              -89.04742578525767,
              29.26098485537042
            ],
            [
              -89.04732292212533,
              29.260986431461088
            ],
            [
              -89.04731753012594,
              29.26071583645589
            ],
            [
              -89.04742039298782,
              29.260714260382596
            ],
            [
              -89.04741859558095,
              29.26062406205068
            ],
            [
              -89.04793290931659,
              29.26061618052703
            ],
            [
              -89.04793470717419,
              29.26070637882999
            ],
            [
              -89.0481404327913,
              29.260703225655437
            ],
            [
              -89.04814223083741,
              29.260793423945483
            ],
            [
              -89.04834795660199,
              29.260790270443053
            ],
            [
              -89.0483497548366,
              29.260880468720206
            ],
            [
              -89.04845261779673,
              29.260878891844573
            ],
            [
              -89.0484544161297,
              29.260969090114617
            ],
            [
              -89.04855727917176,
              29.260967513154135
            ],
            [
              -89.0485590776031,
              29.26105771141705
            ],
            [
              -89.04876480384289,
              29.261054557247263
            ],
            [
              -89.04876660246275,
              29.261144755497288
            ],
            [
              -89.04897232885,
              29.261141600999604
            ],
            [
              -89.04897412765835,
              29.26123179923672
            ],
            [
              -89.04917985419306,
              29.26122864441114
            ],
            [
              -89.04918165318992,
              29.261318842635337
            ],
            [
              -89.04938737987209,
              29.261315687481883
            ],
            [
              -89.04938917905747,
              29.26140588569318
            ],
            [
              -89.04949204247639,
              29.261404307992038
            ],
            [
              -89.04949384176014,
              29.26149450619622
            ],
            [
              -89.04959670526098,
              29.261492928410206
            ],
            [
              -89.0495985046431,
              29.261583126607263
            ],
            [
              -89.04980423180045,
              29.261579970786414
            ],
            [
              -89.04980603137109,
              29.26167016897056
            ],
            [
              -89.0499088950276,
              29.261668590935727
            ],
            [
              -89.04991069469659,
              29.261758789112765
            ],
            [
              -89.05001355843504,
              29.26175721099305
            ],
            [
              -89.05001535820242,
              29.261847409162986
            ],
            [
              -89.0501182220228,
              29.261845830958393
            ],
            [
              -89.05012002188853,
              29.26193602912119
            ],
            [
              -89.05022288579086,
              29.26193445083173
            ],
            [
              -89.05022468575497,
              29.262024648987417
            ],
            [
              -89.05032754973924,
              29.26202307061308
            ],
            [
              -89.05032934980171,
              29.26211326876164
            ],
            [
              -89.05053507792589,
              29.262110111764134
            ],
            [
              -89.05053687817689,
              29.262200309899786
            ],
            [
              -89.0506397423168,
              29.262198731276627
            ],
            [
              -89.05064334302378,
              29.26237912753236
            ],
            [
              -89.05074620733579,
              29.262377548818524
            ],
            [
              -89.05074800779175,
              29.26246774693861
            ],
            [
              -89.05085087218569,
              29.262466168139888
            ],
            [
              -89.05085627387339,
              29.262736762474848
            ],
            [
              -89.05095913852958,
              29.262735183579643
            ],
            [
              -89.05096093919875,
              29.26282538168287
            ],
            [
              -89.05106380393687,
              29.262823802702783
            ],
            [
              -89.0510656047044,
              29.262914000798872
            ],
            [
              -89.05127133433633,
              29.26291084258987
            ],
            [
              -89.0512731352924,
              29.263001040673036
            ],
            [
              -89.05147886507176,
              29.26299788213611
            ],
            [
              -89.05148066621636,
              29.26308808020636
            ],
            [
              -89.05168639614314,
              29.263084921341488
            ],
            [
              -89.05168819747628,
              29.26317511939882
            ],
            [
              -89.0518939275505,
              29.26317196020603
            ],
            [
              -89.05189572907219,
              29.26326215825044
            ],
            [
              -89.05210145929381,
              29.263258998729714
            ],
            [
              -89.05210326100405,
              29.26334919676119
            ],
            [
              -89.0523089913731,
              29.26334603691254
            ],
            [
              -89.05231259517886,
              29.263526432948314
            ],
            [
              -89.05241546053138,
              29.263524852893756
            ],
            [
              -89.05241726253676,
              29.263615050903862
            ],
            [
              -89.0525201279712,
              29.26361347076441
            ],
            [
              -89.0525255343072,
              29.263884064769414
            ],
            [
              -89.0526284000039,
              29.263882484533468
            ],
            [
              -89.05263380668441,
              29.26415307850918
            ],
            [
              -89.05273667264338,
              29.264151498176737
            ],
            [
              -89.0527402773185,
              29.264331894142327
            ],
            [
              -89.05284314344956,
              29.264330313719192
            ],
            [
              -89.05284674833794,
              29.264510709667892
            ],
            [
              -89.05294961464111,
              29.26450912915406
            ],
            [
              -89.0529514171878,
              29.26459932712063
            ],
            [
              -89.05305428357289,
              29.264597746521904
            ],
            [
              -89.05305608621798,
              29.264687944481345
            ],
            [
              -89.05315895268502,
              29.264686363797725
            ],
            [
              -89.05316255818022,
              29.264866759701036
            ],
            [
              -89.05336829145025,
              29.264863598073312
            ],
            [
              -89.05337009439053,
              29.26495379601138
            ],
            [
              -89.05347296110338,
              29.264952215073084
            ],
            [
              -89.05347476414204,
              29.265042413004014
            ],
            [
              -89.05357763093683,
              29.265040831980826
            ],
            [
              -89.05357943407388,
              29.265131029904634
            ],
            [
              -89.05368230095061,
              29.265129448796547
            ],
            [
              -89.05368410418608,
              29.26521964671323
            ],
            [
              -89.05378697114473,
              29.265218065520248
            ],
            [
              -89.05378877447859,
              29.265308263429795
            ],
            [
              -89.05389164151917,
              29.265306682151916
            ],
            [
              -89.05389344495144,
              29.26539688005434
            ],
            [
              -89.05399631207398,
              29.265395298691566
            ],
            [
              -89.05399811560463,
              29.265485496586862
            ],
            [
              -89.05410098280909,
              29.265483915139193
            ],
            [
              -89.05410278643815,
              29.265574113027355
            ],
            [
              -89.05420565372457,
              29.265572531494787
            ],
            [
              -89.05420745745202,
              29.265662729375833
            ],
            [
              -89.05431032482036,
              29.265661147758365
            ],
            [
              -89.05431212864623,
              29.265751345632268
            ],
            [
              -89.0544149960965,
              29.2657497639299
            ],
            [
              -89.05441680002077,
              29.26583996179668
            ],
            [
              -89.05462253507696,
              29.265836798143045
            ],
            [
              -89.05462614331088,
              29.266017193849414
            ],
            [
              -89.05472901100697,
              29.26601561189234
            ],
            [
              -89.05473081522645,
              29.26610580973773
            ],
            [
              -89.05483368300447,
              29.266104227695756
            ],
            [
              -89.05483548732236,
              29.266194425534025
            ],
            [
              -89.05493835518232,
              29.266192843407154
            ],
            [
              -89.05494015959862,
              29.26628304123827
            ],
            [
              -89.0550430275405,
              29.2662814590265
            ],
            [
              -89.05504483205522,
              29.2663716568505
            ],
            [
              -89.05514770007905,
              29.26637007455382
            ],
            [
              -89.05514950469217,
              29.26646027237069
            ],
            [
              -89.05525237279792,
              29.266458689989115
            ],
            [
              -89.05525598222923,
              29.266639085607242
            ],
            [
              -89.0553588505071,
              29.266637503134948
            ],
            [
              -89.05536065532529,
              29.266727700936222
            ],
            [
              -89.05546352368509,
              29.266726118379022
            ],
            [
              -89.05546532860168,
              29.266816316173163
            ],
            [
              -89.05556819704341,
              29.266814733531067
            ],
            [
              -89.05557000205843,
              29.266904931318077
            ],
            [
              -89.05567287058211,
              29.266903348591068
            ],
            [
              -89.05567467569553,
              29.26699354637094
            ],
            [
              -89.05577754430114,
              29.26699196355902
            ],
            [
              -89.05578115473305,
              29.267172359103192
            ],
            [
              -89.05588402351077,
              29.26717077620055
            ],
            [
              -89.05588582882926,
              29.267260973964838
            ],
            [
              -89.05598869768893,
              29.267259390977287
            ],
            [
              -89.05599050310583,
              29.26734958873445
            ],
            [
              -89.05609337204743,
              29.267348005661994
            ],
            [
              -89.05609517756275,
              29.267438203412013
            ],
            [
              -89.05619804658629,
              29.267436620254642
            ],
            [
              -89.05619985220004,
              29.267526817997528
            ],
            [
              -89.0563027213055,
              29.267525234755247
            ],
            [
              -89.05630994420363,
              29.267886025690338
            ],
            [
              -89.05641281366155,
              29.267884442345707
            ],
            [
              -89.05641642534043,
              29.26806483779369
            ],
            [
              -89.05651929497049,
              29.268063254358328
            ],
            [
              -89.05652110091246,
              29.268153452074532
            ],
            [
              -89.05662397062446,
              29.268151868554252
            ],
            [
              -89.05662577666486,
              29.268242066263316
            ],
            [
              -89.0567286464588,
              29.268240482658133
            ],
            [
              -89.05673045259762,
              29.26833068036006
            ],
            [
              -89.05683332247348,
              29.26832909666996
            ],
            [
              -89.05683512871073,
              29.268419294364737
            ],
            [
              -89.05704086861809,
              29.26841612673561
            ],
            [
              -89.05704267504396,
              29.26850632441745
            ],
            [
              -89.05714554507544,
              29.268504740478413
            ],
            [
              -89.05714915813228,
              29.268685135826487
            ],
            [
              -89.05725202833588,
              29.268683551796723
            ],
            [
              -89.05725564160606,
              29.268863947127883
            ],
            [
              -89.05735851198179,
              29.268862363007383
            ],
            [
              -89.05736031871945,
              29.26895256066516
            ],
            [
              -89.0574631891771,
              29.268950976459745
            ],
            [
              -89.05746680285749,
              29.269131371759705
            ],
            [
              -89.0575696734873,
              29.26912978746354
            ],
            [
              -89.05757328738103,
              29.269310182746597
            ],
            [
              -89.05767615818294,
              29.269308598359714
            ],
            [
              -89.05767796523237,
              29.26939879599342
            ],
            [
              -89.05778083611624,
              29.269397211521618
            ],
            [
              -89.05778445042021,
              29.26957760677346
            ],
            [
              -89.05788732147619,
              29.26957602221091
            ],
            [
              -89.05789093599354,
              29.26975641744583
            ],
            [
              -89.05799380722164,
              29.269754832792536
            ],
            [
              -89.0580046515128,
              29.270296018430695
            ],
            [
              -89.05790177974357,
              29.27029760311892
            ],
            [
              -89.0579035870641,
              29.270387800726475
            ],
            [
              -89.05780071519645,
              29.27038938534141
            ],
            [
              -89.05780252243505,
              29.27047958295347
            ],
            [
              -89.05718529051467,
              29.270489089016827
            ],
            [
              -89.05718709722039,
              29.27057928666249
            ]
          ]
        ]
      },
      "properties": {
        "incident_id": "SP-016",
        "type": "AI-detected-slick",
        "source": "Sentinel-1 SAR",
        "method": "U-Net segmentation + radiometric filtering"
      }
    },
    {
      "type": "Feature",
      "geometry": {
        "type": "Polygon",
        "coordinates": [
          [
            [
              -89.11636756559359,
              29.266136139671794
            ],
            [
              -89.1161618380426,
              29.266139398391687
            ],
            [
              -89.11615997990305,
              29.266049204081938
            ],
            [
              -89.11585138878344,
              29.266054091550732
            ],
            [
              -89.11584953092286,
              29.265963897221724
            ],
            [
              -89.11574666728953,
              29.26596552621384
            ],
            [
              -89.11574109402908,
              29.26569494320089
            ],
            [
              -89.11563823065772,
              29.26569657209598
            ],
            [
              -89.11563265774407,
              29.265425989053146
            ],
            [
              -89.1155297946347,
              29.26542761785121
            ],
            [
              -89.11552793710393,
              29.265337423494966
            ],
            [
              -89.11542507407624,
              29.26533905220797
            ],
            [
              -89.1154232166441,
              29.265248857844426
            ],
            [
              -89.11511462778063,
              29.265253743491037
            ],
            [
              -89.11511277062743,
              29.2651635491082
            ],
            [
              -89.11490704485637,
              29.2651668057986
            ],
            [
              -89.11490518789195,
              29.265076611402492
            ],
            [
              -89.11480232508387,
              29.265078239623087
            ],
            [
              -89.11480046821806,
              29.264988045219667
            ],
            [
              -89.11469760549166,
              29.264989673355213
            ],
            [
              -89.1146957487245,
              29.264899478944482
            ],
            [
              -89.11459288607975,
              29.26490110699497
            ],
            [
              -89.11459102941123,
              29.264810912576934
            ],
            [
              -89.11448816684816,
              29.264812540542373
            ],
            [
              -89.11448445371683,
              29.264632151690375
            ],
            [
              -89.1143815913256,
              29.264633779564765
            ],
            [
              -89.11437973486278,
              29.2645435851308
            ],
            [
              -89.11427687255323,
              29.264545212920154
            ],
            [
              -89.11427130348609,
              29.264274629592343
            ],
            [
              -89.11416844143852,
              29.264276257284678
            ],
            [
              -89.1141665851899,
              29.264186062833453
            ],
            [
              -89.11385799926678,
              29.264190945418076
            ],
            [
              -89.11385614329708,
              29.26410075094758
            ],
            [
              -89.11354755756818,
              29.26410563280261
            ],
            [
              -89.11354570187738,
              29.264015438312853
            ],
            [
              -89.11333997819607,
              29.264018692475553
            ],
            [
              -89.11333812269406,
              29.26392849797253
            ],
            [
              -89.11313239915916,
              29.263931751806975
            ],
            [
              -89.11312868854111,
              29.263751362773046
            ],
            [
              -89.11302582694125,
              29.263752989559702
            ],
            [
              -89.1130221165374,
              29.26357260050852
            ],
            [
              -89.11291925510936,
              29.26357422720416
            ],
            [
              -89.11291740001029,
              29.263484032670604
            ],
            [
              -89.11281453866391,
              29.263485659281194
            ],
            [
              -89.11281082867146,
              29.263305270198153
            ],
            [
              -89.11270796749692,
              29.263306896717744
            ],
            [
              -89.11270611260353,
              29.263216702168243
            ],
            [
              -89.11260325151068,
              29.26321832860278
            ],
            [
              -89.1126013967159,
              29.263128134045985
            ],
            [
              -89.11229281365698,
              29.263133012857235
            ],
            [
              -89.11229095914109,
              29.263042818281207
            ],
            [
              -89.11198237627642,
              29.263047696362893
            ],
            [
              -89.11198052203945,
              29.262957501767612
            ],
            [
              -89.11187766115776,
              29.26295912763073
            ],
            [
              -89.11187580701939,
              29.262868933028155
            ],
            [
              -89.11177294621939,
              29.26287055880623
            ],
            [
              -89.11176923814833,
              29.262690169585166
            ],
            [
              -89.11166637752017,
              29.262691795272225
            ],
            [
              -89.11164413088632,
              29.261609459762845
            ],
            [
              -89.1117469904328,
              29.261607834147455
            ],
            [
              -89.11174328259868,
              29.26142744488928
            ],
            [
              -89.11164042323247,
              29.26142907049274
            ],
            [
              -89.11163115424597,
              29.260978097294256
            ],
            [
              -89.11152829532197,
              29.26097972278879
            ],
            [
              -89.11151346610464,
              29.260258165554564
            ],
            [
              -89.11141060789323,
              29.26025979092226
            ],
            [
              -89.11140690085378,
              29.260079401588506
            ],
            [
              -89.1113040428142,
              29.260081026865205
            ],
            [
              -89.11126326959648,
              29.258096743712805
            ],
            [
              -89.11136612565329,
              29.258095118567464
            ],
            [
              -89.1113587124204,
              29.257734339767463
            ],
            [
              -89.11146156810827,
              29.25773271456696
            ],
            [
              -89.1114448880181,
              29.25692096224319
            ],
            [
              -89.1113420331413,
              29.25692258738996
            ],
            [
              -89.11134017993037,
              29.256832392674728
            ],
            [
              -89.11123732513522,
              29.256834017736484
            ],
            [
              -89.11122620658796,
              29.256292849381428
            ],
            [
              -89.11112335232505,
              29.256294474328303
            ],
            [
              -89.11104553480483,
              29.252506294256712
            ],
            [
              -89.11114838528331,
              29.252504669560565
            ],
            [
              -89.11112985860032,
              29.251602721639728
            ],
            [
              -89.11123270816941,
              29.251601096924237
            ],
            [
              -89.11122900275411,
              29.251420707336116
            ],
            [
              -89.11133185213455,
              29.25141908255353
            ],
            [
              -89.1113262938048,
              29.25114849817933
            ],
            [
              -89.1114291429065,
              29.25114687333563
            ],
            [
              -89.11142543721542,
              29.250966483758134
            ],
            [
              -89.11152828612849,
              29.25096485884734
            ],
            [
              -89.11152272738505,
              29.250694274489092
            ],
            [
              -89.11141987874224,
              29.25069589938196
            ],
            [
              -89.11141802593477,
              29.250605704587255
            ],
            [
              -89.11131517737358,
              29.250607329395134
            ],
            [
              -89.11130220858868,
              29.249975965753308
            ],
            [
              -89.11171360026025,
              29.249969466214786
            ],
            [
              -89.11171545327876,
              29.250059661000847
            ],
            [
              -89.11181830126559,
              29.250058035912687
            ],
            [
              -89.11182015438266,
              29.25014823069145
            ],
            [
              -89.1119230024511,
              29.250146605518278
            ],
            [
              -89.1119267088908,
              29.25032699505992
            ],
            [
              -89.11213240536267,
              29.250323744452597
            ],
            [
              -89.11213425877538,
              29.25041393920948
            ],
            [
              -89.11264850025741,
              29.250405811278316
            ],
            [
              -89.11264664639427,
              29.250315616551305
            ],
            [
              -89.1127494945752,
              29.250313990733964
            ],
            [
              -89.11274578669412,
              29.2501336012879
            ],
            [
              -89.11284863468643,
              29.250131975403473
            ],
            [
              -89.11284121866552,
              29.249771196519358
            ],
            [
              -89.112944066289,
              29.249769570579815
            ],
            [
              -89.11294035814919,
              29.249589181141747
            ],
            [
              -89.11314605301044,
              29.249585929049445
            ],
            [
              -89.11314419877306,
              29.249495734340396
            ],
            [
              -89.11365843532766,
              29.249487602756574
            ],
            [
              -89.11366029001546,
              29.249577797435762
            ],
            [
              -89.11396883211688,
              29.249572917519227
            ],
            [
              -89.11397068708338,
              29.24966311217916
            ],
            [
              -89.11427922937884,
              29.249658231533456
            ],
            [
              -89.11428108462407,
              29.249748426174126
            ],
            [
              -89.11438393212902,
              29.249746799128193
            ],
            [
              -89.11439320893264,
              29.250197772281783
            ],
            [
              -89.11418751301342,
              29.2502010263544
            ],
            [
              -89.11418936821937,
              29.2502912209931
            ],
            [
              -89.11377797591895,
              29.25029772821392
            ],
            [
              -89.11377612107331,
              29.250207533551315
            ],
            [
              -89.11367327306714,
              29.250209160152963
            ],
            [
              -89.11367512782267,
              29.250299354821554
            ],
            [
              -89.11346943160471,
              29.25030260779973
            ],
            [
              -89.11347128618854,
              29.25039280247894
            ],
            [
              -89.11336843797677,
              29.250394428855472
            ],
            [
              -89.1133740015088,
              29.250665012903088
            ],
            [
              -89.11347684999083,
              29.250663386508638
            ],
            [
              -89.11348055923469,
              29.250843775855138
            ],
            [
              -89.11358340788841,
              29.250842149369713
            ],
            [
              -89.11358526261314,
              29.250932344034993
            ],
            [
              -89.1136881113485,
              29.250930717464545
            ],
            [
              -89.11368996617176,
              29.251020912122545
            ],
            [
              -89.11379281498874,
              29.251019285467088
            ],
            [
              -89.11379466991058,
              29.251109480117776
            ],
            [
              -89.11389751880917,
              29.251107853377317
            ],
            [
              -89.11389566379725,
              29.251017658732614
            ],
            [
              -89.1139985125973,
              29.251016031919097
            ],
            [
              -89.1140003676993,
              29.251106226557834
            ],
            [
              -89.11410321658097,
              29.251104599659314
            ],
            [
              -89.11410507178154,
              29.25119479429073
            ],
            [
              -89.11420792074482,
              29.251193167307203
            ],
            [
              -89.1142134866676,
              29.251463751175603
            ],
            [
              -89.1143163358927,
              29.251462124095102
            ],
            [
              -89.11432932397294,
              29.25209348636646
            ],
            [
              -89.1144321738202,
              29.252091859165084
            ],
            [
              -89.11443959612707,
              29.252452637552796
            ],
            [
              -89.11433674591943,
              29.252454264778095
            ],
            [
              -89.1143404569435,
              29.252634653975953
            ],
            [
              -89.11423760654719,
              29.25263628113417
            ],
            [
              -89.1142487392821,
              29.253177448731833
            ],
            [
              -89.11435159021899,
              29.25317582153774
            ],
            [
              -89.11435901257207,
              29.253536599885773
            ],
            [
              -89.11446186386088,
              29.253534972588717
            ],
            [
              -89.11446928670989,
              29.253895750891633
            ],
            [
              -89.11457213835065,
              29.25389412349163
            ],
            [
              -89.11457399417418,
              29.25398431805806
            ],
            [
              -89.11467684589655,
              29.25398269057304
            ],
            [
              -89.11467870181866,
              29.25407288513216
            ],
            [
              -89.11478155362268,
              29.254071257562124
            ],
            [
              -89.11478340964335,
              29.254161452113955
            ],
            [
              -89.11488626152901,
              29.25415982445889
            ],
            [
              -89.11488811764826,
              29.2542500190034
            ],
            [
              -89.11499096961553,
              29.25424839126332
            ],
            [
              -89.11499468205967,
              29.25442878033643
            ],
            [
              -89.11509753419868,
              29.254427152505336
            ],
            [
              -89.11509939052357,
              29.25451734703392
            ],
            [
              -89.1152022427442,
              29.254515719117805
            ],
            [
              -89.11520595559962,
              29.25469610815903
            ],
            [
              -89.115308807992,
              29.25469448015192
            ],
            [
              -89.11531252106151,
              29.25487486917588
            ],
            [
              -89.11541537362561,
              29.254873241077757
            ],
            [
              -89.11542280022678,
              29.25523401908585
            ],
            [
              -89.11531994730224,
              29.255235647207897
            ],
            [
              -89.11532923029384,
              29.255686619718098
            ],
            [
              -89.11543208366892,
              29.255684991566145
            ],
            [
              -89.1154357971051,
              29.25586538054899
            ],
            [
              -89.11553865065194,
              29.255863752306023
            ],
            [
              -89.11554607798648,
              29.256224530231872
            ],
            [
              -89.11564893188527,
              29.256222901885927
            ],
            [
              -89.11565635971587,
              29.25658367976664
            ],
            [
              -89.11575921396665,
              29.25658205131771
            ],
            [
              -89.11577964219144,
              29.25757419031454
            ],
            [
              -89.115882497425,
              29.257572561720757
            ],
            [
              -89.11588435467735,
              29.25766275616107
            ],
            [
              -89.11598720999255,
              29.25766112748224
            ],
            [
              -89.11598906734348,
              29.257751321915254
            ],
            [
              -89.11609192274034,
              29.25774969315139
            ],
            [
              -89.11609378018986,
              29.257839887577106
            ],
            [
              -89.11619663566836,
              29.2578382587282
            ],
            [
              -89.11619849321649,
              29.257928453146594
            ],
            [
              -89.11630134877662,
              29.25792682421266
            ],
            [
              -89.11630320642334,
              29.258017018623754
            ],
            [
              -89.11640606206512,
              29.258015389604783
            ],
            [
              -89.11640791981044,
              29.258105584008554
            ],
            [
              -89.11651077553387,
              29.258103954904545
            ],
            [
              -89.11651449123018,
              29.258284343696136
            ],
            [
              -89.11661734712537,
              29.2582827145011
            ],
            [
              -89.11663221097088,
              29.2590042695666
            ],
            [
              -89.11642649773006,
              29.259007527973377
            ],
            [
              -89.11643021341574,
              29.25918791675043
            ],
            [
              -89.11632735660237,
              29.259189545847207
            ],
            [
              -89.1163292143678,
              29.25927974023973
            ],
            [
              -89.11622635745582,
              29.25928136926344
            ],
            [
              -89.11625422360308,
              29.260634285082048
            ],
            [
              -89.11635708186702,
              29.260632655968568
            ],
            [
              -89.1163756612599,
              29.26153459962212
            ],
            [
              -89.11627280209463,
              29.26153622879544
            ],
            [
              -89.11627465999042,
              29.261626423159484
            ],
            [
              -89.11617180072653,
              29.26162805225972
            ],
            [
              -89.11617365854067,
              29.261718246628433
            ],
            [
              -89.11586508042772,
              29.261723133472728
            ],
            [
              -89.11586693797992,
              29.261813327858057
            ],
            [
              -89.11566121901528,
              29.2618165853709
            ],
            [
              -89.11566679118195,
              29.26208716855483
            ],
            [
              -89.11576965093892,
              29.262085539820006
            ],
            [
              -89.1157715084349,
              29.26217573420602
            ],
            [
              -89.11587436827354,
              29.26217410538614
            ],
            [
              -89.11587622586813,
              29.262264299764844
            ],
            [
              -89.11608194570026,
              29.26226104187591
            ],
            [
              -89.11608380348362,
              29.262351236241322
            ],
            [
              -89.11618666347711,
              29.262349607172272
            ],
            [
              -89.11619037924955,
              29.262529995887153
            ],
            [
              -89.11639609957162,
              29.26252673748791
            ],
            [
              -89.11639795765083,
              29.262616931831392
            ],
            [
              -89.1165008178893,
              29.262615302507175
            ],
            [
              -89.11650267606716,
              29.262705496843353
            ],
            [
              -89.1167083966989,
              29.26270223794577
            ],
            [
              -89.11671025506551,
              29.262792432268636
            ],
            [
              -89.11691597584363,
              29.2627891730428
            ],
            [
              -89.116917834399,
              29.26287936735237
            ],
            [
              -89.11702069486546,
              29.26287773761486
            ],
            [
              -89.11702627085295,
              29.26314832051768
            ],
            [
              -89.11712913158135,
              29.263146690683143
            ],
            [
              -89.11714771965919,
              29.26404863354648
            ],
            [
              -89.11704485802932,
              29.264050263440886
            ],
            [
              -89.1170485755664,
              29.26423065200962
            ],
            [
              -89.11694571374775,
              29.264232281836936
            ],
            [
              -89.11695500728818,
              29.264683253265513
            ],
            [
              -89.11705786955758,
              29.264681623408254
            ],
            [
              -89.11705972838129,
              29.264771817684004
            ],
            [
              -89.11716259073235,
              29.2647701877417
            ],
            [
              -89.11716444965467,
              29.264860382010138
            ],
            [
              -89.1172673120874,
              29.264858751982764
            ],
            [
              -89.11727846634048,
              29.265399917529614
            ],
            [
              -89.11717560336682,
              29.265401547592912
            ],
            [
              -89.11717746234855,
              29.265491741852085
            ],
            [
              -89.11707459927625,
              29.26549337184229
            ],
            [
              -89.11707831708485,
              29.265673760368585
            ],
            [
              -89.11697545382376,
              29.265675390291694
            ],
            [
              -89.11697731265063,
              29.26576558455885
            ],
            [
              -89.1168744492909,
              29.265767214408854
            ],
            [
              -89.1168763080361,
              29.265857408680677
            ],
            [
              -89.11677344457773,
              29.265859038457606
            ],
            [
              -89.11677530324125,
              29.265949232734084
            ],
            [
              -89.11667243968425,
              29.265950862437904
            ],
            [
              -89.1166742982661,
              29.266041056719047
            ],
            [
              -89.11636570727373,
              29.266045945374024
            ],
            [
              -89.11636756559359,
              29.266136139671794
            ]
          ]
        ]
      },
      "properties": {
        "incident_id": "SP-016",
        "type": "AI-detected-slick",
        "source": "Sentinel-1 SAR",
        "method": "U-Net segmentation + radiometric filtering"
      }
    },
    {
      "type": "Feature",
      "geometry": {
        "type": "Polygon",
        "coordinates": [
          [
            [
              -89.0939465720825,
              29.256564731547545
            ],
            [
              -89.09384371640434,
              29.256566343213958
            ],
            [
              -89.09384187857236,
              29.25647614747864
            ],
            [
              -89.09373902297591,
              29.25647775906008
            ],
            [
              -89.0937298343925,
              29.256026780334107
            ],
            [
              -89.09362697923827,
              29.25602839180689
            ],
            [
              -89.09362514163685,
              29.2559381960518
            ],
            [
              -89.09352228656434,
              29.255939807439603
            ],
            [
              -89.09352044906146,
              29.255849611677277
            ],
            [
              -89.09341759407066,
              29.25585122298012
            ],
            [
              -89.09341575666627,
              29.25576102721055
            ],
            [
              -89.09331290175722,
              29.25576263842842
            ],
            [
              -89.09331106445131,
              29.25567244265161
            ],
            [
              -89.093208209624,
              29.255674053784503
            ],
            [
              -89.09318983792753,
              29.254772095884398
            ],
            [
              -89.09308698399295,
              29.254773706879067
            ],
            [
              -89.09308147291787,
              29.25450311946547
            ],
            [
              -89.09297861924523,
              29.254504730363333
            ],
            [
              -89.09297310851596,
              29.25423414292008
            ],
            [
              -89.09307596191827,
              29.254232532039985
            ],
            [
              -89.0930649401455,
              29.253691357153258
            ],
            [
              -89.09316779299878,
              29.253689746229632
            ],
            [
              -89.09315860796822,
              29.253238767150577
            ],
            [
              -89.09305575556546,
              29.253240378044627
            ],
            [
              -89.09305391867461,
              29.253150182218928
            ],
            [
              -89.09295106635356,
              29.253151793028
            ],
            [
              -89.0929492295612,
              29.25306159719506
            ],
            [
              -89.09284637732188,
              29.253063207919176
            ],
            [
              -89.09284454062801,
              29.252973012078996
            ],
            [
              -89.0926388363044,
              29.25297623327827
            ],
            [
              -89.09263699979911,
              29.252886037424933
            ],
            [
              -89.09253414771484,
              29.252887647900092
            ],
            [
              -89.09253231130805,
              29.252797452039506
            ],
            [
              -89.09232660729455,
              29.25280067274086
            ],
            [
              -89.09232477107635,
              29.25271047686712
            ],
            [
              -89.09170765937533,
              29.252720137038718
            ],
            [
              -89.0917058237061,
              29.252629941128166
            ],
            [
              -89.09160297181671,
              29.252631550874206
            ],
            [
              -89.09160113624597,
              29.252541354956424
            ],
            [
              -89.09149828443829,
              29.25254296461752
            ],
            [
              -89.09149461350216,
              29.25236257276613
            ],
            [
              -89.0913917618663,
              29.25236418233635
            ],
            [
              -89.09138992650091,
              29.252273986402763
            ],
            [
              -89.09118422338425,
              29.252277205294252
            ],
            [
              -89.09118238820743,
              29.252187009347512
            ],
            [
              -89.09066813071972,
              29.252195055163504
            ],
            [
              -89.09066629600177,
              29.25210485918588
            ],
            [
              -89.09035774167893,
              29.252109685709275
            ],
            [
              -89.09035590723965,
              29.252019489712595
            ],
            [
              -89.09025305587205,
              29.25202109838974
            ],
            [
              -89.09024021566232,
              29.251389726334548
            ],
            [
              -89.09003451416336,
              29.25139294336897
            ],
            [
              -89.09003268006138,
              29.25130274734398
            ],
            [
              -89.08972412802045,
              29.251307572285107
            ],
            [
              -89.08972596185215,
              29.251397768327838
            ],
            [
              -89.0894174094656,
              29.251402592575374
            ],
            [
              -89.08941924303537,
              29.2514927886345
            ],
            [
              -89.08911069030319,
              29.25149761218843
            ],
            [
              -89.08911252361105,
              29.251587808263956
            ],
            [
              -89.08890682156755,
              29.25159102358321
            ],
            [
              -89.08890865470359,
              29.25168121966922
            ],
            [
              -89.08870295244641,
              29.251684434684137
            ],
            [
              -89.08870478541063,
              29.251774630780655
            ],
            [
              -89.08819052917077,
              29.2517826669643
            ],
            [
              -89.08818869665706,
              29.251692470838258
            ],
            [
              -89.0880858454741,
              29.25169407783197
            ],
            [
              -89.08808218065195,
              29.251513685564113
            ],
            [
              -89.0879793296408,
              29.25151529246698
            ],
            [
              -89.08797200045728,
              29.25115450789178
            ],
            [
              -89.08807485110805,
              29.251152901012528
            ],
            [
              -89.08804003760224,
              29.249439174103554
            ],
            [
              -89.08814288653289,
              29.249437567257463
            ],
            [
              -89.08814105423666,
              29.249347371097027
            ],
            [
              -89.08824390306886,
              29.249345764177814
            ],
            [
              -89.08824207069091,
              29.249255568021976
            ],
            [
              -89.08834491942466,
              29.249253961029627
            ],
            [
              -89.08834308696498,
              29.249163764878375
            ],
            [
              -89.0885487842272,
              29.249160550668407
            ],
            [
              -89.08854695159572,
              29.249070354527625
            ],
            [
              -89.08875264864429,
              29.249067140013356
            ],
            [
              -89.08875081584101,
              29.248976943883076
            ],
            [
              -89.08895651267594,
              29.248973729064495
            ],
            [
              -89.08895467970086,
              29.248883532944706
            ],
            [
              -89.08916037632216,
              29.248880317821843
            ],
            [
              -89.08915854317526,
              29.24879012171253
            ],
            [
              -89.0893642395829,
              29.24878690628535
            ],
            [
              -89.08936240626423,
              29.248696710186554
            ],
            [
              -89.09039088689936,
              29.24868062836808
            ],
            [
              -89.09038905268821,
              29.248590432327052
            ],
            [
              -89.09080044434748,
              29.248583997410524
            ],
            [
              -89.09079860978437,
              29.248493801391813
            ],
            [
              -89.09110715317064,
              29.24848897439238
            ],
            [
              -89.09110531834565,
              29.248398778390094
            ],
            [
              -89.09100247064869,
              29.24840038746302
            ],
            [
              -89.09100063592217,
              29.2483101914535
            ],
            [
              -89.09110348352905,
              29.24830858238648
            ],
            [
              -89.09109614434638,
              29.247947798358798
            ],
            [
              -89.09119899158458,
              29.24794618923641
            ],
            [
              -89.09119715671976,
              29.247855993232093
            ],
            [
              -89.09140285099085,
              29.24785277476207
            ],
            [
              -89.09140101595425,
              29.247762578768263
            ],
            [
              -89.09170955702778,
              29.24775775048828
            ],
            [
              -89.09170772172935,
              29.24766755451089
            ],
            [
              -89.09191341555632,
              29.24766433527428
            ],
            [
              -89.09191158008609,
              29.247574139307392
            ],
            [
              -89.09283720108195,
              29.247559648884202
            ],
            [
              -89.09283903736288,
              29.247649844797845
            ],
            [
              -89.09304473100546,
              29.247646623822703
            ],
            [
              -89.09304656747494,
              29.24773681972318
            ],
            [
              -89.09325226126414,
              29.24773359842011
            ],
            [
              -89.09325409792217,
              29.24782379430741
            ],
            [
              -89.09356263881334,
              29.247818961742368
            ],
            [
              -89.09356447574997,
              29.2479091576106
            ],
            [
              -89.09377016981564,
              29.24790593549361
            ],
            [
              -89.09377200694084,
              29.24799613134868
            ],
            [
              -89.09387485405117,
              29.247994520165726
            ],
            [
              -89.09387669127482,
              29.24808471601355
            ],
            [
              -89.09397953846684,
              29.248083104745643
            ],
            [
              -89.09398321311947,
              29.248263496425494
            ],
            [
              -89.09408606048328,
              29.24826188506672
            ],
            [
              -89.09408973534963,
              29.24844227672943
            ],
            [
              -89.0941925828852,
              29.24844066527979
            ],
            [
              -89.09420360822605,
              29.24898184020063
            ],
            [
              -89.09430645629375,
              29.248980228636444
            ],
            [
              -89.09430829397,
              29.249070424446032
            ],
            [
              -89.09441114211937,
              29.2490688127969
            ],
            [
              -89.09441297989412,
              29.249159008599236
            ],
            [
              -89.09554430997441,
              29.249141275177635
            ],
            [
              -89.09554247120876,
              29.24905107944046
            ],
            [
              -89.09574816729771,
              29.249047854166466
            ],
            [
              -89.09575000624353,
              29.24913804989179
            ],
            [
              -89.09595570247909,
              29.24913482428984
            ],
            [
              -89.09595754161349,
              29.249225020001994
            ],
            [
              -89.09606038980876,
              29.249223407076542
            ],
            [
              -89.09606222904162,
              29.249313602781445
            ],
            [
              -89.09616507731857,
              29.24931198977105
            ],
            [
              -89.09616691664993,
              29.2494021854687
            ],
            [
              -89.09647546170068,
              29.249397345945543
            ],
            [
              -89.0964773013107,
              29.24948754162408
            ],
            [
              -89.09668299814936,
              29.2494843148683
            ],
            [
              -89.09668483794795,
              29.249574510533687
            ],
            [
              -89.09678768644477,
              29.24957289703132
            ],
            [
              -89.09678952634184,
              29.24966309268943
            ],
            [
              -89.09689237492034,
              29.249661479102112
            ],
            [
              -89.0968942149159,
              29.24975167475296
            ],
            [
              -89.09699706357611,
              29.249750061080693
            ],
            [
              -89.09699890367014,
              29.249840256724294
            ],
            [
              -89.09710175241203,
              29.249838642967063
            ],
            [
              -89.09710359260455,
              29.249928838603413
            ],
            [
              -89.09720644142814,
              29.249927224761215
            ],
            [
              -89.09720828171915,
              29.25001742039032
            ],
            [
              -89.09731113062442,
              29.250015806463157
            ],
            [
              -89.09731297101393,
              29.250106002085005
            ],
            [
              -89.09710727301483,
              29.250109229872145
            ],
            [
              -89.09710911323256,
              29.25019942550454
            ],
            [
              -89.09690341501968,
              29.250202652987415
            ],
            [
              -89.09690525506565,
              29.250292848630338
            ],
            [
              -89.09680240585652,
              29.250294462259163
            ],
            [
              -89.09680608579345,
              29.250474853552902
            ],
            [
              -89.09629183872092,
              29.25048292057082
            ],
            [
              -89.09629919689375,
              29.250843703260955
            ],
            [
              -89.09640204668541,
              29.25084208999173
            ],
            [
              -89.09640388633971,
              29.250932285655033
            ],
            [
              -89.09650673621309,
              29.250930672300846
            ],
            [
              -89.09651041572705,
              29.251111063611617
            ],
            [
              -89.09692181585727,
              29.25110460935708
            ],
            [
              -89.09692365598723,
              29.251194804986763
            ],
            [
              -89.09723220626697,
              29.251189963448198
            ],
            [
              -89.09723404667561,
              29.251280159058773
            ],
            [
              -89.09754259715,
              29.251275316791112
            ],
            [
              -89.09756284517276,
              29.25226746822437
            ],
            [
              -89.09745999403196,
              29.25226908245787
            ],
            [
              -89.09746183472163,
              29.2523592780407
            ],
            [
              -89.09725613223463,
              29.252362506282445
            ],
            [
              -89.0972579727525,
              29.25245270187582
            ],
            [
              -89.0971551214063,
              29.25245431588407
            ],
            [
              -89.09715696184247,
              29.252544511482043
            ],
            [
              -89.09695125894469,
              29.252547739273272
            ],
            [
              -89.09695309920905,
              29.252637934881786
            ],
            [
              -89.09674739609744,
              29.252641162368732
            ],
            [
              -89.09674923619,
              29.25273135798778
            ],
            [
              -89.09654353286462,
              29.252734585170426
            ],
            [
              -89.09654905265211,
              29.253005172055207
            ],
            [
              -89.0964462007065,
              29.25300678554575
            ],
            [
              -89.09644988042663,
              29.253187176807504
            ],
            [
              -89.09634702829241,
              29.253188790230876
            ],
            [
              -89.09636358663779,
              29.25400055089666
            ],
            [
              -89.09626073368423,
              29.254002164294324
            ],
            [
              -89.09626441322871,
              29.254182555550702
            ],
            [
              -89.09616156008654,
              29.25418416888118
            ],
            [
              -89.09616339978128,
              29.2542743645133
            ],
            [
              -89.09544342692023,
              29.254285655654932
            ],
            [
              -89.09544158785626,
              29.254195459981325
            ],
            [
              -89.09523588142919,
              29.254198685298537
            ],
            [
              -89.09523404255381,
              29.25410848961175
            ],
            [
              -89.09492548312058,
              29.254113326976952
            ],
            [
              -89.0949273217256,
              29.25420352268152
            ],
            [
              -89.0948244684743,
              29.25420513498443
            ],
            [
              -89.09482814552935,
              29.254385526401414
            ],
            [
              -89.09472529208944,
              29.254387138637128
            ],
            [
              -89.09472713053943,
              29.254477334349563
            ],
            [
              -89.09482998406945,
              29.25447572210793
            ],
            [
              -89.09483182261796,
              29.25456591781312
            ],
            [
              -89.09472896899781,
              29.254567530060676
            ],
            [
              -89.09473816141566,
              29.2550185085964
            ],
            [
              -89.09484101548637,
              29.25501689631922
            ],
            [
              -89.09485204720544,
              29.255558070482866
            ],
            [
              -89.09474919259405,
              29.255559682795578
            ],
            [
              -89.09475286972066,
              29.255740074184725
            ],
            [
              -89.09465001492066,
              29.25574168643024
            ],
            [
              -89.09465185340645,
              29.255831882128753
            ],
            [
              -89.09454899850795,
              29.255833494301147
            ],
            [
              -89.09455083691199,
              29.25592369000425
            ],
            [
              -89.09444798191498,
              29.25592530210351
            ],
            [
              -89.09445165856805,
              29.25610569351761
            ],
            [
              -89.09434880338242,
              29.256107305549673
            ],
            [
              -89.09435247988878,
              29.25628769697033
            ],
            [
              -89.09424962451453,
              29.25628930893517
            ],
            [
              -89.0942514626902,
              29.256379504649434
            ],
            [
              -89.09414860721742,
              29.256381116541156
            ],
            [
              -89.09415044531136,
              29.25647131226002
            ],
            [
              -89.09394473416042,
              29.256474535818157
            ],
            [
              -89.0939465720825,
              29.256564731547545
            ]
          ],
          [
            [
              -89.09183626484891,
              29.24892868841238
            ],
            [
              -89.09183442935145,
              29.24883849245811
            ],
            [
              -89.09193727743181,
              29.248836882723396
            ],
            [
              -89.09193544185266,
              29.248746686773703
            ],
            [
              -89.09183259386238,
              29.248748296502495
            ],
            [
              -89.09183075838168,
              29.248658100545576
            ],
            [
              -89.09172791047311,
              29.248659710189436
            ],
            [
              -89.09172607509088,
              29.248569514225267
            ],
            [
              -89.09131468373313,
              29.248575951986766
            ],
            [
              -89.09131835378533,
              29.248756343961084
            ],
            [
              -89.0914212018175,
              29.24875473462742
            ],
            [
              -89.09142303694624,
              29.24884493060669
            ],
            [
              -89.09152588506011,
              29.24884332118808
            ],
            [
              -89.0915277202873,
              29.248933517160097
            ],
            [
              -89.09183626484891,
              29.24892868841238
            ]
          ],
          [
            [
              -89.09329450651997,
              29.24980810349365
            ],
            [
              -89.09328532239137,
              29.24935712418936
            ],
            [
              -89.09318247387947,
              29.249358734986956
            ],
            [
              -89.09318063716898,
              29.2492685391162
            ],
            [
              -89.0930777887388,
              29.249270149828845
            ],
            [
              -89.09307595212678,
              29.24917995395086
            ],
            [
              -89.0928702554214,
              29.249183175127225
            ],
            [
              -89.09286841899795,
              29.24909297923608
            ],
            [
              -89.09276557072278,
              29.249094589699798
            ],
            [
              -89.09276373439779,
              29.249004393801407
            ],
            [
              -89.09266088620431,
              29.24900600418017
            ],
            [
              -89.09266272243921,
              29.24909620008449
            ],
            [
              -89.09255987414727,
              29.249097810390147
            ],
            [
              -89.09256354646205,
              29.249278202206614
            ],
            [
              -89.09266639493416,
              29.24927659188912
            ],
            [
              -89.09267006746263,
              29.24945698368847
            ],
            [
              -89.09277291610654,
              29.249455373280107
            ],
            [
              -89.09277658884872,
              29.249635765062347
            ],
            [
              -89.09287943766442,
              29.249634154563115
            ],
            [
              -89.09288311062032,
              29.249814546328206
            ],
            [
              -89.09329450651997,
              29.24980810349365
            ]
          ]
        ]
      },
      "properties": {
        "incident_id": "SP-016",
        "type": "AI-detected-slick",
        "source": "Sentinel-1 SAR",
        "method": "U-Net segmentation + radiometric filtering"
      }
    },
    {
      "type": "Feature",
      "geometry": {
        "type": "Polygon",
        "coordinates": [
          [
            [
              -89.07137630492917,
              29.259803697848827
            ],
            [
              -89.07096486328656,
              29.25981007522146
            ],
            [
              -89.07096304528632,
              29.25971987821523
            ],
            [
              -89.07086018494505,
              29.259721472354858
            ],
            [
              -89.07085836704326,
              29.259631275341437
            ],
            [
              -89.07065264651611,
              29.25963446337179
            ],
            [
              -89.07065082880288,
              29.259544266345337
            ],
            [
              -89.07044510842283,
              29.259547454047713
            ],
            [
              -89.07044329089817,
              29.259457257008236
            ],
            [
              -89.07034043078583,
              29.259458850734976
            ],
            [
              -89.07033679594167,
              29.259278456640335
            ],
            [
              -89.07023393600133,
              29.25928005027629
            ],
            [
              -89.07022848406771,
              29.25900945910686
            ],
            [
              -89.07033134373766,
              29.259007865488467
            ],
            [
              -89.07032043955363,
              29.258466683149084
            ],
            [
              -89.07042329867447,
              29.258465089486755
            ],
            [
              -89.07041966383255,
              29.258284695374773
            ],
            [
              -89.07052252276485,
              29.25828310164509
            ],
            [
              -89.07051888777586,
              29.258102707539535
            ],
            [
              -89.07062174651958,
              29.258101113742505
            ],
            [
              -89.07061629382792,
              29.25783052259182
            ],
            [
              -89.07071915229297,
              29.2578289287333
            ],
            [
              -89.07071006418883,
              29.25737794348502
            ],
            [
              -89.07081292219493,
              29.257376349576724
            ],
            [
              -89.07080928683109,
              29.257195955479872
            ],
            [
              -89.07070642900526,
              29.25719754937647
            ],
            [
              -89.07070461142592,
              29.257107352320222
            ],
            [
              -89.06998460704368,
              29.257118507341744
            ],
            [
              -89.06998279010352,
              29.257028310243175
            ],
            [
              -89.06987993239157,
              29.25702990349559
            ],
            [
              -89.06987811554984,
              29.25693970638986
            ],
            [
              -89.06977525791973,
              29.256941299557358
            ],
            [
              -89.06977344117641,
              29.256851102444447
            ],
            [
              -89.06967058362814,
              29.256852695527044
            ],
            [
              -89.06966695034663,
              29.256672301285544
            ],
            [
              -89.06956409297031,
              29.25667389427738
            ],
            [
              -89.06955682686731,
              29.25631310575513
            ],
            [
              -89.06935111281079,
              29.2563162914548
            ],
            [
              -89.06934929648602,
              29.256226094309234
            ],
            [
              -89.06883501165022,
              29.256234057145676
            ],
            [
              -89.06883319578436,
              29.256143859969534
            ],
            [
              -89.06852462505377,
              29.256148636705188
            ],
            [
              -89.06852280946657,
              29.25605843951017
            ],
            [
              -89.06841995262992,
              29.256060031591424
            ],
            [
              -89.06841087526882,
              29.255609045567283
            ],
            [
              -89.06851373165486,
              29.255607453515275
            ],
            [
              -89.06850465405036,
              29.25515646748737
            ],
            [
              -89.06860750997751,
              29.25515487538555
            ],
            [
              -89.06860387881348,
              29.25497448097684
            ],
            [
              -89.06870673455212,
              29.254972888807675
            ],
            [
              -89.06870310324102,
              29.254792494405386
            ],
            [
              -89.06880595879112,
              29.254790902168867
            ],
            [
              -89.0687986959079,
              29.25443011337185
            ],
            [
              -89.06890155108927,
              29.254428521079685
            ],
            [
              -89.06889791951717,
              29.25424812668495
            ],
            [
              -89.06900077451002,
              29.254246534325436
            ],
            [
              -89.06899714279083,
              29.25406613993712
            ],
            [
              -89.06909999759516,
              29.25406454751025
            ],
            [
              -89.06909636572891,
              29.25388415312836
            ],
            [
              -89.06919922034471,
              29.253882560634153
            ],
            [
              -89.06919558833141,
              29.25370216625868
            ],
            [
              -89.0692984427587,
              29.253700573697124
            ],
            [
              -89.06929662667437,
              29.253610376513254
            ],
            [
              -89.06939948100326,
              29.253608783878498
            ],
            [
              -89.06939584867925,
              29.25342838951852
            ],
            [
              -89.06949870281963,
              29.25342679681643
            ],
            [
              -89.06949507034857,
              29.253246402462857
            ],
            [
              -89.06959792430044,
              29.253244809693424
            ],
            [
              -89.06959610798724,
              29.253154612520504
            ],
            [
              -89.0696989618407,
              29.25315301967788
            ],
            [
              -89.06969714544567,
              29.253062822509495
            ],
            [
              -89.06979999920074,
              29.253061229593676
            ],
            [
              -89.06979636625535,
              29.25288083526466
            ],
            [
              -89.06989921982192,
              29.252879242281505
            ],
            [
              -89.06989740327155,
              29.25278904512086
            ],
            [
              -89.07000025673972,
              29.252787452064517
            ],
            [
              -89.06999844010754,
              29.25269725490841
            ],
            [
              -89.07010129347728,
              29.252695661778873
            ],
            [
              -89.07009947676329,
              29.252605464627297
            ],
            [
              -89.0703051832977,
              29.2526022781428
            ],
            [
              -89.0703033664118,
              29.252512081001605
            ],
            [
              -89.07081763215217,
              29.252504113436363
            ],
            [
              -89.07081581482403,
              29.25241391632314
            ],
            [
              -89.0709186678571,
              29.252412322578817
            ],
            [
              -89.07091685044716,
              29.252322125470116
            ],
            [
              -89.07101970338184,
              29.25232053165262
            ],
            [
              -89.07101243346457,
              29.251959743228053
            ],
            [
              -89.07111528603053,
              29.25195814935493
            ],
            [
              -89.07111346848187,
              29.251867952251338
            ],
            [
              -89.07121632094943,
              29.25186635830503
            ],
            [
              -89.07121450331894,
              29.25177616120599
            ],
            [
              -89.07142020804899,
              29.25177297308796
            ],
            [
              -89.07141839024659,
              29.2516827759993
            ],
            [
              -89.07213835590956,
              29.251671615137415
            ],
            [
              -89.07213653748475,
              29.251581418088445
            ],
            [
              -89.072239389599,
              29.2515798233693
            ],
            [
              -89.07223757109242,
              29.251489626324886
            ],
            [
              -89.07285468306303,
              29.251480056385343
            ],
            [
              -89.07285286402413,
              29.251389859374765
            ],
            [
              -89.07275001213989,
              29.251391454556426
            ],
            [
              -89.07274819319939,
              29.25130125753865
            ],
            [
              -89.07243963776713,
              29.251306042591818
            ],
            [
              -89.07243781910525,
              29.25121584555515
            ],
            [
              -89.07212926386858,
              29.251220629879374
            ],
            [
              -89.07212744548528,
              29.251130432823807
            ],
            [
              -89.07202459381321,
              29.25113202743461
            ],
            [
              -89.07202277552832,
              29.251041830371864
            ],
            [
              -89.07191992393807,
              29.25104342489777
            ],
            [
              -89.07191083308861,
              29.25059243953491
            ],
            [
              -89.07201368422838,
              29.250590845038303
            ],
            [
              -89.0719991385801,
              29.249869268435912
            ],
            [
              -89.07189628816108,
              29.24987086288565
            ],
            [
              -89.07189265201221,
              29.24969046871014
            ],
            [
              -89.07178980176508,
              29.24969206306912
            ],
            [
              -89.0717861658296,
              29.249511668876597
            ],
            [
              -89.07168331575434,
              29.249513263144834
            ],
            [
              -89.07167968003222,
              29.249332868935312
            ],
            [
              -89.07157683012888,
              29.2493344631128
            ],
            [
              -89.07157501237036,
              29.2492442660002
            ],
            [
              -89.07147216254879,
              29.249245860092795
            ],
            [
              -89.07147034488867,
              29.24915566297302
            ],
            [
              -89.07136749514889,
              29.249157256980734
            ],
            [
              -89.07136567758715,
              29.249067059853765
            ],
            [
              -89.07126282792917,
              29.249068653776582
            ],
            [
              -89.07125919301076,
              29.248888259506987
            ],
            [
              -89.07115634352466,
              29.248889853339058
            ],
            [
              -89.07115270881962,
              29.248709459052474
            ],
            [
              -89.07125555812554,
              29.248707865232117
            ],
            [
              -89.07125010585995,
              29.248437273809902
            ],
            [
              -89.07135295488729,
              29.248435679928086
            ],
            [
              -89.07134750242611,
              29.248165088511563
            ],
            [
              -89.07145035117492,
              29.24816349456829
            ],
            [
              -89.0714467160621,
              29.24798310029571
            ],
            [
              -89.07154956462243,
              29.247981506285115
            ],
            [
              -89.0715477469884,
              29.247891309152706
            ],
            [
              -89.07165059545035,
              29.24788971506895
            ],
            [
              -89.07164877773452,
              29.247799517941072
            ],
            [
              -89.07175162609809,
              29.24779792378415
            ],
            [
              -89.07174980830047,
              29.24770772666081
            ],
            [
              -89.07195550482254,
              29.247704538121596
            ],
            [
              -89.07195368685305,
              29.247614341008653
            ],
            [
              -89.07226223130367,
              29.247609557624692
            ],
            [
              -89.07226041307223,
              29.247519360527996
            ],
            [
              -89.07277465320682,
              29.24751138667014
            ],
            [
              -89.07277283453328,
              29.247421189601447
            ],
            [
              -89.07380131327885,
              29.24740523601734
            ],
            [
              -89.07380313285321,
              29.24749543302741
            ],
            [
              -89.07647717604515,
              29.24745391657184
            ],
            [
              -89.07647899796996,
              29.247544113428035
            ],
            [
              -89.07719893234565,
              29.247532926752122
            ],
            [
              -89.07719710979028,
              29.247442729937045
            ],
            [
              -89.07812273829207,
              29.247428341431
            ],
            [
              -89.07812091493427,
              29.247338144667474
            ],
            [
              -89.07997216829331,
              29.247309348557955
            ],
            [
              -89.07997399327255,
              29.24739954521566
            ],
            [
              -89.08131100907976,
              29.24737873202541
            ],
            [
              -89.08131283523836,
              29.24746892860532
            ],
            [
              -89.08151853003307,
              29.2474657253789
            ],
            [
              -89.08152035638017,
              29.247555921945708
            ],
            [
              -89.08213744110463,
              29.247546310334535
            ],
            [
              -89.08213561421704,
              29.247456113803043
            ],
            [
              -89.08295839266194,
              29.247443293943164
            ],
            [
              -89.08296022027018,
              29.247533490427536
            ],
            [
              -89.08316591497812,
              29.247530284660538
            ],
            [
              -89.08316774277488,
              29.24762048113181
            ],
            [
              -89.08327059020642,
              29.247618878123887
            ],
            [
              -89.08327607391695,
              29.2478894675121
            ],
            [
              -89.08337892161039,
              29.247887864407478
            ],
            [
              -89.0833825776393,
              29.248068257314557
            ],
            [
              -89.08348542550456,
              29.24806665411913
            ],
            [
              -89.08349090988075,
              29.248337243452156
            ],
            [
              -89.08359375800792,
              29.248335640160025
            ],
            [
              -89.08359558624011,
              29.248425836595832
            ],
            [
              -89.083698434449,
              29.24842423321878
            ],
            [
              -89.08370209111857,
              29.24860462607464
            ],
            [
              -89.08380493949929,
              29.24860302260677
            ],
            [
              -89.08381408176969,
              29.249054004693864
            ],
            [
              -89.08371123293854,
              29.249055608191203
            ],
            [
              -89.08371671813069,
              29.249326197445274
            ],
            [
              -89.08361386902092,
              29.249327800881243
            ],
            [
              -89.08363398104387,
              29.25031996144251
            ],
            [
              -89.0834282808173,
              29.250323168206993
            ],
            [
              -89.08343010905291,
              29.250413364625512
            ],
            [
              -89.08332725883703,
              29.250414967895086
            ],
            [
              -89.0833290869909,
              29.25050516431816
            ],
            [
              -89.08312338635389,
              29.25050837063201
            ],
            [
              -89.08312521433591,
              29.250598567065545
            ],
            [
              -89.08322806474868,
              29.25059696394225
            ],
            [
              -89.08323537712063,
              29.250957749639646
            ],
            [
              -89.08333822788545,
              29.250956146413753
            ],
            [
              -89.08334188430167,
              29.25113653924273
            ],
            [
              -89.08344473523834,
              29.251134935926018
            ],
            [
              -89.08344839186816,
              29.251315328737935
            ],
            [
              -89.08355124297665,
              29.251313725330395
            ],
            [
              -89.08355489982004,
              29.25149411812524
            ],
            [
              -89.0836577511004,
              29.25149251462688
            ],
            [
              -89.08366506524776,
              29.25185330017713
            ],
            [
              -89.08376791688016,
              29.25185169657616
            ],
            [
              -89.08377523152149,
              29.252212482081692
            ],
            [
              -89.08387808350594,
              29.252210878378122
            ],
            [
              -89.0838817410569,
              29.25239127111116
            ],
            [
              -89.0839845932132,
              29.252389667316763
            ],
            [
              -89.08398825097775,
              29.25257006003274
            ],
            [
              -89.08409110330592,
              29.252568456147515
            ],
            [
              -89.08409659028568,
              29.252839045193866
            ],
            [
              -89.08399373768721,
              29.252840649096775
            ],
            [
              -89.08399739553525,
              29.253021041799517
            ],
            [
              -89.08389454274821,
              29.253022645635173
            ],
            [
              -89.0839036870639,
              29.253473627398378
            ],
            [
              -89.08380083381799,
              29.253475231184442
            ],
            [
              -89.08380632023727,
              29.253745820244166
            ],
            [
              -89.08370346671268,
              29.253747423968868
            ],
            [
              -89.08370712418706,
              29.253927816680534
            ],
            [
              -89.0836042704739,
              29.25392942033798
            ],
            [
              -89.0836060991335,
              29.25401961669772
            ],
            [
              -89.08350324532188,
              29.254021220282002
            ],
            [
              -89.08350507389973,
              29.254111416646317
            ],
            [
              -89.08340221998965,
              29.25411302015745
            ],
            [
              -89.08340404848573,
              29.25420321652633
            ],
            [
              -89.08319834046033,
              29.254206423323236
            ],
            [
              -89.08320016878453,
              29.254296619702572
            ],
            [
              -89.0828916064135,
              29.254301429322755
            ],
            [
              -89.08289343447572,
              29.25439162571846
            ],
            [
              -89.08268772600643,
              29.25439483174846
            ],
            [
              -89.08268955389676,
              29.2544850281546
            ],
            [
              -89.08196957336058,
              29.254496246810824
            ],
            [
              -89.08197140062848,
              29.254586443256862
            ],
            [
              -89.08176569164854,
              29.254589647887567
            ],
            [
              -89.08176751874456,
              29.254679844344068
            ],
            [
              -89.08166466415197,
              29.254681446546726
            ],
            [
              -89.0816664911662,
              29.254771643007782
            ],
            [
              -89.08156363647517,
              29.254773245137283
            ],
            [
              -89.08156546340763,
              29.254863441602918
            ],
            [
              -89.08146260861814,
              29.25486504365925
            ],
            [
              -89.08146443546883,
              29.254955240129455
            ],
            [
              -89.08136158058088,
              29.254956842112623
            ],
            [
              -89.0813634073498,
              29.25504703858738
            ],
            [
              -89.08115769736865,
              29.255050242328345
            ],
            [
              -89.08115952396567,
              29.25514043881355
            ],
            [
              -89.08095381377095,
              29.255143642250093
            ],
            [
              -89.08095564019607,
              29.255233838745752
            ],
            [
              -89.0806470745711,
              29.25523864332534
            ],
            [
              -89.08064890073422,
              29.255328839837333
            ],
            [
              -89.08044319009566,
              29.2553320425069
            ],
            [
              -89.08044501608688,
              29.255422239029333
            ],
            [
              -89.07993073889403,
              29.255430244349288
            ],
            [
              -89.0799289133534,
              29.255340047797453
            ],
            [
              -89.07931178098768,
              29.255349651537426
            ],
            [
              -89.07930995599607,
              29.25525945494897
            ],
            [
              -89.07910424532108,
              29.25526265555146
            ],
            [
              -89.07910242051804,
              29.25517245894993
            ],
            [
              -89.07899956525817,
              29.255174059126716
            ],
            [
              -89.07899774055356,
              29.25508386251798
            ],
            [
              -89.07889488537548,
              29.255085462609845
            ],
            [
              -89.07889306076933,
              29.25499526599391
            ],
            [
              -89.07879020567303,
              29.254996866000845
            ],
            [
              -89.07878838116532,
              29.254906669377704
            ],
            [
              -89.0786855261508,
              29.254908269299708
            ],
            [
              -89.07868187734063,
              29.25472787603771
            ],
            [
              -89.07857902249799,
              29.254729475868913
            ],
            [
              -89.0785771981955,
              29.25463927923005
            ],
            [
              -89.07837148866552,
              29.254642478643532
            ],
            [
              -89.07836966455159,
              29.254552281991607
            ],
            [
              -89.0780611004645,
              29.254557080501343
            ],
            [
              -89.07806292430809,
              29.254647277170903
            ],
            [
              -89.07796006950562,
              29.254648876521927
            ],
            [
              -89.07796371703756,
              29.254829269868846
            ],
            [
              -89.07786086204653,
              29.25483086915257
            ],
            [
              -89.07786268573489,
              29.25492106582993
            ],
            [
              -89.07775983064543,
              29.254922665040482
            ],
            [
              -89.07776165425197,
              29.255012861722395
            ],
            [
              -89.07765879906408,
              29.25501446085977
            ],
            [
              -89.07766062258884,
              29.255104657546223
            ],
            [
              -89.0771463460739,
              29.25511265207674
            ],
            [
              -89.07714452299973,
              29.25502245536091
            ],
            [
              -89.07693881251573,
              29.255025652608012
            ],
            [
              -89.07693698963011,
              29.25493545587911
            ],
            [
              -89.07683413446574,
              29.25493705437821
            ],
            [
              -89.07683231167856,
              29.25484685764211
            ],
            [
              -89.07672945659597,
              29.254848456056283
            ],
            [
              -89.07672763390723,
              29.254758259313
            ],
            [
              -89.07621335882014,
              29.25476625016878
            ],
            [
              -89.07621518105832,
              29.25485644694144
            ],
            [
              -89.07611232592583,
              29.25485804488132
            ],
            [
              -89.07611414808221,
              29.25494824165852
            ],
            [
              -89.07601129285129,
              29.25494983952522
            ],
            [
              -89.07601858119953,
              29.255310626644306
            ],
            [
              -89.07591572559984,
              29.255312224455434
            ],
            [
              -89.07591754761756,
              29.25540242123777
            ],
            [
              -89.0760204033074,
              29.255400823420764
            ],
            [
              -89.076027691822,
              29.255761610513417
            ],
            [
              -89.07613054786397,
              29.25576001259387
            ],
            [
              -89.07613237010355,
              29.25585020935787
            ],
            [
              -89.07623522622733,
              29.255848611353404
            ],
            [
              -89.07623704856533,
              29.2559388081102
            ],
            [
              -89.0763399047709,
              29.255937210020814
            ],
            [
              -89.07634172720735,
              29.256027406770414
            ],
            [
              -89.07644458349475,
              29.2560258085961
            ],
            [
              -89.07644640602962,
              29.256116005338516
            ],
            [
              -89.07665211875967,
              29.25611280874097
            ],
            [
              -89.07666487799852,
              29.256744185818622
            ],
            [
              -89.07656202100681,
              29.256745784198024
            ],
            [
              -89.07656384369838,
              29.256835980923995
            ],
            [
              -89.07666670078022,
              29.25683438253872
            ],
            [
              -89.07666852357023,
              29.25692457925749
            ],
            [
              -89.07656566639827,
              29.25692617764863
            ],
            [
              -89.07656748910647,
              29.25701637437196
            ],
            [
              -89.07667034636857,
              29.257014775974945
            ],
            [
              -89.07667216917523,
              29.257104972691067
            ],
            [
              -89.07656931182301,
              29.25710657109396
            ],
            [
              -89.07657113454785,
              29.25719676781464
            ],
            [
              -89.0766739919902,
              29.257195169405872
            ],
            [
              -89.0766758148135,
              29.25728536611936
            ],
            [
              -89.07657295728102,
              29.257286964533993
            ],
            [
              -89.0765802482969,
              29.257647751398213
            ],
            [
              -89.0764773903956,
              29.25764934975728
            ],
            [
              -89.07647921308025,
              29.25773954647591
            ],
            [
              -89.0763763550805,
              29.257741144761795
            ],
            [
              -89.07637817768334,
              29.25783134148496
            ],
            [
              -89.07627531958514,
              29.257832939697657
            ],
            [
              -89.07627714210616,
              29.257923136425383
            ],
            [
              -89.07617428390952,
              29.257924734564888
            ],
            [
              -89.07617610634874,
              29.25801493129716
            ],
            [
              -89.07597038975024,
              29.258018127350727
            ],
            [
              -89.0759722120175,
              29.25810832409342
            ],
            [
              -89.07576649520546,
              29.258111519842494
            ],
            [
              -89.0757683173008,
              29.25820171659562
            ],
            [
              -89.07556260027522,
              29.258204912040195
            ],
            [
              -89.07556442219861,
              29.258295108803722
            ],
            [
              -89.07546156358322,
              29.258296706413287
            ],
            [
              -89.0754633854248,
              29.258386903181368
            ],
            [
              -89.07536052671095,
              29.258388500717732
            ],
            [
              -89.07536234847072,
              29.25847869749036
            ],
            [
              -89.07525948965842,
              29.258480294953547
            ],
            [
              -89.07526131133636,
              29.258570491730726
            ],
            [
              -89.07495273457921,
              29.258575283663497
            ],
            [
              -89.07495455599506,
              29.25866548045696
            ],
            [
              -89.07485169696926,
              29.258667077615623
            ],
            [
              -89.0748535183033,
              29.25875727441363
            ],
            [
              -89.07444208175637,
              29.258763662281137
            ],
            [
              -89.0744439027382,
              29.258853859101297
            ],
            [
              -89.07382674712763,
              29.258863438565857
            ],
            [
              -89.07382856757697,
              29.258953635419886
            ],
            [
              -89.07331427055563,
              29.25896161616211
            ],
            [
              -89.07331791057787,
              29.259142009924854
            ],
            [
              -89.07321505096841,
              29.259143605847825
            ],
            [
              -89.0732186908436,
              29.25932399961699
            ],
            [
              -89.07332155063335,
              29.259322403682287
            ],
            [
              -89.07332337067355,
              29.259412600559028
            ],
            [
              -89.07311765090549,
              29.259415792361107
            ],
            [
              -89.07311583104557,
              29.259325595472642
            ],
            [
              -89.07301297123922,
              29.259327191249213
            ],
            [
              -89.07301115147774,
              29.259236994353564
            ],
            [
              -89.07290829175321,
              29.259238590045214
            ],
            [
              -89.07290647209017,
              29.25914839314238
            ],
            [
              -89.0727007527965,
              29.259151584276765
            ],
            [
              -89.07270257227925,
              29.25924178119132
            ],
            [
              -89.07239399300603,
              29.259246567317486
            ],
            [
              -89.07239581222669,
              29.259336764248303
            ],
            [
              -89.0722929523622,
              29.25933835947142
            ],
            [
              -89.07229477150103,
              29.259428556406785
            ],
            [
              -89.0721919115381,
              29.259430151556703
            ],
            [
              -89.0721937305951,
              29.259520348496597
            ],
            [
              -89.07209087053373,
              29.259521943573308
            ],
            [
              -89.07209268950889,
              29.25961214051775
            ],
            [
              -89.07178410900455,
              29.259616925291066
            ],
            [
              -89.0717859277176,
              29.25970712225177
            ],
            [
              -89.07137448656836,
              29.259713500866024
            ],
            [
              -89.07137630492917,
              29.259803697848827
            ]
          ],
          [
            [
              -89.07196356290406,
              29.253208154179845
            ],
            [
              -89.07195992614093,
              29.253027760102054
            ],
            [
              -89.07206277971346,
              29.253026165447245
            ],
            [
              -89.07205550592641,
              29.252665377299277
            ],
            [
              -89.07195265271432,
              29.252666971930655
            ],
            [
              -89.07195083437841,
              29.252576774884492
            ],
            [
              -89.0717451281095,
              29.252579963898395
            ],
            [
              -89.07174876442917,
              29.252760358012818
            ],
            [
              -89.07164591110207,
              29.252761952412914
            ],
            [
              -89.07165136537351,
              29.25303254359222
            ],
            [
              -89.07175421897095,
              29.253030949174544
            ],
            [
              -89.07175785537363,
              29.253211343275765
            ],
            [
              -89.07196356290406,
              29.253208154179845
            ]
          ],
          [
            [
              -89.07763691741624,
              29.25393210051916
            ],
            [
              -89.0776350939997,
              29.253841903815523
            ],
            [
              -89.07773794801614,
              29.25384030475453
            ],
            [
              -89.0777324775461,
              29.253569714653306
            ],
            [
              -89.0776296238,
              29.253571313696682
            ],
            [
              -89.07762597704182,
              29.253390920277507
            ],
            [
              -89.07731741629424,
              29.25339571689809
            ],
            [
              -89.07731923939885,
              29.253485913625962
            ],
            [
              -89.07721638570955,
              29.25348751234728
            ],
            [
              -89.07722185480296,
              29.253758102540594
            ],
            [
              -89.07732470876257,
              29.25375650380166
            ],
            [
              -89.07732653190047,
              29.25384670052424
            ],
            [
              -89.07753223997494,
              29.25384350279747
            ],
            [
              -89.07753406330139,
              29.25393369950699
            ],
            [
              -89.07763691741624,
              29.25393210051916
            ]
          ]
        ]
      },
      "properties": {
        "incident_id": "SP-016",
        "type": "AI-detected-slick",
        "source": "Sentinel-1 SAR",
        "method": "U-Net segmentation + radiometric filtering"
      }
    },
    {
      "type": "Feature",
      "geometry": {
        "type": "Polygon",
        "coordinates": [
          [
            [
              -89.0766755831058,
              29.24708993339462
            ],
            [
              -89.0754414145466,
              29.247109103088718
            ],
            [
              -89.07543959356418,
              29.247018906167213
            ],
            [
              -89.0748225093761,
              29.2470284867117
            ],
            [
              -89.07482068894247,
              29.246938289753675
            ],
            [
              -89.07461499432677,
              29.24694148262457
            ],
            [
              -89.0746131740816,
              29.246851285653495
            ],
            [
              -89.074304632366,
              29.246856074349555
            ],
            [
              -89.07430281239937,
              29.246765877359554
            ],
            [
              -89.07389142368919,
              29.246772261157822
            ],
            [
              -89.0738896040912,
              29.246682064143044
            ],
            [
              -89.07358106274157,
              29.24668685114441
            ],
            [
              -89.07357924342213,
              29.246596654110714
            ],
            [
              -89.07347639637905,
              29.24659824961393
            ],
            [
              -89.073474577158,
              29.246508052573038
            ],
            [
              -89.0733717301967,
              29.24650964799137
            ],
            [
              -89.07336809195964,
              29.24632925389393
            ],
            [
              -89.07347093874078,
              29.24632765848734
            ],
            [
              -89.0734618428431,
              29.245876673249946
            ],
            [
              -89.07335899651233,
              29.24587826862723
            ],
            [
              -89.07335535839155,
              29.245697874511297
            ],
            [
              -89.07325251223263,
              29.245699469797845
            ],
            [
              -89.07325069327476,
              29.245609272732022
            ],
            [
              -89.0731478471976,
              29.245610867933674
            ],
            [
              -89.07314420948694,
              29.245430473786367
            ],
            [
              -89.07304136358164,
              29.24543206889728
            ],
            [
              -89.07303954482883,
              29.245341871815782
            ],
            [
              -89.07293669900528,
              29.245343466841806
            ],
            [
              -89.07293488035084,
              29.245253269753135
            ],
            [
              -89.07283203460908,
              29.245254864694278
            ],
            [
              -89.07283021605303,
              29.24516466759841
            ],
            [
              -89.07272737039303,
              29.245166262454674
            ],
            [
              -89.07272555193535,
              29.24507606535163
            ],
            [
              -89.07251986077058,
              29.245079254815373
            ],
            [
              -89.07251804250134,
              29.24498905769929
            ],
            [
              -89.07220950596215,
              29.244993841284675
            ],
            [
              -89.07220768797143,
              29.244903644149698
            ],
            [
              -89.07179630616325,
              29.244910021133844
            ],
            [
              -89.07179448854113,
              29.244819823974105
            ],
            [
              -89.07158879776739,
              29.244823011980348
            ],
            [
              -89.07158698033369,
              29.244732814807573
            ],
            [
              -89.0713812897069,
              29.244736002486036
            ],
            [
              -89.07137947246164,
              29.24464580530022
            ],
            [
              -89.07117378198181,
              29.244648992650887
            ],
            [
              -89.07117196492499,
              29.244558795452047
            ],
            [
              -89.07096627459212,
              29.244561982474938
            ],
            [
              -89.07096445772372,
              29.24447178526305
            ],
            [
              -89.07075876753781,
              29.244474971958155
            ],
            [
              -89.07075695085784,
              29.24438477473325
            ],
            [
              -89.07065410584252,
              29.244386367956427
            ],
            [
              -89.07065228926092,
              29.244296170724336
            ],
            [
              -89.07044659938552,
              29.24429935692191
            ],
            [
              -89.07044478299235,
              29.244209159676785
            ],
            [
              -89.07034193813229,
              29.244210752651206
            ],
            [
              -89.07034012183748,
              29.24412055539891
            ],
            [
              -89.07023727705918,
              29.244122148288454
            ],
            [
              -89.07023546086273,
              29.244031951028994
            ],
            [
              -89.0701326161662,
              29.244033543833655
            ],
            [
              -89.07013080006813,
              29.243943346567015
            ],
            [
              -89.07002795545338,
              29.243944939286813
            ],
            [
              -89.07002613945366,
              29.243854742013
            ],
            [
              -89.06992329492068,
              29.243856334647926
            ],
            [
              -89.06992147901931,
              29.243766137366947
            ],
            [
              -89.06981863456811,
              29.243767729917003
            ],
            [
              -89.06981681876509,
              29.24367753262885
            ],
            [
              -89.06971397439568,
              29.243679125094033
            ],
            [
              -89.06971215869102,
              29.243588927798704
            ],
            [
              -89.06960931440338,
              29.243590520179033
            ],
            [
              -89.06960386760933,
              29.24331992826755
            ],
            [
              -89.06950102358358,
              29.243321520551312
            ],
            [
              -89.06949557713433,
              29.243050928610394
            ],
            [
              -89.0693927333705,
              29.24305252079758
            ],
            [
              -89.06938910262589,
              29.242872126152
            ],
            [
              -89.06928625903392,
              29.242873718248468
            ],
            [
              -89.06927355231929,
              29.242242336906386
            ],
            [
              -89.06917070934944,
              29.24224392888288
            ],
            [
              -89.0691688942277,
              29.242153731537165
            ],
            [
              -89.06896320844324,
              29.24215691524144
            ],
            [
              -89.06896139350991,
              29.242066717882707
            ],
            [
              -89.06885855069531,
              29.24206830961047
            ],
            [
              -89.06885673586034,
              29.24197811224456
            ],
            [
              -89.06865105038639,
              29.241981295451364
            ],
            [
              -89.06864923573981,
              29.241891098072443
            ],
            [
              -89.06844355041284,
              29.241894280951513
            ],
            [
              -89.06844173595465,
              29.241804083559572
            ],
            [
              -89.06813320817224,
              29.241808857268065
            ],
            [
              -89.06813139399252,
              29.241718659857256
            ],
            [
              -89.06782286640575,
              29.241723432837126
            ],
            [
              -89.06782105250447,
              29.241633235407438
            ],
            [
              -89.06751252511333,
              29.241638007658693
            ],
            [
              -89.06751071149051,
              29.241547810210154
            ],
            [
              -89.06730502670179,
              29.241550991304244
            ],
            [
              -89.06730321326737,
              29.2414607938427
            ],
            [
              -89.06720037095064,
              29.241462384265386
            ],
            [
              -89.06719855761455,
              29.241372186796678
            ],
            [
              -89.06709571537961,
              29.241373777134513
            ],
            [
              -89.06709390214185,
              29.241283579658646
            ],
            [
              -89.0669910599887,
              29.241285169911617
            ],
            [
              -89.06698924684926,
              29.241194972428584
            ],
            [
              -89.06688640477786,
              29.241196562596706
            ],
            [
              -89.06688459173678,
              29.241106365106504
            ],
            [
              -89.06678174974716,
              29.24110795518978
            ],
            [
              -89.06677993680441,
              29.24101775769242
            ],
            [
              -89.06667709489656,
              29.241019347690838
            ],
            [
              -89.06667528205213,
              29.240929150186318
            ],
            [
              -89.06646959839175,
              29.24093232993446
            ],
            [
              -89.06646778573571,
              29.24084213241692
            ],
            [
              -89.06636494398315,
              29.240843722166645
            ],
            [
              -89.06636313142545,
              29.240753524641942
            ],
            [
              -89.06626028975467,
              29.240755114306815
            ],
            [
              -89.06625847729528,
              29.240664916774943
            ],
            [
              -89.06615563570628,
              29.240666506354966
            ],
            [
              -89.06615382334522,
              29.24057630881594
            ],
            [
              -89.0659481403225,
              29.240579487727278
            ],
            [
              -89.06594632814982,
              29.240489290175255
            ],
            [
              -89.06563780382385,
              29.24049405793219
            ],
            [
              -89.0656359919296,
              29.240403860361322
            ],
            [
              -89.06543030918435,
              29.240407038459242
            ],
            [
              -89.06542849747848,
              29.240316840875362
            ],
            [
              -89.06522281488026,
              29.240320018645576
            ],
            [
              -89.06522100336277,
              29.240229821048718
            ],
            [
              -89.06491247967355,
              29.240234587093987
            ],
            [
              -89.06491066843448,
              29.240144389478267
            ],
            [
              -89.06460214494098,
              29.24014915479499
            ],
            [
              -89.06460033398034,
              29.24005895716044
            ],
            [
              -89.06449749288936,
              29.240060545435494
            ],
            [
              -89.06449930375996,
              29.24015074307588
            ],
            [
              -89.06439646257064,
              29.24015233127777
            ],
            [
              -89.0643946517901,
              29.24006213363155
            ],
            [
              -89.06429181068258,
              29.2400637217486
            ],
            [
              -89.06429362137308,
              29.240153919400658
            ],
            [
              -89.063368050223,
              29.240168208951395
            ],
            [
              -89.06336624034296,
              29.240078011246826
            ],
            [
              -89.06326339915279,
              29.24007959857383
            ],
            [
              -89.06326520894278,
              29.240169796284242
            ],
            [
              -89.06305952635755,
              29.2401729707129
            ],
            [
              -89.0630613359757,
              29.240263168433657
            ],
            [
              -89.06295849458066,
              29.240264755535314
            ],
            [
              -89.06295668505255,
              29.24017455780872
            ],
            [
              -89.06233963704902,
              29.240184078724546
            ],
            [
              -89.06233782806949,
              29.240093880961638
            ],
            [
              -89.06213214551568,
              29.240097053956536
            ],
            [
              -89.06213033672451,
              29.240006856180663
            ],
            [
              -89.06182181310199,
              29.240011615062986
            ],
            [
              -89.06182000458922,
              29.2399214172683
            ],
            [
              -89.06140864000382,
              29.239927761315347
            ],
            [
              -89.06140683185951,
              29.239837563496014
            ],
            [
              -89.0604812618699,
              29.239851832927663
            ],
            [
              -89.06048306920374,
              29.23994203079944
            ],
            [
              -89.06017454545515,
              29.23994678587207
            ],
            [
              -89.06017635252711,
              29.240036983759992
            ],
            [
              -89.0599706698067,
              29.240040153425035
            ],
            [
              -89.0599724767068,
              29.240130351323295
            ],
            [
              -89.05956111080678,
              29.240136689728605
            ],
            [
              -89.05956291735492,
              29.240226887648852
            ],
            [
              -89.05915155096274,
              29.240233224813366
            ],
            [
              -89.05914974477481,
              29.240143026869827
            ],
            [
              -89.05884122016424,
              29.24014777889618
            ],
            [
              -89.0588394142547,
              29.24005758093386
            ],
            [
              -89.05863373131989,
              29.240060748544757
            ],
            [
              -89.0586319255987,
              29.239970550569474
            ],
            [
              -89.05852908420897,
              29.2399721342506
            ],
            [
              -89.0585272785861,
              29.23988193626817
            ],
            [
              -89.05842443727816,
              29.23988351986447
            ],
            [
              -89.05842263175357,
              29.239793321874902
            ],
            [
              -89.05831979052745,
              29.23979490538638
            ],
            [
              -89.05831617968312,
              29.239614509391654
            ],
            [
              -89.05821333862885,
              29.239616092812476
            ],
            [
              -89.05821153330909,
              29.239525894807322
            ],
            [
              -89.05810869233665,
              29.23952747814332
            ],
            [
              -89.05810327669697,
              29.239256884102467
            ],
            [
              -89.08422454913547,
              29.238852182811573
            ],
            [
              -89.084246486602,
              29.23993454105386
            ],
            [
              -89.08414364691761,
              29.239936144430114
            ],
            [
              -89.08415278743317,
              29.240387127004354
            ],
            [
              -89.08404994729021,
              29.24038873033109
            ],
            [
              -89.08405360337476,
              29.240569123363322
            ],
            [
              -89.08395076304335,
              29.24057072662282
            ],
            [
              -89.0839544189812,
              29.240751119661557
            ],
            [
              -89.08385157846135,
              29.240752722853845
            ],
            [
              -89.08385340635274,
              29.24084291937712
            ],
            [
              -89.08375056573449,
              29.2408445224963
            ],
            [
              -89.08375239354419,
              29.240934719024146
            ],
            [
              -89.08364955282755,
              29.240936322070212
            ],
            [
              -89.08365138055552,
              29.241026518602634
            ],
            [
              -89.08354853974049,
              29.24102812157559
            ],
            [
              -89.08355402270433,
              29.241298711182566
            ],
            [
              -89.08345118161081,
              29.241300314094197
            ],
            [
              -89.08345300919207,
              29.241390510633114
            ],
            [
              -89.08335016800015,
              29.241392113471623
            ],
            [
              -89.08335382300757,
              29.241572506557258
            ],
            [
              -89.0832509816272,
              29.241574109328543
            ],
            [
              -89.08325280905338,
              29.24166430587527
            ],
            [
              -89.08314996757461,
              29.241665908573445
            ],
            [
              -89.0831536222719,
              29.24184630167472
            ],
            [
              -89.08305078060468,
              29.241847904305665
            ],
            [
              -89.08305443515522,
              29.242028297413412
            ],
            [
              -89.08295159329954,
              29.24202989997714
            ],
            [
              -89.08295524770334,
              29.24221029309139
            ],
            [
              -89.08285240565921,
              29.24221189558788
            ],
            [
              -89.08285423278357,
              29.242302092148915
            ],
            [
              -89.08275139064105,
              29.24230369457229
            ],
            [
              -89.08275321768369,
              29.24239389113789
            ],
            [
              -89.08265037544278,
              29.24239549348814
            ],
            [
              -89.08265220240371,
              29.242485690058313
            ],
            [
              -89.08254936006438,
              29.242487292335444
            ],
            [
              -89.08255118694359,
              29.24257748891017
            ],
            [
              -89.0822426596054,
              29.242582295285178
            ],
            [
              -89.08224448622279,
              29.242672491876267
            ],
            [
              -89.08203880110885,
              29.24267569574299
            ],
            [
              -89.0820369746716,
              29.242585499140134
            ],
            [
              -89.08183128970441,
              29.242588702679047
            ],
            [
              -89.08183311596156,
              29.24267889929368
            ],
            [
              -89.08173027337541,
              29.24268050095051
            ],
            [
              -89.08173209955083,
              29.242770697569703
            ],
            [
              -89.0816292568663,
              29.242772299153412
            ],
            [
              -89.08163290906204,
              29.242952692399598
            ],
            [
              -89.08153006618903,
              29.242954293916064
            ],
            [
              -89.08153737032032,
              29.243315080416142
            ],
            [
              -89.08143452707873,
              29.243316681877147
            ],
            [
              -89.08144000499453,
              29.243587271755977
            ],
            [
              -89.08133716147444,
              29.243588873155616
            ],
            [
              -89.08134081327987,
              29.243769266413334
            ],
            [
              -89.0812379695713,
              29.243770867745738
            ],
            [
              -89.08123979539646,
              29.24386106437851
            ],
            [
              -89.08113695158949,
              29.243862665637774
            ],
            [
              -89.08114060308469,
              29.2440430589111
            ],
            [
              -89.08103775908926,
              29.244044660103118
            ],
            [
              -89.08103958475928,
              29.2441348567437
            ],
            [
              -89.08093674066545,
              29.244136457862595
            ],
            [
              -89.08093856625375,
              29.244226654507727
            ],
            [
              -89.08083572206154,
              29.244228255553487
            ],
            [
              -89.0808375475681,
              29.24431845220318
            ],
            [
              -89.08073470327747,
              29.24432005317581
            ],
            [
              -89.08073835413548,
              29.244500446483006
            ],
            [
              -89.08063550965637,
              29.24450204738839
            ],
            [
              -89.08063733500782,
              29.24459224404588
            ],
            [
              -89.08053449043032,
              29.24459384487814
            ],
            [
              -89.08053631570003,
              29.244684041540193
            ],
            [
              -89.08043347102414,
              29.244685642299313
            ],
            [
              -89.0804352962121,
              29.24477583896594
            ],
            [
              -89.0803324514378,
              29.244777439651926
            ],
            [
              -89.08033427654404,
              29.244867636323093
            ],
            [
              -89.08023143167134,
              29.24486923693594
            ],
            [
              -89.08023325669583,
              29.244959433611683
            ],
            [
              -89.08013041172472,
              29.244961034151395
            ],
            [
              -89.08013223666748,
              29.2450512308317
            ],
            [
              -89.07992654652016,
              29.24505443168585
            ],
            [
              -89.0799283712911,
              29.245144628376593
            ],
            [
              -89.07982552611486,
              29.24514622869102
            ],
            [
              -89.07982735080408,
              29.245236425386317
            ],
            [
              -89.07921027903132,
              29.245246025648775
            ],
            [
              -89.07920845488253,
              29.245155828918193
            ],
            [
              -89.07900276440512,
              29.245159028361776
            ],
            [
              -89.07898270129957,
              29.244166864108823
            ],
            [
              -89.07887985703911,
              29.244168463647426
            ],
            [
              -89.0788762094901,
              29.243988070117943
            ],
            [
              -89.07877336540147,
              29.24398966956577
            ],
            [
              -89.07877154172954,
              29.243899472793185
            ],
            [
              -89.0785658537074,
              29.24390267144004
            ],
            [
              -89.07856767719922,
              29.243992868224392
            ],
            [
              -89.07836198896366,
              29.243996066566943
            ],
            [
              -89.07836928229362,
              29.24435685373815
            ],
            [
              -89.0782664378031,
              29.244358452814406
            ],
            [
              -89.07826826106633,
              29.24444864960979
            ],
            [
              -89.07816541647742,
              29.24445024861291
            ],
            [
              -89.07816906284872,
              29.244630642211437
            ],
            [
              -89.07806621807134,
              29.244632241147297
            ],
            [
              -89.0780698642958,
              29.244812634752318
            ],
            [
              -89.07796701932998,
              29.244814233620904
            ],
            [
              -89.07796884236461,
              29.244904430427297
            ],
            [
              -89.07786599730039,
              29.244906029222754
            ],
            [
              -89.07786782025329,
              29.244996226033706
            ],
            [
              -89.07755928474045,
              29.245001021963574
            ],
            [
              -89.07756110743146,
              29.24509121879083
            ],
            [
              -89.07745826215378,
              29.24509281728196
            ],
            [
              -89.07747831131337,
              29.246084982359196
            ],
            [
              -89.07758115758183,
              29.246083383803445
            ],
            [
              -89.0775920944519,
              29.24662456465203
            ],
            [
              -89.07748924764299,
              29.24662616324303
            ],
            [
              -89.0774910703937,
              29.246716360052368
            ],
            [
              -89.0773882234864,
              29.246717958570223
            ],
            [
              -89.07739004615536,
              29.246808155384116
            ],
            [
              -89.07718435213562,
              29.2468113521945
            ],
            [
              -89.07718617463274,
              29.246901549018816
            ],
            [
              -89.07698048039956,
              29.246904745524837
            ],
            [
              -89.07698230272484,
              29.246994942359592
            ],
            [
              -89.07667376104241,
              29.246999736543557
            ],
            [
              -89.0766755831058,
              29.24708993339462
            ]
          ],
          [
            [
              -89.07617858266518,
              29.242857070025746
            ],
            [
              -89.07617676135297,
              29.24276687308912
            ],
            [
              -89.07627960438876,
              29.24276527569885
            ],
            [
              -89.07627778299481,
              29.242675078766773
            ],
            [
              -89.07638062593222,
              29.24267348130337
            ],
            [
              -89.07637880445651,
              29.24258328437584
            ],
            [
              -89.07648164729555,
              29.242581686839298
            ],
            [
              -89.07647800418898,
              29.242401292992025
            ],
            [
              -89.07658084683959,
              29.242399695388208
            ],
            [
              -89.07657538197194,
              29.242129104625004
            ],
            [
              -89.07667822434405,
              29.242127506959793
            ],
            [
              -89.07667275928108,
              29.241856916202316
            ],
            [
              -89.0767756013747,
              29.24185531847571
            ],
            [
              -89.07677377961363,
              29.241765121559798
            ],
            [
              -89.07687662160887,
              29.24176352376005
            ],
            [
              -89.07687297793156,
              29.24158312993597
            ],
            [
              -89.07697581973838,
              29.24158153206898
            ],
            [
              -89.07697399782217,
              29.241491335160834
            ],
            [
              -89.07707683953059,
              29.241489737220704
            ],
            [
              -89.07707501753264,
              29.241399540317104
            ],
            [
              -89.07717785914271,
              29.241397942303834
            ],
            [
              -89.07717421499162,
              29.24121754850443
            ],
            [
              -89.07727705641327,
              29.241215950423904
            ],
            [
              -89.07727341211535,
              29.241035556630965
            ],
            [
              -89.07737625334859,
              29.241033958483175
            ],
            [
              -89.07737443112204,
              29.240943761590593
            ],
            [
              -89.07727158997886,
              29.2409453597325
            ],
            [
              -89.07726794573087,
              29.24076496593164
            ],
            [
              -89.07716510475947,
              29.24076656398279
            ],
            [
              -89.077163282738,
              29.240676367074496
            ],
            [
              -89.07706044184835,
              29.240677965040785
            ],
            [
              -89.07705861992524,
              29.240587768125298
            ],
            [
              -89.07695577911731,
              29.24058936600671
            ],
            [
              -89.07695213547615,
              29.240408972160022
            ],
            [
              -89.07684929484,
              29.24041056995068
            ],
            [
              -89.07684747312196,
              29.24032037301948
            ],
            [
              -89.07674463256754,
              29.24032197072526
            ],
            [
              -89.07674281094786,
              29.240231773786885
            ],
            [
              -89.07663997047517,
              29.24023337140779
            ],
            [
              -89.07663814895386,
              29.2401431744622
            ],
            [
              -89.07653530856291,
              29.24014477199824
            ],
            [
              -89.07653348713995,
              29.240054575045466
            ],
            [
              -89.07622496618735,
              29.240059367161926
            ],
            [
              -89.07622314504285,
              29.23996917019022
            ],
            [
              -89.07591462428555,
              29.23997396157804
            ],
            [
              -89.07591644515992,
              29.240064158567368
            ],
            [
              -89.07560792405765,
              29.240068949261786
            ],
            [
              -89.07560974467017,
              29.240159146267388
            ],
            [
              -89.07540406371368,
              29.24016233968039
            ],
            [
              -89.0754058841544,
              29.240252536696413
            ],
            [
              -89.07530304357364,
              29.24025413329027
            ],
            [
              -89.07530486393266,
              29.240344330310837
            ],
            [
              -89.07520202325352,
              29.24034592683157
            ],
            [
              -89.07520566381636,
              29.240526320880477
            ],
            [
              -89.07510282294884,
              29.24052791733393
            ],
            [
              -89.07510464315267,
              29.240618114362277
            ],
            [
              -89.07500180218676,
              29.2406197107426
            ],
            [
              -89.07500544243926,
              29.240800104807054
            ],
            [
              -89.07490260128496,
              29.240801701120105
            ],
            [
              -89.0749062413906,
              29.240982095191
            ],
            [
              -89.07480340004787,
              29.240983691436792
            ],
            [
              -89.07480704000663,
              29.241164085514146
            ],
            [
              -89.0747041984755,
              29.24116568169265
            ],
            [
              -89.0747078382874,
              29.241346075776445
            ],
            [
              -89.07460499656784,
              29.241347671887674
            ],
            [
              -89.07461045607785,
              29.241618263021078
            ],
            [
              -89.07481614004897,
              29.2416150706844
            ],
            [
              -89.07481796008236,
              29.241705267714487
            ],
            [
              -89.07502364420036,
              29.241702075050053
            ],
            [
              -89.07502546442217,
              29.241792272067084
            ],
            [
              -89.07512830655875,
              29.241790675610485
            ],
            [
              -89.07513012687895,
              29.241880872620325
            ],
            [
              -89.07523296909727,
              29.241879276078844
            ],
            [
              -89.07523478951582,
              29.241969473081525
            ],
            [
              -89.0753376318159,
              29.24196787645516
            ],
            [
              -89.07533945233283,
              29.242058073450632
            ],
            [
              -89.07544229471465,
              29.242056476739403
            ],
            [
              -89.07544411532993,
              29.24214667372769
            ],
            [
              -89.07554695779349,
              29.24214507693158
            ],
            [
              -89.07555059922913,
              29.242325470892432
            ],
            [
              -89.0756534418645,
              29.24232387400558
            ],
            [
              -89.0756570835135,
              29.242504267949432
            ],
            [
              -89.07575992632067,
              29.242502670971827
            ],
            [
              -89.0757617472477,
              29.242592867935894
            ],
            [
              -89.07586459013662,
              29.2425912708734
            ],
            [
              -89.07586641116201,
              29.242681467830284
            ],
            [
              -89.07596925413269,
              29.24267987068292
            ],
            [
              -89.07597107525646,
              29.242770067632613
            ],
            [
              -89.07607391830886,
              29.242768470400364
            ],
            [
              -89.07607573953102,
              29.242858667342862
            ],
            [
              -89.07617858266518,
              29.242857070025746
            ]
          ]
        ]
      },
      "properties": {
        "incident_id": "SP-016",
        "type": "AI-detected-slick",
        "source": "Sentinel-1 SAR",
        "method": "U-Net segmentation + radiometric filtering"
      }
    },
    {
      "type": "Feature",
      "geometry": {
        "type": "Polygon",
        "coordinates": [
          [
            [
              -89.12069533371913,
              29.2464889679325
            ],
            [
              -89.11853561158031,
              29.246523217788422
            ],
            [
              -89.11853375284863,
              29.246433023352726
            ],
            [
              -89.11719678129612,
              29.246454208104193
            ],
            [
              -89.11719863885692,
              29.246544402617744
            ],
            [
              -89.11473037775686,
              29.246583477988743
            ],
            [
              -89.11472852235768,
              29.2464932833316
            ],
            [
              -89.11246594737798,
              29.246529062307832
            ],
            [
              -89.1124640939688,
              29.246438867517867
            ],
            [
              -89.11215556096984,
              29.24644374348813
            ],
            [
              -89.11215370783931,
              29.24635354867894
            ],
            [
              -89.11205086357947,
              29.246355173838353
            ],
            [
              -89.11204901054747,
              29.246264979021866
            ],
            [
              -89.11184332218255,
              29.246268229091697
            ],
            [
              -89.11184146933914,
              29.24617803426195
            ],
            [
              -89.11173862523407,
              29.246179659172363
            ],
            [
              -89.1117367724892,
              29.24608946433531
            ],
            [
              -89.11163392846571,
              29.24609108916075
            ],
            [
              -89.11163207581937,
              29.246000894316396
            ],
            [
              -89.11152923187751,
              29.246002519056855
            ],
            [
              -89.11152737932969,
              29.245912324205197
            ],
            [
              -89.11142453546944,
              29.245913948860665
            ],
            [
              -89.11142268302012,
              29.245823754001716
            ],
            [
              -89.11131983924147,
              29.2458253785722
            ],
            [
              -89.11131428221452,
              29.245554793969525
            ],
            [
              -89.11121143869761,
              29.245556418443076
            ],
            [
              -89.11120588201695,
              29.24528583381056
            ],
            [
              -89.11110303876178,
              29.245287458187192
            ],
            [
              -89.11109563033287,
              29.244926678634755
            ],
            [
              -89.1109927874295,
              29.244928302908498
            ],
            [
              -89.1109761197696,
              29.244116548784287
            ],
            [
              -89.11087327766832,
              29.244118172925305
            ],
            [
              -89.1107566288961,
              29.238435890676115
            ],
            [
              -89.1368768090133,
              29.238020916369024
            ],
            [
              -89.13687868318635,
              29.238111109841206
            ],
            [
              -89.13677584881954,
              29.238112753596216
            ],
            [
              -89.13677959701127,
              29.238293140548674
            ],
            [
              -89.13667676245585,
              29.238294784236782
            ],
            [
              -89.13667863647451,
              29.23838497771706
            ],
            [
              -89.13657580182051,
              29.23838662133223
            ],
            [
              -89.13657954970347,
              29.238567008300894
            ],
            [
              -89.1363738800097,
              29.238570295318414
            ],
            [
              -89.13637575378395,
              29.23866048881284
            ],
            [
              -89.13627291883421,
              29.23866213220917
            ],
            [
              -89.13627479252699,
              29.23875232570831
            ],
            [
              -89.13617195747865,
              29.238753969031688
            ],
            [
              -89.13617383108996,
              29.23884416253554
            ],
            [
              -89.13607099594304,
              29.238845805785967
            ],
            [
              -89.1360728694729,
              29.238935999294526
            ],
            [
              -89.13586719897333,
              29.238939285570503
            ],
            [
              -89.13586907233167,
              29.23902947908981
            ],
            [
              -89.13576623697904,
              29.239031122115367
            ],
            [
              -89.1357681102559,
              29.239121315639384
            ],
            [
              -89.13556243934491,
              29.23912460146559
            ],
            [
              -89.13556431245027,
              29.23921479500035
            ],
            [
              -89.13546147689192,
              29.23921643780101
            ],
            [
              -89.13546334991578,
              29.239306631340504
            ],
            [
              -89.13525767859338,
              29.23930991671691
            ],
            [
              -89.13525955144574,
              29.23940011026714
            ],
            [
              -89.13381984997092,
              29.23942309913973
            ],
            [
              -89.1338217215714,
              29.239513292773122
            ],
            [
              -89.13310186957565,
              29.23952478144587
            ],
            [
              -89.13310374055445,
              29.239614975120173
            ],
            [
              -89.13228105132654,
              29.239628100340692
            ],
            [
              -89.13228292159361,
              29.23971829406191
            ],
            [
              -89.13166590377385,
              29.23972813469585
            ],
            [
              -89.13166777350926,
              29.239818328451882
            ],
            [
              -89.13074224539314,
              29.2398330841251
            ],
            [
              -89.13074411432677,
              29.23992327793407
            ],
            [
              -89.13053844113814,
              29.239926556115694
            ],
            [
              -89.13054030990024,
              29.240016749935375
            ],
            [
              -89.13033463649741,
              29.24002002781308
            ],
            [
              -89.13033650508797,
              29.24011022164347
            ],
            [
              -89.13023366828372,
              29.24011186046986
            ],
            [
              -89.13023553679278,
              29.240202054304955
            ],
            [
              -89.13002986297862,
              29.240205331732803
            ],
            [
              -89.13003173131614,
              29.240295525578617
            ],
            [
              -89.12982605728779,
              29.240298802702526
            ],
            [
              -89.12982792545375,
              29.24038899655906
            ],
            [
              -89.12962225121122,
              29.24039227337904
            ],
            [
              -89.12962411920563,
              29.24048246724629
            ],
            [
              -89.12931560750775,
              29.240487381901872
            ],
            [
              -89.1293174752406,
              29.240577575785863
            ],
            [
              -89.12870045107438,
              29.240587403000298
            ],
            [
              -89.12870231827551,
              29.240677596919078
            ],
            [
              -89.12839380580722,
              29.24068250947792
            ],
            [
              -89.12839567274676,
              29.24077270341342
            ],
            [
              -89.12829283515025,
              29.240774340781066
            ],
            [
              -89.12829470200826,
              29.24086453472126
            ],
            [
              -89.12798618889745,
              29.24086944636826
            ],
            [
              -89.12798805549389,
              29.24095964032519
            ],
            [
              -89.12737102850193,
              29.240969461522404
            ],
            [
              -89.12736916244573,
              29.24087926752939
            ],
            [
              -89.12726632467397,
              29.2408809041131
            ],
            [
              -89.12726445871633,
              29.24079071011273
            ],
            [
              -89.12716162102608,
              29.240792346611432
            ],
            [
              -89.12715788931644,
              29.24061195859471
            ],
            [
              -89.12705505179775,
              29.240613595002383
            ],
            [
              -89.12705132030227,
              29.240433206968326
            ],
            [
              -89.12684564559947,
              29.240436479522625
            ],
            [
              -89.1268437800446,
              29.24034628549159
            ],
            [
              -89.12663810548781,
              29.240349557717877
            ],
            [
              -89.12663624012151,
              29.240259363673477
            ],
            [
              -89.12601921678703,
              29.240269178420416
            ],
            [
              -89.12601735196947,
              29.24017898433862
            ],
            [
              -89.12591451480729,
              29.240180619847283
            ],
            [
              -89.12591637953481,
              29.240270813935094
            ],
            [
              -89.12540219314603,
              29.24027899032356
            ],
            [
              -89.1254003288687,
              29.240188796205707
            ],
            [
              -89.12488614271733,
              29.240196970589267
            ],
            [
              -89.12488427889868,
              29.24010677644005
            ],
            [
              -89.12447293018457,
              29.240113314500984
            ],
            [
              -89.12447106673459,
              29.24002312032641
            ],
            [
              -89.12426539250656,
              29.240026388870902
            ],
            [
              -89.12426725577646,
              29.240116583057493
            ],
            [
              -89.12375306960733,
              29.24012475306635
            ],
            [
              -89.12375493243556,
              29.24021494728163
            ],
            [
              -89.1234464203619,
              29.240219848357043
            ],
            [
              -89.12344828292854,
              29.240310042589012
            ],
            [
              -89.12324260799018,
              29.240313309589645
            ],
            [
              -89.12324447038522,
              29.24040350383232
            ],
            [
              -89.12283312004632,
              29.240410036909655
            ],
            [
              -89.12283498208971,
              29.240500231175
            ],
            [
              -89.12242363125463,
              29.240506763012426
            ],
            [
              -89.12242549294638,
              29.240596957300443
            ],
            [
              -89.12221981729776,
              29.240600222757184
            ],
            [
              -89.12222167881792,
              29.240690417055895
            ],
            [
              -89.12211884089082,
              29.240692049671768
            ],
            [
              -89.12212070232944,
              29.240782243975147
            ],
            [
              -89.12191502626968,
              29.240785508981915
            ],
            [
              -89.12191688753671,
              29.240875703295956
            ],
            [
              -89.12181404940404,
              29.240877335686843
            ],
            [
              -89.12181777178351,
              29.241057724322967
            ],
            [
              -89.12171493346227,
              29.24105935664685
            ],
            [
              -89.12172796142781,
              29.24169071687354
            ],
            [
              -89.12162512246776,
              29.241692349160413
            ],
            [
              -89.12163442796212,
              29.242143320741135
            ],
            [
              -89.12153158854333,
              29.242144952979018
            ],
            [
              -89.12153717167178,
              29.242415535929528
            ],
            [
              -89.12143433197437,
              29.2424171681064
            ],
            [
              -89.12144549792035,
              29.242958334007636
            ],
            [
              -89.12154833815805,
              29.242956701794775
            ],
            [
              -89.12155019926884,
              29.24304689610101
            ],
            [
              -89.1216530395881,
              29.24304526380315
            ],
            [
              -89.12165490079744,
              29.243135458102056
            ],
            [
              -89.12175774119827,
              29.24313382571919
            ],
            [
              -89.12175960250613,
              29.243224020010793
            ],
            [
              -89.1218624429885,
              29.243222387542914
            ],
            [
              -89.12186430439495,
              29.243312581827173
            ],
            [
              -89.12227566659966,
              29.243306051141648
            ],
            [
              -89.12227939015844,
              29.2434864396582
            ],
            [
              -89.12238223086847,
              29.243484806777303
            ],
            [
              -89.12238595464136,
              29.243665195276535
            ],
            [
              -89.122488795523,
              29.243663562304633
            ],
            [
              -89.12249438151623,
              29.243934145025555
            ],
            [
              -89.12259722265955,
              29.243932511956643
            ],
            [
              -89.12259908476435,
              29.244022706188304
            ],
            [
              -89.12290760841341,
              29.244017806489516
            ],
            [
              -89.12290947079688,
              29.244108000701843
            ],
            [
              -89.1231151533672,
              29.24410473382895
            ],
            [
              -89.12311329080362,
              29.244014539628626
            ],
            [
              -89.12331897315981,
              29.244011272451715
            ],
            [
              -89.12331711042462,
              29.24392107826208
            ],
            [
              -89.12383131571599,
              29.24391290896719
            ],
            [
              -89.12382945253904,
              29.243822714806253
            ],
            [
              -89.12403513441595,
              29.243819446547263
            ],
            [
              -89.12403140772734,
              29.243639058245435
            ],
            [
              -89.12433992993857,
              29.243634155300448
            ],
            [
              -89.12433620274368,
              29.24345376702935
            ],
            [
              -89.12443904328364,
              29.243452132568354
            ],
            [
              -89.12443531594269,
              29.24327174430396
            ],
            [
              -89.12453815629404,
              29.243270109775985
            ],
            [
              -89.12453629254627,
              29.243179915647808
            ],
            [
              -89.12463913279903,
              29.24317828104683
            ],
            [
              -89.12463726896974,
              29.24308808692333
            ],
            [
              -89.12474010912396,
              29.24308645224935
            ],
            [
              -89.12473451741693,
              29.242815869888926
            ],
            [
              -89.12483735729249,
              29.242814235153975
            ],
            [
              -89.12483549331712,
              29.2427240410372
            ],
            [
              -89.12493833309412,
              29.242722406229248
            ],
            [
              -89.12493460498881,
              29.24254201800372
            ],
            [
              -89.12503744457722,
              29.242540383128777
            ],
            [
              -89.12503371632585,
              29.242359994909968
            ],
            [
              -89.12513655572565,
              29.242358359968048
            ],
            [
              -89.12513469152267,
              29.242268165862654
            ],
            [
              -89.12523753082391,
              29.24226653084774
            ],
            [
              -89.12523566653941,
              29.242176336747033
            ],
            [
              -89.12533850574209,
              29.24217470165914
            ],
            [
              -89.12533477701852,
              29.241994313465767
            ],
            [
              -89.1254376160326,
              29.241992678310876
            ],
            [
              -89.125433887163,
              29.241812290124226
            ],
            [
              -89.12553672598848,
              29.24181065490236
            ],
            [
              -89.12552926799124,
              29.241449878537175
            ],
            [
              -89.12563210644804,
              29.241448243260354
            ],
            [
              -89.1256283773204,
              29.24126785508183
            ],
            [
              -89.1257312155886,
              29.24126621973803
            ],
            [
              -89.12572935094751,
              29.241176025652795
            ],
            [
              -89.12583218911713,
              29.241174390236
            ],
            [
              -89.12583032439453,
              29.241084196155438
            ],
            [
              -89.12634451466481,
              29.241076017916566
            ],
            [
              -89.12635197540718,
              29.24143679411062
            ],
            [
              -89.12645481379586,
              29.241435158201803
            ],
            [
              -89.12645667909278,
              29.24152535224098
            ],
            [
              -89.12635384061406,
              29.24152698815581
            ],
            [
              -89.12635570582947,
              29.241617182199686
            ],
            [
              -89.12645854439822,
              29.241615546278847
            ],
            [
              -89.12646040971218,
              29.24170574031537
            ],
            [
              -89.12656324836247,
              29.241704104309537
            ],
            [
              -89.12656511377499,
              29.24179429833872
            ],
            [
              -89.1270793073489,
              29.241786117094446
            ],
            [
              -89.12707744148616,
              29.24169592309531
            ],
            [
              -89.12728311867602,
              29.241692650056642
            ],
            [
              -89.12728498471884,
              29.24178284404373
            ],
            [
              -89.12749066205471,
              29.241779570677036
            ],
            [
              -89.12751119106908,
              29.24277170431524
            ],
            [
              -89.12740835141489,
              29.242773341104247
            ],
            [
              -89.12741768267563,
              29.243224310916833
            ],
            [
              -89.12752052278005,
              29.243222674097737
            ],
            [
              -89.12752425552408,
              29.243403062001455
            ],
            [
              -89.12742141523957,
              29.24340469883258
            ],
            [
              -89.12742701414936,
              29.24367528069627
            ],
            [
              -89.12732417358616,
              29.243676917466434
            ],
            [
              -89.12732790605519,
              29.24385730538095
            ],
            [
              -89.12722506530336,
              29.243858942084138
            ],
            [
              -89.12723066380066,
              29.24412952396401
            ],
            [
              -89.12712782277015,
              29.244131160606248
            ],
            [
              -89.12713342107394,
              29.244401742492233
            ],
            [
              -89.12703057976475,
              29.2444033790735
            ],
            [
              -89.12703431182976,
              29.24458376700289
            ],
            [
              -89.12693147033194,
              29.244585403517178
            ],
            [
              -89.12693520225092,
              29.24476579145328
            ],
            [
              -89.12683236056445,
              29.244767427900587
            ],
            [
              -89.1268360923374,
              29.24494781584343
            ],
            [
              -89.12673325046231,
              29.244949452223754
            ],
            [
              -89.12673511627149,
              29.245039646199185
            ],
            [
              -89.12663227429782,
              29.245041282506513
            ],
            [
              -89.12663414002547,
              29.245131476486655
            ],
            [
              -89.12642845587247,
              29.245134748876307
            ],
            [
              -89.12643218699307,
              29.24531513685664
            ],
            [
              -89.12622650244575,
              29.2453184089543
            ],
            [
              -89.12623023324018,
              29.245498796953385
            ],
            [
              -89.12612739077363,
              29.245500432895717
            ],
            [
              -89.12612925609356,
              29.245590626899272
            ],
            [
              -89.12602641352844,
              29.245592262768618
            ],
            [
              -89.1260301440137,
              29.24577265078379
            ],
            [
              -89.12582445849765,
              29.245775922309484
            ],
            [
              -89.12582632357294,
              29.245866116327097
            ],
            [
              -89.12572348071207,
              29.245867751977435
            ],
            [
              -89.12572534570582,
              29.24595794599973
            ],
            [
              -89.12551965977843,
              29.245961217075397
            ],
            [
              -89.12552152460056,
              29.2460514111084
            ],
            [
              -89.12521299537543,
              29.24605631714733
            ],
            [
              -89.12521485993587,
              29.246146511197015
            ],
            [
              -89.12449495748223,
              29.24615795589778
            ],
            [
              -89.12449682142072,
              29.2462481499882
            ],
            [
              -89.12429113474867,
              29.2462514192036
            ],
            [
              -89.1242892709903,
              29.24616122510116
            ],
            [
              -89.1239807411886,
              29.24616612831364
            ],
            [
              -89.12398260467678,
              29.246256322434093
            ],
            [
              -89.12326270087799,
              29.246267760539755
            ],
            [
              -89.12326456374421,
              29.246357954700937
            ],
            [
              -89.12069347309605,
              29.24639877362265
            ],
            [
              -89.12069533371913,
              29.2464889679325
            ]
          ]
        ]
      },
      "properties": {
        "incident_id": "SP-016",
        "type": "AI-detected-slick",
        "source": "Sentinel-1 SAR",
        "method": "U-Net segmentation + radiometric filtering"
      }
    },
    {
      "type": "Feature",
      "geometry": {
        "type": "Polygon",
        "coordinates": [
          [
            [
              -89.08559399189224,
              29.245507471210278
            ],
            [
              -89.0849769207603,
              29.24551709816423
            ],
            [
              -89.08497326231645,
              29.245336705371706
            ],
            [
              -89.08487041727871,
              29.24533830957568
            ],
            [
              -89.08486858815938,
              29.245248113171534
            ],
            [
              -89.08476574320335,
              29.245249717290598
            ],
            [
              -89.0847511112699,
              29.244528145962718
            ],
            [
              -89.08464826702607,
              29.244529749955593
            ],
            [
              -89.08464278045899,
              29.244259160668154
            ],
            [
              -89.08474562443263,
              29.244257556692958
            ],
            [
              -89.08473099323398,
              29.24353598524875
            ],
            [
              -89.08462814998084,
              29.243537589176793
            ],
            [
              -89.0846153487508,
              29.242906214052457
            ],
            [
              -89.08451250611974,
              29.24290781786022
            ],
            [
              -89.08449604880704,
              29.242096049695007
            ],
            [
              -89.08459889062759,
              29.242094445940285
            ],
            [
              -89.08458974751801,
              29.241643463609478
            ],
            [
              -89.08469258887993,
              29.24164185980522
            ],
            [
              -89.08468893151444,
              29.24146146687543
            ],
            [
              -89.08479177268792,
              29.241459863003964
            ],
            [
              -89.0847881151757,
              29.241279470080677
            ],
            [
              -89.08489095616073,
              29.241277866141996
            ],
            [
              -89.08487266820018,
              29.240375901505217
            ],
            [
              -89.08476982811564,
              29.240377505384956
            ],
            [
              -89.08476434216043,
              29.240106915950463
            ],
            [
              -89.08466150233768,
              29.240108519733518
            ],
            [
              -89.08465784525605,
              29.239928126758794
            ],
            [
              -89.08455500560505,
              29.23992973045106
            ],
            [
              -89.08454769190213,
              29.239568944462167
            ],
            [
              -89.08444485260297,
              29.23957054805186
            ],
            [
              -89.08443022631816,
              29.238848975963485
            ],
            [
              -89.11055095601388,
              29.238439137969145
            ],
            [
              -89.11055280713958,
              29.238529332978484
            ],
            [
              -89.11044997059578,
              29.23853095651248
            ],
            [
              -89.11045367269247,
              29.23871134653909
            ],
            [
              -89.11035083596013,
              29.238712970006034
            ],
            [
              -89.11035268693112,
              29.23880316502332
            ],
            [
              -89.11014701326103,
              29.238806411732167
            ],
            [
              -89.1101488640604,
              29.238896606760065
            ],
            [
              -89.11004602712265,
              29.238898230001972
            ],
            [
              -89.11004972856668,
              29.23907862006572
            ],
            [
              -89.1099468914404,
              29.23908024324056
            ],
            [
              -89.10994874208505,
              29.239170438276417
            ],
            [
              -89.10974306762708,
              29.239173684401038
            ],
            [
              -89.1097449181001,
              29.239263879447503
            ],
            [
              -89.10923073135716,
              29.239271993406497
            ],
            [
              -89.10923258138845,
              29.239362188481454
            ],
            [
              -89.1091297439245,
              29.23936381104224
            ],
            [
              -89.10912789398324,
              29.23927361596131
            ],
            [
              -89.10902505660086,
              29.23927523843714
            ],
            [
              -89.10902690645207,
              29.239365433524025
            ],
            [
              -89.10882123148191,
              29.239368678250617
            ],
            [
              -89.10882493084954,
              29.239549068444276
            ],
            [
              -89.10872209317172,
              29.239550690701005
            ],
            [
              -89.10872579239305,
              29.239731080901286
            ],
            [
              -89.1086229545267,
              29.239732703090947
            ],
            [
              -89.10862480406,
              29.239822898195058
            ],
            [
              -89.10790493812888,
              29.23983425135252
            ],
            [
              -89.10790308922586,
              29.23974405620668
            ],
            [
              -89.10759457539889,
              29.239748920642768
            ],
            [
              -89.10759272677443,
              29.239658725477724
            ],
            [
              -89.10748988890525,
              29.239660346792473
            ],
            [
              -89.10748804037928,
              29.239570151620146
            ],
            [
              -89.1073852025917,
              29.23957177284994
            ],
            [
              -89.10738335416418,
              29.239481577670325
            ],
            [
              -89.10728051645823,
              29.23948319881516
            ],
            [
              -89.1072786681292,
              29.239393003628265
            ],
            [
              -89.10717583050483,
              29.239394624688142
            ],
            [
              -89.10717398227428,
              29.239304429493984
            ],
            [
              -89.10696830718028,
              29.239307671364855
            ],
            [
              -89.10696645913825,
              29.23921747615744
            ],
            [
              -89.1066579467041,
              29.23922233835342
            ],
            [
              -89.10665609894062,
              29.23913214312681
            ],
            [
              -89.10634758670065,
              29.23913700459397
            ],
            [
              -89.10634573921571,
              29.239046809348174
            ],
            [
              -89.10624290187556,
              29.23904842967328
            ],
            [
              -89.10624474927046,
              29.239138624925037
            ],
            [
              -89.1059362369293,
              29.239143485444274
            ],
            [
              -89.10593808406252,
              29.239233680712577
            ],
            [
              -89.10573240894617,
              29.23923692067567
            ],
            [
              -89.10573425590775,
              29.23932711595454
            ],
            [
              -89.10563141824689,
              29.239328735823555
            ],
            [
              -89.10563326512687,
              29.239418931107068
            ],
            [
              -89.10553042736753,
              29.239420550903027
            ],
            [
              -89.1055285805776,
              29.239330355613575
            ],
            [
              -89.1053229052137,
              29.23933359495661
            ],
            [
              -89.10532105861226,
              29.23924339965392
            ],
            [
              -89.10439551986781,
              29.239257972733817
            ],
            [
              -89.10439736565891,
              29.239348168090068
            ],
            [
              -89.10429452788846,
              29.239349786932134
            ],
            [
              -89.10429637359795,
              29.239439982293018
            ],
            [
              -89.10419353572904,
              29.23944160106204
            ],
            [
              -89.1041953813569,
              29.239531796427556
            ],
            [
              -89.10409254338953,
              29.23953341512354
            ],
            [
              -89.10409438893579,
              29.239623610493673
            ],
            [
              -89.10399155086995,
              29.239625229116612
            ],
            [
              -89.1039933963346,
              29.23971542449137
            ],
            [
              -89.10389055817029,
              29.239717043041253
            ],
            [
              -89.10389240355332,
              29.239807238420646
            ],
            [
              -89.10378956529054,
              29.239808856897476
            ],
            [
              -89.10379141059197,
              29.23989905228149
            ],
            [
              -89.10368857223072,
              29.239900670685284
            ],
            [
              -89.10369041745052,
              29.239990866073907
            ],
            [
              -89.10348474052269,
              29.2399941026564
            ],
            [
              -89.10348658557083,
              29.240084298055613
            ],
            [
              -89.10338374700424,
              29.240085916234307
            ],
            [
              -89.10338559197078,
              29.240176111638146
            ],
            [
              -89.1032827533057,
              29.24017772974378
            ],
            [
              -89.10328459819061,
              29.240267925152235
            ],
            [
              -89.10307892065514,
              29.24027116113843
            ],
            [
              -89.10308076536838,
              29.240361356557454
            ],
            [
              -89.10297792649797,
              29.240362974438
            ],
            [
              -89.1029797711296,
              29.24045316986163
            ],
            [
              -89.10287693216071,
              29.240454787669126
            ],
            [
              -89.10287877671071,
              29.240544983097394
            ],
            [
              -89.10164470734686,
              29.240564390696694
            ],
            [
              -89.1016428638774,
              29.240474195197102
            ],
            [
              -89.10092299015238,
              29.240485511001644
            ],
            [
              -89.10092483299155,
              29.240575706542828
            ],
            [
              -89.10030779750171,
              29.240585402758516
            ],
            [
              -89.10030595520283,
              29.240495207181706
            ],
            [
              -89.0997917591802,
              29.24050328515927
            ],
            [
              -89.09978991733993,
              29.240413089551435
            ],
            [
              -89.09948139989558,
              29.240417935372164
            ],
            [
              -89.09947955833385,
              29.24032773974521
            ],
            [
              -89.09917104108396,
              29.240332584837127
            ],
            [
              -89.09916919980078,
              29.24024238919104
            ],
            [
              -89.09906636079072,
              29.24024400405775
            ],
            [
              -89.09906451960596,
              29.24015380840439
            ],
            [
              -89.0988588417407,
              29.24015703788895
            ],
            [
              -89.09885700074446,
              29.2400668422224
            ],
            [
              -89.09875416188926,
              29.24006845684024
            ],
            [
              -89.09875232099145,
              29.239978261166442
            ],
            [
              -89.09844380464556,
              29.239983104528182
            ],
            [
              -89.09844196402629,
              29.239892908835248
            ],
            [
              -89.09751641534525,
              29.23990743460119
            ],
            [
              -89.09751457554476,
              29.239817238853547
            ],
            [
              -89.09730889814776,
              29.23982046592069
            ],
            [
              -89.09731073776817,
              29.2399106616802
            ],
            [
              -89.09689938251321,
              29.239917114890233
            ],
            [
              -89.09690122178186,
              29.24000731067212
            ],
            [
              -89.09659270498234,
              29.24001214976796
            ],
            [
              -89.09659454398924,
              29.24010234556631
            ],
            [
              -89.09577183143413,
              29.240115246393334
            ],
            [
              -89.09576999314757,
              29.240025050547562
            ],
            [
              -89.09535863702874,
              29.240031499041397
            ],
            [
              -89.09535679911075,
              29.239941303170603
            ],
            [
              -89.09463692621006,
              29.239952584951894
            ],
            [
              -89.09463508893074,
              29.239862389038308
            ],
            [
              -89.0921669523127,
              29.239901039901632
            ],
            [
              -89.09216511720281,
              29.239810843844673
            ],
            [
              -89.09206227816233,
              29.239812453303912
            ],
            [
              -89.09206044315087,
              29.23972225723971
            ],
            [
              -89.09185476522487,
              29.239725475909356
            ],
            [
              -89.09185293040186,
              29.239635279832
            ],
            [
              -89.09164725262242,
              29.239638498173818
            ],
            [
              -89.09164541798789,
              29.23954830208333
            ],
            [
              -89.09051419059269,
              29.239565997249954
            ],
            [
              -89.09051602423675,
              29.23965619340549
            ],
            [
              -89.09020750722847,
              29.239661017718795
            ],
            [
              -89.09020934061078,
              29.239751213890752
            ],
            [
              -89.09000366238331,
              29.23975442971644
            ],
            [
              -89.09000549559391,
              29.23984462589889
            ],
            [
              -89.08959413867838,
              29.23985105662593
            ],
            [
              -89.08959780440433,
              29.240031449034134
            ],
            [
              -89.08949496497443,
              29.240033056530216
            ],
            [
              -89.08949679775994,
              29.240123252738226
            ],
            [
              -89.08918827914991,
              29.240128074770183
            ],
            [
              -89.08919011167362,
              29.24021827099461
            ],
            [
              -89.08857307368741,
              29.24022791296095
            ],
            [
              -89.08857490567924,
              29.240318109219494
            ],
            [
              -89.08847206589554,
              29.240319715943286
            ],
            [
              -89.08847939358624,
              29.24068050098785
            ],
            [
              -89.08837655343399,
              29.240682107656262
            ],
            [
              -89.08838021714942,
              29.24086250018242
            ],
            [
              -89.08827737680872,
              29.240864106783633
            ],
            [
              -89.08828104037751,
              29.241044499316317
            ],
            [
              -89.08817819984834,
              29.241046105850337
            ],
            [
              -89.08818003155524,
              29.241136302120598
            ],
            [
              -89.08807719092766,
              29.241137908581525
            ],
            [
              -89.08807902255286,
              29.24122810485637
            ],
            [
              -89.08797618182687,
              29.241229711244195
            ],
            [
              -89.08798350805108,
              29.241590496353965
            ],
            [
              -89.08788066695654,
              29.2415921026864
            ],
            [
              -89.08788249844343,
              29.24168229896644
            ],
            [
              -89.08798533962805,
              29.24168069262809
            ],
            [
              -89.08799083440911,
              29.241951281442567
            ],
            [
              -89.08809367585552,
              29.241949675007515
            ],
            [
              -89.08809550755599,
              29.242039871270467
            ],
            [
              -89.08819834908407,
              29.24203826475049
            ],
            [
              -89.08820018088295,
              29.242128461006203
            ],
            [
              -89.08830302249274,
              29.242126854401327
            ],
            [
              -89.08830485439005,
              29.24221705064982
            ],
            [
              -89.08840769608152,
              29.242215443960035
            ],
            [
              -89.08841136008132,
              29.242395836441233
            ],
            [
              -89.08851420194455,
              29.24239422966063
            ],
            [
              -89.08851603404705,
              29.242484425893334
            ],
            [
              -89.08861887599197,
              29.24248281902782
            ],
            [
              -89.08862070819288,
              29.242573015253306
            ],
            [
              -89.0887235502195,
              29.24257140830286
            ],
            [
              -89.08872904714262,
              29.24284199695367
            ],
            [
              -89.08883188943103,
              29.24284038990651
            ],
            [
              -89.08884288404352,
              29.243381567136986
            ],
            [
              -89.08874004121475,
              29.243383174219588
            ],
            [
              -89.08874187358938,
              29.243473370425946
            ],
            [
              -89.08863903066218,
              29.24347497743544
            ],
            [
              -89.08864086295513,
              29.243565173646378
            ],
            [
              -89.08843517689552,
              29.243568387440153
            ],
            [
              -89.0884370090167,
              29.243658583661578
            ],
            [
              -89.08823132274352,
              29.24366179715112
            ],
            [
              -89.08823315469294,
              29.24375199338303
            ],
            [
              -89.08813031145375,
              29.243753600015182
            ],
            [
              -89.08813214332146,
              29.243843796251685
            ],
            [
              -89.08792645663786,
              29.243847009290757
            ],
            [
              -89.08792828833383,
              29.243937205537744
            ],
            [
              -89.08710554054441,
              29.243950054580765
            ],
            [
              -89.08710737152823,
              29.24404025087365
            ],
            [
              -89.08679884069907,
              29.24404506797878
            ],
            [
              -89.08680067142106,
              29.244135264288047
            ],
            [
              -89.08669782770455,
              29.24413686983763
            ],
            [
              -89.08670148899348,
              29.244317262464
            ],
            [
              -89.0865986450885,
              29.24431886794637
            ],
            [
              -89.08660047565542,
              29.24440906426346
            ],
            [
              -89.08649763165202,
              29.24441066967271
            ],
            [
              -89.08650129263083,
              29.24459106231475
            ],
            [
              -89.08639844843893,
              29.244592667656786
            ],
            [
              -89.0864002788508,
              29.244682863981723
            ],
            [
              -89.08629743456048,
              29.244684469250643
            ],
            [
              -89.08629926489064,
              29.24477466558016
            ],
            [
              -89.0861964205019,
              29.24477627077597
            ],
            [
              -89.08620008100715,
              29.24495666344282
            ],
            [
              -89.08609723642992,
              29.244958268571413
            ],
            [
              -89.08610089678847,
              29.245138661244773
            ],
            [
              -89.08599805202273,
              29.245140266306137
            ],
            [
              -89.08599988212447,
              29.24523046264674
            ],
            [
              -89.08589703726032,
              29.245232067634994
            ],
            [
              -89.08589886728035,
              29.245322263980157
            ],
            [
              -89.08579602231777,
              29.245323868895287
            ],
            [
              -89.08579785225608,
              29.245414065245043
            ],
            [
              -89.08559216212572,
              29.245417274850052
            ],
            [
              -89.08559399189224,
              29.245507471210278
            ]
          ]
        ]
      },
      "properties": {
        "incident_id": "SP-016",
        "type": "AI-detected-slick",
        "source": "Sentinel-1 SAR",
        "method": "U-Net segmentation + radiometric filtering"
      }
    }
  ]
}