{
  "type": "FeatureCollection",
  "name": "SP-013_AI_Spill_Footprint",
  "features": [
    {
      "type": "Feature",
      "geometry": {
        "type": "Polygon",
        "coordinates": [
          [
            [
              -89.09066313935516,
              29.09279396529265
            ],
            [
              -89.09004698289722,
              29.092803569888186
            ],
            [
              -89.0900451606592,
              29.09271337172801
            ],
            [
              -89.08973708258587,
              29.092718172947965
            ],
            [
              -89.08973526062431,
              29.09262797476878
            ],
            [
              -89.08942718274413,
              29.0926327752643
            ],
            [
              -89.08942536105901,
              29.092542577066094
            ],
            [
              -89.08921997594268,
              29.09254577699202
            ],
            [
              -89.08921815444465,
              29.092455578780683
            ],
            [
              -89.08901276947374,
              29.0924587783807
            ],
            [
              -89.08900912686016,
              29.0922783819305
            ],
            [
              -89.08880374221341,
              29.09228158119283
            ],
            [
              -89.08880192109787,
              29.092191382953946
            ],
            [
              -89.08859653659658,
              29.092194581890382
            ],
            [
              -89.08859471566811,
              29.092104383638393
            ],
            [
              -89.08838933131226,
              29.092107582248932
            ],
            [
              -89.08839115206199,
              29.092197780512706
            ],
            [
              -89.08818576749411,
              29.092200978820937
            ],
            [
              -89.08818758807342,
              29.09229117709521
            ],
            [
              -89.08808489568762,
              29.092292776137427
            ],
            [
              -89.08808671618588,
              29.09238297441626
            ],
            [
              -89.08798402370238,
              29.092384573385864
            ],
            [
              -89.0879858441196,
              29.092474771669284
            ],
            [
              -89.08778045894888,
              29.092477969384685
            ],
            [
              -89.08778227919566,
              29.092568167678582
            ],
            [
              -89.08757689381291,
              29.092571365091672
            ],
            [
              -89.08757871388927,
              29.09266156339603
            ],
            [
              -89.08737332829448,
              29.09266476050681
            ],
            [
              -89.08737514820041,
              29.09275495882164
            ],
            [
              -89.08696437655347,
              29.092761352124455
            ],
            [
              -89.08696619611021,
              29.092851550461543
            ],
            [
              -89.08583657241171,
              29.09286912563063
            ],
            [
              -89.08583475383811,
              29.092778927228736
            ],
            [
              -89.08562936778175,
              29.0927821216814
            ],
            [
              -89.0856275493952,
              29.092691923266408
            ],
            [
              -89.08552485644393,
              29.09269352036906
            ],
            [
              -89.08551394683555,
              29.092152329816138
            ],
            [
              -89.08541125441221,
              29.09215392680493
            ],
            [
              -89.08539852753961,
              29.091522537725353
            ],
            [
              -89.08550121933733,
              29.09152094077779
            ],
            [
              -89.0854975829841,
              29.09134054389783
            ],
            [
              -89.08560027459478,
              29.091338946883514
            ],
            [
              -89.08559845634126,
              29.091248748447455
            ],
            [
              -89.08570114785425,
              29.09124715136051
            ],
            [
              -89.08569751119342,
              29.091066754496207
            ],
            [
              -89.08590289383699,
              29.091063560110292
            ],
            [
              -89.08590107534032,
              29.09097336168794
            ],
            [
              -89.08600376656025,
              29.090971764383088
            ],
            [
              -89.08600194798252,
              29.09088156596532
            ],
            [
              -89.08610463910479,
              29.090879968587842
            ],
            [
              -89.08610282044599,
              29.09078977017463
            ],
            [
              -89.08630820248683,
              29.090786575195903
            ],
            [
              -89.08630638365763,
              29.090696376793165
            ],
            [
              -89.08651176548648,
              29.090693181512126
            ],
            [
              -89.08650994648684,
              29.090602983119858
            ],
            [
              -89.0873314727546,
              29.090590198902056
            ],
            [
              -89.08732965304834,
              29.090500000555593
            ],
            [
              -89.08753503435337,
              29.09049680372773
            ],
            [
              -89.08753321447672,
              29.09040660539176
            ],
            [
              -89.08784128610372,
              29.090401809578758
            ],
            [
              -89.0878394659673,
              29.090311611259143
            ],
            [
              -89.08804484683165,
              29.09030841366967
            ],
            [
              -89.08804666714678,
              29.09039861197749
            ],
            [
              -89.08814935765584,
              29.090397013059086
            ],
            [
              -89.08815117806868,
              29.09048721135969
            ],
            [
              -89.08825386865877,
              29.09048561235687
            ],
            [
              -89.08825568916929,
              29.090575810650275
            ],
            [
              -89.08846107050323,
              29.090572612397267
            ],
            [
              -89.08846289120082,
              29.090662810677557
            ],
            [
              -89.08938710759571,
              29.090648414599254
            ],
            [
              -89.08938892910591,
              29.09073861282514
            ],
            [
              -89.08959431061413,
              29.090735412821115
            ],
            [
              -89.08959613231139,
              29.090825611033882
            ],
            [
              -89.08980151396503,
              29.09082241070398
            ],
            [
              -89.08980333584937,
              29.090912608903622
            ],
            [
              -89.08990602675304,
              29.090911008614988
            ],
            [
              -89.08990784873507,
              29.091001206807423
            ],
            [
              -89.0900105397198,
              29.090999606434366
            ],
            [
              -89.09001236179952,
              29.091089804619582
            ],
            [
              -89.09011505286529,
              29.091088204162105
            ],
            [
              -89.09011687504271,
              29.09117840234009
            ],
            [
              -89.0902195661895,
              29.091176801798195
            ],
            [
              -89.09022321074808,
              29.091357198138418
            ],
            [
              -89.09042859337416,
              29.09135399679545
            ],
            [
              -89.09043041584468,
              29.091444194951777
            ],
            [
              -89.09053310723459,
              29.091442594156597
            ],
            [
              -89.09053492980281,
              29.091532792305717
            ],
            [
              -89.09074031273636,
              29.091529590468
            ],
            [
              -89.09074213549167,
              29.091619788603996
            ],
            [
              -89.09084482703531,
              29.091618187561448
            ],
            [
              -89.09084847274966,
              29.091798583817656
            ],
            [
              -89.0909511644637,
              29.091796982684784
            ],
            [
              -89.09095298742275,
              29.091887180805006
            ],
            [
              -89.09105567921783,
              29.09188557958771
            ],
            [
              -89.09105932533967,
              29.092065975812396
            ],
            [
              -89.09116201730518,
              29.09206437450477
            ],
            [
              -89.09116384046796,
              29.092154572609225
            ],
            [
              -89.0912665325145,
              29.09215297121716
            ],
            [
              -89.09127382560652,
              29.092513763598234
            ],
            [
              -89.0911711332025,
              29.09251536501391
            ],
            [
              -89.09117295640698,
              29.092605563111768
            ],
            [
              -89.09107026390524,
              29.092607164454844
            ],
            [
              -89.09107208702868,
              29.092697362557292
            ],
            [
              -89.09066131658088,
              29.092703767167883
            ],
            [
              -89.09066313935516,
              29.09279396529265
            ]
          ],
          [
            [
              -89.08929534556843,
              29.091191203848524
            ],
            [
              -89.08929352410594,
              29.09110100562333
            ],
            [
              -89.08919083297356,
              29.091102605452644
            ],
            [
              -89.08919265434666,
              29.09119280368373
            ],
            [
              -89.08929534556843,
              29.091191203848524
            ]
          ]
        ]
      },
      "properties": {
        "incident_id": "SP-013",
        "type": "AI-detected-slick",
        "source": "Sentinel-1 SAR",
        "method": "U-Net segmentation + radiometric filtering"
      }
    },
    {
      "type": "Feature",
      "geometry": {
        "type": "Polygon",
        "coordinates": [
          [
            [
              -89.14858049458407,
              29.091878511713137
            ],
            [
              -89.14437028133098,
              29.091945902470854
            ],
            [
              -89.14436841181777,
              29.09185570747307
            ],
            [
              -89.144060347137,
              29.091860633304062
            ],
            [
              -89.1440584779004,
              29.0917704382868
            ],
            [
              -89.14385310158254,
              29.091773721769453
            ],
            [
              -89.14384936349242,
              29.091593331706743
            ],
            [
              -89.14374667549939,
              29.091594973318205
            ],
            [
              -89.14373919977913,
              29.09123419315268
            ],
            [
              -89.14384188741472,
              29.091232551565447
            ],
            [
              -89.14384001841667,
              29.091142356526817
            ],
            [
              -89.14394270595439,
              29.091140714867112
            ],
            [
              -89.14392962258174,
              29.09050934960201
            ],
            [
              -89.14382693566951,
              29.09051099121933
            ],
            [
              -89.14382319781866,
              29.09033060111957
            ],
            [
              -89.1437205110766,
              29.090332242646276
            ],
            [
              -89.14371864225333,
              29.09024204758836
            ],
            [
              -89.14361595559208,
              29.090243689030515
            ],
            [
              -89.14361408686672,
              29.090153493965214
            ],
            [
              -89.14351140028626,
              29.09015513532281
            ],
            [
              -89.1435095316588,
              29.090064940250137
            ],
            [
              -89.14330415865096,
              29.09006822271769
            ],
            [
              -89.14330229021074,
              29.089978027631595
            ],
            [
              -89.14309691734744,
              29.08998130977301
            ],
            [
              -89.14309504909446,
              29.089891114673485
            ],
            [
              -89.14278699000349,
              29.089896037278653
            ],
            [
              -89.1427851220271,
              29.089805842159663
            ],
            [
              -89.14247706312732,
              29.089810764040106
            ],
            [
              -89.14247519542752,
              29.08972056890164
            ],
            [
              -89.14226982296367,
              29.089723849750634
            ],
            [
              -89.1422679554511,
              29.08963365459874
            ],
            [
              -89.14216526929572,
              29.08963529489942
            ],
            [
              -89.14216340188104,
              29.089545099740178
            ],
            [
              -89.14195802972336,
              29.089548380093934
            ],
            [
              -89.14195616249592,
              29.089458184921256
            ],
            [
              -89.14175079048279,
              29.0894614649489
            ],
            [
              -89.14174892344256,
              29.089371269762808
            ],
            [
              -89.14164623751255,
              29.089372909652827
            ],
            [
              -89.14164437057023,
              29.089282714459355
            ],
            [
              -89.141541684721,
              29.089284354264812
            ],
            [
              -89.14153981787658,
              29.089194159063975
            ],
            [
              -89.14143713210818,
              29.089195798784893
            ],
            [
              -89.14143526536162,
              29.089105603576687
            ],
            [
              -89.14122989397791,
              29.089108882770898
            ],
            [
              -89.14122802741858,
              29.089018687549277
            ],
            [
              -89.14112534180327,
              29.089020327022574
            ],
            [
              -89.14112347534183,
              29.088930131793596
            ],
            [
              -89.14102078980733,
              29.088931771182352
            ],
            [
              -89.14101892344375,
              29.088841575945995
            ],
            [
              -89.14091623799007,
              29.08884321525019
            ],
            [
              -89.14091437172438,
              29.08875302000646
            ],
            [
              -89.1408116863515,
              29.08875465922612
            ],
            [
              -89.1408098201837,
              29.08866446397503
            ],
            [
              -89.14070713489164,
              29.088666103110132
            ],
            [
              -89.1407052688217,
              29.088575907851688
            ],
            [
              -89.14060258361046,
              29.088577546902236
            ],
            [
              -89.14059885167488,
              29.08839715636927
            ],
            [
              -89.14049616663378,
              29.088398795329233
            ],
            [
              -89.14049430076813,
              29.088308600054717
            ],
            [
              -89.14039161580786,
              29.088310238930138
            ],
            [
              -89.14038788428084,
              29.088129848365064
            ],
            [
              -89.14028519949072,
              29.08813148714989
            ],
            [
              -89.1402796025322,
              29.087860901274226
            ],
            [
              -89.14017691800157,
              29.087862539962423
            ],
            [
              -89.14017318691722,
              29.087682149359953
            ],
            [
              -89.14027587126917,
              29.08768051068384
            ],
            [
              -89.14027214004027,
              29.087500120088155
            ],
            [
              -89.140374824205,
              29.08749848134563
            ],
            [
              -89.140372958514,
              29.087408286051843
            ],
            [
              -89.14047564258087,
              29.08740664723686
            ],
            [
              -89.14047377680906,
              29.087316451947796
            ],
            [
              -89.14108988049506,
              29.08730661744565
            ],
            [
              -89.1410917468029,
              29.087396812698454
            ],
            [
              -89.14129711480865,
              29.08739353389098
            ],
            [
              -89.1412989813037,
              29.087483729130366
            ],
            [
              -89.14160703351634,
              29.087478810312277
            ],
            [
              -89.14160890028795,
              29.08756900553219
            ],
            [
              -89.14181426856571,
              29.08756572591554
            ],
            [
              -89.14181613552454,
              29.08765592112205
            ],
            [
              -89.14212418814517,
              29.087651001090162
            ],
            [
              -89.14212605538054,
              29.087741196277204
            ],
            [
              -89.14222873965969,
              29.087739556103525
            ],
            [
              -89.14223060699295,
              29.08782975128319
            ],
            [
              -89.1424359757043,
              29.087826470688245
            ],
            [
              -89.14243784322478,
              29.0879166658545
            ],
            [
              -89.14254052765699,
              29.08791502543322
            ],
            [
              -89.14254239527536,
              29.088005220592105
            ],
            [
              -89.14274776429285,
              29.088001939501943
            ],
            [
              -89.14274963209841,
              29.0880921346474
            ],
            [
              -89.14295500126043,
              29.088088853231138
            ],
            [
              -89.14295686925324,
              29.088179048363163
            ],
            [
              -89.14316223855978,
              29.088175766620793
            ],
            [
              -89.1431641067398,
              29.088265961739406
            ],
            [
              -89.14336947619086,
              29.08826267967093
            ],
            [
              -89.14337134455812,
              29.088352874776117
            ],
            [
              -89.14388476848295,
              29.08834466820087
            ],
            [
              -89.14388663730547,
              29.08843486327446
            ],
            [
              -89.14440006146341,
              29.08842665470639
            ],
            [
              -89.14439819219417,
              29.088336459663065
            ],
            [
              -89.14470624631836,
              29.088331533598353
            ],
            [
              -89.14470437678965,
              29.088241338571866
            ],
            [
              -89.14480706139126,
              29.08823969639934
            ],
            [
              -89.14480519178176,
              29.08814950137759
            ],
            [
              -89.14501056078068,
              29.08814621680915
            ],
            [
              -89.14500869100104,
              29.088056021798188
            ],
            [
              -89.145522112902,
              29.088047809033625
            ],
            [
              -89.14552398312834,
              29.0881380040143
            ],
            [
              -89.14583203643433,
              29.088133075395362
            ],
            [
              -89.14583390693726,
              29.08822327035655
            ],
            [
              -89.14603927594385,
              29.088219984205978
            ],
            [
              -89.146041146634,
              29.08831017915372
            ],
            [
              -89.14634920034776,
              29.088305249320907
            ],
            [
              -89.1463510713145,
              29.088395444249144
            ],
            [
              -89.14655644059292,
              29.088392157289313
            ],
            [
              -89.14655831174689,
              29.08848235220411
            ],
            [
              -89.14686636586838,
              29.08847742115741
            ],
            [
              -89.14686823729895,
              29.088567616052696
            ],
            [
              -89.14697092207832,
              29.088565972207398
            ],
            [
              -89.1469727936068,
              29.088656167095294
            ],
            [
              -89.14707547846697,
              29.08865452316543
            ],
            [
              -89.14707735009334,
              29.088744718045962
            ],
            [
              -89.1471800350343,
              29.088743074031534
            ],
            [
              -89.14718190675858,
              29.088833268904658
            ],
            [
              -89.14738727679352,
              29.088829980628166
            ],
            [
              -89.14738914870503,
              29.088920175487857
            ],
            [
              -89.14749183379901,
              29.088918531225783
            ],
            [
              -89.14749370580843,
              29.08900872607809
            ],
            [
              -89.1475963909832,
              29.089007081731452
            ],
            [
              -89.14759826309052,
              29.089097276576375
            ],
            [
              -89.14780363359304,
              29.08909398763547
            ],
            [
              -89.14780550588763,
              29.08918418246693
            ],
            [
              -89.14790819121541,
              29.089182537872656
            ],
            [
              -89.14791006360788,
              29.08927273269673
            ],
            [
              -89.14811543441644,
              29.089269443260548
            ],
            [
              -89.14811730699617,
              29.089359638071162
            ],
            [
              -89.14832267794917,
              29.089356348308836
            ],
            [
              -89.14832455071617,
              29.08944654310599
            ],
            [
              -89.14842723626916,
              29.089444898101004
            ],
            [
              -89.14842910913407,
              29.08953509289078
            ],
            [
              -89.14863448039307,
              29.08953180263315
            ],
            [
              -89.14863635344524,
              29.08962199740948
            ],
            [
              -89.1488417248487,
              29.089618706825693
            ],
            [
              -89.14884359808809,
              29.08970890158856
            ],
            [
              -89.14904896963598,
              29.08970561067861
            ],
            [
              -89.14905084306267,
              29.08979580542802
            ],
            [
              -89.14915352891312,
              29.089794159849223
            ],
            [
              -89.1491554024377,
              29.08988435459125
            ],
            [
              -89.1493607742916,
              29.089881063186
            ],
            [
              -89.14936264800343,
              29.089971257914534
            ],
            [
              -89.14956802000175,
              29.089967966183124
            ],
            [
              -89.14956989390087,
              29.090058160898227
            ],
            [
              -89.14967257997652,
              29.090056514908703
            ],
            [
              -89.14967445397357,
              29.090146709616395
            ],
            [
              -89.14977714013001,
              29.090145063542284
            ],
            [
              -89.14978651069045,
              29.090596037030576
            ],
            [
              -89.14988919728508,
              29.090594390847606
            ],
            [
              -89.1499041913422,
              29.091315948311486
            ],
            [
              -89.14980150403275,
              29.091317594543014
            ],
            [
              -89.1498033782391,
              29.091407789226114
            ],
            [
              -89.14959800341579,
              29.091411081465772
            ],
            [
              -89.14959987745199,
              29.09150127615969
            ],
            [
              -89.14939450241569,
              29.09150456809744
            ],
            [
              -89.14939637628174,
              29.091594762802185
            ],
            [
              -89.14919100103246,
              29.091598054438023
            ],
            [
              -89.14919287472839,
              29.091688249153567
            ],
            [
              -89.14898749926613,
              29.091691540487496
            ],
            [
              -89.1489893727919,
              29.091781735213843
            ],
            [
              -89.14857862140715,
              29.091788316963832
            ],
            [
              -89.14858049458407,
              29.091878511713137
            ]
          ]
        ]
      },
      "properties": {
        "incident_id": "SP-013",
        "type": "AI-detected-slick",
        "source": "Sentinel-1 SAR",
        "method": "U-Net segmentation + radiometric filtering"
      }
    },
    {
      "type": "Feature",
      "geometry": {
        "type": "Polygon",
        "coordinates": [
          [
            [
              -89.1455013753268,
              29.082093294994632
            ],
            [
              -89.14539869686789,
              29.08209493738326
            ],
            [
              -89.14539682721438,
              29.082004742313934
            ],
            [
              -89.1449861136505,
              29.082011311059404
            ],
            [
              -89.1449842443628,
              29.08192111596453
            ],
            [
              -89.14467620936807,
              29.081926041681402
            ],
            [
              -89.14467434035687,
              29.08183584656703
            ],
            [
              -89.14446898382961,
              29.08183912997376
            ],
            [
              -89.14446711500558,
              29.08174893484597
            ],
            [
              -89.14415908041856,
              29.081753859349295
            ],
            [
              -89.144157211871,
              29.08166366420201
            ],
            [
              -89.143849177475,
              29.08166858798085
            ],
            [
              -89.14384730920395,
              29.081578392814084
            ],
            [
              -89.14374463114417,
              29.08158003391068
            ],
            [
              -89.14374276297094,
              29.08148983873655
            ],
            [
              -89.14364008499196,
              29.08149147974861
            ],
            [
              -89.14363821691659,
              29.081401284567093
            ],
            [
              -89.14353553901836,
              29.081402925494633
            ],
            [
              -89.14353367104086,
              29.081312730305736
            ],
            [
              -89.1433283153974,
              29.081316011913255
            ],
            [
              -89.14332644760705,
              29.08122581671094
            ],
            [
              -89.14322376986182,
              29.08122745739094
            ],
            [
              -89.14322190216933,
              29.081137262181247
            ],
            [
              -89.14311922450487,
              29.081138902776708
            ],
            [
              -89.14311735691022,
              29.08104870755965
            ],
            [
              -89.14301467932653,
              29.081050348070576
            ],
            [
              -89.14301281182973,
              29.080960152846146
            ],
            [
              -89.14291013432681,
              29.080961793272543
            ],
            [
              -89.14290826692788,
              29.080871598040734
            ],
            [
              -89.14280558950573,
              29.08087323838261
            ],
            [
              -89.14280372220462,
              29.08078304314342
            ],
            [
              -89.14270104486324,
              29.08078468340078
            ],
            [
              -89.14269917765999,
              29.080694488154222
            ],
            [
              -89.14249382313025,
              29.080697768421373
            ],
            [
              -89.14249195611416,
              29.08060757316141
            ],
            [
              -89.14238927892578,
              29.08060921317123
            ],
            [
              -89.14238741200752,
              29.080519017903878
            ],
            [
              -89.14228473489993,
              29.08052065782916
            ],
            [
              -89.14228286807952,
              29.080430462554446
            ],
            [
              -89.14207751401733,
              29.0804337421575
            ],
            [
              -89.14207564738408,
              29.080343546869354
            ],
            [
              -89.14187029346634,
              29.0803468261464
            ],
            [
              -89.14186842702024,
              29.080256630844858
            ],
            [
              -89.14166307324699,
              29.08025990979589
            ],
            [
              -89.14166120698803,
              29.080169714480927
            ],
            [
              -89.14135317653208,
              29.080174632300764
            ],
            [
              -89.14135131054958,
              29.08008443696635
            ],
            [
              -89.14052989633943,
              29.080097547651274
            ],
            [
              -89.14053176160748,
              29.080187743034045
            ],
            [
              -89.13960766916483,
              29.08020248660552
            ],
            [
              -89.13960580470054,
              29.080112291168366
            ],
            [
              -89.13929777400078,
              29.080117204261477
            ],
            [
              -89.13929590981292,
              29.080027008804883
            ],
            [
              -89.13898787930435,
              29.08003192117359
            ],
            [
              -89.13898601539294,
              29.079941725697545
            ],
            [
              -89.13826727786649,
              29.07995318510224
            ],
            [
              -89.13826541458874,
              29.07986298958262
            ],
            [
              -89.13795738436038,
              29.079867899560817
            ],
            [
              -89.13795552135906,
              29.079777704021758
            ],
            [
              -89.1377501680095,
              29.079780976936096
            ],
            [
              -89.13774830519532,
              29.07969078138365
            ],
            [
              -89.13764562859707,
              29.079692417717062
            ],
            [
              -89.13764376588071,
              29.079602222157263
            ],
            [
              -89.13754108936324,
              29.079603858406173
            ],
            [
              -89.1375392267447,
              29.079513662839005
            ],
            [
              -89.13743655030804,
              29.079515299003408
            ],
            [
              -89.13743468778732,
              29.079425103428886
            ],
            [
              -89.13733201143143,
              29.079426739508772
            ],
            [
              -89.13733014900853,
              29.079336543926903
            ],
            [
              -89.13712479644981,
              29.079339815839194
            ],
            [
              -89.13712293421405,
              29.07924962024393
            ],
            [
              -89.13681490558,
              29.079254527505707
            ],
            [
              -89.13681304362065,
              29.079164331891015
            ],
            [
              -89.13660769133399,
              29.079167602994435
            ],
            [
              -89.13660582956177,
              29.079077407366352
            ],
            [
              -89.13650315349497,
              29.07907904279432
            ],
            [
              -89.13649943015467,
              29.07889865152214
            ],
            [
              -89.13639675425796,
              29.078900286859557
            ],
            [
              -89.13639489268988,
              29.078810091215466
            ],
            [
              -89.13629221687397,
              29.078811726468388
            ],
            [
              -89.13628663248869,
              29.078541139510047
            ],
            [
              -89.13618395693216,
              29.07854277466641
            ],
            [
              -89.13617092762287,
              29.077911405008475
            ],
            [
              -89.13606825268292,
              29.07791304004415
            ],
            [
              -89.13606266908879,
              29.077642453009965
            ],
            [
              -89.13616534376082,
              29.077640817992386
            ],
            [
              -89.1361448702554,
              29.076648665498283
            ],
            [
              -89.13604219656558,
              29.07665030044953
            ],
            [
              -89.13602172507213,
              29.075658147729136
            ],
            [
              -89.13591905235597,
              29.075659782535578
            ],
            [
              -89.13588369662534,
              29.07394606370906
            ],
            [
              -89.1359863676451,
              29.07394442901718
            ],
            [
              -89.1359789243677,
              29.07358364606966
            ],
            [
              -89.13608159502184,
              29.073582011323438
            ],
            [
              -89.1360760123853,
              29.073311424116998
            ],
            [
              -89.1361786827631,
              29.07330978931042
            ],
            [
              -89.1361749608694,
              29.073129397844923
            ],
            [
              -89.13627763106014,
              29.07312776297195
            ],
            [
              -89.13627390902192,
              29.072947371513212
            ],
            [
              -89.13637657902561,
              29.072945736573846
            ],
            [
              -89.13637285684288,
              29.072765345121883
            ],
            [
              -89.13678353605826,
              29.07275880462813
            ],
            [
              -89.13678539750246,
              29.072849000330635
            ],
            [
              -89.13729874677654,
              29.072840822918067
            ],
            [
              -89.13729688488597,
              29.072750627245725
            ],
            [
              -89.13832358190274,
              29.072734266596907
            ],
            [
              -89.13832730747788,
              29.072914657819585
            ],
            [
              -89.13853264713613,
              29.07291138472423
            ],
            [
              -89.13853637310243,
              29.073091775917465
            ],
            [
              -89.13874171308369,
              29.07308850248415
            ],
            [
              -89.13874543944118,
              29.073268893647956
            ],
            [
              -89.13895077974547,
              29.07326561987667
            ],
            [
              -89.13895450649413,
              29.073446011011022
            ],
            [
              -89.13915984712145,
              29.073442736901768
            ],
            [
              -89.1391617106871,
              29.073532932454896
            ],
            [
              -89.13895636988126,
              29.07353620657623
            ],
            [
              -89.1389675503829,
              29.07407737993965
            ],
            [
              -89.13907022132577,
              29.074075742881984
            ],
            [
              -89.13907208486181,
              29.074165938431886
            ],
            [
              -89.13917475588543,
              29.07416430128972
            ],
            [
              -89.13917661951926,
              29.074254496832253
            ],
            [
              -89.13927929062365,
              29.0742528596056
            ],
            [
              -89.13927742690052,
              29.074162664069092
            ],
            [
              -89.1393800979071,
              29.07416102677001
            ],
            [
              -89.13938196171951,
              29.074251222300482
            ],
            [
              -89.13948463280683,
              29.0742495849169
            ],
            [
              -89.13948649671704,
              29.074339780439995
            ],
            [
              -89.13958916788512,
              29.07433814297192
            ],
            [
              -89.13958730388563,
              29.07424794745486
            ],
            [
              -89.13968997495593,
              29.07424630991436
            ],
            [
              -89.13968251868609,
              29.073885527857048
            ],
            [
              -89.13957984797291,
              29.07388716537337
            ],
            [
              -89.1395761200677,
              29.07370677432471
            ],
            [
              -89.13947344952457,
              29.07370841175051
            ],
            [
              -89.13947158567402,
              29.073618216218158
            ],
            [
              -89.13936891521163,
              29.07361985355945
            ],
            [
              -89.13936705145889,
              29.073529658019737
            ],
            [
              -89.13926438107727,
              29.073531295276542
            ],
            [
              -89.13926065377589,
              29.073350904181055
            ],
            [
              -89.13905531334419,
              29.073354178435146
            ],
            [
              -89.13905344988483,
              29.07326398287334
            ],
            [
              -89.13915612001567,
              29.07326234579157
            ],
            [
              -89.13915425647556,
              29.073172150234484
            ],
            [
              -89.139051586434,
              29.073173787310218
            ],
            [
              -89.13904226930767,
              29.072722809474765
            ],
            [
              -89.13893959970396,
              29.072724446441846
            ],
            [
              -89.13893400979823,
              29.07245385970659
            ],
            [
              -89.1388313404538,
              29.072455496577124
            ],
            [
              -89.13882761407113,
              29.0722751054016
            ],
            [
              -89.13872494489675,
              29.072276742181597
            ],
            [
              -89.13871376648885,
              29.071735568587076
            ],
            [
              -89.13861109784155,
              29.071737205252397
            ],
            [
              -89.13860923489266,
              29.071647009642636
            ],
            [
              -89.1385065663261,
              29.07164864622348
            ],
            [
              -89.138504703475,
              29.07155845060637
            ],
            [
              -89.13840203498921,
              29.071560087102718
            ],
            [
              -89.13840017223589,
              29.071469891478248
            ],
            [
              -89.13829750383084,
              29.07147152789012
            ],
            [
              -89.1382956411753,
              29.07138133225828
            ],
            [
              -89.13798763617687,
              29.071386241005076
            ],
            [
              -89.13798577379764,
              29.071296045353815
            ],
            [
              -89.13778043726798,
              29.07129931744736
            ],
            [
              -89.13777857507581,
              29.071209121782708
            ],
            [
              -89.13767590688747,
              29.07121075770578
            ],
            [
              -89.13767404479307,
              29.071120562033755
            ],
            [
              -89.13757137668549,
              29.071122197872345
            ],
            [
              -89.13756951468888,
              29.071032002192982
            ],
            [
              -89.13746684666204,
              29.071033637947075
            ],
            [
              -89.13746498476323,
              29.070943442260365
            ],
            [
              -89.13736231681713,
              29.070945077929984
            ],
            [
              -89.13735859322357,
              29.07076468654051
            ],
            [
              -89.13725592544749,
              29.070766322119614
            ],
            [
              -89.13725406375274,
              29.070676126416856
            ],
            [
              -89.1371513960574,
              29.07067776191147
            ],
            [
              -89.13714767287199,
              29.070497370489946
            ],
            [
              -89.13694233781285,
              29.070500641219706
            ],
            [
              -89.13694047641144,
              29.070410445494897
            ],
            [
              -89.13683780895836,
              29.07041208073609
            ],
            [
              -89.13683594765472,
              29.07032188500391
            ],
            [
              -89.1367332802824,
              29.070323520160606
            ],
            [
              -89.13673141907653,
              29.07023332442108
            ],
            [
              -89.13652608448488,
              29.07023659448709
            ],
            [
              -89.13652236245574,
              29.07005620297995
            ],
            [
              -89.13641969532567,
              29.070057837883226
            ],
            [
              -89.13641783441312,
              29.069967642121647
            ],
            [
              -89.13652050145392,
              29.069966007224405
            ],
            [
              -89.13651677947583,
              29.069785615709332
            ],
            [
              -89.13672211317487,
              29.069782345703636
            ],
            [
              -89.13672025202007,
              29.069692149956175
            ],
            [
              -89.13702825223699,
              29.069687244377405
            ],
            [
              -89.13702639082292,
              29.06959704864673
            ],
            [
              -89.1372317240798,
              29.069593777880726
            ],
            [
              -89.13722986249572,
              29.069503582160795
            ],
            [
              -89.13774319504262,
              29.069495403903186
            ],
            [
              -89.13774133302076,
              29.0694052082121
            ],
            [
              -89.13845999760395,
              29.069393755399112
            ],
            [
              -89.13845813496579,
              29.069303559748946
            ],
            [
              -89.14123012060857,
              29.069259348771155
            ],
            [
              -89.14122825556899,
              29.06916915328277
            ],
            [
              -89.15960532011287,
              29.06887460575551
            ],
            [
              -89.15960720112892,
              29.06896480015731
            ],
            [
              -89.15991519455002,
              29.068959842174582
            ],
            [
              -89.15991707584243,
              29.069050036556767
            ],
            [
              -89.16001974038818,
              29.069048383732884
            ],
            [
              -89.16002162177845,
              29.06913857810765
            ],
            [
              -89.16022695102264,
              29.069135272212385
            ],
            [
              -89.16023071418599,
              29.06931566093353
            ],
            [
              -89.16033337897368,
              29.069314007856043
            ],
            [
              -89.16033526065752,
              29.069404202208535
            ],
            [
              -89.16043792552586,
              29.069402549046508
            ],
            [
              -89.16043980730754,
              29.069492743391592
            ],
            [
              -89.16054247225654,
              29.069491090145025
            ],
            [
              -89.16054435413609,
              29.069581284482666
            ],
            [
              -89.16064701916572,
              29.06957963115157
            ],
            [
              -89.16065642913885,
              29.07003060278945
            ],
            [
              -89.16055376366295,
              29.070032256151038
            ],
            [
              -89.16055752753394,
              29.070212644809107
            ],
            [
              -89.1604548618709,
              29.070214298104464
            ],
            [
              -89.1604586255978,
              29.070394686769447
            ],
            [
              -89.16035595974765,
              29.070396339998553
            ],
            [
              -89.16035972333046,
              29.07057672867043
            ],
            [
              -89.16025705729318,
              29.0705783818333
            ],
            [
              -89.16026834771256,
              29.071119547853744
            ],
            [
              -89.16037101428539,
              29.071117894654297
            ],
            [
              -89.16038230555013,
              29.071659060590477
            ],
            [
              -89.16027963844172,
              29.07166071382652
            ],
            [
              -89.16028340208696,
              29.07184110247352
            ],
            [
              -89.16018073479142,
              29.071842755643317
            ],
            [
              -89.16018261653768,
              29.071932949970932
            ],
            [
              -89.15997728174226,
              29.071936256087366
            ],
            [
              -89.1599791633186,
              29.07202645042586
            ],
            [
              -89.15967116079314,
              29.07203140903046
            ],
            [
              -89.15967492343603,
              29.07221179774002
            ],
            [
              -89.15957225573182,
              29.07221345046352
            ],
            [
              -89.1595741369769,
              29.072303644822426
            ],
            [
              -89.15967680477038,
              29.072301992092832
            ],
            [
              -89.15967868611334,
              29.072392186444304
            ],
            [
              -89.15978135398748,
              29.072390533630173
            ],
            [
              -89.1597832354283,
              29.072480727974217
            ],
            [
              -89.15968056746489,
              29.072482380794458
            ],
            [
              -89.15968244882505,
              29.072572575143294
            ],
            [
              -89.15957978076376,
              29.072574227891174
            ],
            [
              -89.15958354333135,
              29.07275461659706
            ],
            [
              -89.1594808750829,
              29.072756269278678
            ],
            [
              -89.15950909409764,
              29.074109184495388
            ],
            [
              -89.15940642450154,
              29.07411083719001
            ],
            [
              -89.15941018700454,
              29.074291225875253
            ],
            [
              -89.15930751722128,
              29.07429287850361
            ],
            [
              -89.15931316077246,
              29.074563461539825
            ],
            [
              -89.15941583082355,
              29.074561808893176
            ],
            [
              -89.15942523736062,
              29.075012780563245
            ],
            [
              -89.15932256686314,
              29.075014433240366
            ],
            [
              -89.15932821062079,
              29.07528501624481
            ],
            [
              -89.15922553984687,
              29.07528666886177
            ],
            [
              -89.15922930221642,
              29.075467057536958
            ],
            [
              -89.15912663125533,
              29.075468710087645
            ],
            [
              -89.15912851236372,
              29.075558904429364
            ],
            [
              -89.15902584130477,
              29.075560556907686
            ],
            [
              -89.15902772233247,
              29.07565075125415
            ],
            [
              -89.15892505117563,
              29.075652403660115
            ],
            [
              -89.15892693212265,
              29.07574259801137
            ],
            [
              -89.15831090446527,
              29.07575251083605
            ],
            [
              -89.15831278488521,
              29.075842705222545
            ],
            [
              -89.1581074420854,
              29.07584600888195
            ],
            [
              -89.15811120259394,
              29.076026397675328
            ],
            [
              -89.15800853100257,
              29.076028049399522
            ],
            [
              -89.15801229136693,
              29.07620843819978
            ],
            [
              -89.1579096195884,
              29.076210089857703
            ],
            [
              -89.15791149969418,
              29.076300284261933
            ],
            [
              -89.15780882781776,
              29.0763019358475
            ],
            [
              -89.15781070784287,
              29.076392130256494
            ],
            [
              -89.15770803586857,
              29.07639378176967
            ],
            [
              -89.157711795766,
              29.076574170595908
            ],
            [
              -89.15760912360452,
              29.07657582204281
            ],
            [
              -89.15761100347684,
              29.076666016460013
            ],
            [
              -89.15740565894954,
              29.076669319130623
            ],
            [
              -89.15740753865188,
              29.07675951355868
            ],
            [
              -89.1570995215286,
              29.0767644669944
            ],
            [
              -89.15710140097168,
              29.076854661439413
            ],
            [
              -89.15689605600127,
              29.07685796334975
            ],
            [
              -89.15689793527437,
              29.07694815780562
            ],
            [
              -89.15669259009103,
              29.076951459414282
            ],
            [
              -89.15669446919414,
              29.077041653881015
            ],
            [
              -89.15659179650028,
              29.07704330457374
            ],
            [
              -89.1565936755227,
              29.077133499045214
            ],
            [
              -89.15638832993064,
              29.07713680020745
            ],
            [
              -89.15639020878308,
              29.077226994689795
            ],
            [
              -89.15556882535688,
              29.077240196248844
            ],
            [
              -89.1555707035036,
              29.07733039077854
            ],
            [
              -89.15526268430918,
              29.077335340086776
            ],
            [
              -89.1552645621966,
              29.07742553463343
            ],
            [
              -89.15505921584548,
              29.07742883379209
            ],
            [
              -89.1550610935629,
              29.077519028349577
            ],
            [
              -89.15475307370396,
              29.077523976517337
            ],
            [
              -89.1547549511621,
              29.07761417109174
            ],
            [
              -89.15444693095802,
              29.07761911857156
            ],
            [
              -89.15444880815687,
              29.077709313162888
            ],
            [
              -89.15403811407408,
              29.077715908728443
            ],
            [
              -89.1540362372324,
              29.077625714112784
            ],
            [
              -89.15362554336947,
              29.077632308398545
            ],
            [
              -89.15362366689354,
              29.077542113757243
            ],
            [
              -89.15311029981828,
              29.07755035481857
            ],
            [
              -89.15310842379739,
              29.07746016014553
            ],
            [
              -89.15280040371715,
              29.0774651038225
            ],
            [
              -89.1527985279727,
              29.07737490912992
            ],
            [
              -89.15259318138826,
              29.07737820451008
            ],
            [
              -89.15259130583098,
              29.077288009804015
            ],
            [
              -89.15207793966621,
              29.07729624685089
            ],
            [
              -89.15207981477705,
              29.077386441587333
            ],
            [
              -89.15187446807253,
              29.07738973586897
            ],
            [
              -89.15187634301334,
              29.077479930616246
            ],
            [
              -89.15177366955893,
              29.07748157764544
            ],
            [
              -89.15177554441902,
              29.07757177239747
            ],
            [
              -89.15167287086676,
              29.07757341935427
            ],
            [
              -89.15167474564615,
              29.077663614111046
            ],
            [
              -89.15095602991516,
              29.077675140654136
            ],
            [
              -89.15095415576084,
              29.077584945854856
            ],
            [
              -89.15085148214,
              29.077586592183927
            ],
            [
              -89.15084960808353,
              29.07749639737724
            ],
            [
              -89.15115762865247,
              29.07749145817284
            ],
            [
              -89.1511538800295,
              29.07731106859194
            ],
            [
              -89.15135922667544,
              29.077307775420966
            ],
            [
              -89.15135360326951,
              29.077037191076123
            ],
            [
              -89.1511482571593,
              29.07704048421066
            ],
            [
              -89.1511463828864,
              29.07695028941425
            ],
            [
              -89.1509410369205,
              29.076953582222785
            ],
            [
              -89.15093916283472,
              29.076863387412914
            ],
            [
              -89.1508364899282,
              29.076865033693398
            ],
            [
              -89.15083836392469,
              29.07695522850934
            ],
            [
              -89.15053034488587,
              29.076960166898264
            ],
            [
              -89.15053221862304,
              29.07705036173111
            ],
            [
              -89.15022419923923,
              29.077055299432054
            ],
            [
              -89.15022794620356,
              29.077235689130184
            ],
            [
              -89.15002259954767,
              29.077238980562775
            ],
            [
              -89.15002821952265,
              29.07750956513646
            ],
            [
              -89.15013089312275,
              29.077507919441192
            ],
            [
              -89.15013463999416,
              29.07768830913823
            ],
            [
              -89.15023731376428,
              29.077686663352353
            ],
            [
              -89.15023918730212,
              29.077776858192813
            ],
            [
              -89.15034186115295,
              29.077775212322397
            ],
            [
              -89.15034373478866,
              29.077865407155475
            ],
            [
              -89.15044640872023,
              29.07786376120052
            ],
            [
              -89.15045015619593,
              29.078044150850552
            ],
            [
              -89.15055283029753,
              29.078042504804984
            ],
            [
              -89.15055470413752,
              29.078132699621946
            ],
            [
              -89.15065737831983,
              29.07813105349185
            ],
            [
              -89.15066112620413,
              29.07831144310964
            ],
            [
              -89.15055845184322,
              29.078313089251886
            ],
            [
              -89.15056407346604,
              29.07858367368688
            ],
            [
              -89.15066674809484,
              29.078582027526416
            ],
            [
              -89.15066862207554,
              29.07867222232936
            ],
            [
              -89.15077129678507,
              29.078670576084367
            ],
            [
              -89.15077317086364,
              29.07876077087991
            ],
            [
              -89.1508758456539,
              29.07875912455037
            ],
            [
              -89.15087771983033,
              29.07884931933853
            ],
            [
              -89.1509803947013,
              29.07884767292444
            ],
            [
              -89.15098976615856,
              29.079298646815
            ],
            [
              -89.1508870908411,
              29.079300293259447
            ],
            [
              -89.15088896506896,
              29.079390488039667
            ],
            [
              -89.15068361422969,
              29.079393780705296
            ],
            [
              -89.15068548828752,
              29.079483975496313
            ],
            [
              -89.15037746169646,
              29.079488913924433
            ],
            [
              -89.15037933549496,
              29.079579108732357
            ],
            [
              -89.15017398421281,
              29.079582400637534
            ],
            [
              -89.15017585784126,
              29.07967259545627
            ],
            [
              -89.15007318209804,
              29.07967424129722
            ],
            [
              -89.15007130855888,
              29.079584046472416
            ],
            [
              -89.14996863289639,
              29.079585692228815
            ],
            [
              -89.1499667594551,
              29.079495497396607
            ],
            [
              -89.14986408387334,
              29.079497143068473
            ],
            [
              -89.14985659055105,
              29.079136363702137
            ],
            [
              -89.14975391531793,
              29.07913800927125
            ],
            [
              -89.14975016888677,
              29.078957619568
            ],
            [
              -89.1496474938237,
              29.07895926504651
            ],
            [
              -89.14964562071026,
              29.07886907018683
            ],
            [
              -89.1495429457279,
              29.07887071558079
            ],
            [
              -89.14954107271235,
              29.078780520713735
            ],
            [
              -89.14913037305448,
              29.0787871014806
            ],
            [
              -89.14913224571283,
              29.078877296371946
            ],
            [
              -89.14892689565393,
              29.078880586296698
            ],
            [
              -89.14892876814227,
              29.078970781198855
            ],
            [
              -89.14882609301067,
              29.078972426049592
            ],
            [
              -89.14882796541828,
              29.07906262095649
            ],
            [
              -89.1486226149508,
              29.07906591043467
            ],
            [
              -89.14862448718836,
              29.079156105352364
            ],
            [
              -89.14841913650802,
              29.079159394528794
            ],
            [
              -89.14842100857554,
              29.079249589457305
            ],
            [
              -89.14811298222295,
              29.079254522651606
            ],
            [
              -89.14811485403115,
              29.07934471759699
            ],
            [
              -89.14780682733362,
              29.079349650103232
            ],
            [
              -89.14780869888246,
              29.079439845065497
            ],
            [
              -89.14770602321019,
              29.079441489083354
            ],
            [
              -89.14770789467828,
              29.079531684050345
            ],
            [
              -89.14760521890817,
              29.07953332799579
            ],
            [
              -89.14760709029551,
              29.079623522967534
            ],
            [
              -89.14750441442754,
              29.07962516684058
            ],
            [
              -89.14750628573414,
              29.079715361817048
            ],
            [
              -89.1474036097683,
              29.079717005617677
            ],
            [
              -89.14740548099415,
              29.079807200598893
            ],
            [
              -89.14730280493045,
              29.079808844327108
            ],
            [
              -89.14730467607556,
              29.079899039313073
            ],
            [
              -89.1470993237439,
              29.07990232654621
            ],
            [
              -89.14710306570257,
              29.08008271653839
            ],
            [
              -89.14689771297945,
              29.080086003481867
            ],
            [
              -89.146899583793,
              29.080176198488108
            ],
            [
              -89.14669423085707,
              29.080179485129822
            ],
            [
              -89.14669610150058,
              29.080269680146834
            ],
            [
              -89.1463880717646,
              29.080274609539018
            ],
            [
              -89.14638994214874,
              29.080364804572902
            ],
            [
              -89.14628726546367,
              29.080366447552734
            ],
            [
              -89.14629287639947,
              29.080637032664626
            ],
            [
              -89.14619019943792,
              29.080638675584158
            ],
            [
              -89.14620142100458,
              29.081179845808567
            ],
            [
              -89.14609874349863,
              29.081181488685978
            ],
            [
              -89.14610996483728,
              29.081722658899114
            ],
            [
              -89.14600728678691,
              29.081724301734397
            ],
            [
              -89.14601102712292,
              29.081904691806987
            ],
            [
              -89.14580567063929,
              29.081907977266347
            ],
            [
              -89.1458075406415,
              29.08199817231277
            ],
            [
              -89.14549950558398,
              29.082003099931367
            ],
            [
              -89.1455013753268,
              29.082093294994632
            ]
          ]
        ]
      },
      "properties": {
        "incident_id": "SP-013",
        "type": "AI-detected-slick",
        "source": "Sentinel-1 SAR",
        "method": "U-Net segmentation + radiometric filtering"
      }
    },
    {
      "type": "Feature",
      "geometry": {
        "type": "Polygon",
        "coordinates": [
          [
            [
              -88.89253955066054,
              29.066861992738744
            ],
            [
              -88.89223151242754,
              29.066866336880864
            ],
            [
              -88.89222986434788,
              29.066776127502227
            ],
            [
              -88.89181914695557,
              29.06678191857169
            ],
            [
              -88.89181749924064,
              29.06669170917039
            ],
            [
              -88.89150946138516,
              29.066696051632455
            ],
            [
              -88.89150781394568,
              29.06660584221383
            ],
            [
              -88.89130245551628,
              29.06660873678548
            ],
            [
              -88.89130080826293,
              29.066518527354866
            ],
            [
              -88.88996597889829,
              29.066537334349864
            ],
            [
              -88.88996762499075,
              29.066627543849872
            ],
            [
              -88.8889408314129,
              29.06664200179776
            ],
            [
              -88.88893918621346,
              29.06655179224441
            ],
            [
              -88.8885284689288,
              29.066557573204907
            ],
            [
              -88.88852682409407,
              29.066467363628934
            ],
            [
              -88.8883214655852,
              29.066470253627656
            ],
            [
              -88.8883198209366,
              29.066380044039715
            ],
            [
              -88.88811446257625,
              29.06638293371388
            ],
            [
              -88.88811281811377,
              29.066292724113982
            ],
            [
              -88.88801013901161,
              29.066294168828023
            ],
            [
              -88.88800849464594,
              29.066203959221493
            ],
            [
              -88.88780313659765,
              29.066206848403485
            ],
            [
              -88.88780149241812,
              29.066116638784997
            ],
            [
              -88.88769881347199,
              29.066118083252952
            ],
            [
              -88.88769716938927,
              29.06602787362782
            ],
            [
              -88.88718377499234,
              29.066035094763837
            ],
            [
              -88.88718213136362,
              29.065944885110778
            ],
            [
              -88.88687409490313,
              29.065949216834706
            ],
            [
              -88.88687245154983,
              29.06585900716437
            ],
            [
              -88.88666709405052,
              29.065861894577292
            ],
            [
              -88.88666545088333,
              29.065771684894997
            ],
            [
              -88.8865627722117,
              29.065773128478426
            ],
            [
              -88.88656112914133,
              29.065682918789506
            ],
            [
              -88.88645845055149,
              29.065684362289133
            ],
            [
              -88.88645680757791,
              29.065594152593587
            ],
            [
              -88.88635412906984,
              29.06559559600942
            ],
            [
              -88.88635084332385,
              29.065415176603782
            ],
            [
              -88.88624816498687,
              29.06541661993049
            ],
            [
              -88.88624487944952,
              29.06523620050901
            ],
            [
              -88.8861422012836,
              29.065237643746585
            ],
            [
              -88.88613563065627,
              29.064876804866753
            ],
            [
              -88.88623830846501,
              29.06487536165048
            ],
            [
              -88.88623666573767,
              29.064785151932604
            ],
            [
              -88.88633934344959,
              29.064783708643187
            ],
            [
              -88.88633770064047,
              29.064693498929326
            ],
            [
              -88.88644037825561,
              29.06469205556676
            ],
            [
              -88.8864387353647,
              29.064601845856945
            ],
            [
              -88.88654141288302,
              29.064600402421227
            ],
            [
              -88.88653976991034,
              29.06451019271544
            ],
            [
              -88.88705315694276,
              29.06450297438648
            ],
            [
              -88.88705151353113,
              29.06441276470603
            ],
            [
              -88.8874622226646,
              29.06440698865171
            ],
            [
              -88.88746057890333,
              29.064316778991273
            ],
            [
              -88.88766593324637,
              29.06431389050396
            ],
            [
              -88.88766428931405,
              29.06422368085288
            ],
            [
              -88.88930712154664,
              29.064200561740222
            ],
            [
              -88.88930876690762,
              29.064290771305995
            ],
            [
              -88.88951412097983,
              29.064287879993813
            ],
            [
              -88.8895157665269,
              29.06437808954762
            ],
            [
              -88.88982379784665,
              29.064373751974827
            ],
            [
              -88.88982215203171,
              29.064283542437032
            ],
            [
              -88.88992482903396,
              29.06428209642784
            ],
            [
              -88.88992318313724,
              29.064191886894072
            ],
            [
              -88.89012853694057,
              29.064188994650948
            ],
            [
              -88.8901252448126,
              29.064008575600873
            ],
            [
              -88.89022792152437,
              29.064007129372285
            ],
            [
              -88.89022298312102,
              29.063736500803447
            ],
            [
              -88.8903256595574,
              29.063735054512403
            ],
            [
              -88.89032072095397,
              29.063464425947906
            ],
            [
              -88.89042339711496,
              29.063462979594398
            ],
            [
              -88.8904217508396,
              29.06337277007563
            ],
            [
              -88.89052442690377,
              29.063371323649005
            ],
            [
              -88.89052278054663,
              29.063281114134277
            ],
            [
              -88.89062545651402,
              29.063279667634514
            ],
            [
              -88.89062381007513,
              29.063189458123833
            ],
            [
              -88.89072648594568,
              29.063188011550945
            ],
            [
              -88.89072483942503,
              29.06309780204431
            ],
            [
              -88.89164892111752,
              29.063084779405482
            ],
            [
              -88.89165056844172,
              29.06317498886406
            ],
            [
              -88.89216394734248,
              29.063167751291758
            ],
            [
              -88.89216559512064,
              29.063257960722343
            ],
            [
              -88.89247362263852,
              29.063253617221353
            ],
            [
              -88.89247527069206,
              29.063343826634615
            ],
            [
              -88.89288597430081,
              29.063338034180095
            ],
            [
              -88.89288762271904,
              29.063428243570673
            ],
            [
              -88.89350367844169,
              29.063419552502875
            ],
            [
              -88.89350532740316,
              29.063509761860093
            ],
            [
              -88.89371067942895,
              29.06350686419908
            ],
            [
              -88.89371232857654,
              29.0635970735443
            ],
            [
              -88.89381500466742,
              29.063595624590747
            ],
            [
              -88.8938183031638,
              29.06377604326661
            ],
            [
              -88.89392097942569,
              29.0637745942239
            ],
            [
              -88.8939259274947,
              29.064045222211895
            ],
            [
              -88.89402860401691,
              29.06404377307468
            ],
            [
              -88.89403190294588,
              29.06422419171616
            ],
            [
              -88.89413457963913,
              29.06422274248978
            ],
            [
              -88.89415107562961,
              29.065124835565783
            ],
            [
              -88.89425375320822,
              29.065123386207453
            ],
            [
              -88.89425540293806,
              29.06521359550257
            ],
            [
              -88.89435808059841,
              29.065212146060425
            ],
            [
              -88.89436303010108,
              29.065482773921918
            ],
            [
              -88.89446570802177,
              29.065481324385253
            ],
            [
              -88.89447065786024,
              29.065751952219014
            ],
            [
              -88.89457333604126,
              29.065750502587836
            ],
            [
              -88.89457828621555,
              29.066021130393853
            ],
            [
              -88.89468096465691,
              29.066019680668155
            ],
            [
              -88.89468426498942,
              29.06620009918831
            ],
            [
              -88.89458158636948,
              29.06620154892471
            ],
            [
              -88.89458488655359,
              29.06638196745037
            ],
            [
              -88.89437952893384,
              29.06638486670914
            ],
            [
              -88.89438117885864,
              29.06647507598072
            ],
            [
              -88.8941758210301,
              29.06647797493629
            ],
            [
              -88.89417747078383,
              29.06656818421727
            ],
            [
              -88.89386943371655,
              29.066572532078116
            ],
            [
              -88.89387108320993,
              29.066662741373843
            ],
            [
              -88.8933576875004,
              29.066669986265804
            ],
            [
              -88.89335933655482,
              29.066760195586962
            ],
            [
              -88.892537902313,
              29.066771783376137
            ],
            [
              -88.89253955066054,
              29.066861992738744
            ]
          ]
        ]
      },
      "properties": {
        "incident_id": "SP-013",
        "type": "AI-detected-slick",
        "source": "Sentinel-1 SAR",
        "method": "U-Net segmentation + radiometric filtering"
      }
    },
    {
      "type": "Feature",
      "geometry": {
        "type": "Polygon",
        "coordinates": [
          [
            [
              -89.16021754326482,
              29.068684300386327
            ],
            [
              -89.15826692253478,
              29.06871569314458
            ],
            [
              -89.15826504270478,
              29.068625498659582
            ],
            [
              -89.15775172139038,
              29.068633755175103
            ],
            [
              -89.15774984201524,
              29.068543560658313
            ],
            [
              -89.15754451360782,
              29.06854686270329
            ],
            [
              -89.15754263441974,
              29.068456668173006
            ],
            [
              -89.15733730615645,
              29.068459969892054
            ],
            [
              -89.15733542715549,
              29.068369775348266
            ],
            [
              -89.15713009903632,
              29.06837307674139
            ],
            [
              -89.15712822022243,
              29.068282882184096
            ],
            [
              -89.1570255562392,
              29.068284532756916
            ],
            [
              -89.15702743496384,
              29.068374727320293
            ],
            [
              -89.15692477088277,
              29.06837637782076
            ],
            [
              -89.15692664952674,
              29.068466572388907
            ],
            [
              -89.15672132116033,
              29.06846987316671
            ],
            [
              -89.1567231996344,
              29.068560067745697
            ],
            [
              -89.1564152067526,
              29.068565018342397
            ],
            [
              -89.1564170849675,
              29.068655212938342
            ],
            [
              -89.15580109843653,
              29.068665112050475
            ],
            [
              -89.1558029761245,
              29.0687553066816
            ],
            [
              -89.14933509327993,
              29.0688590772579
            ],
            [
              -89.14933322121485,
              29.068768882243955
            ],
            [
              -89.14748525004889,
              29.068798473689217
            ],
            [
              -89.14748337959892,
              29.068708278564777
            ],
            [
              -89.14645672864603,
              29.06872470721453
            ],
            [
              -89.14645485909713,
              29.068634512028183
            ],
            [
              -89.14512021274055,
              29.068655857467498
            ],
            [
              -89.14512208112914,
              29.068746052732585
            ],
            [
              -89.14409542821043,
              29.06876246334135
            ],
            [
              -89.14409729571504,
              29.068852658665676
            ],
            [
              -89.14276264448371,
              29.068873980809016
            ],
            [
              -89.14276077813943,
              29.068783785406033
            ],
            [
              -89.14255544723122,
              29.068787064547084
            ],
            [
              -89.14255731339699,
              29.068877259962164
            ],
            [
              -89.14173598870882,
              29.068890373437135
            ],
            [
              -89.14173412325708,
              29.068800177973674
            ],
            [
              -89.14039947063472,
              29.068821476584823
            ],
            [
              -89.14039760635183,
              29.068731281041483
            ],
            [
              -89.13988427848273,
              29.06873946925498
            ],
            [
              -89.13988241465464,
              29.06864927368011
            ],
            [
              -89.1397797491445,
              29.068650911081455
            ],
            [
              -89.13977788541418,
              29.068560715499213
            ],
            [
              -89.13946988910038,
              29.068565627214472
            ],
            [
              -89.13946802564637,
              29.068475431612796
            ],
            [
              -89.13905736413236,
              29.06848197944415
            ],
            [
              -89.13905550104387,
              29.068391783817
            ],
            [
              -89.13895283573332,
              29.068393420572708
            ],
            [
              -89.13894165791679,
              29.067852246745787
            ],
            [
              -89.13883899313323,
              29.067853883386825
            ],
            [
              -89.13883526744105,
              29.067673492088534
            ],
            [
              -89.13873260282747,
              29.067675128639063
            ],
            [
              -89.13873074008342,
              29.0675849329819
            ],
            [
              -89.13862807555057,
              29.067586569447954
            ],
            [
              -89.13862435026651,
              29.067406178117572
            ],
            [
              -89.13852168590364,
              29.067407814493116
            ],
            [
              -89.13851982336364,
              29.067317618819914
            ],
            [
              -89.13831449479086,
              29.06732089132361
            ],
            [
              -89.13831263243787,
              29.067230695637015
            ],
            [
              -89.13820996822797,
              29.067232331765172
            ],
            [
              -89.13820810597274,
              29.06714213607122
            ],
            [
              -89.13810544184356,
              29.0671437721149
            ],
            [
              -89.1381035796861,
              29.067053576413592
            ],
            [
              -89.13789825158068,
              29.06705684825359
            ],
            [
              -89.13789638961023,
              29.06696665253888
            ],
            [
              -89.137793725634,
              29.066968288335197
            ],
            [
              -89.13779186376131,
              29.066878092613123
            ],
            [
              -89.1375865359618,
              29.066881363958384
            ],
            [
              -89.13758467427613,
              29.066791168222927
            ],
            [
              -89.13748201045284,
              29.066792803771865
            ],
            [
              -89.13748014886492,
              29.06670260802906
            ],
            [
              -89.13737748512237,
              29.066704243493533
            ],
            [
              -89.13737562363221,
              29.066614047743357
            ],
            [
              -89.1372729599704,
              29.066615683123366
            ],
            [
              -89.137271098578,
              29.06652548736585
            ],
            [
              -89.13716843499691,
              29.066527122661387
            ],
            [
              -89.13716657370226,
              29.066436926896507
            ],
            [
              -89.13624260189277,
              29.066451640972566
            ],
            [
              -89.13624074140985,
              29.066361445152072
            ],
            [
              -89.13613807792215,
              29.066363079651214
            ],
            [
              -89.13613621753699,
              29.06627288382339
            ],
            [
              -89.13603355413004,
              29.066274518238064
            ],
            [
              -89.13602797329328,
              29.06600393072854
            ],
            [
              -89.13592531014555,
              29.066005565046698
            ],
            [
              -89.13591600936735,
              29.06555458580759
            ],
            [
              -89.13581334665733,
              29.065556220017168
            ],
            [
              -89.13580590654485,
              29.065195436577987
            ],
            [
              -89.13570324418328,
              29.065197070685006
            ],
            [
              -89.1356902249386,
              29.064565699573343
            ],
            [
              -89.1355875631932,
              29.064567333559754
            ],
            [
              -89.13544624499949,
              29.05771244257861
            ],
            [
              -89.13554889996405,
              29.057710809050338
            ],
            [
              -89.13553588566049,
              29.05707943717095
            ],
            [
              -89.13563853999213,
              29.05707780360647
            ],
            [
              -89.1356329622934,
              29.056807215656423
            ],
            [
              -89.13573561634891,
              29.056805582031622
            ],
            [
              -89.1357318977472,
              29.056625190070367
            ],
            [
              -89.1358345516158,
              29.056623556379233
            ],
            [
              -89.13583269223851,
              29.056533360402657
            ],
            [
              -89.13593534600942,
              29.056531726639136
            ],
            [
              -89.13593348655142,
              29.056441530667275
            ],
            [
              -89.1360361402246,
              29.05643989683138
            ],
            [
              -89.13603428068592,
              29.056349700864207
            ],
            [
              -89.13654754847829,
              29.05634153053889
            ],
            [
              -89.13654940846298,
              29.056431726475903
            ],
            [
              -89.13665206208513,
              29.05643009216961
            ],
            [
              -89.13665020201125,
              29.05633989623862
            ],
            [
              -89.13695816255907,
              29.056334992867406
            ],
            [
              -89.1369563022261,
              29.0562447969532
            ],
            [
              -89.13716160903704,
              29.056241527659118
            ],
            [
              -89.13715974853417,
              29.056151331755665
            ],
            [
              -89.13757036169713,
              29.05614479225083
            ],
            [
              -89.13756850084599,
              29.056054596370167
            ],
            [
              -89.13767115402625,
              29.056052961303987
            ],
            [
              -89.1376730149666,
              29.056143157178614
            ],
            [
              -89.13798097472393,
              29.056138251491586
            ],
            [
              -89.13798283594039,
              29.056228447346786
            ],
            [
              -89.13808548926501,
              29.056226811954936
            ],
            [
              -89.13808735057917,
              29.056317007802782
            ],
            [
              -89.13819000398446,
              29.056315372326495
            ],
            [
              -89.13819186539637,
              29.056405568166994
            ],
            [
              -89.13870513274115,
              29.05639738957941
            ],
            [
              -89.13870327088327,
              29.056307193769094
            ],
            [
              -89.1392165375692,
              29.056299013251675
            ],
            [
              -89.13921839987306,
              29.0563892090318
            ],
            [
              -89.13942370666621,
              29.05638593626395
            ],
            [
              -89.139425569157,
              29.056476132030678
            ],
            [
              -89.13963087609446,
              29.05647285893714
            ],
            [
              -89.13963273877218,
              29.05656305469046
            ],
            [
              -89.13973539231733,
              29.056561418020056
            ],
            [
              -89.13973725509277,
              29.056651613766025
            ],
            [
              -89.13994256233592,
              29.056648340177926
            ],
            [
              -89.13994442529825,
              29.056738535910487
            ],
            [
              -89.14004707899626,
              29.0567368989928
            ],
            [
              -89.14004894205632,
              29.056827094717995
            ],
            [
              -89.14025424960516,
              29.056823820635334
            ],
            [
              -89.14025611285216,
              29.05691401634714
            ],
            [
              -89.1404614205453,
              29.056910741938772
            ],
            [
              -89.14046328397922,
              29.057000937637163
            ],
            [
              -89.14087389962005,
              29.056994387855458
            ],
            [
              -89.14087576341929,
              29.05708458352836
            ],
            [
              -89.14108107136697,
              29.057081308155002
            ],
            [
              -89.14108293535315,
              29.05717150381451
            ],
            [
              -89.14149355150299,
              29.0571649521028
            ],
            [
              -89.14149541585451,
              29.057255147736793
            ],
            [
              -89.14170072405668,
              29.057251871398435
            ],
            [
              -89.14170258859512,
              29.057342067019018
            ],
            [
              -89.14190789694159,
              29.05733879035495
            ],
            [
              -89.14190976166697,
              29.05742898596211
            ],
            [
              -89.14211507015773,
              29.05742570897235
            ],
            [
              -89.14211693507004,
              29.057515904566106
            ],
            [
              -89.14232224370508,
              29.057512627250624
            ],
            [
              -89.14232410880435,
              29.057602822830972
            ],
            [
              -89.14252941758366,
              29.057599545189785
            ],
            [
              -89.14253128286985,
              29.057689740756715
            ],
            [
              -89.14273659179348,
              29.05768646278981
            ],
            [
              -89.1427384572666,
              29.05777665834333
            ],
            [
              -89.14294376633451,
              29.057773380050715
            ],
            [
              -89.14294563199458,
              29.057863575590805
            ],
            [
              -89.14304828660494,
              29.057861936320837
            ],
            [
              -89.14305015236275,
              29.05795213185355
            ],
            [
              -89.14315280705378,
              29.05795049249914
            ],
            [
              -89.14315467290932,
              29.058040688024487
            ],
            [
              -89.1433599824442,
              29.058037409068348
            ],
            [
              -89.14336184848668,
              29.05812760458027
            ],
            [
              -89.14346450333052,
              29.05812596497855
            ],
            [
              -89.14346636947077,
              29.05821616048309
            ],
            [
              -89.14367167931124,
              29.05821288103232
            ],
            [
              -89.14367354563842,
              29.05830307652345
            ],
            [
              -89.14377620063507,
              29.058301436674412
            ],
            [
              -89.14377806706,
              29.05839163215816
            ],
            [
              -89.14398337720608,
              29.05838835221274
            ],
            [
              -89.14398524381797,
              29.058478547683073
            ],
            [
              -89.14419055410833,
              29.058475267411936
            ],
            [
              -89.14419242090716,
              29.058565462868852
            ],
            [
              -89.14429507612876,
              29.058563822609614
            ],
            [
              -89.14429694302534,
              29.05865401805914
            ],
            [
              -89.14439959832758,
              29.058652377715447
            ],
            [
              -89.1444014653219,
              29.0587425731576
            ],
            [
              -89.14450412070482,
              29.05874093272945
            ],
            [
              -89.14450598779689,
              29.05883112816423
            ],
            [
              -89.14460864326048,
              29.05882948765161
            ],
            [
              -89.1446105104503,
              29.05891968307902
            ],
            [
              -89.14481582153029,
              29.058916401806464
            ],
            [
              -89.14481768890708,
              29.059006597220435
            ],
            [
              -89.14512565573062,
              29.05900167470538
            ],
            [
              -89.14512752338356,
              29.059091870099877
            ],
            [
              -89.14543549039786,
              29.059086946860987
            ],
            [
              -89.14543735832699,
              29.059177142235985
            ],
            [
              -89.14574532553203,
              29.05917221827325
            ],
            [
              -89.14574719373732,
              29.05926241362876
            ],
            [
              -89.14605516113309,
              29.05925748894218
            ],
            [
              -89.14605702961457,
              29.059347684278197
            ],
            [
              -89.14615968548529,
              29.05934604255312
            ],
            [
              -89.14616155406452,
              29.059436237881766
            ],
            [
              -89.14646952189301,
              29.05943131221793
            ],
            [
              -89.14647139074842,
              29.059521507527073
            ],
            [
              -89.14657404676338,
              29.059519865476243
            ],
            [
              -89.14657591571655,
              29.059610060778006
            ],
            [
              -89.14688388397774,
              29.0596051341369
            ],
            [
              -89.1468857532071,
              29.05969532941916
            ],
            [
              -89.1470910655169,
              29.05969204458759
            ],
            [
              -89.14709293493324,
              29.059782239856407
            ],
            [
              -89.14729824738727,
              29.05977895469907
            ],
            [
              -89.14730011699058,
              29.059869149954448
            ],
            [
              -89.14740277329399,
              29.0598675072521
            ],
            [
              -89.14740464299506,
              29.0599577025001
            ],
            [
              -89.14750729937913,
              29.059956059713283
            ],
            [
              -89.14750916917797,
              29.06004625495388
            ],
            [
              -89.14761182564268,
              29.0600446120826
            ],
            [
              -89.14761369553929,
              29.060134807315812
            ],
            [
              -89.14781900862154,
              29.060131521325882
            ],
            [
              -89.14782087870512,
              29.06022171654566
            ],
            [
              -89.14792353532262,
              29.060220073427015
            ],
            [
              -89.14792540550397,
              29.060310268639398
            ],
            [
              -89.1482333755728,
              29.060305338794812
            ],
            [
              -89.14823524603034,
              29.060395533987684
            ],
            [
              -89.14833790279205,
              29.06039389054327
            ],
            [
              -89.14833977334737,
              29.060484085728763
            ],
            [
              -89.14854508702358,
              29.060480798592565
            ],
            [
              -89.14854882851675,
              29.060661188935303
            ],
            [
              -89.14875414251557,
              29.060657901461198
            ],
            [
              -89.14875788439984,
              29.060838291774417
            ],
            [
              -89.14886054156486,
              29.060836647907603
            ],
            [
              -89.14886241260905,
              29.060926843056148
            ],
            [
              -89.14896506985473,
              29.060925199104865
            ],
            [
              -89.14896694099667,
              29.061015394246024
            ],
            [
              -89.14906959832302,
              29.061013750210265
            ],
            [
              -89.14907146956276,
              29.061103945344044
            ],
            [
              -89.14917412696975,
              29.061102301223805
            ],
            [
              -89.14917599830726,
              29.061192496350188
            ],
            [
              -89.14927865579492,
              29.06119085214546
            ],
            [
              -89.14928052723022,
              29.061281047264462
            ],
            [
              -89.14938318479852,
              29.061279402975266
            ],
            [
              -89.1493850563316,
              29.06136959808687
            ],
            [
              -89.14948771398056,
              29.061367953713184
            ],
            [
              -89.14948958561142,
              29.061458148817398
            ],
            [
              -89.14969490106213,
              29.061454859822653
            ],
            [
              -89.14969677287998,
              29.06154505491341
            ],
            [
              -89.1500047462595,
              29.061540120814968
            ],
            [
              -89.15000661835357,
              29.061630315886198
            ],
            [
              -89.15021193407554,
              29.061627026083023
            ],
            [
              -89.15021380635663,
              29.061717221140793
            ],
            [
              -89.15062443805472,
              29.06171064056918
            ],
            [
              -89.15062818335632,
              29.06189103063219
            ],
            [
              -89.15083349951087,
              29.06188773985161
            ],
            [
              -89.15083537235296,
              29.061977934868985
            ],
            [
              -89.15093803050661,
              29.061976289354995
            ],
            [
              -89.15093990344648,
              29.06206648436498
            ],
            [
              -89.15104256168078,
              29.062064838766503
            ],
            [
              -89.15104443471846,
              29.06215503376909
            ],
            [
              -89.1512497513398,
              29.06215174232475
            ],
            [
              -89.15125162456448,
              29.06224193731388
            ],
            [
              -89.1522782080494,
              29.062225475326397
            ],
            [
              -89.15228008217487,
              29.062315670253458
            ],
            [
              -89.15248539894746,
              29.062312376902803
            ],
            [
              -89.15248727325995,
              29.062402571816385
            ],
            [
              -89.15279524862221,
              29.06239763118406
            ],
            [
              -89.15279712321096,
              29.062487826078094
            ],
            [
              -89.15310509876373,
              29.06248288472177
            ],
            [
              -89.15310697362871,
              29.062573079596245
            ],
            [
              -89.15331229079946,
              29.062569784954448
            ],
            [
              -89.15331416585147,
              29.062659979815457
            ],
            [
              -89.1534168245132,
              29.06265833237086
            ],
            [
              -89.153418699663,
              29.062748527224457
            ],
            [
              -89.15372667586445,
              29.06274358440191
            ],
            [
              -89.1537285512905,
              29.062833779235948
            ],
            [
              -89.15383121009639,
              29.062832131465512
            ],
            [
              -89.15383308562025,
              29.062922326292146
            ],
            [
              -89.15414106225411,
              29.062917382492095
            ],
            [
              -89.15414293805422,
              29.06300757729917
            ],
            [
              -89.15434825594569,
              29.06300428102822
            ],
            [
              -89.15435013193283,
              29.0630944758218
            ],
            [
              -89.15558203963157,
              29.06307469153586
            ],
            [
              -89.15558391669799,
              29.063164886255127
            ],
            [
              -89.15568657570633,
              29.06316323704882
            ],
            [
              -89.15568845287058,
              29.063253431760685
            ],
            [
              -89.15579111195954,
              29.063251782469877
            ],
            [
              -89.15579486649224,
              29.063432171877455
            ],
            [
              -89.15589752575109,
              29.063430522496066
            ],
            [
              -89.15589940311953,
              29.063520717191793
            ],
            [
              -89.15600206245901,
              29.06351906772588
            ],
            [
              -89.15600393992528,
              29.063609262414197
            ],
            [
              -89.15620925875695,
              29.063605963234952
            ],
            [
              -89.15621113641025,
              29.063696157909764
            ],
            [
              -89.15692975267517,
              29.063684608269543
            ],
            [
              -89.15692787439727,
              29.063594413637336
            ],
            [
              -89.15713319307434,
              29.063591113046524
            ],
            [
              -89.15713131462657,
              29.063500918425177
            ],
            [
              -89.15733663309082,
              29.06349761753285
            ],
            [
              -89.15733475447318,
              29.06340742292235
            ],
            [
              -89.15764273183746,
              29.063402471013987
            ],
            [
              -89.15764085296072,
              29.063312276420433
            ],
            [
              -89.15784617098217,
              29.06330897476827
            ],
            [
              -89.15784429193558,
              29.063218780185586
            ],
            [
              -89.15794695084418,
              29.063217129247967
            ],
            [
              -89.15794507171695,
              29.06312693467003
            ],
            [
              -89.15804773052774,
              29.063125283660085
            ],
            [
              -89.15804397212065,
              29.06294489451244
            ],
            [
              -89.15814663074437,
              29.062943243436266
            ],
            [
              -89.15814475146449,
              29.06285304886654
            ],
            [
              -89.15824740999041,
              29.06285139771803
            ],
            [
              -89.1582455306299,
              29.062761203153084
            ],
            [
              -89.15834818905799,
              29.062759551932263
            ],
            [
              -89.15834630961686,
              29.062669357372084
            ],
            [
              -89.15844896794714,
              29.062667706078926
            ],
            [
              -89.15847716180514,
              29.064020624251217
            ],
            [
              -89.15837450213645,
              29.064022275635768
            ],
            [
              -89.1583782612852,
              29.064202664715086
            ],
            [
              -89.15827560142947,
              29.064204316033386
            ],
            [
              -89.15829815597317,
              29.065286650471222
            ],
            [
              -89.15819549503804,
              29.065288301784214
            ],
            [
              -89.15819925407054,
              29.06546869085085
            ],
            [
              -89.15809659294835,
              29.065470342097598
            ],
            [
              -89.15809847238826,
              29.065560536635015
            ],
            [
              -89.15799581116825,
              29.065562187809427
            ],
            [
              -89.15799956989535,
              29.065742576892475
            ],
            [
              -89.15789690848827,
              29.065744228000653
            ],
            [
              -89.15789878777548,
              29.065834422546285
            ],
            [
              -89.15779612627057,
              29.065836073582123
            ],
            [
              -89.1577998846923,
              29.06601646268158
            ],
            [
              -89.15769722300031,
              29.06601811365118
            ],
            [
              -89.15769910213483,
              29.066108308205028
            ],
            [
              -89.157596440345,
              29.06610995910227
            ],
            [
              -89.1576020775324,
              29.066380542774127
            ],
            [
              -89.15801272571098,
              29.06637393864145
            ],
            [
              -89.15801460514759,
              29.066464133171714
            ],
            [
              -89.15811726725997,
              29.066462481936384
            ],
            [
              -89.15811914679442,
              29.06655267645924
            ],
            [
              -89.15832447117191,
              29.0665493737411
            ],
            [
              -89.15832635089343,
              29.06663956825044
            ],
            [
              -89.15883966213293,
              29.066631310052102
            ],
            [
              -89.15884154230925,
              29.066721504529674
            ],
            [
              -89.1589442046206,
              29.066719852648617
            ],
            [
              -89.15894232435502,
              29.066629658177142
            ],
            [
              -89.15904498656853,
              29.066628006223766
            ],
            [
              -89.15904686692333,
              29.066718200689138
            ],
            [
              -89.15914952921749,
              29.06671654865122
            ],
            [
              -89.15914764877344,
              29.066626354191943
            ],
            [
              -89.15996894610306,
              29.06661313511393
            ],
            [
              -89.15997270842762,
              29.066793523933622
            ],
            [
              -89.1600753707336,
              29.066791871183735
            ],
            [
              -89.16007913327107,
              29.066972259985935
            ],
            [
              -89.16018179574691,
              29.06697060714543
            ],
            [
              -89.16018367711779,
              29.067060801538446
            ],
            [
              -89.1602863396743,
              29.067059148613414
            ],
            [
              -89.160288221143,
              29.06714934299901
            ],
            [
              -89.16039088378015,
              29.067147689989447
            ],
            [
              -89.16039276534671,
              29.06723788436762
            ],
            [
              -89.1604954280645,
              29.067236231273515
            ],
            [
              -89.16049730972891,
              29.067326425644268
            ],
            [
              -89.16070263531712,
              29.067323119208595
            ],
            [
              -89.16070451716864,
              29.067413313565815
            ],
            [
              -89.16080718003909,
              29.067411660224224
            ],
            [
              -89.16080906198845,
              29.067501854574036
            ],
            [
              -89.16091172493954,
              29.067500201147915
            ],
            [
              -89.16091360698675,
              29.067590395490292
            ],
            [
              -89.16101627001846,
              29.067588741979645
            ],
            [
              -89.16103132741998,
              29.068310296622222
            ],
            [
              -89.1609286636743,
              29.068311950181666
            ],
            [
              -89.16093054579896,
              29.068402144512124
            ],
            [
              -89.16082788195541,
              29.068403797999242
            ],
            [
              -89.16082976399944,
              29.068493992334478
            ],
            [
              -89.16072710005804,
              29.06849564574926
            ],
            [
              -89.16072898202142,
              29.068585840089284
            ],
            [
              -89.16021566173909,
              29.068594106017148
            ],
            [
              -89.16021754326482,
              29.068684300386327
            ]
          ],
          [
            [
              -89.15036702152878,
              29.06415084201133
            ],
            [
              -89.15036514892728,
              29.064060646995337
            ],
            [
              -89.15077578987062,
              29.064054065478757
            ],
            [
              -89.15077391692077,
              29.063963870485725
            ],
            [
              -89.15097923716259,
              29.06396057926904
            ],
            [
              -89.15097736404283,
              29.06387038428684
            ],
            [
              -89.15108002406166,
              29.063868738566928
            ],
            [
              -89.15107815086122,
              29.06377854358948
            ],
            [
              -89.15118081078226,
              29.06377689779722
            ],
            [
              -89.15117893750119,
              29.063686702824516
            ],
            [
              -89.15128159732441,
              29.06368505695991
            ],
            [
              -89.15127597726487,
              29.063414472052074
            ],
            [
              -89.15117331770932,
              29.06341611789847
            ],
            [
              -89.15116769799455,
              29.063145532960515
            ],
            [
              -89.15106503869812,
              29.063147178710267
            ],
            [
              -89.15106316556623,
              29.06305698372222
            ],
            [
              -89.15096050635046,
              29.06305862938749
            ],
            [
              -89.15095676029082,
              29.062878239395307
            ],
            [
              -89.15075144219047,
              29.062881530466285
            ],
            [
              -89.15074956935196,
              29.062791335456073
            ],
            [
              -89.15064691037817,
              29.06279298086787
            ],
            [
              -89.15064878312747,
              29.062883175884146
            ],
            [
              -89.14951953286908,
              29.06290127030494
            ],
            [
              -89.14952140464545,
              29.062991465386663
            ],
            [
              -89.14941874539045,
              29.062993109869566
            ],
            [
              -89.1494224887904,
              29.063173500041184
            ],
            [
              -89.14952514822386,
              29.063171855546162
            ],
            [
              -89.14952889183651,
              29.06335224570035
            ],
            [
              -89.14963155143985,
              29.063350601114767
            ],
            [
              -89.14963716719072,
              29.063621186317942
            ],
            [
              -89.1497398270532,
              29.06361954163573
            ],
            [
              -89.1497454431488,
              29.063890126808783
            ],
            [
              -89.1498481032704,
              29.06388848202995
            ],
            [
              -89.14985184755541,
              29.06406887212657
            ],
            [
              -89.15005716812985,
              29.06406558230935
            ],
            [
              -89.15005904046366,
              29.064155777343547
            ],
            [
              -89.15016170082727,
              29.064154132311227
            ],
            [
              -89.15015982840423,
              29.064063937283105
            ],
            [
              -89.15026248867004,
              29.06406229217844
            ],
            [
              -89.15026436118231,
              29.064152487200495
            ],
            [
              -89.15036702152878,
              29.06415084201133
            ]
          ]
        ]
      },
      "properties": {
        "incident_id": "SP-013",
        "type": "AI-detected-slick",
        "source": "Sentinel-1 SAR",
        "method": "U-Net segmentation + radiometric filtering"
      }
    },
    {
      "type": "Feature",
      "geometry": {
        "type": "Polygon",
        "coordinates": [
          [
            [
              -88.96894613472985,
              29.06116086105601
            ],
            [
              -88.96863812734392,
              29.061165379724272
            ],
            [
              -88.9686364131429,
              29.06107517433956
            ],
            [
              -88.96853374408785,
              29.061076680399864
            ],
            [
              -88.96853202998393,
              29.060986475008303
            ],
            [
              -88.96812135404234,
              29.060992498442836
            ],
            [
              -88.9681196403033,
              29.060902293027723
            ],
            [
              -88.96801697138756,
              29.06090379868469
            ],
            [
              -88.96801868503735,
              29.060994004105364
            ],
            [
              -88.9667866563661,
              29.06101206593691
            ],
            [
              -88.96678494378742,
              29.06092186044959
            ],
            [
              -88.96637426767,
              29.060927878527657
            ],
            [
              -88.9663725554562,
              29.060837673016835
            ],
            [
              -88.96575654158069,
              29.06084669774728
            ],
            [
              -88.96575482991024,
              29.06075649220184
            ],
            [
              -88.96524148524497,
              29.06076401062555
            ],
            [
              -88.96523977402866,
              29.060673805051067
            ],
            [
              -88.96513710516139,
              29.060675308494933
            ],
            [
              -88.96513539404214,
              29.060585102913606
            ],
            [
              -88.9650327252563,
              29.06058660627347
            ],
            [
              -88.96502930321982,
              29.060406195095805
            ],
            [
              -88.96492663460467,
              29.060407698366134
            ],
            [
              -88.9649215018764,
              29.060137081573192
            ],
            [
              -88.96481883352119,
              29.06013858474843
            ],
            [
              -88.96481541191999,
              29.059958173535527
            ],
            [
              -88.96471274373546,
              29.059959676621236
            ],
            [
              -88.96470932234408,
              29.059779265392006
            ],
            [
              -88.96460665433021,
              29.059780768388176
            ],
            [
              -88.9645878382188,
              29.05878850647314
            ],
            [
              -88.96469050525089,
              29.058787003537972
            ],
            [
              -88.9646853734807,
              29.058516386641283
            ],
            [
              -88.96478804023722,
              29.058514883644317
            ],
            [
              -88.96478461891772,
              29.05833447238443
            ],
            [
              -88.96488728548792,
              29.05833296932012
            ],
            [
              -88.96488557475067,
              29.058242763693773
            ],
            [
              -88.9649882412238,
              29.058241260556578
            ],
            [
              -88.96498653040511,
              29.058151054934463
            ],
            [
              -88.96508919678115,
              29.058149551724373
            ],
            [
              -88.96508748588106,
              29.058059346106507
            ],
            [
              -88.96519015216003,
              29.05805784282353
            ],
            [
              -88.96518673020482,
              29.057877431594974
            ],
            [
              -88.96539206238232,
              29.057874424815903
            ],
            [
              -88.96539035123796,
              29.057784219210763
            ],
            [
              -88.96559568320566,
              29.057781212129058
            ],
            [
              -88.96559397189064,
              29.05769100653371
            ],
            [
              -88.96600463537513,
              29.057684991451254
            ],
            [
              -88.96600292371097,
              29.05759478587681
            ],
            [
              -88.96620825522776,
              29.05759177787608
            ],
            [
              -88.96620654339293,
              29.057501572311406
            ],
            [
              -88.96641187469992,
              29.057498564008032
            ],
            [
              -88.96641016269443,
              29.057408358453173
            ],
            [
              -88.96651282824693,
              29.0574068541894
            ],
            [
              -88.96651454034166,
              29.057497059738704
            ],
            [
              -88.96682253721988,
              29.057492546460093
            ],
            [
              -88.96682596196828,
              29.057672957521493
            ],
            [
              -88.96692862775718,
              29.057671452927316
            ],
            [
              -88.9669320527154,
              29.057851863972388
            ],
            [
              -88.96703471867495,
              29.057850359288665
            ],
            [
              -88.967038143843,
              29.05803077031742
            ],
            [
              -88.96724347609559,
              29.05802776069247
            ],
            [
              -88.96724518886985,
              29.05811796619377
            ],
            [
              -88.96734785507364,
              29.05811646125809
            ],
            [
              -88.96734956794498,
              29.05820666675254
            ],
            [
              -88.96745223423018,
              29.05820516173287
            ],
            [
              -88.96745566017486,
              29.058385572706744
            ],
            [
              -88.96755832663071,
              29.05838406759752
            ],
            [
              -88.96756860518829,
              29.058925300454504
            ],
            [
              -88.9676712721718,
              29.05892379523352
            ],
            [
              -88.96767983829818,
              29.059374822550673
            ],
            [
              -88.96778250572011,
              29.05937331722348
            ],
            [
              -88.96778764575772,
              29.059643933581448
            ],
            [
              -88.96789031343957,
              29.059642428159147
            ],
            [
              -88.96789374034901,
              29.05982283904681
            ],
            [
              -88.96799640820151,
              29.05982133353496
            ],
            [
              -88.96799812175725,
              29.059911538971285
            ],
            [
              -88.96810078969118,
              29.059910033375438
            ],
            [
              -88.96810250334399,
              29.060000238804893
            ],
            [
              -88.96830783936684,
              29.05999722736676
            ],
            [
              -88.96830955320601,
              29.0600874327838
            ],
            [
              -88.96841222129493,
              29.06008592694151
            ],
            [
              -88.96841393523118,
              29.060176132351703
            ],
            [
              -88.968619271564,
              29.060173120420675
            ],
            [
              -88.96862098568661,
              29.06026332581844
            ],
            [
              -88.96872365393051,
              29.060261819729707
            ],
            [
              -88.96872536815023,
              29.06035202512061
            ],
            [
              -88.96882803647556,
              29.060350518947878
            ],
            [
              -88.96883146511698,
              29.060530929714638
            ],
            [
              -88.96893413361299,
              29.060529423452355
            ],
            [
              -88.9689375624643,
              29.060709834202783
            ],
            [
              -88.96904023113096,
              29.06070832785093
            ],
            [
              -88.96904708928474,
              29.06106914931389
            ],
            [
              -88.96894442026105,
              29.061070655687974
            ],
            [
              -88.96894613472985,
              29.06116086105601
            ]
          ]
        ]
      },
      "properties": {
        "incident_id": "SP-013",
        "type": "AI-detected-slick",
        "source": "Sentinel-1 SAR",
        "method": "U-Net segmentation + radiometric filtering"
      }
    },
    {
      "type": "Feature",
      "geometry": {
        "type": "Polygon",
        "coordinates": [
          [
            [
              -88.88934398665835,
              29.06059073264678
            ],
            [
              -88.88883061968643,
              29.060597958852984
            ],
            [
              -88.8888289749911,
              29.060507749212665
            ],
            [
              -88.8882129349122,
              29.060516418039057
            ],
            [
              -88.88821129076003,
              29.06042620836544
            ],
            [
              -88.88790327088685,
              29.060430541703486
            ],
            [
              -88.88790162701002,
              29.060340332012576
            ],
            [
              -88.8877989537932,
              29.060341776296344
            ],
            [
              -88.88779731001316,
              29.06025156659882
            ],
            [
              -88.88769463687808,
              29.06025301079881
            ],
            [
              -88.88769299319483,
              29.060162801094652
            ],
            [
              -88.88759032014151,
              29.06016424521085
            ],
            [
              -88.88758867655505,
              29.06007403550005
            ],
            [
              -88.88748600358349,
              29.060075479532475
            ],
            [
              -88.88748436009382,
              29.05998526981505
            ],
            [
              -88.88738168720401,
              29.05998671376369
            ],
            [
              -88.8873800438111,
              29.059896504039656
            ],
            [
              -88.88727737100307,
              29.059897947904503
            ],
            [
              -88.88727572770696,
              29.059807738173827
            ],
            [
              -88.88707038224685,
              29.059810625657512
            ],
            [
              -88.88706873913681,
              29.059720415914896
            ],
            [
              -88.88696606648473,
              29.059721859533727
            ],
            [
              -88.88696442347148,
              29.059631649784475
            ],
            [
              -88.88675907832334,
              29.059634536776127
            ],
            [
              -88.88675743549614,
              29.059544327014915
            ],
            [
              -88.88655209049647,
              29.0595472136821
            ],
            [
              -88.88655044785531,
              29.05945700390895
            ],
            [
              -88.8864477754335,
              29.059458447119532
            ],
            [
              -88.88644613288912,
              29.059368237339758
            ],
            [
              -88.88624078820146,
              29.059371123514907
            ],
            [
              -88.88623914584313,
              29.059280913723185
            ],
            [
              -88.88603380130395,
              29.05928379957388
            ],
            [
              -88.88603215913169,
              29.05919358977021
            ],
            [
              -88.885826814741,
              29.059196475296442
            ],
            [
              -88.88582517275476,
              29.059106265480825
            ],
            [
              -88.88572250063743,
              29.059107708120937
            ],
            [
              -88.88572085874797,
              29.059017498298704
            ],
            [
              -88.88561818671238,
              29.059018940855037
            ],
            [
              -88.88561654491971,
              29.05892873102617
            ],
            [
              -88.88551387296589,
              29.058930173498734
            ],
            [
              -88.88551223127,
              29.05883996366325
            ],
            [
              -88.88540955939791,
              29.058841406052043
            ],
            [
              -88.8854079177988,
              29.05875119620994
            ],
            [
              -88.88530524600847,
              29.058752638514953
            ],
            [
              -88.88530360450613,
              29.058662428666224
            ],
            [
              -88.88520093279757,
              29.058663870887457
            ],
            [
              -88.88519764999394,
              29.058483451175476
            ],
            [
              -88.8850949784564,
              29.058484893307625
            ],
            [
              -88.88509333715511,
              29.058394683444362
            ],
            [
              -88.88499066569932,
              29.058396125492735
            ],
            [
              -88.8849873832978,
              29.058215705751664
            ],
            [
              -88.88488471201303,
              29.05821714771095
            ],
            [
              -88.8848715834213,
              29.05749546865225
            ],
            [
              -88.88528226565893,
              29.05748970051474
            ],
            [
              -88.88528062426171,
              29.057399490647853
            ],
            [
              -88.8853832947131,
              29.057398048422687
            ],
            [
              -88.8853816532341,
              29.05730783855982
            ],
            [
              -88.88548432358873,
              29.05730639626153
            ],
            [
              -88.88548268202801,
              29.057216186402673
            ],
            [
              -88.88558535228584,
              29.057214744031267
            ],
            [
              -88.88558371064337,
              29.057124534176456
            ],
            [
              -88.88568638080444,
              29.057123091731913
            ],
            [
              -88.88568473908022,
              29.057032881881124
            ],
            [
              -88.88599274925062,
              29.0570285540928
            ],
            [
              -88.88599110726614,
              29.05693834425668
            ],
            [
              -88.88650445695362,
              29.056931129733854
            ],
            [
              -88.88650281453035,
              29.056840919923076
            ],
            [
              -88.8868108239849,
              29.056836590283996
            ],
            [
              -88.88681246667593,
              29.05692680007881
            ],
            [
              -88.88742848591771,
              29.05691813865071
            ],
            [
              -88.8874301291518,
              29.057008348412253
            ],
            [
              -88.88773813893899,
              29.05700401662321
            ],
            [
              -88.88773978244836,
              29.057094226367465
            ],
            [
              -88.88804779243566,
              29.057089893856418
            ],
            [
              -88.88804943622033,
              29.05718010358338
            ],
            [
              -88.88825477635278,
              29.057177214839797
            ],
            [
              -88.88825642032349,
              29.057267424554823
            ],
            [
              -88.88835909046769,
              29.05726598006003
            ],
            [
              -88.88836073453517,
              29.057356189768413
            ],
            [
              -88.88846340476111,
              29.05735474518984
            ],
            [
              -88.88846504892538,
              29.05744495489159
            ],
            [
              -88.88856771923305,
              29.05744351022924
            ],
            [
              -88.8885693634941,
              29.05753371992437
            ],
            [
              -88.88877470426542,
              29.057530830353667
            ],
            [
              -88.8887763487125,
              29.057621040036835
            ],
            [
              -88.88887901917613,
              29.057619595128482
            ],
            [
              -88.88888066372,
              29.05770980480501
            ],
            [
              -88.88908600480322,
              29.057706914742297
            ],
            [
              -88.88908764953312,
              29.05779712440687
            ],
            [
              -88.88919032015271,
              29.057795679252504
            ],
            [
              -88.88919196497942,
              29.05788588891045
            ],
            [
              -88.88929463568073,
              29.05788444367231
            ],
            [
              -88.88929628060421,
              29.057974653323605
            ],
            [
              -88.88939895138726,
              29.05797320800169
            ],
            [
              -88.88940059640754,
              29.058063417646355
            ],
            [
              -88.88950326727233,
              29.058061972240647
            ],
            [
              -88.88950491238937,
              29.05815218187869
            ],
            [
              -88.8896075833359,
              29.0581507363892
            ],
            [
              -88.88960922854974,
              29.058240946020614
            ],
            [
              -88.88971189957802,
              29.058239500447343
            ],
            [
              -88.8897151902068,
              29.05841991969559
            ],
            [
              -88.88992053259781,
              29.058417028292368
            ],
            [
              -88.88992217810201,
              29.058507237903875
            ],
            [
              -88.8900248493755,
              29.05850579207924
            ],
            [
              -88.89002649497648,
              29.058596001684112
            ],
            [
              -88.89033450901955,
              29.058591663723526
            ],
            [
              -88.89033615489586,
              29.0586818733111
            ],
            [
              -88.89043882631776,
              29.058680427162
            ],
            [
              -88.89044047229088,
              29.058770636742935
            ],
            [
              -88.89054314379449,
              29.058769190510052
            ],
            [
              -88.8905447898644,
              29.058859400084344
            ],
            [
              -88.89064746144976,
              29.058857953767667
            ],
            [
              -88.8906507537907,
              29.059038372901682
            ],
            [
              -88.89075342554705,
              29.05903692649589
            ],
            [
              -88.89075507181808,
              29.05912713605562
            ],
            [
              -88.89085774365618,
              29.059125689566024
            ],
            [
              -88.89086103639936,
              29.05930610867091
            ],
            [
              -88.89096370840846,
              29.059304662092188
            ],
            [
              -88.8909670013603,
              29.059485081181194
            ],
            [
              -88.8910696735404,
              29.059483634513345
            ],
            [
              -88.89107625989153,
              29.059844472654444
            ],
            [
              -88.89097358735434,
              29.059845919343648
            ],
            [
              -88.89097688039655,
              29.060026338417074
            ],
            [
              -88.8908742076733,
              29.060027785038493
            ],
            [
              -88.8908775005671,
              29.060208204117423
            ],
            [
              -88.89067215474093,
              29.060211097146258
            ],
            [
              -88.89067380102058,
              29.060301306694445
            ],
            [
              -88.89046845498574,
              29.060304199420134
            ],
            [
              -88.89046680888463,
              29.060213989861275
            ],
            [
              -88.89015879004371,
              29.0602183283454
            ],
            [
              -88.89016043587701,
              29.060308537920267
            ],
            [
              -88.88974974362662,
              29.060314321488733
            ],
            [
              -88.88975138911036,
              29.060404531083645
            ],
            [
              -88.88964871593967,
              29.06040597678496
            ],
            [
              -88.88965036134167,
              29.060496186383915
            ],
            [
              -88.88934234151665,
              29.06050052303312
            ],
            [
              -88.88934398665835,
              29.06059073264678
            ]
          ],
          [
            [
              -88.88912219059922,
              29.059691527062945
            ],
            [
              -88.88912054571131,
              29.059601317425628
            ],
            [
              -88.88922321811619,
              29.059599872164604
            ],
            [
              -88.88921663828272,
              29.059239033623715
            ],
            [
              -88.88911396623492,
              29.059240478863412
            ],
            [
              -88.88911232138463,
              29.059150269219618
            ],
            [
              -88.88900964941855,
              29.059151714375535
            ],
            [
              -88.88900800466506,
              29.059061504725097
            ],
            [
              -88.88859731708264,
              29.05906728454288
            ],
            [
              -88.88859567269374,
              29.05897707486983
            ],
            [
              -88.88839032903593,
              29.05897996429735
            ],
            [
              -88.88839197324631,
              29.059070173981073
            ],
            [
              -88.88828930131686,
              29.059071618582475
            ],
            [
              -88.88829258958164,
              29.05925203795669
            ],
            [
              -88.88818991746615,
              29.05925348249032
            ],
            [
              -88.88819156152054,
              29.05934369218081
            ],
            [
              -88.88829423372532,
              29.059342247641847
            ],
            [
              -88.88829587787652,
              29.05943245732571
            ],
            [
              -88.88839855016305,
              29.05943101270297
            ],
            [
              -88.88840019441102,
              29.059521222380198
            ],
            [
              -88.88860553914003,
              29.059518332888704
            ],
            [
              -88.88860718357408,
              29.059608542553974
            ],
            [
              -88.88891520087898,
              29.05960420771233
            ],
            [
              -88.88891684558835,
              29.05969441736031
            ],
            [
              -88.88912219059922,
              29.059691527062945
            ]
          ]
        ]
      },
      "properties": {
        "incident_id": "SP-013",
        "type": "AI-detected-slick",
        "source": "Sentinel-1 SAR",
        "method": "U-Net segmentation + radiometric filtering"
      }
    },
    {
      "type": "Feature",
      "geometry": {
        "type": "Polygon",
        "coordinates": [
          [
            [
              -89.15518961576196,
              29.059020874107695
            ],
            [
              -89.15436837601219,
              29.059034060814675
            ],
            [
              -89.15436650032187,
              29.058943865967624
            ],
            [
              -89.15405853554178,
              29.058948809670788
            ],
            [
              -89.15405666012767,
              29.058858614804173
            ],
            [
              -89.153748695538,
              29.058863557783436
            ],
            [
              -89.15374682040009,
              29.058773362897263
            ],
            [
              -89.15354151080918,
              29.058776657812587
            ],
            [
              -89.15353963585827,
              29.058686462912927
            ],
            [
              -89.15343698113915,
              29.05868811024691
            ],
            [
              -89.15343510628601,
              29.05859791533984
            ],
            [
              -89.15333245164753,
              29.058599562589336
            ],
            [
              -89.1533287021454,
              29.058419172759088
            ],
            [
              -89.15322604767675,
              29.05842081991802
            ],
            [
              -89.15322417302777,
              29.058330624994813
            ],
            [
              -89.15312151863975,
              29.058332272069272
            ],
            [
              -89.15311589501181,
              29.058061687273526
            ],
            [
              -89.15301324088283,
              29.058063334251354
            ],
            [
              -89.15300949201881,
              29.05788294436876
            ],
            [
              -89.15290683805966,
              29.057884591256016
            ],
            [
              -89.15290308940834,
              29.057704201355964
            ],
            [
              -89.15280043561903,
              29.057705848152672
            ],
            [
              -89.1527966871804,
              29.05752545823518
            ],
            [
              -89.15269403356092,
              29.057527104941332
            ],
            [
              -89.15268653714332,
              29.057166325066177
            ],
            [
              -89.15258388387207,
              29.057167971669607
            ],
            [
              -89.15258013589309,
              29.056987581711944
            ],
            [
              -89.15247748279167,
              29.056989228224833
            ],
            [
              -89.15247560890424,
              29.056899033237944
            ],
            [
              -89.15237295588345,
              29.056900679666356
            ],
            [
              -89.1523710820938,
              29.056810484672063
            ],
            [
              -89.15226842915364,
              29.056812131016
            ],
            [
              -89.15226655546174,
              29.05672193601432
            ],
            [
              -89.1521639026022,
              29.056723582273783
            ],
            [
              -89.15216202900807,
              29.056633387264693
            ],
            [
              -89.15205937622916,
              29.05663503343968
            ],
            [
              -89.1520575027328,
              29.056544838423193
            ],
            [
              -89.15185219732767,
              29.05654813052582
            ],
            [
              -89.1518390843418,
              29.05591676528836
            ],
            [
              -89.15194173642428,
              29.055915119318755
            ],
            [
              -89.15193986308566,
              29.055824924285616
            ],
            [
              -89.15204251507038,
              29.055823278243686
            ],
            [
              -89.15204064165114,
              29.055733083215305
            ],
            [
              -89.15214329353809,
              29.05573143710105
            ],
            [
              -89.15214142003822,
              29.0556412420774
            ],
            [
              -89.1522440718274,
              29.055639595890838
            ],
            [
              -89.15224219824691,
              29.055549400871946
            ],
            [
              -89.1524475016212,
              29.055546108275777
            ],
            [
              -89.15241939626638,
              29.05419318301596
            ],
            [
              -89.15231674592137,
              29.054194829262116
            ],
            [
              -89.15230550485444,
              29.0536536590384
            ],
            [
              -89.15220285503595,
              29.053655305169723
            ],
            [
              -89.15219536151945,
              29.05329452496982
            ],
            [
              -89.15209271204913,
              29.053296170998454
            ],
            [
              -89.15208896552066,
              29.053115780878418
            ],
            [
              -89.15198631622013,
              29.05311742681651
            ],
            [
              -89.1519675849836,
              29.052215476076224
            ],
            [
              -89.15207023339231,
              29.05221383019887
            ],
            [
              -89.15206461392087,
              29.05194324496922
            ],
            [
              -89.1521672620535,
              29.051941599031696
            ],
            [
              -89.15216538882432,
              29.05185140395857
            ],
            [
              -89.1522680368592,
              29.051849757948737
            ],
            [
              -89.1522661635494,
              29.05175956288037
            ],
            [
              -89.15236881148653,
              29.051757916798234
            ],
            [
              -89.1523650647143,
              29.05157752666968
            ],
            [
              -89.15257036020617,
              29.05157423429456
            ],
            [
              -89.15256848665454,
              29.05148403924044
            ],
            [
              -89.15267113429847,
              29.05148239294138
            ],
            [
              -89.15266926066624,
              29.051392197892014
            ],
            [
              -89.15287455575,
              29.0513889050709
            ],
            [
              -89.15287268194801,
              29.05129871003237
            ],
            [
              -89.15318062424184,
              29.05129377023105
            ],
            [
              -89.15317875018089,
              29.05120357520943
            ],
            [
              -89.15410257579693,
              29.051188751627596
            ],
            [
              -89.15410070094201,
              29.051098556659355
            ],
            [
              -89.15502452506088,
              29.051083726783368
            ],
            [
              -89.15502264941199,
              29.05099353186853
            ],
            [
              -89.15512529640425,
              29.050991883718716
            ],
            [
              -89.15512717214231,
              29.05108207862747
            ],
            [
              -89.15522981921515,
              29.05108043039318
            ],
            [
              -89.15522794338793,
              29.050990235490517
            ],
            [
              -89.15533059036304,
              29.050988587183937
            ],
            [
              -89.15533246627943,
              29.05107878208052
            ],
            [
              -89.15625628947171,
              29.05106394373941
            ],
            [
              -89.15625441275277,
              29.050973748897583
            ],
            [
              -89.15635705964205,
              29.050972099807208
            ],
            [
              -89.15635893645016,
              29.051062294642943
            ],
            [
              -89.15646158342003,
              29.051060645468095
            ],
            [
              -89.15645970652274,
              29.050970450638435
            ],
            [
              -89.15758882164371,
              29.05095230460894
            ],
            [
              -89.15759069952188,
              29.05104249937163
            ],
            [
              -89.15779599324694,
              29.051039199062423
            ],
            [
              -89.15779787131203,
              29.051129393811603
            ],
            [
              -89.15800316518107,
              29.051126093176695
            ],
            [
              -89.15800504343309,
              29.05121628791238
            ],
            [
              -89.1582103374461,
              29.051212986951768
            ],
            [
              -89.15821221588507,
              29.05130318167393
            ],
            [
              -89.15852015710769,
              29.051298229626887
            ],
            [
              -89.15852203582276,
              29.05138842432947
            ],
            [
              -89.15934321275161,
              29.051375215373167
            ],
            [
              -89.15934133332318,
              29.051285020719334
            ],
            [
              -89.16026515590798,
              29.051270154702213
            ],
            [
              -89.16026703613898,
              29.05136034930118
            ],
            [
              -89.16036968313902,
              29.051358697123497
            ],
            [
              -89.16037156346778,
              29.05144889171505
            ],
            [
              -89.1604742105484,
              29.0514472394529
            ],
            [
              -89.16047797141006,
              29.051627628619816
            ],
            [
              -89.16058061866042,
              29.051625976267086
            ],
            [
              -89.16058814084366,
              29.051986754560666
            ],
            [
              -89.16069078844212,
              29.05198510210516
            ],
            [
              -89.16069831111969,
              29.052345880353176
            ],
            [
              -89.16080095906624,
              29.052344227794887
            ],
            [
              -89.16080283984631,
              29.052434422347485
            ],
            [
              -89.16090548787344,
              29.05243276970472
            ],
            [
              -89.1609111305328,
              29.052703353336263
            ],
            [
              -89.16101377881886,
              29.052701700596813
            ],
            [
              -89.16104011350147,
              29.05396442396779
            ],
            [
              -89.16093746396689,
              29.05396607679263
            ],
            [
              -89.16094310706501,
              29.054236660356672
            ],
            [
              -89.16084045725427,
              29.054238313121413
            ],
            [
              -89.16084233821499,
              29.054328507646222
            ],
            [
              -89.16073968830646,
              29.05433016033868
            ],
            [
              -89.16074156918661,
              29.05442035486825
            ],
            [
              -89.16053626916539,
              29.054423660030178
            ],
            [
              -89.16053814987576,
              29.05451385457063
            ],
            [
              -89.16033284964176,
              29.054517159431203
            ],
            [
              -89.16033473018237,
              29.05460735398253
            ],
            [
              -89.16012942973559,
              29.054610658541726
            ],
            [
              -89.16013131010642,
              29.054700853103913
            ],
            [
              -89.15992600944688,
              29.05470415736174
            ],
            [
              -89.15992788964793,
              29.05479435193479
            ],
            [
              -89.15982523921606,
              29.054796003952216
            ],
            [
              -89.15982711933654,
              29.05488619853006
            ],
            [
              -89.1597244688069,
              29.05488785047518
            ],
            [
              -89.15972822889525,
              29.055068239639066
            ],
            [
              -89.15952292745341,
              29.055071543318526
            ],
            [
              -89.1595248073321,
              29.055161737910662
            ],
            [
              -89.15911420398848,
              29.055168344353255
            ],
            [
              -89.15911608351902,
              29.055258538968467
            ],
            [
              -89.15850017771058,
              29.055268446317108
            ],
            [
              -89.15850205671458,
              29.05535864096755
            ],
            [
              -89.1582967545313,
              29.055361942802133
            ],
            [
              -89.1582986333655,
              29.055452137463426
            ],
            [
              -89.15819598217179,
              29.055453788269222
            ],
            [
              -89.15819973968762,
              29.055634177600037
            ],
            [
              -89.15809708830692,
              29.055635828339614
            ],
            [
              -89.15810272437753,
              29.055906412344175
            ],
            [
              -89.15800007272065,
              29.055908063023633
            ],
            [
              -89.15800195133885,
              29.055998257695265
            ],
            [
              -89.1578992995842,
              29.05599990830242
            ],
            [
              -89.15790305666798,
              29.056180297653903
            ],
            [
              -89.15780040472634,
              29.056181948194844
            ],
            [
              -89.15781543269156,
              29.056903505596516
            ],
            [
              -89.15771278002778,
              29.05690515610779
            ],
            [
              -89.1577146584729,
              29.05699535078314
            ],
            [
              -89.15761200571131,
              29.056997001222097
            ],
            [
              -89.15761388407584,
              29.05708719590221
            ],
            [
              -89.15740857834851,
              29.057090496557095
            ],
            [
              -89.15741045654322,
              29.05718069124807
            ],
            [
              -89.1569998446287,
              29.057187291641423
            ],
            [
              -89.1570017224752,
              29.057277486355424
            ],
            [
              -89.15669376318154,
              29.057282435845508
            ],
            [
              -89.15669564076903,
              29.05737263057644
            ],
            [
              -89.15649033435191,
              29.05737592985666
            ],
            [
              -89.1564922117696,
              29.057466124598456
            ],
            [
              -89.15638955845897,
              29.05746777412706
            ],
            [
              -89.15639143579602,
              29.057557968873617
            ],
            [
              -89.1562887823876,
              29.057559618329897
            ],
            [
              -89.15629065964406,
              29.057649813081213
            ],
            [
              -89.15618800613784,
              29.05765146246518
            ],
            [
              -89.15618988331367,
              29.057741657221253
            ],
            [
              -89.15608722970968,
              29.057743306532902
            ],
            [
              -89.1560909839087,
              29.057923696053265
            ],
            [
              -89.15598833011771,
              29.057925345298695
            ],
            [
              -89.15599208417267,
              29.05810573482594
            ],
            [
              -89.15588943019469,
              29.058107384005122
            ],
            [
              -89.15589130714585,
              29.058197578772834
            ],
            [
              -89.15578865307009,
              29.058199227879708
            ],
            [
              -89.15579240681973,
              29.058379617423352
            ],
            [
              -89.15568975255698,
              29.058381266464
            ],
            [
              -89.15569350616255,
              29.0585616560145
            ],
            [
              -89.15559085171279,
              29.05856330498891
            ],
            [
              -89.15559272843926,
              29.05865349976826
            ],
            [
              -89.15549007389173,
              29.058655148670347
            ],
            [
              -89.15549382719196,
              29.058835538237247
            ],
            [
              -89.15528851771433,
              29.058838835830546
            ],
            [
              -89.1552903941989,
              29.058929030624174
            ],
            [
              -89.155187739358,
              29.0589306793093
            ],
            [
              -89.15518961576196,
              29.059020874107695
            ]
          ]
        ]
      },
      "properties": {
        "incident_id": "SP-013",
        "type": "AI-detected-slick",
        "source": "Sentinel-1 SAR",
        "method": "U-Net segmentation + radiometric filtering"
      }
    },
    {
      "type": "Feature",
      "geometry": {
        "type": "Polygon",
        "coordinates": [
          [
            [
              -88.91268395795294,
              29.062064764642436
            ],
            [
              -88.91258128450687,
              29.062066227957683
            ],
            [
              -88.91257961903784,
              29.06197601958291
            ],
            [
              -88.91196357873714,
              29.061984797794377
            ],
            [
              -88.91196191381137,
              29.06189458938593
            ],
            [
              -88.91124320040564,
              29.061904827025042
            ],
            [
              -88.91124486470649,
              29.061995035471277
            ],
            [
              -88.91073149731335,
              29.062002345743895
            ],
            [
              -88.91072983345887,
              29.061912137270692
            ],
            [
              -88.9105244866269,
              29.061915060819764
            ],
            [
              -88.91052282295858,
              29.061824852334457
            ],
            [
              -88.91042014962045,
              29.061826313985915
            ],
            [
              -88.91041848604902,
              29.06173610549392
            ],
            [
              -88.90969977309399,
              29.061746334819517
            ],
            [
              -88.90969811015509,
              29.061656126288486
            ],
            [
              -88.90959543693465,
              29.061657587301493
            ],
            [
              -88.90957880885676,
              29.060755501865717
            ],
            [
              -88.90947613652142,
              29.06075696274635
            ],
            [
              -88.90947447384474,
              29.06066675419023
            ],
            [
              -88.90937180159106,
              29.060668214987025
            ],
            [
              -88.90937013901124,
              29.06057800642422
            ],
            [
              -88.90895945027759,
              29.060583848805308
            ],
            [
              -88.90895778806247,
              29.060493640219647
            ],
            [
              -88.90875244382855,
              29.060496560928698
            ],
            [
              -88.90875078179957,
              29.060406352330947
            ],
            [
              -88.90864810976048,
              29.06040781256241
            ],
            [
              -88.90864478590383,
              29.06022739535223
            ],
            [
              -88.90854211403567,
              29.060228855494465
            ],
            [
              -88.90853879038798,
              29.060048438268307
            ],
            [
              -88.90843611869074,
              29.060049898321306
            ],
            [
              -88.908431133544,
              29.059779272456172
            ],
            [
              -88.90832846210698,
              29.059780732414552
            ],
            [
              -88.90832513889235,
              29.05960031515386
            ],
            [
              -88.90822246762626,
              29.059601775023015
            ],
            [
              -88.90821914462056,
              29.05942135774635
            ],
            [
              -88.9081164735254,
              29.059422817526286
            ],
            [
              -88.90811315072862,
              29.059242400233632
            ],
            [
              -88.90801047980437,
              29.059243859924344
            ],
            [
              -88.90800881850667,
              29.059153651270677
            ],
            [
              -88.9079061476641,
              29.059155110877555
            ],
            [
              -88.90790282526996,
              29.05897469355557
            ],
            [
              -88.908005495934,
              29.058973233959467
            ],
            [
              -88.90800217339176,
              29.058792816643056
            ],
            [
              -88.90789950290623,
              29.058794276228376
            ],
            [
              -88.90789784173577,
              29.05870406756284
            ],
            [
              -88.90758983050138,
              29.058708445831975
            ],
            [
              -88.9075881696063,
              29.058618237148973
            ],
            [
              -88.9074854992689,
              29.05861969640974
            ],
            [
              -88.90748383847067,
              29.058529487720055
            ],
            [
              -88.90738116821494,
              29.058530946896994
            ],
            [
              -88.90737618613362,
              29.058260320803978
            ],
            [
              -88.90727351613806,
              29.058261779886312
            ],
            [
              -88.90727019496701,
              29.0580813624737
            ],
            [
              -88.90716752514237,
              29.058082821466815
            ],
            [
              -88.9071658646575,
              29.057992612753182
            ],
            [
              -88.90706319491453,
              29.05799407166247
            ],
            [
              -88.9070615345265,
              29.057903862942144
            ],
            [
              -88.9069588648652,
              29.0579053217676
            ],
            [
              -88.90695720457404,
              29.057815113040594
            ],
            [
              -88.9068545349944,
              29.05781657178223
            ],
            [
              -88.90685287480008,
              29.057726363048552
            ],
            [
              -88.90675020530209,
              29.05772782170635
            ],
            [
              -88.90674854520462,
              29.057637612965976
            ],
            [
              -88.90664587578831,
              29.057639071539953
            ],
            [
              -88.9066442157877,
              29.057548862792903
            ],
            [
              -88.90654154645303,
              29.05755032128304
            ],
            [
              -88.90653988654925,
              29.0574601125293
            ],
            [
              -88.9062318787675,
              29.057464487512938
            ],
            [
              -88.90623021913909,
              29.05737427874176
            ],
            [
              -88.90612754995259,
              29.057375736907364
            ],
            [
              -88.90612589042101,
              29.057285528129498
            ],
            [
              -88.90602322131616,
              29.057286986211288
            ],
            [
              -88.90602156188146,
              29.057196777426753
            ],
            [
              -88.90591889285825,
              29.057198235424703
            ],
            [
              -88.90591557419012,
              29.057017817840965
            ],
            [
              -88.90581290533784,
              29.05701927574972
            ],
            [
              -88.9058112461044,
              29.056929066950516
            ],
            [
              -88.9057085773338,
              29.056930524775446
            ],
            [
              -88.9057052590682,
              29.05675010716239
            ],
            [
              -88.9056025904685,
              29.05675156489812
            ],
            [
              -88.90559927241175,
              29.056571147269093
            ],
            [
              -88.90549660398298,
              29.056572604915623
            ],
            [
              -88.9054932861351,
              29.056392187270653
            ],
            [
              -88.90539061787725,
              29.056393644827978
            ],
            [
              -88.90538730023822,
              29.056213227167053
            ],
            [
              -88.90528463215126,
              29.056214684635187
            ],
            [
              -88.90528131472108,
              29.056034266958285
            ],
            [
              -88.90517864680506,
              29.056035724337228
            ],
            [
              -88.90517532958373,
              29.055855306644386
            ],
            [
              -88.90507266183859,
              29.055856763934116
            ],
            [
              -88.90505773552138,
              29.0550448842036
            ],
            [
              -88.9051604024633,
              29.05504342696227
            ],
            [
              -88.90515874393229,
              29.054953218102195
            ],
            [
              -88.90526141077736,
              29.054951760787805
            ],
            [
              -88.90525975216471,
              29.054861551931822
            ],
            [
              -88.90536241891294,
              29.054860094544374
            ],
            [
              -88.90536076021863,
              29.05476988569247
            ],
            [
              -88.90577142677874,
              29.05476405537983
            ],
            [
              -88.90576976773504,
              29.054673846548138
            ],
            [
              -88.90607776730772,
              29.05466947300624
            ],
            [
              -88.90607610800387,
              29.054579264189393
            ],
            [
              -88.90628144083588,
              29.054576348113386
            ],
            [
              -88.90627812189402,
              29.05439593049732
            ],
            [
              -88.90638078812015,
              29.054394472352413
            ],
            [
              -88.90637912857134,
              29.054304263547824
            ],
            [
              -88.90648179470065,
              29.05430280532988
            ],
            [
              -88.90648013507021,
              29.054212596529354
            ],
            [
              -88.90658280110269,
              29.054211138238358
            ],
            [
              -88.90658114139059,
              29.054120929441922
            ],
            [
              -88.90668380732623,
              29.05411947107788
            ],
            [
              -88.90668214753248,
              29.054029262285525
            ],
            [
              -88.90729814245141,
              29.054020510486442
            ],
            [
              -88.90729980278059,
              29.05411071924649
            ],
            [
              -88.90740246866308,
              29.05410926033341
            ],
            [
              -88.90740412908909,
              29.05419946908678
            ],
            [
              -88.90750679505322,
              29.05419801008988
            ],
            [
              -88.90750845557606,
              29.05428821883656
            ],
            [
              -88.90761112162184,
              29.054286759755854
            ],
            [
              -88.90761278224153,
              29.05437696849584
            ],
            [
              -88.90771544836895,
              29.05437550933131
            ],
            [
              -88.90771876980959,
              29.05455592679664
            ],
            [
              -88.9078214361079,
              29.054554467542896
            ],
            [
              -88.90782309692885,
              29.05464467626822
            ],
            [
              -88.90792576330881,
              29.05464321693066
            ],
            [
              -88.9079274242266,
              29.05473342564932
            ],
            [
              -88.90803009068819,
              29.05473196622793
            ],
            [
              -88.90803175170284,
              29.054822174939886
            ],
            [
              -88.90813441824608,
              29.054820715434676
            ],
            [
              -88.90813607935756,
              29.05491092413995
            ],
            [
              -88.90834141259971,
              29.054908004883465
            ],
            [
              -88.90834307389729,
              29.054998213576667
            ],
            [
              -88.90844574059622,
              29.054996753825385
            ],
            [
              -88.90844740199063,
              29.05508696251189
            ],
            [
              -88.90855006877119,
              29.055085502676782
            ],
            [
              -88.90855173026246,
              29.05517571135661
            ],
            [
              -88.90865439712466,
              29.055174251437677
            ],
            [
              -88.90865605871278,
              29.05526446011082
            ],
            [
              -88.90875872565664,
              29.055263000108067
            ],
            [
              -88.90876204903414,
              29.05544341743964
            ],
            [
              -88.90886471614888,
              29.05544195734768
            ],
            [
              -88.90886637793828,
              29.055532166006135
            ],
            [
              -88.90896904513468,
              29.05553070583034
            ],
            [
              -88.90897236891476,
              29.055711123132586
            ],
            [
              -88.90907503628205,
              29.05570966286757
            ],
            [
              -88.90907836027104,
              29.055890080153826
            ],
            [
              -88.90918102780923,
              29.055888619799607
            ],
            [
              -88.90918435200712,
              29.05606903706989
            ],
            [
              -88.90928701971619,
              29.056067576626443
            ],
            [
              -88.90929034412301,
              29.056247993880746
            ],
            [
              -88.90939301200298,
              29.056246533348077
            ],
            [
              -88.9093963366187,
              29.0564269505864
            ],
            [
              -88.90949900466956,
              29.05642548996452
            ],
            [
              -88.9095023294942,
              29.056605907186853
            ],
            [
              -88.90960499771596,
              29.056604446475752
            ],
            [
              -88.90960666022895,
              29.056694655079593
            ],
            [
              -88.90970932853234,
              29.056693194284648
            ],
            [
              -88.90971099114218,
              29.056783402881784
            ],
            [
              -88.90981365952723,
              29.05678194200302
            ],
            [
              -88.90981532223391,
              29.05687215059346
            ],
            [
              -88.9100206591597,
              29.056869228589814
            ],
            [
              -88.91002232205251,
              29.056959437168185
            ],
            [
              -88.91012499059325,
              29.05695797604331
            ],
            [
              -88.91012665358289,
              29.057048184614978
            ],
            [
              -88.91033199082004,
              29.057045262119118
            ],
            [
              -88.91033365399583,
              29.0571354706787
            ],
            [
              -88.91064166006225,
              29.05713108633041
            ],
            [
              -88.9106433235134,
              29.057221294872516
            ],
            [
              -88.91084866103148,
              29.057218371570652
            ],
            [
              -88.91085032466874,
              29.05730858010067
            ],
            [
              -88.91095299350562,
              29.057307118326683
            ],
            [
              -88.91095465723974,
              29.057397326850005
            ],
            [
              -88.91105732615826,
              29.057395864992174
            ],
            [
              -88.91106065382786,
              29.05757628202414
            ],
            [
              -88.91116332291728,
              29.05757482007708
            ],
            [
              -88.9111683147465,
              29.057845445599078
            ],
            [
              -88.91127098409609,
              29.05784398355739
            ],
            [
              -88.9112743121988,
              29.05802440055476
            ],
            [
              -88.91137698171929,
              29.058022938423843
            ],
            [
              -88.91137864587131,
              29.058113146915183
            ],
            [
              -88.91158398506795,
              29.05811022240721
            ],
            [
              -88.9115856494061,
              29.058200430886455
            ],
            [
              -88.91168831908226,
              29.058198968509394
            ],
            [
              -88.9116899835173,
              29.058289176981948
            ],
            [
              -88.91189532302529,
              29.058286251981713
            ],
            [
              -88.91189698764646,
              29.05837646044218
            ],
            [
              -88.91199965747828,
              29.058374997818998
            ],
            [
              -88.91200132219632,
              29.058465206272746
            ],
            [
              -88.91220666201565,
              29.058462280780244
            ],
            [
              -88.91220832691982,
              29.05855248922191
            ],
            [
              -88.9124136668872,
              29.05854956340483
            ],
            [
              -88.9124153319775,
              29.05863977183439
            ],
            [
              -88.91262067209296,
              29.058636845692728
            ],
            [
              -88.91262233736938,
              29.05872705411019
            ],
            [
              -88.91272500750495,
              29.058725590916286
            ],
            [
              -88.91272667287825,
              29.058815799327057
            ],
            [
              -88.91282934309547,
              29.058814336049302
            ],
            [
              -88.91283100856566,
              29.058904544453366
            ],
            [
              -88.91293367886449,
              29.058903081091767
            ],
            [
              -88.91293534443157,
              29.058993289489145
            ],
            [
              -88.91303801481205,
              29.05899182604369
            ],
            [
              -88.913039680476,
              29.059082034434354
            ],
            [
              -88.91324502139263,
              29.05907910729732
            ],
            [
              -88.91324335555015,
              29.05898889891746
            ],
            [
              -88.91344869625777,
              29.05898597147743
            ],
            [
              -88.91345036227877,
              29.05907617984649
            ],
            [
              -88.91365570313444,
              29.05907325208187
            ],
            [
              -88.91365736934158,
              29.05916346043882
            ],
            [
              -88.91386271034528,
              29.059160532349605
            ],
            [
              -88.91386437673856,
              29.059250740694456
            ],
            [
              -88.91396704731825,
              29.059249276526774
            ],
            [
              -88.91396871380842,
              29.059339484864918
            ],
            [
              -88.91407138446974,
              29.05933802061338
            ],
            [
              -88.9140730510568,
              29.05942822894482
            ],
            [
              -88.91417572179975,
              29.05942676460944
            ],
            [
              -88.91417905517525,
              29.059607181257608
            ],
            [
              -88.91428172608911,
              29.05960571683297
            ],
            [
              -88.91428339287758,
              29.059695925149697
            ],
            [
              -88.91438606387308,
              29.059694460641197
            ],
            [
              -88.91438773075842,
              29.05978466895123
            ],
            [
              -88.91449040183556,
              29.059783204358883
            ],
            [
              -88.9144920688178,
              29.0598734126622
            ],
            [
              -88.91459473997656,
              29.059871947985986
            ],
            [
              -88.9145964070557,
              29.059962156282598
            ],
            [
              -88.91469907829611,
              29.059960691522534
            ],
            [
              -88.91471074868836,
              29.060592149524606
            ],
            [
              -88.91460807682307,
              29.060593614322503
            ],
            [
              -88.91461141111095,
              29.060774030893644
            ],
            [
              -88.91450873905951,
              29.060775495623894
            ],
            [
              -88.91451040612563,
              29.060865703912917
            ],
            [
              -88.91440773397728,
              29.060867168570134
            ],
            [
              -88.91440940096176,
              29.060957376863254
            ],
            [
              -88.91430672871653,
              29.060958841447416
            ],
            [
              -88.91430839561934,
              29.061049049744643
            ],
            [
              -88.91420572327722,
              29.061050514255754
            ],
            [
              -88.91420739009838,
              29.06114072255709
            ],
            [
              -88.91410471765937,
              29.061142186995145
            ],
            [
              -88.9141063843989,
              29.061232395300593
            ],
            [
              -88.91400371186299,
              29.0612338596656
            ],
            [
              -88.91400537852087,
              29.061324067975132
            ],
            [
              -88.91380003324763,
              29.061326996480613
            ],
            [
              -88.91380169973458,
              29.061417204799653
            ],
            [
              -88.91349368149973,
              29.06142159698565
            ],
            [
              -88.9134953477265,
              29.0615118053196
            ],
            [
              -88.91329000201995,
              29.06151473306213
            ],
            [
              -88.91329166807579,
              29.06160494140559
            ],
            [
              -88.91318899512181,
              29.06160640516457
            ],
            [
              -88.91319066109601,
              29.061696613512122
            ],
            [
              -88.91308798804513,
              29.06169807719805
            ],
            [
              -88.91309131983783,
              29.06187849390006
            ],
            [
              -88.91288597335613,
              29.061881421058153
            ],
            [
              -88.91288763908535,
              29.061971629418007
            ],
            [
              -88.91268229239463,
              29.06197455627307
            ],
            [
              -88.91268395795294,
              29.062064764642436
            ]
          ],
          [
            [
              -88.91093018820703,
              29.061638588012755
            ],
            [
              -88.91092519622217,
              29.061367962606003
            ],
            [
              -88.91082252336085,
              29.061369424544306
            ],
            [
              -88.91082085947038,
              29.061279216067394
            ],
            [
              -88.91071818669072,
              29.061280677921843
            ],
            [
              -88.91071652289713,
              29.06119046943824
            ],
            [
              -88.91061385019913,
              29.061191931208842
            ],
            [
              -88.91061551390344,
              29.06128213969785
            ],
            [
              -88.91051284110856,
              29.06128360139538
            ],
            [
              -88.91051450473121,
              29.061373809888483
            ],
            [
              -88.91041183183944,
              29.061375271512965
            ],
            [
              -88.91041682248522,
              29.06164589700063
            ],
            [
              -88.91093018820703,
              29.061638588012755
            ]
          ]
        ]
      },
      "properties": {
        "incident_id": "SP-013",
        "type": "AI-detected-slick",
        "source": "Sentinel-1 SAR",
        "method": "U-Net segmentation + radiometric filtering"
      }
    },
    {
      "type": "Feature",
      "geometry": {
        "type": "Polygon",
        "coordinates": [
          [
            [
              -89.12428733509665,
              29.05437073242257
            ],
            [
              -89.12377407296151,
              29.054378855378996
            ],
            [
              -89.12377222424927,
              29.054288658663413
            ],
            [
              -89.12295100510691,
              29.054301651269107
            ],
            [
              -89.12294915711665,
              29.054211454504255
            ],
            [
              -89.12284650477501,
              29.054213078221185
            ],
            [
              -89.1228446568824,
              29.05412288144903
            ],
            [
              -89.1227420046215,
              29.054124505081578
            ],
            [
              -89.12274015682655,
              29.054034308302104
            ],
            [
              -89.12253485245778,
              29.054037555320015
            ],
            [
              -89.12253300484966,
              29.053947358527253
            ],
            [
              -89.12243035274177,
              29.05394898191263
            ],
            [
              -89.1224285052313,
              29.053858785112546
            ],
            [
              -89.1222232011686,
              29.05386203163613
            ],
            [
              -89.12222135384495,
              29.053771834822737
            ],
            [
              -89.1221187018901,
              29.05377345796094
            ],
            [
              -89.1221168546641,
              29.05368326114024
            ],
            [
              -89.12201420279001,
              29.053684884194062
            ],
            [
              -89.1220105085417,
              29.053504490536746
            ],
            [
              -89.12190785683757,
              29.053506113500195
            ],
            [
              -89.12190600981528,
              29.05341591666356
            ],
            [
              -89.12180335819187,
              29.05341753954262
            ],
            [
              -89.12180151126722,
              29.05332734269868
            ],
            [
              -89.12169885972455,
              29.05332896549336
            ],
            [
              -89.12169516607898,
              29.05314857178954
            ],
            [
              -89.12148986332502,
              29.05315181711977
            ],
            [
              -89.12148617007001,
              29.05297142338673
            ],
            [
              -89.12138351885875,
              29.052973045922272
            ],
            [
              -89.1213816723331,
              29.052882849047776
            ],
            [
              -89.12127902120258,
              29.052884471498942
            ],
            [
              -89.12127717477455,
              29.052794274617142
            ],
            [
              -89.12117452372478,
              29.052795896983934
            ],
            [
              -89.12117083107243,
              29.052615503204393
            ],
            [
              -89.12106818019258,
              29.05261712548082
            ],
            [
              -89.12106633396827,
              29.05252692858309
            ],
            [
              -89.12096368316917,
              29.05252855077513
            ],
            [
              -89.12096183704247,
              29.0524383538701
            ],
            [
              -89.12085918632413,
              29.052439975977766
            ],
            [
              -89.12085734029506,
              29.052349779065402
            ],
            [
              -89.12075468965745,
              29.052351401088686
            ],
            [
              -89.12075284372602,
              29.05226120416904
            ],
            [
              -89.12065019316914,
              29.052262826107953
            ],
            [
              -89.12064650150998,
              29.052082432252725
            ],
            [
              -89.12054385112302,
              29.052084054101275
            ],
            [
              -89.12054015967601,
              29.051903660228795
            ],
            [
              -89.12043750945898,
              29.051905281986972
            ],
            [
              -89.12043197261933,
              29.051634691150408
            ],
            [
              -89.1203293226614,
              29.051636312812246
            ],
            [
              -89.12032747715425,
              29.051546115858102
            ],
            [
              -89.12022482727707,
              29.05154773743558
            ],
            [
              -89.12022298186753,
              29.05145754047411
            ],
            [
              -89.1201203320711,
              29.051459161967216
            ],
            [
              -89.12010926032623,
              29.050917980134876
            ],
            [
              -89.12000661105644,
              29.05091960151369
            ],
            [
              -89.1200029207207,
              29.05073920754706
            ],
            [
              -89.1199002716208,
              29.050740828835515
            ],
            [
              -89.11989473644803,
              29.050470237857713
            ],
            [
              -89.11979208760724,
              29.050471859049836
            ],
            [
              -89.11978839771261,
              29.050291465046072
            ],
            [
              -89.11989104637503,
              29.050289843865915
            ],
            [
              -89.11988551132885,
              29.05001925286832
            ],
            [
              -89.11998815971532,
              29.05001763162774
            ],
            [
              -89.11998446954836,
              29.049837237634716
            ],
            [
              -89.12008711774803,
              29.049835616327705
            ],
            [
              -89.12008527258804,
              29.049745419335196
            ],
            [
              -89.11977732823122,
              29.0497502830031
            ],
            [
              -89.11977548334718,
              29.04966008599133
            ],
            [
              -89.11967283530055,
              29.04966170705121
            ],
            [
              -89.11967099051412,
              29.049571510032134
            ],
            [
              -89.1195683425482,
              29.049573131007662
            ],
            [
              -89.11956649785941,
              29.04948293398128
            ],
            [
              -89.11946384997422,
              29.049484554872432
            ],
            [
              -89.11945831622594,
              29.04921396376742
            ],
            [
              -89.11956096384361,
              29.049212342894215
            ],
            [
              -89.11955911918855,
              29.049122145862555
            ],
            [
              -89.11976441422023,
              29.049118903892946
            ],
            [
              -89.11976256939526,
              29.04902870687194
            ],
            [
              -89.12007051161196,
              29.04902384334762
            ],
            [
              -89.12007235670443,
              29.049114040350688
            ],
            [
              -89.12017500418229,
              29.04911241901317
            ],
            [
              -89.12017684937237,
              29.049202616008934
            ],
            [
              -89.12027949693096,
              29.049200994587054
            ],
            [
              -89.12028687813239,
              29.04956178253297
            ],
            [
              -89.1201842302171,
              29.04956340397879
            ],
            [
              -89.12018976593927,
              29.04983399494232
            ],
            [
              -89.12039506229642,
              29.049830751936398
            ],
            [
              -89.12039690773238,
              29.049920948909637
            ],
            [
              -89.12091014892341,
              29.049912839993194
            ],
            [
              -89.12091199481368,
              29.050003036935184
            ],
            [
              -89.12111729140935,
              29.04999979280795
            ],
            [
              -89.12111913748642,
              29.050089989736648
            ],
            [
              -89.1215297309331,
              29.05008350051764
            ],
            [
              -89.12153157737531,
              29.050173697421066
            ],
            [
              -89.12173687422633,
              29.050170452329287
            ],
            [
              -89.12173872085533,
              29.050260649219418
            ],
            [
              -89.12184136935736,
              29.050259026549966
            ],
            [
              -89.12184321608397,
              29.050349223432782
            ],
            [
              -89.12204851324101,
              29.050345977846735
            ],
            [
              -89.12205036015445,
              29.050436174716264
            ],
            [
              -89.12215300880946,
              29.050434551799682
            ],
            [
              -89.12215670284,
              29.050614945522792
            ],
            [
              -89.12225935166495,
              29.05061332251584
            ],
            [
              -89.12226674018413,
              29.050974109922276
            ],
            [
              -89.12236938935732,
              29.050972486812977
            ],
            [
              -89.12237308384596,
              29.051152880496296
            ],
            [
              -89.12247573318906,
              29.051151257296628
            ],
            [
              -89.12247942788986,
              29.051331650962677
            ],
            [
              -89.12258207740288,
              29.05133002767265
            ],
            [
              -89.12258392485512,
              29.0514202244977
            ],
            [
              -89.12268657444888,
              29.05141860112329
            ],
            [
              -89.12268842199875,
              29.051508797941054
            ],
            [
              -89.12279107167323,
              29.05150717448225
            ],
            [
              -89.12279291932074,
              29.05159737129269
            ],
            [
              -89.12289556907595,
              29.05159574774952
            ],
            [
              -89.1228974168211,
              29.051685944552638
            ],
            [
              -89.12300006665704,
              29.051684320925098
            ],
            [
              -89.12300191449982,
              29.051774517720904
            ],
            [
              -89.1231045644165,
              29.051772894008977
            ],
            [
              -89.1231064123569,
              29.051863090797468
            ],
            [
              -89.1232090623543,
              29.05186146700116
            ],
            [
              -89.12321091039236,
              29.05195166378235
            ],
            [
              -89.12331356047048,
              29.051950039901655
            ],
            [
              -89.12331540860617,
              29.05204023667553
            ],
            [
              -89.12341805876503,
              29.05203861271046
            ],
            [
              -89.12341990699835,
              29.052128809477015
            ],
            [
              -89.12352255723793,
              29.05212718542756
            ],
            [
              -89.1235244055689,
              29.0522173821868
            ],
            [
              -89.12362705588922,
              29.052215758052956
            ],
            [
              -89.12362890431781,
              29.052305954804893
            ],
            [
              -89.12373155471886,
              29.05230433058666
            ],
            [
              -89.1237334032451,
              29.05239452733129
            ],
            [
              -89.12383605372688,
              29.052392903028675
            ],
            [
              -89.12383975098308,
              29.052573296501965
            ],
            [
              -89.12394240163478,
              29.052571672108975
            ],
            [
              -89.12394425036476,
              29.05266186883765
            ],
            [
              -89.12404690109717,
              29.05266024436027
            ],
            [
              -89.12404874992478,
              29.052750441081614
            ],
            [
              -89.12415140073794,
              29.052748816519856
            ],
            [
              -89.12415509859693,
              29.05292920994663
            ],
            [
              -89.1243604005546,
              29.05292596056394
            ],
            [
              -89.12436409880415,
              29.05310635396143
            ],
            [
              -89.12446674994868,
              29.053104729140507
            ],
            [
              -89.12447044841045,
              29.053285122520734
            ],
            [
              -89.12457309972488,
              29.053283497609424
            ],
            [
              -89.12458234647326,
              29.053734481006913
            ],
            [
              -89.1246849982252,
              29.053732855987228
            ],
            [
              -89.12469054664331,
              29.054003445991874
            ],
            [
              -89.12479319865436,
              29.0540018208758
            ],
            [
              -89.12479504823317,
              29.054092017535393
            ],
            [
              -89.12469239613293,
              29.054093642657467
            ],
            [
              -89.12469424563099,
              29.05418383932172
            ],
            [
              -89.1245915934331,
              29.054185464371393
            ],
            [
              -89.12459344285044,
              29.054275661040336
            ],
            [
              -89.12428548593844,
              29.054280535736964
            ],
            [
              -89.12428733509665,
              29.05437073242257
            ]
          ]
        ]
      },
      "properties": {
        "incident_id": "SP-013",
        "type": "AI-detected-slick",
        "source": "Sentinel-1 SAR",
        "method": "U-Net segmentation + radiometric filtering"
      }
    },
    {
      "type": "Feature",
      "geometry": {
        "type": "Polygon",
        "coordinates": [
          [
            [
              -88.94792776428604,
              29.052083549814522
            ],
            [
              -88.94751711854784,
              29.05208950856165
            ],
            [
              -88.94751542336286,
              29.05199930191367
            ],
            [
              -88.94720743924545,
              29.05200377013412
            ],
            [
              -88.94720574433588,
              29.051913563468332
            ],
            [
              -88.94679509909436,
              29.051919519975748
            ],
            [
              -88.94679340454942,
              29.051829313286664
            ],
            [
              -88.9465880820606,
              29.05183229105887
            ],
            [
              -88.94658638770186,
              29.051742084357493
            ],
            [
              -88.94648372653504,
              29.051743573120472
            ],
            [
              -88.94648033801927,
              29.05156315970284
            ],
            [
              -88.94637767702314,
              29.05156464837641
            ],
            [
              -88.9463759828661,
              29.05147444166015
            ],
            [
              -88.94627332195144,
              29.0514759302498
            ],
            [
              -88.94627162789138,
              29.051385723526746
            ],
            [
              -88.94616896705818,
              29.051387212032488
            ],
            [
              -88.94616727309509,
              29.051297005302622
            ],
            [
              -88.9459619515839,
              29.05129998206786
            ],
            [
              -88.94596025780699,
              29.051209775325727
            ],
            [
              -88.94575493644324,
              29.051212751766315
            ],
            [
              -88.94575324285252,
              29.051122545011875
            ],
            [
              -88.94544526101646,
              29.051127009068153
            ],
            [
              -88.94544356770113,
              29.051036802295936
            ],
            [
              -88.94534090716284,
              29.051038290152373
            ],
            [
              -88.94533921394448,
              29.05094808337335
            ],
            [
              -88.94523655348765,
              29.05094957114588
            ],
            [
              -88.94523316725261,
              29.050769157572972
            ],
            [
              -88.94513050696648,
              29.050770645256097
            ],
            [
              -88.94512542793964,
              29.05050002487049
            ],
            [
              -88.94502276791341,
              29.050501512458734
            ],
            [
              -88.94501938211266,
              29.050321098850823
            ],
            [
              -88.94491672225712,
              29.050322586349658
            ],
            [
              -88.94491333666579,
              29.05014217272557
            ],
            [
              -88.94481067698094,
              29.050143660135014
            ],
            [
              -88.94480898428611,
              29.050053453315527
            ],
            [
              -88.94470632468273,
              29.050054940641072
            ],
            [
              -88.94469955433766,
              29.049694113328115
            ],
            [
              -88.94459689508338,
              29.049695600553292
            ],
            [
              -88.94459351013573,
              29.049515186878015
            ],
            [
              -88.94469616921158,
              29.049513699663827
            ],
            [
              -88.94469278411647,
              29.04933328599433
            ],
            [
              -88.94479544300617,
              29.049331798712704
            ],
            [
              -88.94479375038102,
              29.04924159188149
            ],
            [
              -88.94489640917375,
              29.04924010452694
            ],
            [
              -88.94489471646713,
              29.049149897699916
            ],
            [
              -88.94520269253124,
              29.049145435182286
            ],
            [
              -88.94520099956475,
              29.049055228370428
            ],
            [
              -88.94684353596851,
              29.049031416445867
            ],
            [
              -88.94684523036236,
              29.04912162316982
            ],
            [
              -88.94746118153753,
              29.049112688490066
            ],
            [
              -88.9474628764744,
              29.049202895179743
            ],
            [
              -88.9492080714712,
              29.04917756483105
            ],
            [
              -88.94920976793237,
              29.04926777142594
            ],
            [
              -88.94941508502183,
              29.049264789884116
            ],
            [
              -88.94941678166917,
              29.049354996466683
            ],
            [
              -88.94962209890599,
              29.04935201460021
            ],
            [
              -88.94962379573953,
              29.049442221170473
            ],
            [
              -88.94982911312373,
              29.04943923897936
            ],
            [
              -88.94983081014345,
              29.049529445537317
            ],
            [
              -88.94993346891312,
              29.04952795431863
            ],
            [
              -88.9499351660298,
              29.049618160869787
            ],
            [
              -88.95003782488091,
              29.049616669567193
            ],
            [
              -88.95003952209457,
              29.04970687611152
            ],
            [
              -88.95014218102713,
              29.04970538472502
            ],
            [
              -88.95014557565618,
              29.049885797798776
            ],
            [
              -88.95024823475939,
              29.04988430632284
            ],
            [
              -88.9502550244675,
              29.050245132432707
            ],
            [
              -88.95015236500741,
              29.050246623930658
            ],
            [
              -88.95015575972964,
              29.05042703698879
            ],
            [
              -88.95005310008338,
              29.050428528419346
            ],
            [
              -88.95005479736692,
              29.050518734951947
            ],
            [
              -88.94995213762367,
              29.050520226309597
            ],
            [
              -88.9499555320356,
              29.050700639381915
            ],
            [
              -88.94985287210618,
              29.050702130672157
            ],
            [
              -88.94985626637073,
              29.05088254375027
            ],
            [
              -88.9497536062551,
              29.050884034973095
            ],
            [
              -88.94975530330981,
              29.050974241515707
            ],
            [
              -88.9496526430972,
              29.05097573266563
            ],
            [
              -88.94965434007047,
              29.051065939212435
            ],
            [
              -88.94955167976086,
              29.05106743028944
            ],
            [
              -88.94955337665266,
              29.051157636840443
            ],
            [
              -88.94934805583176,
              29.051160618770215
            ],
            [
              -88.94934975255289,
              29.051250825330932
            ],
            [
              -88.94924709204157,
              29.05125231618369
            ],
            [
              -88.94924878868125,
              29.05134252274861
            ],
            [
              -88.94914612807295,
              29.05134401352846
            ],
            [
              -88.94914782463117,
              29.051434220097565
            ],
            [
              -88.94883984249206,
              29.05143869198311
            ],
            [
              -88.94884153879038,
              29.05152889856742
            ],
            [
              -88.94863621714708,
              29.05153187944336
            ],
            [
              -88.94863791327472,
              29.051622086037383
            ],
            [
              -88.94843259142193,
              29.051625066610654
            ],
            [
              -88.94843428737889,
              29.051715273214366
            ],
            [
              -88.94833162635163,
              29.05171676338887
            ],
            [
              -88.94833332222713,
              29.05180696999678
            ],
            [
              -88.94823066110291,
              29.05180846009837
            ],
            [
              -88.94823235689694,
              29.051898666710485
            ],
            [
              -88.94812969567572,
              29.051900156739148
            ],
            [
              -88.94813139138829,
              29.05199036335544
            ],
            [
              -88.94792606874417,
              29.051993343188528
            ],
            [
              -88.94792776428604,
              29.052083549814522
            ]
          ]
        ]
      },
      "properties": {
        "incident_id": "SP-013",
        "type": "AI-detected-slick",
        "source": "Sentinel-1 SAR",
        "method": "U-Net segmentation + radiometric filtering"
      }
    },
    {
      "type": "Feature",
      "geometry": {
        "type": "Polygon",
        "coordinates": [
          [
            [
              -88.89735796115332,
              29.04955952566144
            ],
            [
              -88.89704997519897,
              29.04956387850559
            ],
            [
              -88.89704832409748,
              29.04947366914638
            ],
            [
              -88.89571371866978,
              29.049492523245743
            ],
            [
              -88.89571206873572,
              29.04940231381563
            ],
            [
              -88.8950960971049,
              29.04941101120561
            ],
            [
              -88.89509774650362,
              29.049501220667825
            ],
            [
              -88.89427644985956,
              29.04951281283908
            ],
            [
              -88.8942748011746,
              29.04942260333408
            ],
            [
              -88.8940694771166,
              29.049425500581997
            ],
            [
              -88.89406782861762,
              29.04933529106501
            ],
            [
              -88.89386250470791,
              29.049338187988557
            ],
            [
              -88.89386085639492,
              29.04924797845957
            ],
            [
              -88.89375819451796,
              29.04924942679836
            ],
            [
              -88.89375654630173,
              29.04915921726273
            ],
            [
              -88.89365388450646,
              29.049160665517764
            ],
            [
              -88.89365058827508,
              29.048980246431928
            ],
            [
              -88.8935479266507,
              29.04898169459786
            ],
            [
              -88.8935446306279,
              29.04880127549613
            ],
            [
              -88.89344196917443,
              29.04880272357294
            ],
            [
              -88.89343867336024,
              29.048622304455336
            ],
            [
              -88.89333601207767,
              29.04862375244304
            ],
            [
              -88.89333436427108,
              29.048533542876953
            ],
            [
              -88.8932317030702,
              29.04853499078089
            ],
            [
              -88.89323005536036,
              29.048444781208158
            ],
            [
              -88.89302473311442,
              29.048447676770103
            ],
            [
              -88.89302143807426,
              29.04826725759935
            ],
            [
              -88.8929187771184,
              29.04826870525201
            ],
            [
              -88.89291712969883,
              29.048178495659343
            ],
            [
              -88.89281446882467,
              29.04817994322824
            ],
            [
              -88.89281282150186,
              29.048089733628952
            ],
            [
              -88.89271016070937,
              29.048091181114085
            ],
            [
              -88.89270851348331,
              29.048000971508134
            ],
            [
              -88.89260585277249,
              29.048002418909523
            ],
            [
              -88.89259267594906,
              29.047280741972482
            ],
            [
              -88.89249001594443,
              29.04728218925271
            ],
            [
              -88.89248342807039,
              29.04692135073166
            ],
            [
              -88.89238076841508,
              29.046922797912107
            ],
            [
              -88.89237253418811,
              29.046471749704896
            ],
            [
              -88.8922698749713,
              29.04647319678021
            ],
            [
              -88.89225834799443,
              29.045841729198212
            ],
            [
              -88.8923610065868,
              29.04584028216027
            ],
            [
              -88.89235935981674,
              29.045750072505847
            ],
            [
              -88.89246201831236,
              29.045748625394847
            ],
            [
              -88.89246037146063,
              29.045658415744477
            ],
            [
              -88.89256302985952,
              29.04565696856041
            ],
            [
              -88.89256138292612,
              29.045566758914077
            ],
            [
              -88.89266404122826,
              29.045565311656944
            ],
            [
              -88.8926623942132,
              29.045475102014652
            ],
            [
              -88.89276505241861,
              29.04547365468446
            ],
            [
              -88.89276340532186,
              29.04538344504622
            ],
            [
              -88.89286606343053,
              29.045381997642963
            ],
            [
              -88.89286276908126,
              29.045201578373263
            ],
            [
              -88.892965427004,
              29.04520013090228
            ],
            [
              -88.892960485269,
              29.04492950200403
            ],
            [
              -88.89306314291657,
              29.044928054470684
            ],
            [
              -88.89305984828586,
              29.044747635209387
            ],
            [
              -88.8931625057475,
              29.044746187608308
            ],
            [
              -88.89316085835425,
              29.04465597798105
            ],
            [
              -88.89346883042636,
              29.04465163472344
            ],
            [
              -88.89346718277302,
              29.044561425110917
            ],
            [
              -88.89408312617851,
              29.04455273651085
            ],
            [
              -88.89408477436703,
              29.044642946091297
            ],
            [
              -88.8941874316641,
              29.04464149771152
            ],
            [
              -88.89418907994936,
              29.044731707285322
            ],
            [
              -88.89429173732807,
              29.044730258821797
            ],
            [
              -88.89429338571007,
              29.044820468388945
            ],
            [
              -88.89439604317046,
              29.044819019841672
            ],
            [
              -88.8943976916492,
              29.04490922940218
            ],
            [
              -88.89450034919123,
              29.04490778077115
            ],
            [
              -88.89450199776671,
              29.04499799032502
            ],
            [
              -88.89460465539041,
              29.044996541610228
            ],
            [
              -88.89460630406265,
              29.04508675115745
            ],
            [
              -88.89470896176799,
              29.04508530235891
            ],
            [
              -88.89471061053696,
              29.04517551189948
            ],
            [
              -88.89491592610345,
              29.045172614056487
            ],
            [
              -88.89491757505837,
              29.04526282358506
            ],
            [
              -88.8950202329195,
              29.045261374540612
            ],
            [
              -88.89502188197118,
              29.045351584062534
            ],
            [
              -88.89512453991397,
              29.045350134934324
            ],
            [
              -88.89512618906238,
              29.045440344449595
            ],
            [
              -88.89522884708683,
              29.045438895237638
            ],
            [
              -88.89523049633198,
              29.04552910474626
            ],
            [
              -88.89543581253666,
              29.045526206076406
            ],
            [
              -88.89543746196777,
              29.045616415573047
            ],
            [
              -88.89554012014798,
              29.045614966115167
            ],
            [
              -88.89554176967586,
              29.045705175605143
            ],
            [
              -88.89574708619206,
              29.045702276443432
            ],
            [
              -88.89574873590587,
              29.045792485921424
            ],
            [
              -88.89615936920453,
              29.045786686635722
            ],
            [
              -88.8961577191339,
              29.045696477179145
            ],
            [
              -88.89667101014135,
              29.045689226334602
            ],
            [
              -88.89667266065801,
              29.04577943576442
            ],
            [
              -88.89677531892605,
              29.045777985354924
            ],
            [
              -88.89677696953947,
              29.045868194778077
            ],
            [
              -88.89687962788916,
              29.04586674428483
            ],
            [
              -88.89688127859934,
              29.045956953701324
            ],
            [
              -88.8969839370307,
              29.04595550312433
            ],
            [
              -88.89698723865212,
              29.04613592194273
            ],
            [
              -88.89708989725432,
              29.046134471276602
            ],
            [
              -88.89709154816556,
              29.046224680678495
            ],
            [
              -88.89719420684942,
              29.046223229928604
            ],
            [
              -88.89719585785744,
              29.046313439323853
            ],
            [
              -88.89729851662295,
              29.046311988490192
            ],
            [
              -88.8973001677277,
              29.046402197878777
            ],
            [
              -88.8975054854145,
              29.04639929596552
            ],
            [
              -88.89750713670523,
              29.04648950534211
            ],
            [
              -88.89760979562651,
              29.046488054262507
            ],
            [
              -88.897611447014,
              29.046578263632437
            ],
            [
              -88.89771410601692,
              29.046576812469066
            ],
            [
              -88.89771575750117,
              29.046667021832334
            ],
            [
              -88.89781841658575,
              29.046665570585205
            ],
            [
              -88.89782006816678,
              29.046755779941815
            ],
            [
              -88.89792272733301,
              29.04675432861091
            ],
            [
              -88.89793098579749,
              29.04720537534772
            ],
            [
              -88.89803364540221,
              29.04720392391162
            ],
            [
              -88.89804025266665,
              29.047564761256265
            ],
            [
              -88.89814291262066,
              29.047563309720317
            ],
            [
              -88.89814786841599,
              29.04783393769908
            ],
            [
              -88.89825052863007,
              29.047832486068646
            ],
            [
              -88.8982620930415,
              29.048463951269497
            ],
            [
              -88.8981594322029,
              29.048465402937442
            ],
            [
              -88.898169344315,
              29.04900665880539
            ],
            [
              -88.89806668293353,
              29.04900811042706
            ],
            [
              -88.89807163882395,
              29.049278738359583
            ],
            [
              -88.89796897716727,
              29.04928018991891
            ],
            [
              -88.89797062905663,
              29.04937039923251
            ],
            [
              -88.89776530554217,
              29.049373302126636
            ],
            [
              -88.89776695726066,
              29.049463511449655
            ],
            [
              -88.89735630978416,
              29.049469316318298
            ],
            [
              -88.89735796115332,
              29.04955952566144
            ]
          ]
        ]
      },
      "properties": {
        "incident_id": "SP-013",
        "type": "AI-detected-slick",
        "source": "Sentinel-1 SAR",
        "method": "U-Net segmentation + radiometric filtering"
      }
    },
    {
      "type": "Feature",
      "geometry": {
        "type": "Polygon",
        "coordinates": [
          [
            [
              -88.92901326502033,
              29.039994946208697
            ],
            [
              -88.9282947106074,
              29.0400052680621
            ],
            [
              -88.92829303298079,
              29.039915060223727
            ],
            [
              -88.92798508124191,
              29.0399194826831
            ],
            [
              -88.92798340389051,
              29.0398292748271
            ],
            [
              -88.9278807533847,
              29.039830748818016
            ],
            [
              -88.92787907613013,
              29.039740540955282
            ],
            [
              -88.92777642570582,
              29.039742014862373
            ],
            [
              -88.92777139425564,
              29.039471391250025
            ],
            [
              -88.92766874409118,
              29.039472865062407
            ],
            [
              -88.92766203595505,
              29.03911203353931
            ],
            [
              -88.92755938613959,
              29.03911350725155
            ],
            [
              -88.9275577092139,
              29.039023299362075
            ],
            [
              -88.9276603589402,
              29.039021825655283
            ],
            [
              -88.92765532794168,
              29.038751201995403
            ],
            [
              -88.92755267848288,
              29.038752675685867
            ],
            [
              -88.92754764782092,
              29.038482051997963
            ],
            [
              -88.92744499862194,
              29.038483525593723
            ],
            [
              -88.92744164506398,
              29.03830310978439
            ],
            [
              -88.92733899603567,
              29.038304583290905
            ],
            [
              -88.92733731935736,
              29.038214375378846
            ],
            [
              -88.92723467041054,
              29.03821584880153
            ],
            [
              -88.92723299382907,
              29.038125640882733
            ],
            [
              -88.92713034496374,
              29.038127114221606
            ],
            [
              -88.92712531553283,
              29.037856490441094
            ],
            [
              -88.92702266692733,
              29.03785796368527
            ],
            [
              -88.92702099055487,
              29.037767755750387
            ],
            [
              -88.92691834203085,
              29.03776922891075
            ],
            [
              -88.92691498948726,
              29.037588813026204
            ],
            [
              -88.92681234113388,
              29.037590286097306
            ],
            [
              -88.92681066496274,
              29.037500078147655
            ],
            [
              -88.9267080166909,
              29.03750155113494
            ],
            [
              -88.92670634061658,
              29.03741134317854
            ],
            [
              -88.9266036924262,
              29.037412816082014
            ],
            [
              -88.92660201644873,
              29.037322608118878
            ],
            [
              -88.92649936833983,
              29.037324080938532
            ],
            [
              -88.92649601658621,
              29.037143664997487
            ],
            [
              -88.92639336864798,
              29.037145137727887
            ],
            [
              -88.92638666558936,
              29.036784305808432
            ],
            [
              -88.92648931317095,
              29.036782833099778
            ],
            [
              -88.92648596150933,
              29.03660241714311
            ],
            [
              -88.92658860890494,
              29.036600944366953
            ],
            [
              -88.92658693299647,
              29.036510736392113
            ],
            [
              -88.92679222758639,
              29.036507790615545
            ],
            [
              -88.92679055150727,
              29.036417582650277
            ],
            [
              -88.9275090817063,
              29.03640727000163
            ],
            [
              -88.92750740501077,
              29.03631706207314
            ],
            [
              -88.9276100520622,
              29.036315588529575
            ],
            [
              -88.92760837528519,
              29.03622538060522
            ],
            [
              -88.92791631612606,
              29.03622095952059
            ],
            [
              -88.92791463908924,
              29.036130751611264
            ],
            [
              -88.9280172859317,
              29.036129277765085
            ],
            [
              -88.92801560881341,
              29.036039069859903
            ],
            [
              -88.9285288424648,
              29.036031699480645
            ],
            [
              -88.92852716490842,
              29.035941491601378
            ],
            [
              -88.92873245813695,
              29.035938542911964
            ],
            [
              -88.92873078040992,
              29.035848335042264
            ],
            [
              -88.92883342692352,
              29.03584686058545
            ],
            [
              -88.92883174911502,
              29.0357566527199
            ],
            [
              -88.9289343955318,
              29.03575517819015
            ],
            [
              -88.92893103975952,
              29.035574762466034
            ],
            [
              -88.9290336859903,
              29.03557328786881
            ],
            [
              -88.92903033007045,
              29.0353928721504
            ],
            [
              -88.92913297611526,
              29.035391397485693
            ],
            [
              -88.92912626401105,
              29.035030566055013
            ],
            [
              -88.92922890969157,
              29.035029091333712
            ],
            [
              -88.9292221973536,
              29.03466825990399
            ],
            [
              -88.92932484266986,
              29.034666785126117
            ],
            [
              -88.92931980822956,
              29.0343961615565
            ],
            [
              -88.9294224532707,
              29.034394686716585
            ],
            [
              -88.92941909683726,
              29.034214271007897
            ],
            [
              -88.92952174169243,
              29.034212796100515
            ],
            [
              -88.92952006339809,
              29.034122588249666
            ],
            [
              -88.92962270815644,
              29.034121113269364
            ],
            [
              -88.92962102978062,
              29.034030905422668
            ],
            [
              -88.92972367444214,
              29.034029430369433
            ],
            [
              -88.92972199598486,
              29.033939222526882
            ],
            [
              -88.92992728510659,
              29.03393627219624
            ],
            [
              -88.9299256064787,
              29.033846064363257
            ],
            [
              -88.93002825093889,
              29.03384458908584
            ],
            [
              -88.93002992965592,
              29.033934796913364
            ],
            [
              -88.93023521873155,
              29.033931846112534
            ],
            [
              -88.93023689763456,
              29.034022053927853
            ],
            [
              -88.93054483145782,
              29.034017627122516
            ],
            [
              -88.93054651063593,
              29.03410783492019
            ],
            [
              -88.93075179999133,
              29.034104883313926
            ],
            [
              -88.93075347935542,
              29.0341950910994
            ],
            [
              -88.93095876885836,
              29.034192139168763
            ],
            [
              -88.93096044840843,
              29.034282346942035
            ],
            [
              -88.93116573805891,
              29.03427939468704
            ],
            [
              -88.93116741779495,
              29.034369602448102
            ],
            [
              -88.93137270759301,
              29.034366649868755
            ],
            [
              -88.93137438751502,
              29.03445685761763
            ],
            [
              -88.93147703249166,
              29.03445538120495
            ],
            [
              -88.9314787125105,
              29.034545588947065
            ],
            [
              -88.93168400261902,
              29.034542635875706
            ],
            [
              -88.93168568282384,
              29.034632843605614
            ],
            [
              -88.93178832795572,
              29.03463136694694
            ],
            [
              -88.93179000825738,
              29.034721574670098
            ],
            [
              -88.93199529867636,
              29.03471862110673
            ],
            [
              -88.93199865965933,
              29.034899036527335
            ],
            [
              -88.93210130503557,
              29.034897559617193
            ],
            [
              -88.93210634683516,
              29.03516818272198
            ],
            [
              -88.93220899247116,
              29.035166705717103
            ],
            [
              -88.93223756549152,
              29.03670023633034
            ],
            [
              -88.93213491833991,
              29.03670171342791
            ],
            [
              -88.93213827983952,
              29.03688212878036
            ],
            [
              -88.93203563250192,
              29.036883605810463
            ],
            [
              -88.93203899385396,
              29.037064021168607
            ],
            [
              -88.93193634633036,
              29.037065498131252
            ],
            [
              -88.93193802692875,
              29.037155705813827
            ],
            [
              -88.93183537930828,
              29.037157182703545
            ],
            [
              -88.93183874034985,
              29.037337598075705
            ],
            [
              -88.93173609254337,
              29.03733907489796
            ],
            [
              -88.93174113389588,
              29.037609697962782
            ],
            [
              -88.93163848581425,
              29.037611174723022
            ],
            [
              -88.93164184657604,
              29.037791590103964
            ],
            [
              -88.9315391983084,
              29.03779306679673
            ],
            [
              -88.93154255892262,
              29.037973482183382
            ],
            [
              -88.93143991046897,
              29.03797495880867
            ],
            [
              -88.93144327093562,
              29.038155374201025
            ],
            [
              -88.93134062229595,
              29.038156850758835
            ],
            [
              -88.93134902315127,
              29.038607889244197
            ],
            [
              -88.93145167223676,
              29.03860641265911
            ],
            [
              -88.93146175405181,
              29.039147658765888
            ],
            [
              -88.93135910443134,
              29.03914913538367
            ],
            [
              -88.93136078467158,
              29.03923934306903
            ],
            [
              -88.93125813495425,
              29.039240819613877
            ],
            [
              -88.93125981511302,
              29.03933102730339
            ],
            [
              -88.93105451547694,
              29.039333980168866
            ],
            [
              -88.93105619546506,
              29.03942418786797
            ],
            [
              -88.93095354554634,
              29.039425664188578
            ],
            [
              -88.93095522545298,
              29.03951587189184
            ],
            [
              -88.93085257543738,
              29.03951734813952
            ],
            [
              -88.93085425526253,
              29.039607555846935
            ],
            [
              -88.93064895502997,
              29.039610508118052
            ],
            [
              -88.93065063468447,
              29.039700715835053
            ],
            [
              -88.93044533424283,
              29.039703667803536
            ],
            [
              -88.93044701372666,
              29.039793875530137
            ],
            [
              -88.92921520936146,
              29.039811580822224
            ],
            [
              -88.92921688778293,
              29.0399017886129
            ],
            [
              -88.92901158676952,
              29.039904738408442
            ],
            [
              -88.92901326502033,
              29.039994946208697
            ]
          ]
        ]
      },
      "properties": {
        "incident_id": "SP-013",
        "type": "AI-detected-slick",
        "source": "Sentinel-1 SAR",
        "method": "U-Net segmentation + radiometric filtering"
      }
    },
    {
      "type": "Feature",
      "geometry": {
        "type": "Polygon",
        "coordinates": [
          [
            [
              -88.95295004762004,
              29.035227570319798
            ],
            [
              -88.95253946984936,
              29.035233541276895
            ],
            [
              -88.95253777147063,
              29.035143334672767
            ],
            [
              -88.95233248271694,
              29.0351463196701
            ],
            [
              -88.95233078452428,
              29.035056113053642
            ],
            [
              -88.95222814022493,
              29.035057605429262
            ],
            [
              -88.95222644212917,
              29.034967398805975
            ],
            [
              -88.95181586521066,
              29.034973367502733
            ],
            [
              -88.95181416747927,
              29.03488316085613
            ],
            [
              -88.95140359079305,
              29.034889128277026
            ],
            [
              -88.95140189342598,
              29.03479892160708
            ],
            [
              -88.95129924932417,
              29.034800413260893
            ],
            [
              -88.951297552054,
              29.03471020658413
            ],
            [
              -88.95119490803356,
              29.03471169815407
            ],
            [
              -88.95117963375387,
              29.033899837955033
            ],
            [
              -88.95128227697205,
              29.03389834643466
            ],
            [
              -88.95127718541784,
              29.033627726361388
            ],
            [
              -88.95137982836083,
              29.033626234779177
            ],
            [
              -88.95136964492724,
              29.033084994630485
            ],
            [
              -88.95126700251906,
              29.03308648617965
            ],
            [
              -88.95126530539645,
              29.03299627947814
            ],
            [
              -88.95116266306964,
              29.03299777094344
            ],
            [
              -88.95115926902596,
              29.03281735752549
            ],
            [
              -88.95105662686967,
              29.032818848901417
            ],
            [
              -88.95104983923204,
              29.032458022027846
            ],
            [
              -88.9509471974245,
              29.032459513303394
            ],
            [
              -88.95093192649618,
              29.03164765271209
            ],
            [
              -88.95103456750154,
              29.0316461614861
            ],
            [
              -88.9510277802676,
              29.03128533454478
            ],
            [
              -88.95113042090865,
              29.03128384326247
            ],
            [
              -88.95112702716003,
              29.031103429795014
            ],
            [
              -88.95122966761507,
              29.03110193844536
            ],
            [
              -88.95122627371924,
              29.030921524983697
            ],
            [
              -88.95143155424954,
              29.030918542071372
            ],
            [
              -88.95142985713501,
              29.0308283353496
            ],
            [
              -88.95184041774593,
              29.03082236860676
            ],
            [
              -88.95184211521695,
              29.0309125753065
            ],
            [
              -88.95215003586097,
              29.030908099410148
            ],
            [
              -88.95215173360714,
              29.030998306092055
            ],
            [
              -88.9522543738954,
              29.030996813964393
            ],
            [
              -88.9522577695893,
              29.031177227313268
            ],
            [
              -88.95236041004804,
              29.031175735096237
            ],
            [
              -88.95236210799577,
              29.031265941763206
            ],
            [
              -88.95246474853587,
              29.031264449462316
            ],
            [
              -88.95246644658049,
              29.031354656122488
            ],
            [
              -88.95256908720197,
              29.03135316373773
            ],
            [
              -88.95257078534348,
              29.03144337039108
            ],
            [
              -88.9526734260463,
              29.031441877922457
            ],
            [
              -88.95267512428472,
              29.031532084568994
            ],
            [
              -88.9527777650689,
              29.0315305920165
            ],
            [
              -88.95277946340421,
              29.031620798656224
            ],
            [
              -88.95288210426976,
              29.031619306019884
            ],
            [
              -88.95288380270198,
              29.031709512652785
            ],
            [
              -88.95298644364887,
              29.031708019932566
            ],
            [
              -88.95298814217799,
              29.031798226558664
            ],
            [
              -88.95309078320624,
              29.031796733754586
            ],
            [
              -88.95309248183227,
              29.031886940373862
            ],
            [
              -88.95319512294188,
              29.03188544748592
            ],
            [
              -88.95319682166479,
              29.031975654098378
            ],
            [
              -88.95329946285577,
              29.03197416112656
            ],
            [
              -88.9533011616756,
              29.032064367732204
            ],
            [
              -88.95360908546927,
              29.032059888330092
            ],
            [
              -88.95361078456425,
              29.032150094917903
            ],
            [
              -88.95371342590238,
              29.032148601621653
            ],
            [
              -88.95371512509428,
              29.032238808202635
            ],
            [
              -88.95381776651378,
              29.032237314822503
            ],
            [
              -88.95381946580258,
              29.032327521396667
            ],
            [
              -88.95392210730343,
              29.032326027932672
            ],
            [
              -88.95392380668913,
              29.032416234500033
            ],
            [
              -88.95402644827134,
              29.032414740952156
            ],
            [
              -88.95403324624844,
              29.032775567186466
            ],
            [
              -88.9539306043097,
              29.032777060756388
            ],
            [
              -88.95393400316667,
              29.032957473876767
            ],
            [
              -88.95383136104186,
              29.032958967379358
            ],
            [
              -88.95383306039287,
              29.033049173943102
            ],
            [
              -88.95373041817116,
              29.033050667372862
            ],
            [
              -88.95373381671823,
              29.033231080507463
            ],
            [
              -88.95363117431049,
              29.033232573869885
            ],
            [
              -88.95363287350654,
              29.033322780440756
            ],
            [
              -88.95353023100188,
              29.033324273730337
            ],
            [
              -88.95353872665306,
              29.03377530659267
            ],
            [
              -88.95364136960342,
              29.033773813275513
            ],
            [
              -88.95365666306756,
              29.034585672296
            ],
            [
              -88.95355401931496,
              29.034587165662774
            ],
            [
              -88.9535574177698,
              29.034767578775128
            ],
            [
              -88.95345477383114,
              29.03476907207457
            ],
            [
              -88.95345647298106,
              29.034859278634315
            ],
            [
              -88.9533538289455,
              29.034860771860902
            ],
            [
              -88.95335552801406,
              29.034950978424845
            ],
            [
              -88.95325288388156,
              29.03495247157858
            ],
            [
              -88.95325458286877,
              29.035042678146745
            ],
            [
              -88.95315193863935,
              29.03504417122764
            ],
            [
              -88.95315363754516,
              29.035134377799995
            ],
            [
              -88.95294834888475,
              29.035137363737718
            ],
            [
              -88.95295004762004,
              29.035227570319798
            ]
          ]
        ]
      },
      "properties": {
        "incident_id": "SP-013",
        "type": "AI-detected-slick",
        "source": "Sentinel-1 SAR",
        "method": "U-Net segmentation + radiometric filtering"
      }
    },
    {
      "type": "Feature",
      "geometry": {
        "type": "Polygon",
        "coordinates": [
          [
            [
              -88.93010907161012,
              29.032670411924748
            ],
            [
              -88.92959585506492,
              29.032677787565998
            ],
            [
              -88.92959417681197,
              29.032587579698475
            ],
            [
              -88.92949153356902,
              29.032589054586204
            ],
            [
              -88.92948817726443,
              29.03240863883636
            ],
            [
              -88.9293855341921,
              29.032410113634832
            ],
            [
              -88.9293821780965,
              29.032229697868917
            ],
            [
              -88.92927953519475,
              29.03223117257813
            ],
            [
              -88.92927617930813,
              29.032050756796107
            ],
            [
              -88.92917353657698,
              29.032052231416067
            ],
            [
              -88.92916850307203,
              29.031781607716947
            ],
            [
              -88.92906586060062,
              29.031783082242224
            ],
            [
              -88.92906082743215,
              29.031512458515067
            ],
            [
              -88.92895818522045,
              29.031513932945646
            ],
            [
              -88.92895315238849,
              29.031243309190454
            ],
            [
              -88.92885051043652,
              29.031244783526347
            ],
            [
              -88.92884044551461,
              29.030703535948145
            ],
            [
              -88.92873780408974,
              29.030705010173033
            ],
            [
              -88.92872941731153,
              29.03025397046154
            ],
            [
              -88.92862677632463,
              29.030255444580852
            ],
            [
              -88.92860329561408,
              29.028992533139483
            ],
            [
              -88.92870593535324,
              29.028991059096377
            ],
            [
              -88.92867910067126,
              29.027547731509742
            ],
            [
              -88.92878173897682,
              29.027546257475397
            ],
            [
              -88.92878006178532,
              29.027456049495633
            ],
            [
              -88.9288826999941,
              29.027454575388376
            ],
            [
              -88.92888102272116,
              29.027364367412744
            ],
            [
              -88.92898366083314,
              29.02736289323259
            ],
            [
              -88.92898198347875,
              29.027272685261092
            ],
            [
              -88.92928989750132,
              29.027268262266915
            ],
            [
              -88.92928821988728,
              29.027178054310465
            ],
            [
              -88.92949349568572,
              29.027175105266856
            ],
            [
              -88.92949181790111,
              29.02708489731999
            ],
            [
              -88.92969709349063,
              29.0270819479739
            ],
            [
              -88.92969541553546,
              29.026991740036628
            ],
            [
              -88.92990069091604,
              29.02698879038806
            ],
            [
              -88.92989901279033,
              29.026898582460372
            ],
            [
              -88.93000165037999,
              29.02689710752402
            ],
            [
              -88.92999997217287,
              29.026806899600484
            ],
            [
              -88.93010260966572,
              29.026805424591238
            ],
            [
              -88.93010093137715,
              29.026715216671853
            ],
            [
              -88.93020356877322,
              29.026713741589706
            ],
            [
              -88.93020189040323,
              29.026623533674467
            ],
            [
              -88.93030452770252,
              29.026622058519443
            ],
            [
              -88.93030284925108,
              29.026531850608343
            ],
            [
              -88.93040548645357,
              29.026530375380414
            ],
            [
              -88.9304038079207,
              29.026440167473456
            ],
            [
              -88.93050644502641,
              29.026438692172633
            ],
            [
              -88.93050476641211,
              29.026348484269842
            ],
            [
              -88.93060740342102,
              29.026347008896135
            ],
            [
              -88.9306057247253,
              29.026256800997473
            ],
            [
              -88.93163209350082,
              29.026242043006203
            ],
            [
              -88.93163377308763,
              29.02633225085035
            ],
            [
              -88.93183904692874,
              29.026329298301114
            ],
            [
              -88.93184072670147,
              29.02641950613306
            ],
            [
              -88.9319433636996,
              29.02641802973548
            ],
            [
              -88.93194504356912,
              29.026508237560684
            ],
            [
              -88.93204768064868,
              29.026506761079315
            ],
            [
              -88.932049360615,
              29.026596968897756
            ],
            [
              -88.93215199777597,
              29.026595492332593
            ],
            [
              -88.9321536778391,
              29.026685700144277
            ],
            [
              -88.9322563150815,
              29.02668422349532
            ],
            [
              -88.9322579952414,
              29.026774431300254
            ],
            [
              -88.93236063256523,
              29.0267729545675
            ],
            [
              -88.93236399308635,
              29.026953370162552
            ],
            [
              -88.9324666305807,
              29.02695189334056
            ],
            [
              -88.9324750324636,
              29.02740293227817
            ],
            [
              -88.93237239452367,
              29.027404409127442
            ],
            [
              -88.9323757551524,
              29.02758482470428
            ],
            [
              -88.93227311702655,
              29.027586301486117
            ],
            [
              -88.93227479726335,
              29.027676509278038
            ],
            [
              -88.9321721590407,
              29.027677985986983
            ],
            [
              -88.9321755193591,
              29.027858401577838
            ],
            [
              -88.93207288095053,
              29.027859878219342
            ],
            [
              -88.93207624112146,
              29.0280402938159
            ],
            [
              -88.93197360252697,
              29.02804177038997
            ],
            [
              -88.93197528253485,
              29.028131978191738
            ],
            [
              -88.93187264384355,
              29.02813345469292
            ],
            [
              -88.93187432377,
              29.028223662498846
            ],
            [
              -88.93177168498191,
              29.028225138927123
            ],
            [
              -88.93177336482692,
              29.028315346737212
            ],
            [
              -88.93167072594201,
              29.0283168230926
            ],
            [
              -88.9316724057056,
              29.028407030906838
            ],
            [
              -88.9315697667239,
              29.028408507189326
            ],
            [
              -88.93157312609588,
              29.028588922824788
            ],
            [
              -88.93147048692825,
              29.028590399039842
            ],
            [
              -88.93147216653665,
              29.028680606861077
            ],
            [
              -88.9315748057934,
              29.028679130640576
            ],
            [
              -88.93158152466034,
              29.0290399618907
            ],
            [
              -88.9316841642659,
              29.02903848557004
            ],
            [
              -88.93168920376417,
              29.02930910897762
            ],
            [
              -88.93158656389126,
              29.02931058531463
            ],
            [
              -88.93158824365025,
              29.02940079312
            ],
            [
              -88.93148560368053,
              29.02940226938411
            ],
            [
              -88.9314872833581,
              29.029492477193635
            ],
            [
              -88.93138464329157,
              29.02949395338484
            ],
            [
              -88.93138800249152,
              29.029674369010895
            ],
            [
              -88.93128536223904,
              29.029675845134655
            ],
            [
              -88.93128704176142,
              29.02976605295118
            ],
            [
              -88.93138968210302,
              29.029764576821965
            ],
            [
              -88.93139304134907,
              29.029944992440214
            ],
            [
              -88.93149568186122,
              29.02994351622174
            ],
            [
              -88.9314973615849,
              29.03003372402346
            ],
            [
              -88.93160000217851,
              29.030032247721184
            ],
            [
              -88.931601681999,
              29.030122455516146
            ],
            [
              -88.93170432267404,
              29.030120979130075
            ],
            [
              -88.93170600259134,
              29.030211186918294
            ],
            [
              -88.93180864334782,
              29.030209710448407
            ],
            [
              -88.93182208367601,
              29.03093137266365
            ],
            [
              -88.9317194422065,
              29.030932849177155
            ],
            [
              -88.93172448218901,
              29.031203472502764
            ],
            [
              -88.93162184044442,
              29.03120494895426
            ],
            [
              -88.93162688022872,
              29.03147557228452
            ],
            [
              -88.93152423820905,
              29.031477048674013
            ],
            [
              -88.93152759792542,
              29.031657464231923
            ],
            [
              -88.93142495571979,
              29.031658940553967
            ],
            [
              -88.93142663550037,
              29.031749148336417
            ],
            [
              -88.93122135088781,
              29.031752100756346
            ],
            [
              -88.9312230304978,
              29.03184230854839
            ],
            [
              -88.93101774567624,
              29.031845260665786
            ],
            [
              -88.93101942511565,
              29.031935468467434
            ],
            [
              -88.93081414008506,
              29.031938420282305
            ],
            [
              -88.9308158193539,
              29.032028628093546
            ],
            [
              -88.93071317673794,
              29.0320301038889
            ],
            [
              -88.93071653512037,
              29.032210519518404
            ],
            [
              -88.93061389231846,
              29.032211995246286
            ],
            [
              -88.93061725055335,
              29.03239241088147
            ],
            [
              -88.9305146075655,
              29.032393886541893
            ],
            [
              -88.93051628660533,
              29.032484094362992
            ],
            [
              -88.93031100042828,
              29.032487045459657
            ],
            [
              -88.93031267929751,
              29.03257725329035
            ],
            [
              -88.93010739291147,
              29.032580204084475
            ],
            [
              -88.93010907161012,
              29.032670411924748
            ]
          ]
        ]
      },
      "properties": {
        "incident_id": "SP-013",
        "type": "AI-detected-slick",
        "source": "Sentinel-1 SAR",
        "method": "U-Net segmentation + radiometric filtering"
      }
    },
    {
      "type": "Feature",
      "geometry": {
        "type": "Polygon",
        "coordinates": [
          [
            [
              -88.92362245263561,
              29.031680703558386
            ],
            [
              -88.92331452449139,
              29.03168511417253
            ],
            [
              -88.92331285176778,
              29.031594905957732
            ],
            [
              -88.92321020912686,
              29.0315963760003
            ],
            [
              -88.92320686388086,
              29.031415959555954
            ],
            [
              -88.92310422141055,
              29.031417429509304
            ],
            [
              -88.92310087637343,
              29.031237013048894
            ],
            [
              -88.92299823407375,
              29.03123848291302
            ],
            [
              -88.9229965616558,
              29.03114827467544
            ],
            [
              -88.9228939194376,
              29.031149744455803
            ],
            [
              -88.9228905748029,
              29.03096932796587
            ],
            [
              -88.92278793275533,
              29.030970797657023
            ],
            [
              -88.9227845883295,
              29.030790381151046
            ],
            [
              -88.92268194645254,
              29.030791850752983
            ],
            [
              -88.92267860223558,
              29.03061143423094
            ],
            [
              -88.92257596052923,
              29.030612903743677
            ],
            [
              -88.92257428852136,
              29.03052269547528
            ],
            [
              -88.92247164689647,
              29.03052416490422
            ],
            [
              -88.92246830308194,
              29.03034374835269
            ],
            [
              -88.92236566162768,
              29.030345217692428
            ],
            [
              -88.92235897444694,
              29.029984384552034
            ],
            [
              -88.92246161554469,
              29.029982915233997
            ],
            [
              -88.92245325629524,
              29.029531873806388
            ],
            [
              -88.92235061564313,
              29.029533343097285
            ],
            [
              -88.9223489439053,
              29.02944313480245
            ],
            [
              -88.92224630333466,
              29.029444604009583
            ],
            [
              -88.92224463169362,
              29.029354395707994
            ],
            [
              -88.92214199120444,
              29.02935586483135
            ],
            [
              -88.92214031966016,
              29.02926565652306
            ],
            [
              -88.92203767925248,
              29.029267125562633
            ],
            [
              -88.92203935070762,
              29.02935733387635
            ],
            [
              -88.92183406969104,
              29.02936027173132
            ],
            [
              -88.92183574097558,
              29.029450480054606
            ],
            [
              -88.9217331003667,
              29.029451948869973
            ],
            [
              -88.92173477156976,
              29.029542157197373
            ],
            [
              -88.9216321308641,
              29.029543625939816
            ],
            [
              -88.92163380198568,
              29.02963383427133
            ],
            [
              -88.92153116118325,
              29.029635302940857
            ],
            [
              -88.92153283222335,
              29.0297255112765
            ],
            [
              -88.92112226858066,
              29.029731385192754
            ],
            [
              -88.92112393927191,
              29.029821593548792
            ],
            [
              -88.92040545197902,
              29.029831869923605
            ],
            [
              -88.92040378191167,
              29.029741661529638
            ],
            [
              -88.92019849993747,
              29.029744596920715
            ],
            [
              -88.92019683005603,
              29.029654388514583
            ],
            [
              -88.92009418914658,
              29.029655856087167
            ],
            [
              -88.92009251936189,
              29.02956564767434
            ],
            [
              -88.91998987853394,
              29.029567115163154
            ],
            [
              -88.91998820884602,
              29.029476906743593
            ],
            [
              -88.91978292734547,
              29.02947984147534
            ],
            [
              -88.91978125784344,
              29.029389633043635
            ],
            [
              -88.91957597649056,
              29.029392567451126
            ],
            [
              -88.91957430717443,
              29.029302359007307
            ],
            [
              -88.91947166657566,
              29.029303826088107
            ],
            [
              -88.91946999735627,
              29.029213617637556
            ],
            [
              -88.919367356839,
              29.0292150846346
            ],
            [
              -88.9193656877164,
              29.02912487617733
            ],
            [
              -88.91926304728061,
              29.029126343090585
            ],
            [
              -88.91926137825475,
              29.02903613462661
            ],
            [
              -88.91915873790045,
              29.02903760145611
            ],
            [
              -88.91915706897136,
              29.0289473929854
            ],
            [
              -88.91905442869854,
              29.028948859731138
            ],
            [
              -88.91905275986622,
              29.028858651253717
            ],
            [
              -88.91874483926932,
              29.028863051004574
            ],
            [
              -88.91874317071199,
              29.02877284250961
            ],
            [
              -88.91864053058688,
              29.028774308931105
            ],
            [
              -88.9186421990551,
              29.02886451743149
            ],
            [
              -88.91812899786942,
              29.028871848390832
            ],
            [
              -88.91812732984684,
              29.028781639863382
            ],
            [
              -88.91781940931122,
              29.028786037482547
            ],
            [
              -88.91781774156364,
              29.02869582893756
            ],
            [
              -88.91761246134665,
              29.028698760281088
            ],
            [
              -88.91761079378495,
              29.028608551723977
            ],
            [
              -88.91750815375413,
              29.028610017272797
            ],
            [
              -88.91750648628917,
              29.028519808708968
            ],
            [
              -88.91740384633985,
              29.02852127417404
            ],
            [
              -88.91740217897164,
              29.0284310656035
            ],
            [
              -88.91729953910381,
              29.02843253098481
            ],
            [
              -88.91729620456854,
              29.028252113829
            ],
            [
              -88.91719356487131,
              29.02825357912114
            ],
            [
              -88.9171902305448,
              29.02807316194932
            ],
            [
              -88.9170875910182,
              29.028074627152286
            ],
            [
              -88.91708425690044,
              29.027894209964437
            ],
            [
              -88.91698161754444,
              29.027895675078252
            ],
            [
              -88.91697828363542,
              29.02771525787438
            ],
            [
              -88.91687564445004,
              29.027716722899008
            ],
            [
              -88.9168739775961,
              29.02762651428972
            ],
            [
              -88.91677133849221,
              29.027627979230587
            ],
            [
              -88.91676800498541,
              29.02744756199729
            ],
            [
              -88.91666536605214,
              29.027449026849
            ],
            [
              -88.9166620327541,
              29.027268609599684
            ],
            [
              -88.91655939399142,
              29.027270074362228
            ],
            [
              -88.91655439436892,
              29.026999448462274
            ],
            [
              -88.91645175586596,
              29.027000913130248
            ],
            [
              -88.91644842300063,
              29.0268204958463
            ],
            [
              -88.91655106132535,
              29.02681903118915
            ],
            [
              -88.91654772831231,
              29.0266386139108
            ],
            [
              -88.91665036645117,
              29.026637149186122
            ],
            [
              -88.91664869986697,
              29.026546940550418
            ],
            [
              -88.91675133790908,
              29.026545475752805
            ],
            [
              -88.9167496712434,
              29.02645526712121
            ],
            [
              -88.91705758505667,
              29.02645087227454
            ],
            [
              -88.91705591813127,
              29.026360663657883
            ],
            [
              -88.91849284710447,
              29.026340145126458
            ],
            [
              -88.91849451527746,
              29.026430353667344
            ],
            [
              -88.91890506649436,
              29.026424488387825
            ],
            [
              -88.91890673503141,
              29.026514696905746
            ],
            [
              -88.91921464863128,
              29.026510297107265
            ],
            [
              -88.91921631744331,
              29.02660050560765
            ],
            [
              -88.9195242312418,
              29.02659610508783
            ],
            [
              -88.91952590032881,
              29.026686313570664
            ],
            [
              -88.9198338143259,
              29.026681912329515
            ],
            [
              -88.91983548368788,
              29.026772120794785
            ],
            [
              -88.92014339788356,
              29.026767718832293
            ],
            [
              -88.92014506752052,
              29.02685792728001
            ],
            [
              -88.92024770565959,
              29.02685645979707
            ],
            [
              -88.92025104513466,
              29.027036876677773
            ],
            [
              -88.92035368344432,
              29.027035409105654
            ],
            [
              -88.9203570231282,
              29.02721582597032
            ],
            [
              -88.92056230008104,
              29.027212890569377
            ],
            [
              -88.92056397011268,
              29.027303098988916
            ],
            [
              -88.92087188575198,
              29.02729869528364
            ],
            [
              -88.9208735560586,
              29.02738890368562
            ],
            [
              -88.92097619467886,
              29.02738743562175
            ],
            [
              -88.92097786508224,
              29.027477644017004
            ],
            [
              -88.92128578116451,
              29.02747323933907
            ],
            [
              -88.9212891225289,
              29.027653656093154
            ],
            [
              -88.92139176138595,
              29.027652187699623
            ],
            [
              -88.92139343216873,
              29.027742396069307
            ],
            [
              -88.92149607110724,
              29.02774092759202
            ],
            [
              -88.92149774198678,
              29.027831135954965
            ],
            [
              -88.92160038100677,
              29.02782966739391
            ],
            [
              -88.92160372296705,
              29.02801008410505
            ],
            [
              -88.92170636215762,
              29.028008615454805
            ],
            [
              -88.92171471763767,
              29.028459657182786
            ],
            [
              -88.9218173572662,
              29.028458188427074
            ],
            [
              -88.92182069968999,
              29.028638605098337
            ],
            [
              -88.92192333948913,
              29.02863713625343
            ],
            [
              -88.92192501080162,
              29.028727344581668
            ],
            [
              -88.92202765068222,
              29.028725875652984
            ],
            [
              -88.92202932209148,
              29.028816083974508
            ],
            [
              -88.92233724195475,
              29.028811676702084
            ],
            [
              -88.92233891363902,
              29.028901885006043
            ],
            [
              -88.92274947370615,
              29.02889600752423
            ],
            [
              -88.92275114575456,
              29.028986215805176
            ],
            [
              -88.92285378584134,
              29.028984746233423
            ],
            [
              -88.92285880229986,
              29.029255371052173
            ],
            [
              -88.92296144264635,
              29.029253901385786
            ],
            [
              -88.92296478716854,
              29.029434317914273
            ],
            [
              -88.92306742768564,
              29.02943284815868
            ],
            [
              -88.92307077241668,
              29.029613264671095
            ],
            [
              -88.92327605378442,
              29.02961032490315
            ],
            [
              -88.92327772633966,
              29.029700533146556
            ],
            [
              -88.92338036710119,
              29.029699063139635
            ],
            [
              -88.9233820397532,
              29.029789271376305
            ],
            [
              -88.92358732143154,
              29.029786331116526
            ],
            [
              -88.92359066711506,
              29.02996674756427
            ],
            [
              -88.923693308121,
              29.029965277305994
            ],
            [
              -88.92369498106338,
              29.03005548552249
            ],
            [
              -88.92379762215079,
              29.030054015180443
            ],
            [
              -88.92379929518994,
              29.03014422339019
            ],
            [
              -88.92390193635882,
              29.030142752964352
            ],
            [
              -88.92390528263834,
              29.030323169369122
            ],
            [
              -88.92400792397784,
              29.030321698854074
            ],
            [
              -88.92401127046625,
              29.03050211524276
            ],
            [
              -88.92411391197633,
              29.030500644638494
            ],
            [
              -88.92412060540157,
              29.030861477378565
            ],
            [
              -88.92401796353495,
              29.030862948004557
            ],
            [
              -88.92402131011524,
              29.03104336437765
            ],
            [
              -88.92391866806271,
              29.031044834936143
            ],
            [
              -88.92392201449536,
              29.031225251314897
            ],
            [
              -88.9238193722569,
              29.031226721805893
            ],
            [
              -88.92382439169589,
              29.031497346380558
            ],
            [
              -88.92372174918239,
              29.03149881680949
            ],
            [
              -88.92372342225488,
              29.03158902500388
            ],
            [
              -88.9236207796446,
              29.031590495359875
            ],
            [
              -88.92362245263561,
              29.031680703558386
            ]
          ]
        ]
      },
      "properties": {
        "incident_id": "SP-013",
        "type": "AI-detected-slick",
        "source": "Sentinel-1 SAR",
        "method": "U-Net segmentation + radiometric filtering"
      }
    },
    {
      "type": "Feature",
      "geometry": {
        "type": "Polygon",
        "coordinates": [
          [
            [
              -88.98512130826049,
              29.031687972665573
            ],
            [
              -88.98471075245233,
              29.031694041282766
            ],
            [
              -88.98470902635202,
              29.031603836378924
            ],
            [
              -88.9845037485788,
              29.031606870206225
            ],
            [
              -88.98450202266463,
              29.03151666528988
            ],
            [
              -88.98439938385529,
              29.03151818208042
            ],
            [
              -88.98439765803813,
              29.031427977157154
            ],
            [
              -88.98408974183013,
              29.03143252704186
            ],
            [
              -88.98408801628824,
              29.0313423221005
            ],
            [
              -88.98378010027653,
              29.031346871263274
            ],
            [
              -88.98378182555108,
              29.031437076221437
            ],
            [
              -88.9836791867756,
              29.03143859245793
            ],
            [
              -88.98368091196892,
              29.031528797420382
            ],
            [
              -88.98357827309641,
              29.03153031358413
            ],
            [
              -88.9835799982085,
              29.031620518550866
            ],
            [
              -88.98337472026161,
              29.031623550654515
            ],
            [
              -88.98337644520332,
              29.031713755631156
            ],
            [
              -88.9827606106385,
              29.03172285009532
            ],
            [
              -88.9827588862315,
              29.031632645085097
            ],
            [
              -88.98255360815836,
              29.031635675935178
            ],
            [
              -88.9825518839375,
              29.031545470912466
            ],
            [
              -88.98214132805302,
              29.031551531650052
            ],
            [
              -88.98213960419655,
              29.031461326603655
            ],
            [
              -88.98172904854236,
              29.0314673860653
            ],
            [
              -88.98172732505026,
              29.03137718099522
            ],
            [
              -88.98162468620612,
              29.031378695659175
            ],
            [
              -88.9816212394238,
              29.031198285503915
            ],
            [
              -88.98151860075002,
              29.03119980007833
            ],
            [
              -88.98151343090305,
              29.03092918481888
            ],
            [
              -88.98141079248875,
              29.030930699298164
            ],
            [
              -88.98140734614175,
              29.03075028910748
            ],
            [
              -88.98150998437784,
              29.030748774639378
            ],
            [
              -88.98150481464913,
              29.030478159360346
            ],
            [
              -88.98160745260995,
              29.030476644830664
            ],
            [
              -88.98160572929369,
              29.030386439740635
            ],
            [
              -88.98181100501347,
              29.030383410457432
            ],
            [
              -88.98180928152686,
              29.03029320537728
            ],
            [
              -88.98201455703685,
              29.030290175791894
            ],
            [
              -88.98201283337991,
              29.030199970721622
            ],
            [
              -88.98211547103395,
              29.03019845581701
            ],
            [
              -88.98211374729578,
              29.030108250751034
            ],
            [
              -88.98221638485282,
              29.03010673577366
            ],
            [
              -88.98221466103342,
              29.030016530711972
            ],
            [
              -88.98241993594563,
              29.030013500533396
            ],
            [
              -88.98241821195587,
              29.029923295481584
            ],
            [
              -88.9826234866583,
              29.02992026500083
            ],
            [
              -88.98262176249821,
              29.029830059958897
            ],
            [
              -88.98282703699086,
              29.02982702917597
            ],
            [
              -88.98282531266042,
              29.02973682414393
            ],
            [
              -88.98344113541428,
              29.029727729948473
            ],
            [
              -88.98343941055707,
              29.029637524948708
            ],
            [
              -88.98374732156013,
              29.029632976810163
            ],
            [
              -88.98374559644346,
              29.029542771825888
            ],
            [
              -88.98384823333957,
              29.029541255628615
            ],
            [
              -88.98384478295169,
              29.029360845667348
            ],
            [
              -88.98394741966169,
              29.029359329402936
            ],
            [
              -88.98394224387174,
              29.02908871446804
            ],
            [
              -88.98404488030651,
              29.029087198142086
            ],
            [
              -88.98404142964112,
              29.028906788190152
            ],
            [
              -88.98424670213055,
              29.028903755325626
            ],
            [
              -88.98424497663147,
              29.028813550358905
            ],
            [
              -88.98434761277524,
              29.028812033814727
            ],
            [
              -88.98434588719495,
              29.028721828852298
            ],
            [
              -88.98444852324171,
              29.028720312235382
            ],
            [
              -88.9844467975802,
              29.028630107277255
            ],
            [
              -88.98454943352995,
              29.02862859058761
            ],
            [
              -88.98454770778724,
              29.028538385633766
            ],
            [
              -88.98465034364,
              29.028536868871377
            ],
            [
              -88.98464861781606,
              29.028446663921816
            ],
            [
              -88.98475125357182,
              29.028445147086696
            ],
            [
              -88.98474952766668,
              29.02835494214145
            ],
            [
              -88.98485216332541,
              29.028353425233586
            ],
            [
              -88.98485043733908,
              29.02826322029263
            ],
            [
              -88.9849530729008,
              29.028261703312044
            ],
            [
              -88.98495134683326,
              29.028171498375382
            ],
            [
              -88.98515661775481,
              29.02816846419038
            ],
            [
              -88.98515489151694,
              29.028078259263623
            ],
            [
              -88.98546279757274,
              29.028073707415405
            ],
            [
              -88.98546107107545,
              29.027983502504146
            ],
            [
              -88.9856663415616,
              29.027980467558184
            ],
            [
              -88.985664614894,
              29.027890262656832
            ],
            [
              -88.98586988517035,
              29.02788722740874
            ],
            [
              -88.98586815833244,
              29.027797022517294
            ],
            [
              -88.98597079336965,
              29.027795504781352
            ],
            [
              -88.98596906645054,
              29.027705299894198
            ],
            [
              -88.98617433632306,
              29.02770226419851
            ],
            [
              -88.98617088215211,
              29.027521854442703
            ],
            [
              -88.98637615163662,
              29.0275188184561
            ],
            [
              -88.98637442438479,
              29.027428613587446
            ],
            [
              -88.98647705902609,
              29.02742709548226
            ],
            [
              -88.98647533169307,
              29.027336890617892
            ],
            [
              -88.98657796623735,
              29.02733537243998
            ],
            [
              -88.98657623882313,
              29.027245167579924
            ],
            [
              -88.98688414214126,
              29.027240612592966
            ],
            [
              -88.98688586982279,
              29.027330817436194
            ],
            [
              -88.98709113884021,
              29.027327780375334
            ],
            [
              -88.98708941098049,
              29.027237575543325
            ],
            [
              -88.98719204538824,
              29.027236056901007
            ],
            [
              -88.98719031744731,
              29.027145852073307
            ],
            [
              -88.98729295175806,
              29.027144333358255
            ],
            [
              -88.98729122373595,
              29.027054128534846
            ],
            [
              -88.98739385794968,
              29.027052609747074
            ],
            [
              -88.98739212984638,
              29.02696240492796
            ],
            [
              -88.9874947639631,
              29.026960886067467
            ],
            [
              -88.9874930357786,
              29.026870681252667
            ],
            [
              -88.98759566979832,
              29.026869162319453
            ],
            [
              -88.98759394153262,
              29.02677895750895
            ],
            [
              -88.98769657545535,
              29.026777438503007
            ],
            [
              -88.98769484710846,
              29.026687233696812
            ],
            [
              -88.98779748093416,
              29.02668571461815
            ],
            [
              -88.98779575250607,
              29.02659550981626
            ],
            [
              -88.98789838623479,
              29.026593990664875
            ],
            [
              -88.9878966577255,
              29.026503785867288
            ],
            [
              -88.9879992913572,
              29.026502266643174
            ],
            [
              -88.98799756276674,
              29.026412061849893
            ],
            [
              -88.98810019630143,
              29.026410542553066
            ],
            [
              -88.98809846762978,
              29.026320337764083
            ],
            [
              -88.98820110106746,
              29.02631881839454
            ],
            [
              -88.98819937231463,
              29.026228613609856
            ],
            [
              -88.98830200565531,
              29.0262270941676
            ],
            [
              -88.98830027682128,
              29.026136889387228
            ],
            [
              -88.98860817652854,
              29.026132330607286
            ],
            [
              -88.98860644743515,
              29.02604212584243
            ],
            [
              -88.98881171368892,
              29.02603908627539
            ],
            [
              -88.98880998442523,
              29.02594888152047
            ],
            [
              -88.98891261745115,
              29.025947361625057
            ],
            [
              -88.98891088810629,
              29.02585715687444
            ],
            [
              -88.9890135210352,
              29.02585563690632
            ],
            [
              -88.98901179160916,
              29.025765432160014
            ],
            [
              -88.98911442444106,
              29.02576391211918
            ],
            [
              -88.98911269493384,
              29.025673707377177
            ],
            [
              -88.98921532766872,
              29.025672187263623
            ],
            [
              -88.98921359808031,
              29.025581982525917
            ],
            [
              -88.9893162307182,
              29.02558046233965
            ],
            [
              -88.98931450104861,
              29.025490257606272
            ],
            [
              -88.98941713358948,
              29.02548873734729
            ],
            [
              -88.98941540383872,
              29.025398532618215
            ],
            [
              -88.98972330114661,
              29.02539397138815
            ],
            [
              -88.98972157113647,
              29.02530376667461
            ],
            [
              -88.99085052634241,
              29.02528703619498
            ],
            [
              -88.99084879536018,
              29.02519683154192
            ],
            [
              -88.99218301275526,
              29.025177047011002
            ],
            [
              -88.99218474489568,
              29.025267251591004
            ],
            [
              -88.99341633006374,
              29.02524897713068
            ],
            [
              -88.99341806328118,
              29.02533918164188
            ],
            [
              -88.99372595966207,
              29.02533461124759
            ],
            [
              -88.99372942665532,
              29.02551502023232
            ],
            [
              -88.99383205894459,
              29.025513496599633
            ],
            [
              -88.99383725976121,
              29.025784110050065
            ],
            [
              -88.99373462720465,
              29.025785633699613
            ],
            [
              -88.99373636073696,
              29.02587583818611
            ],
            [
              -88.99363372808338,
              29.02587736176295
            ],
            [
              -88.9936371949936,
              29.026057770743265
            ],
            [
              -88.9935345621539,
              29.026059294253038
            ],
            [
              -88.99353629553183,
              29.02614949874686
            ],
            [
              -88.99343366259508,
              29.026151022183935
            ],
            [
              -88.99343539589182,
              29.026241226682075
            ],
            [
              -88.99333276285807,
              29.02624275004644
            ],
            [
              -88.99333449607366,
              29.026332954548884
            ],
            [
              -88.99323186294286,
              29.026334477840557
            ],
            [
              -88.99323359607729,
              29.026424682347336
            ],
            [
              -88.99313096284948,
              29.026426205566302
            ],
            [
              -88.99313442896391,
              29.026606614587184
            ],
            [
              -88.99292916212812,
              29.026609660812607
            ],
            [
              -88.99293262791788,
              29.02679006985077
            ],
            [
              -88.99282999430989,
              29.026791592857233
            ],
            [
              -88.99283172712755,
              29.02688179737997
            ],
            [
              -88.99272909342255,
              29.026883320313722
            ],
            [
              -88.99273082615905,
              29.0269735248408
            ],
            [
              -88.99252555854704,
              29.026976570484564
            ],
            [
              -88.99252729111328,
              29.027066775021577
            ],
            [
              -88.99242465720627,
              29.02706829773158
            ],
            [
              -88.99242638969133,
              29.027158502272894
            ],
            [
              -88.99222112167536,
              29.027161547469166
            ],
            [
              -88.99222285399013,
              29.027251752020426
            ],
            [
              -88.99201758576426,
              29.02725479691461
            ],
            [
              -88.99201931790877,
              29.02734500147581
            ],
            [
              -88.99181404947298,
              29.027348046067903
            ],
            [
              -88.99181578144722,
              29.02743825063903
            ],
            [
              -88.99171314712832,
              29.027439772823207
            ],
            [
              -88.99171487902139,
              29.027529977398654
            ],
            [
              -88.99150961018165,
              29.027533021543224
            ],
            [
              -88.99151134190443,
              29.02762322612861
            ],
            [
              -88.99140870738357,
              29.027624748089025
            ],
            [
              -88.99141043902517,
              29.027714952678714
            ],
            [
              -88.99120516978148,
              29.02771799637578
            ],
            [
              -88.99120863273204,
              29.027898405573733
            ],
            [
              -88.99100336310025,
              29.027901448979925
            ],
            [
              -88.99100682572607,
              29.028081858195122
            ],
            [
              -88.99090419072009,
              29.028083379791948
            ],
            [
              -88.99090592195577,
              29.028173584403216
            ],
            [
              -88.99080328685277,
              29.02817510592733
            ],
            [
              -88.99080501800726,
              29.028265310542906
            ],
            [
              -88.99049711238341,
              29.028269874662094
            ],
            [
              -88.99049884327852,
              29.028360079293204
            ],
            [
              -88.9903962079656,
              29.028361600515215
            ],
            [
              -88.99039793877952,
              29.028451805150652
            ],
            [
              -88.99009003252598,
              29.028456368363507
            ],
            [
              -88.9900917630805,
              29.028546573014477
            ],
            [
              -88.98998912755772,
              29.028548093934372
            ],
            [
              -88.98999085803105,
              29.02863829858965
            ],
            [
              -88.9897855867835,
              29.02864134020566
            ],
            [
              -88.98978731708654,
              29.02873154487087
            ],
            [
              -88.98968468136178,
              29.028733065566993
            ],
            [
              -88.98968641158362,
              29.028823270236504
            ],
            [
              -88.9890705965342,
              29.028832392801768
            ],
            [
              -88.9890723262293,
              29.028922597503673
            ],
            [
              -88.98866178234832,
              29.028928677669537
            ],
            [
              -88.98866351169491,
              29.02901888239258
            ],
            [
              -88.98835560343375,
              29.02902344171126
            ],
            [
              -88.98835733252092,
              29.02911364644983
            ],
            [
              -88.98825469632892,
              29.02911516607167
            ],
            [
              -88.9882564253349,
              29.02920537081454
            ],
            [
              -88.98805115274898,
              29.0292084098344
            ],
            [
              -88.98805288158464,
              29.029298614587194
            ],
            [
              -88.9879502451907,
              29.029300133985224
            ],
            [
              -88.98795197394516,
              29.02939033874233
            ],
            [
              -88.9878493374542,
              29.029391858067626
            ],
            [
              -88.9878545234977,
              29.029662472347923
            ],
            [
              -88.98775188673149,
              29.029663991611702
            ],
            [
              -88.98775534395514,
              29.029844401136597
            ],
            [
              -88.98765270700282,
              29.02984592033326
            ],
            [
              -88.9876544355374,
              29.029936125099365
            ],
            [
              -88.98755179848803,
              29.029937644223303
            ],
            [
              -88.9875535269414,
              29.030027848993686
            ],
            [
              -88.98745088979503,
              29.03002936804489
            ],
            [
              -88.98745261816718,
              29.030119572819583
            ],
            [
              -88.98724734367248,
              29.030122610698182
            ],
            [
              -88.98724907187432,
              29.030212815482802
            ],
            [
              -88.98714643452598,
              29.030214334310195
            ],
            [
              -88.98714816264663,
              29.030304539099095
            ],
            [
              -88.98704552520127,
              29.030306057853764
            ],
            [
              -88.98704898128803,
              29.03048646743889
            ],
            [
              -88.98694634365653,
              29.03048798612643
            ],
            [
              -88.98694807162265,
              29.030578190922633
            ],
            [
              -88.98674279615771,
              29.03058122807387
            ],
            [
              -88.9867445239535,
              29.03067143287998
            ],
            [
              -88.98653924827872,
              29.030674469729068
            ],
            [
              -88.98654097590418,
              29.03076467454509
            ],
            [
              -88.98643833796581,
              29.030766192857712
            ],
            [
              -88.98644006551007,
              29.030856397678047
            ],
            [
              -88.98633742747467,
              29.030857915917938
            ],
            [
              -88.98633915493771,
              29.03094812074257
            ],
            [
              -88.98613387866497,
              29.030951156998523
            ],
            [
              -88.98613560595768,
              29.031041361833058
            ],
            [
              -88.98603296772035,
              29.03104287984911
            ],
            [
              -88.98603469493183,
              29.031133084687944
            ],
            [
              -88.9858294182552,
              29.031136120496257
            ],
            [
              -88.98583114529636,
              29.03122632534498
            ],
            [
              -88.98572850685706,
              29.03122784313722
            ],
            [
              -88.985730233817,
              29.03131804799026
            ],
            [
              -88.9855249567365,
              29.031321083350903
            ],
            [
              -88.98552668352607,
              29.03141128821383
            ],
            [
              -88.98542404488485,
              29.031412805782242
            ],
            [
              -88.98542577159321,
              29.031503010649466
            ],
            [
              -88.98532313285497,
              29.03150452814513
            ],
            [
              -88.98532485948212,
              29.03159473301666
            ],
            [
              -88.98511958180367,
              29.031597767784138
            ],
            [
              -88.98512130826049,
              29.031687972665573
            ]
          ]
        ]
      },
      "properties": {
        "incident_id": "SP-013",
        "type": "AI-detected-slick",
        "source": "Sentinel-1 SAR",
        "method": "U-Net segmentation + radiometric filtering"
      }
    },
    {
      "type": "Feature",
      "geometry": {
        "type": "Polygon",
        "coordinates": [
          [
            [
              -88.99474707731298,
              29.025048758190664
            ],
            [
              -88.98971811113995,
              29.0251233572436
            ],
            [
              -88.98971638115356,
              29.02503315252615
            ],
            [
              -88.9895111170023,
              29.025036193379606
            ],
            [
              -88.989509387202,
              29.024945988649602
            ],
            [
              -88.98940675520359,
              29.024947508953215
            ],
            [
              -88.9894050255003,
              29.024857304216315
            ],
            [
              -88.98930239358307,
              29.02485882443599
            ],
            [
              -88.9892902865053,
              29.02422739120171
            ],
            [
              -88.98939291779891,
              29.02422587102132
            ],
            [
              -88.98938945852689,
              29.024045461525287
            ],
            [
              -88.98949208963442,
              29.024043941277814
            ],
            [
              -88.98948863021587,
              29.023863531787786
            ],
            [
              -88.98959126113732,
              29.023862011473213
            ],
            [
              -88.98958780157226,
              29.02368160198918
            ],
            [
              -88.98969043230761,
              29.02368008160753
            ],
            [
              -88.98968697259605,
              29.023499672129503
            ],
            [
              -88.98978960314531,
              29.023498151680744
            ],
            [
              -88.98978614328725,
              29.023317742208732
            ],
            [
              -88.98988877365043,
              29.023316221692887
            ],
            [
              -88.98988704364417,
              29.023226016960532
            ],
            [
              -88.98998967391037,
              29.023224496371977
            ],
            [
              -88.98998794382295,
              29.023134291643945
            ],
            [
              -88.99009057399215,
              29.02313277098268
            ],
            [
              -88.99008711366291,
              29.022952361533918
            ],
            [
              -88.99018974364601,
              29.02295084080558
            ],
            [
              -88.99018801340418,
              29.022860636084857
            ],
            [
              -88.99029064329031,
              29.022859115283804
            ],
            [
              -88.99028718265224,
              29.02267870584966
            ],
            [
              -88.99038981235226,
              29.022677184981532
            ],
            [
              -88.99038808195603,
              29.02258698026812
            ],
            [
              -88.99049071155906,
              29.0225854593273
            ],
            [
              -88.99048725061218,
              29.02240504990779
            ],
            [
              -88.99058988002913,
              29.02240352889987
            ],
            [
              -88.9905881494785,
              29.022313324193767
            ],
            [
              -88.99069077879845,
              29.02231180311315
            ],
            [
              -88.99068904816666,
              29.022221598411374
            ],
            [
              -88.99079167738961,
              29.02222007725806
            ],
            [
              -88.99078994667666,
              29.022129872560583
            ],
            [
              -88.99089257580262,
              29.022128351334572
            ],
            [
              -88.99089084500851,
              29.022038146641414
            ],
            [
              -88.99099347403745,
              29.022036625342707
            ],
            [
              -88.99099174316218,
              29.021946420653858
            ],
            [
              -88.99109437209415,
              29.021944899282452
            ],
            [
              -88.99109264113771,
              29.021854694597913
            ],
            [
              -88.99119526997269,
              29.021853173153797
            ],
            [
              -88.99119353893511,
              29.021762968473578
            ],
            [
              -88.99129616767308,
              29.021761446956784
            ],
            [
              -88.99129443655434,
              29.021671242280878
            ],
            [
              -88.99149969382839,
              29.021668199023566
            ],
            [
              -88.99149796253941,
              29.021577994357596
            ],
            [
              -88.99170321960361,
              29.02157495079828
            ],
            [
              -88.9917014881444,
              29.021484746142225
            ],
            [
              -88.99190674499877,
              29.021481702280887
            ],
            [
              -88.99190501336933,
              29.021391497634774
            ],
            [
              -88.99200764169555,
              29.02138997559226
            ],
            [
              -88.99200590998498,
              29.021299770950467
            ],
            [
              -88.9922111664355,
              29.02129672664173
            ],
            [
              -88.9922094345547,
              29.021206522009873
            ],
            [
              -88.99231206267899,
              29.02120499974365
            ],
            [
              -88.99231033071705,
              29.021114795116112
            ],
            [
              -88.99261821477518,
              29.021110227864447
            ],
            [
              -88.99261648255393,
              29.021020023252472
            ],
            [
              -88.99271911046839,
              29.021018500684246
            ],
            [
              -88.99271737816599,
              29.020928296076576
            ],
            [
              -88.99302526159458,
              29.0209237279189
            ],
            [
              -88.9930235290329,
              29.020833523326807
            ],
            [
              -88.9931261567375,
              29.020832000456583
            ],
            [
              -88.99312442409467,
              29.020741795868815
            ],
            [
              -88.99332967930197,
              29.02073874990467
            ],
            [
              -88.99332794648892,
              29.02064854532684
            ],
            [
              -88.9934305739916,
              29.020647022232932
            ],
            [
              -88.99342884109741,
              29.020556817659408
            ],
            [
              -88.99373672329065,
              29.020552247924684
            ],
            [
              -88.9937349901372,
              29.020462043366745
            ],
            [
              -88.99404287199184,
              29.020457472944106
            ],
            [
              -88.9940411385791,
              29.02036726840172
            ],
            [
              -88.99434902009517,
              29.020362697291173
            ],
            [
              -88.99434728642316,
              29.020272492764377
            ],
            [
              -88.99465516760061,
              29.020267920965917
            ],
            [
              -88.99465343366933,
              29.020177716454715
            ],
            [
              -88.99485868756983,
              29.020174668208778
            ],
            [
              -88.99485695346834,
              29.02008446370751
            ],
            [
              -88.99506220715897,
              29.020081415159595
            ],
            [
              -88.99506047288727,
              29.01999121066829
            ],
            [
              -88.9953683530965,
              29.019986637275995
            ],
            [
              -88.99536661856554,
              29.019896432800266
            ],
            [
              -88.99567449843613,
              29.019891858720086
            ],
            [
              -88.99567276364593,
              29.019801654259947
            ],
            [
              -88.99659640202738,
              29.01978792784145
            ],
            [
              -88.99659466644351,
              29.019697723430692
            ],
            [
              -88.99690254549387,
              29.01969314656521
            ],
            [
              -88.99690080965074,
              29.01960294217007
            ],
            [
              -88.99731131458375,
              29.019596838609004
            ],
            [
              -88.99730957839232,
              29.01950663423509
            ],
            [
              -88.99751483063302,
              29.019503581995988
            ],
            [
              -88.99751309427141,
              29.01941337763203
            ],
            [
              -88.9988472319034,
              29.01939353051624
            ],
            [
              -88.9988454943919,
              29.01930332622429
            ],
            [
              -88.999153371849,
              29.01929874425821
            ],
            [
              -88.99915163407826,
              29.019208539981882
            ],
            [
              -88.99935688549844,
              29.01920548495758
            ],
            [
              -88.99935514755752,
              29.019115280691228
            ],
            [
              -88.99945777316663,
              29.019113753067252
            ],
            [
              -88.9994560351446,
              29.019023548805244
            ],
            [
              -88.99955866065669,
              29.019022021108604
            ],
            [
              -88.99955692255355,
              29.018931816850923
            ],
            [
              -88.99965954796863,
              29.018930289081627
            ],
            [
              -88.99965780978438,
              29.018840084828277
            ],
            [
              -88.99976043510244,
              29.018838556986324
            ],
            [
              -88.99975869683709,
              29.018748352737312
            ],
            [
              -88.99986132205812,
              29.018746824822703
            ],
            [
              -88.99985958371167,
              29.018656620578028
            ],
            [
              -88.99996220883571,
              29.018655092590752
            ],
            [
              -88.99996047040814,
              29.018564888350408
            ],
            [
              -89.0001657204542,
              29.018561832152233
            ],
            [
              -89.00016398185649,
              29.018471627921873
            ],
            [
              -89.00036923169262,
              29.018468571421774
            ],
            [
              -89.00036749292472,
              29.0183783672014
            ],
            [
              -89.00057274255091,
              29.018375310399378
            ],
            [
              -89.00057100361288,
              29.018285106188976
            ],
            [
              -89.00077625302912,
              29.018282049085037
            ],
            [
              -89.0007745139209,
              29.018191844884637
            ],
            [
              -89.0009797631272,
              29.018188787478774
            ],
            [
              -89.00097802384883,
              29.01809858328836
            ],
            [
              -89.00169639519676,
              29.01808787994087
            ],
            [
              -89.00169813509852,
              29.01817808409176
            ],
            [
              -89.00231388219203,
              29.018168906706254
            ],
            [
              -89.0023156226361,
              29.018259110821937
            ],
            [
              -89.00241824721287,
              29.01825758097798
            ],
            [
              -89.00241998775397,
              29.018347785086718
            ],
            [
              -89.00262523706174,
              29.018344725152595
            ],
            [
              -89.0026269777889,
              29.018434929248706
            ],
            [
              -89.0027296025199,
              29.018433399158546
            ],
            [
              -89.00273134334411,
              29.018523603247704
            ],
            [
              -89.0028339681562,
              29.01852207307359
            ],
            [
              -89.00284615477209,
              29.019153501621563
            ],
            [
              -89.00274352933658,
              29.01915503183524
            ],
            [
              -89.0027470111204,
              29.019335439991337
            ],
            [
              -89.00264438549881,
              29.019336970138028
            ],
            [
              -89.0026461263136,
              29.019427174219775
            ],
            [
              -89.00254350059498,
              29.0194287042938
            ],
            [
              -89.00254524132868,
              29.019518908379887
            ],
            [
              -89.00244261551303,
              29.019520438381257
            ],
            [
              -89.00244435616563,
              29.019610642471683
            ],
            [
              -89.00234173025295,
              29.019612172400404
            ],
            [
              -89.00234521140393,
              29.019792580588643
            ],
            [
              -89.00213995919842,
              29.01979564023375
            ],
            [
              -89.0021416996077,
              29.019885844337225
            ],
            [
              -89.00203907340395,
              29.01988737404796
            ],
            [
              -89.00204081373215,
              29.019977578155764
            ],
            [
              -89.00183556112259,
              29.019980637353633
            ],
            [
              -89.00183730128062,
              29.020070841471423
            ],
            [
              -89.00163204846109,
              29.020073900367365
            ],
            [
              -89.00163378844896,
              29.020164104495148
            ],
            [
              -89.00142853541944,
              29.020167163089145
            ],
            [
              -89.00143027523713,
              29.020257367226918
            ],
            [
              -88.99999350189213,
              29.0202787686934
            ],
            [
              -88.99999524047084,
              29.020368972908916
            ],
            [
              -88.99958473315814,
              29.020375084817083
            ],
            [
              -88.99958647138853,
              29.020465289053856
            ],
            [
              -88.99938121750631,
              29.02046834454936
            ],
            [
              -88.99938295556652,
              29.02055854879611
            ],
            [
              -88.99907507441634,
              29.02056313146898
            ],
            [
              -88.9990768122173,
              29.020653335731357
            ],
            [
              -88.99897418506228,
              29.020654863138
            ],
            [
              -88.99897592278211,
              29.020745067404704
            ],
            [
              -88.99877066827005,
              29.02074812199434
            ],
            [
              -88.9987724058197,
              29.020838326271008
            ],
            [
              -88.99856715109772,
              29.020841380558686
            ],
            [
              -88.99856888847717,
              29.02093158484535
            ],
            [
              -88.99836363354524,
              29.020934638831065
            ],
            [
              -88.9983653707545,
              29.021024843127684
            ],
            [
              -88.99816011561263,
              29.02102789681143
            ],
            [
              -88.99816185265169,
              29.02111810111802
            ],
            [
              -88.9977513419163,
              29.02112420756831
            ],
            [
              -88.99775307860702,
              29.021214411896157
            ],
            [
              -88.99765045081423,
              29.021215938318587
            ],
            [
              -88.99765218742382,
              29.021306142650758
            ],
            [
              -88.99744693163628,
              29.02130919527196
            ],
            [
              -88.99744866807568,
              29.021399399614108
            ],
            [
              -88.9973460400809,
              29.02140092581287
            ],
            [
              -88.99734777643918,
              29.021491130159347
            ],
            [
              -88.99724514834739,
              29.02149265628544
            ],
            [
              -88.99724688462454,
              29.02158286063623
            ],
            [
              -88.99714425643573,
              29.02158438668965
            ],
            [
              -88.99714599263174,
              29.02167459104478
            ],
            [
              -88.99704336434593,
              29.021676117025507
            ],
            [
              -88.99704683658365,
              29.021856525743125
            ],
            [
              -88.99684157963186,
              29.021859577492194
            ],
            [
              -88.99684331558448,
              29.021949781860318
            ],
            [
              -88.99663805842277,
              29.02195283330739
            ],
            [
              -88.9966397942052,
              29.022043037685464
            ],
            [
              -88.99643453683356,
              29.022046088830553
            ],
            [
              -88.99643627244576,
              29.022136293218598
            ],
            [
              -88.99623101486422,
              29.022139344061692
            ],
            [
              -88.99623275030622,
              29.022229548459688
            ],
            [
              -88.99602749251474,
              29.022232599000787
            ],
            [
              -88.99603096306626,
              29.02241300781542
            ],
            [
              -88.99582570488673,
              29.022416058065776
            ],
            [
              -88.99582917511367,
              29.022596466897692
            ],
            [
              -88.99572654583383,
              29.022597991916665
            ],
            [
              -88.99573175096657,
              29.022868605171645
            ],
            [
              -88.99562912141155,
              29.022870130129203
            ],
            [
              -88.99563779634614,
              29.02332115222286
            ],
            [
              -88.99553516633779,
              29.023322677130245
            ],
            [
              -88.99554210607202,
              29.023683494804175
            ],
            [
              -88.9954394756994,
              29.02368501965577
            ],
            [
              -88.99544641520431,
              29.024045837331315
            ],
            [
              -88.99534378446742,
              29.02404736212712
            ],
            [
              -88.99535072374299,
              29.024408179804297
            ],
            [
              -88.99524809264182,
              29.02440970454429
            ],
            [
              -88.99525156214905,
              29.0245901133863
            ],
            [
              -88.99514893086176,
              29.024591638059228
            ],
            [
              -88.99515240022257,
              29.024772046907287
            ],
            [
              -88.99504976874915,
              29.024773571513165
            ],
            [
              -88.99505150335239,
              29.024863775940847
            ],
            [
              -88.99494887178194,
              29.02486530047403
            ],
            [
              -88.99495060630402,
              29.024955504906046
            ],
            [
              -88.99474534296115,
              29.0249585537487
            ],
            [
              -88.99474707731298,
              29.025048758190664
            ]
          ]
        ]
      },
      "properties": {
        "incident_id": "SP-013",
        "type": "AI-detected-slick",
        "source": "Sentinel-1 SAR",
        "method": "U-Net segmentation + radiometric filtering"
      }
    },
    {
      "type": "Feature",
      "geometry": {
        "type": "Polygon",
        "coordinates": [
          [
            [
              -88.9216712712287,
              29.026114239842332
            ],
            [
              -88.92043962289422,
              29.026131857108084
            ],
            [
              -88.92043795305105,
              29.02604164866623
            ],
            [
              -88.91992476636581,
              29.026048985837047
            ],
            [
              -88.91992309697581,
              29.025958777366785
            ],
            [
              -88.91961518514033,
              29.02596317871293
            ],
            [
              -88.91961685426298,
              29.02605338719944
            ],
            [
              -88.91643509184433,
              29.02609882665851
            ],
            [
              -88.91643342548412,
              29.026008618004184
            ],
            [
              -88.91612551287027,
              29.026013011359552
            ],
            [
              -88.91612218070735,
              29.025832594014574
            ],
            [
              -88.91601954333237,
              29.025834058298873
            ],
            [
              -88.91601287945447,
              29.02547322357166
            ],
            [
              -88.91611551647301,
              29.025471759308996
            ],
            [
              -88.91611385043348,
              29.02538155062935
            ],
            [
              -88.91631912426946,
              29.02537862187983
            ],
            [
              -88.91631745805934,
              29.025288413209694
            ],
            [
              -88.91652273168663,
              29.025285484157628
            ],
            [
              -88.91652106530591,
              29.025195275497016
            ],
            [
              -88.9168289754223,
              29.0251908813476
            ],
            [
              -88.9168273087819,
              29.02510067270192
            ],
            [
              -88.91713521856235,
              29.0250962778637
            ],
            [
              -88.91713355166225,
              29.02500606923295
            ],
            [
              -88.91754409757297,
              29.02500020837355
            ],
            [
              -88.91754243032406,
              29.024909999763146
            ],
            [
              -88.91774770305544,
              29.024907068874246
            ],
            [
              -88.91774603563596,
              29.02481686027337
            ],
            [
              -88.91784867190108,
              29.024815394716818
            ],
            [
              -88.91784533690681,
              29.024634977522
            ],
            [
              -88.9179479729861,
              29.024633511897942
            ],
            [
              -88.9179463054113,
              29.024543303303993
            ],
            [
              -88.91804894139386,
              29.024541837607007
            ],
            [
              -88.9180406031888,
              29.024090794644835
            ],
            [
              -88.91814323871822,
              29.024089328896586
            ],
            [
              -88.9181399033114,
              29.023908911713438
            ],
            [
              -88.91824253865498,
              29.023907445897677
            ],
            [
              -88.91824087087392,
              29.023817237309576
            ],
            [
              -88.91834350612076,
              29.023815771420896
            ],
            [
              -88.91834183825823,
              29.023725562836894
            ],
            [
              -88.91844447340834,
              29.023724096875295
            ],
            [
              -88.91844113752798,
              29.023543679714244
            ],
            [
              -88.91854377249226,
              29.02354221368515
            ],
            [
              -88.91853042856329,
              29.022820545032236
            ],
            [
              -88.91863306280716,
              29.022819078968126
            ],
            [
              -88.91862972672304,
              29.022638661802738
            ],
            [
              -88.91873236078108,
              29.022637195671123
            ],
            [
              -88.91873069266138,
              29.022546987091886
            ],
            [
              -88.9188333266227,
              29.022545520887356
            ],
            [
              -88.91883165842154,
              29.02245531231224
            ],
            [
              -88.91893429228612,
              29.02245384603479
            ],
            [
              -88.9189326240035,
              29.022363637463798
            ],
            [
              -88.91903525777137,
              29.02236217111344
            ],
            [
              -88.91903358940728,
              29.022271962546554
            ],
            [
              -88.91923885674191,
              29.02226902962168
            ],
            [
              -88.91923718820726,
              29.022178821064326
            ],
            [
              -88.91944245533317,
              29.022175887836976
            ],
            [
              -88.91944078662797,
              29.022085679289162
            ],
            [
              -88.91985132043179,
              29.022079811916182
            ],
            [
              -88.91985465856254,
              29.022260228967166
            ],
            [
              -88.9199572921726,
              29.02225876191726
            ],
            [
              -88.91995896133852,
              29.0223489704354
            ],
            [
              -88.92006159503002,
              29.02234750330174
            ],
            [
              -88.92006326429268,
              29.022437711813144
            ],
            [
              -88.92016589806563,
              29.022436244595745
            ],
            [
              -88.92016756742503,
              29.022526453100447
            ],
            [
              -88.92027020127945,
              29.022524985799297
            ],
            [
              -88.92027187073556,
              29.022615194297273
            ],
            [
              -88.92047713859967,
              29.022612259449154
            ],
            [
              -88.92047880824163,
              29.02270246793499
            ],
            [
              -88.9205814422513,
              29.022701000388015
            ],
            [
              -88.92058311199,
              29.02279120886713
            ],
            [
              -88.92109628236928,
              29.022783869930205
            ],
            [
              -88.9210912718397,
              29.02251324457028
            ],
            [
              -88.92119390562534,
              29.022511776564173
            ],
            [
              -88.9211905651323,
              29.0223313596619
            ],
            [
              -88.92129319873213,
              29.02232989158831
            ],
            [
              -88.92128818778262,
              29.022059266241413
            ],
            [
              -88.92139082110751,
              29.022057798105763
            ],
            [
              -88.92138079888032,
              29.021516547409423
            ],
            [
              -88.92127816608998,
              29.02151801551255
            ],
            [
              -88.9212748255869,
              29.021337598592524
            ],
            [
              -88.92117219296709,
              29.021339066606465
            ],
            [
              -88.92117052281611,
              29.021248858139092
            ],
            [
              -88.92106789027775,
              29.02125032606929
            ],
            [
              -88.9210662202235,
              29.021160117595183
            ],
            [
              -88.9209635877666,
              29.02116158544164
            ],
            [
              -88.92096024785918,
              29.020981168478688
            ],
            [
              -88.92085761557279,
              29.02098263623598
            ],
            [
              -88.92085260603628,
              29.020712010765546
            ],
            [
              -88.92054470993305,
              29.020716413518688
            ],
            [
              -88.9205480490819,
              29.020896830532813
            ],
            [
              -88.92044541685405,
              29.02089829797138
            ],
            [
              -88.92044708635085,
              29.0209885064819
            ],
            [
              -88.92034445402626,
              29.020989973847573
            ],
            [
              -88.92034612344162,
              29.02108018236222
            ],
            [
              -88.91993559371055,
              29.02108605106333
            ],
            [
              -88.91993392465154,
              29.020995842527
            ],
            [
              -88.91983129228878,
              29.02099730950104
            ],
            [
              -88.91982294755375,
              29.020546266772843
            ],
            [
              -88.9199255794711,
              29.02054479982589
            ],
            [
              -88.91992391045791,
              29.020454591281766
            ],
            [
              -88.92002654227853,
              29.020453124261905
            ],
            [
              -88.92002153501758,
              29.020182498638
            ],
            [
              -88.91991890346421,
              29.020183965641603
            ],
            [
              -88.91991556550659,
              29.020003548541652
            ],
            [
              -88.91981293412375,
              29.020005015456103
            ],
            [
              -88.91980625865648,
              29.01964418121896
            ],
            [
              -88.919908889683,
              29.01964271432618
            ],
            [
              -88.91990054507534,
              29.01919167152759
            ],
            [
              -88.92000317564879,
              29.019190204583595
            ],
            [
              -88.91999649974382,
              29.018829370343
            ],
            [
              -88.92009912995333,
              29.018827903342356
            ],
            [
              -88.9200957918685,
              29.018647486225102
            ],
            [
              -88.92019842189222,
              29.018646019156982
            ],
            [
              -88.9201967527722,
              29.01855581060182
            ],
            [
              -88.9202993826992,
              29.018554343460792
            ],
            [
              -88.92029771349773,
              29.018464134909756
            ],
            [
              -88.92040034332803,
              29.018462667695836
            ],
            [
              -88.92039867404512,
              29.018372459148914
            ],
            [
              -88.92070656322294,
              29.018368057053515
            ],
            [
              -88.92070489368044,
              29.01827784852156
            ],
            [
              -88.92173118955242,
              29.0182631698339
            ],
            [
              -88.92172951912681,
              29.018172961354857
            ],
            [
              -88.9218321485829,
              29.018171493060773
            ],
            [
              -88.92183047807585,
              29.018081284585865
            ],
            [
              -88.92193310743524,
              29.01807981621889
            ],
            [
              -88.92193143684676,
              29.0179896077481
            ],
            [
              -88.92213669536442,
              29.017986670790066
            ],
            [
              -88.92213502460545,
              29.01789646232882
            ],
            [
              -88.92244291205738,
              29.017892056320683
            ],
            [
              -88.92244458308356,
              29.01798226476565
            ],
            [
              -88.92264984152474,
              29.017979327024467
            ],
            [
              -88.92265151273673,
              29.01806953545729
            ],
            [
              -88.92285677132548,
              29.018066597391996
            ],
            [
              -88.92285844272327,
              29.018156805812655
            ],
            [
              -88.92306370145958,
              29.01815386742326
            ],
            [
              -88.92306537304314,
              29.018244075831774
            ],
            [
              -88.92337326135747,
              29.01823966764403
            ],
            [
              -88.92337493321591,
              29.018329876034958
            ],
            [
              -88.92358019223202,
              29.018326936840694
            ],
            [
              -88.92358186427627,
              29.01841714521946
            ],
            [
              -88.92368449386193,
              29.01841567549943
            ],
            [
              -88.92368616600291,
              29.01850588387147
            ],
            [
              -88.92378879566996,
              29.01850441406769
            ],
            [
              -88.92379046790768,
              29.01859462243302
            ],
            [
              -88.92389309765618,
              29.01859315254549
            ],
            [
              -88.92389476999061,
              29.01868336090407
            ],
            [
              -88.92399739982054,
              29.0186818909328
            ],
            [
              -88.92400074469052,
              29.01886230763522
            ],
            [
              -88.92410337469094,
              29.01886083757478
            ],
            [
              -88.92411842778637,
              29.019672712622427
            ],
            [
              -88.92422105858086,
              29.01967124243479
            ],
            [
              -88.92422942212494,
              29.020122284055283
            ],
            [
              -88.92412679088504,
              29.020123754270074
            ],
            [
              -88.92414351765645,
              29.021025837467842
            ],
            [
              -88.92404088551805,
              29.021027307658603
            ],
            [
              -88.92404590343146,
              29.021297932608874
            ],
            [
              -88.92394327101815,
              29.021299402737608
            ],
            [
              -88.92394661615386,
              29.021479819375493
            ],
            [
              -88.92384398355472,
              29.02148128943676
            ],
            [
              -88.92384732854285,
              29.021661706080273
            ],
            [
              -88.92374469575788,
              29.021663176074075
            ],
            [
              -88.9237547303714,
              29.022204426006052
            ],
            [
              -88.92385736369093,
              29.022202955979676
            ],
            [
              -88.92386070880153,
              29.02238337260241
            ],
            [
              -88.92396334229157,
              29.022381902486845
            ],
            [
              -88.92396668761096,
              29.02256231909353
            ],
            [
              -88.92406932127155,
              29.022560848888787
            ],
            [
              -88.92407601235854,
              29.022921682064805
            ],
            [
              -88.92417864636785,
              29.022920211760002
            ],
            [
              -88.92421210542192,
              29.02472437721949
            ],
            [
              -88.92410946963062,
              29.024725847632894
            ],
            [
              -88.92411281552623,
              29.024906264161107
            ],
            [
              -88.92401017954906,
              29.024907734507035
            ],
            [
              -88.92401185241926,
              29.024997942774622
            ],
            [
              -88.92380658026374,
              29.025000883242328
            ],
            [
              -88.92380825296337,
              29.025091091519474
            ],
            [
              -88.92319243577853,
              29.025099911075095
            ],
            [
              -88.92319410795119,
              29.02519011938351
            ],
            [
              -88.92309147163783,
              29.0251915890407
            ],
            [
              -88.92309481582787,
              29.025372005664487
            ],
            [
              -88.92299217932865,
              29.025373475254185
            ],
            [
              -88.92299385134604,
              29.02546368356956
            ],
            [
              -88.92289121475005,
              29.02546515308636
            ],
            [
              -88.92289288668599,
              29.02555536140585
            ],
            [
              -88.92279024999324,
              29.025556830849727
            ],
            [
              -88.92279192184772,
              29.025647039173343
            ],
            [
              -88.92268928505821,
              29.025648508544307
            ],
            [
              -88.92269095683125,
              29.02573871687207
            ],
            [
              -88.92258831994498,
              29.025740186170125
            ],
            [
              -88.92258999163654,
              29.025830394502
            ],
            [
              -88.92238471766287,
              29.02583333287394
            ],
            [
              -88.92238638918386,
              29.02592354121536
            ],
            [
              -88.92218111500137,
              29.025926479284795
            ],
            [
              -88.92218278635178,
              29.02601668763578
            ],
            [
              -88.92166960031619,
              29.026024031465536
            ],
            [
              -88.9216712712287,
              29.026114239842332
            ]
          ],
          [
            [
              -88.92085093620604,
              29.020621802272803
            ],
            [
              -88.92084258716952,
              29.02017075978958
            ],
            [
              -88.92073995567726,
              29.020172227419756
            ],
            [
              -88.92073828598195,
              29.020082018913786
            ],
            [
              -88.9205330231527,
              29.020084953928343
            ],
            [
              -88.92053469266983,
              29.020175162445152
            ],
            [
              -88.92032942963183,
              29.020178097157256
            ],
            [
              -88.92033443769456,
              29.020448722732393
            ],
            [
              -88.92043706948463,
              29.02044725539924
            ],
            [
              -88.92043873894325,
              29.02053746391626
            ],
            [
              -88.92054137081476,
              29.02053599649937
            ],
            [
              -88.92054304037008,
              29.02062620500969
            ],
            [
              -88.92085093620604,
              29.020621802272803
            ]
          ]
        ]
      },
      "properties": {
        "incident_id": "SP-013",
        "type": "AI-detected-slick",
        "source": "Sentinel-1 SAR",
        "method": "U-Net segmentation + radiometric filtering"
      }
    },
    {
      "type": "Feature",
      "geometry": {
        "type": "Polygon",
        "coordinates": [
          [
            [
              -89.0039820019113,
              29.019497480138536
            ],
            [
              -89.00367412477509,
              29.019502073196584
            ],
            [
              -89.0036723830617,
              29.019411869172686
            ],
            [
              -89.00346713177582,
              29.019414930808544
            ],
            [
              -89.00346539024852,
              29.01932472677202
            ],
            [
              -89.00336276468269,
              29.019326257466833
            ],
            [
              -89.00335754041578,
              29.01905564533247
            ],
            [
              -89.00325491510917,
              29.01905717593202
            ],
            [
              -89.00319223270576,
              29.01580982919838
            ],
            [
              -89.00329485480643,
              29.01580829880234
            ],
            [
              -89.00328789037613,
              29.015447482416636
            ],
            [
              -89.00339051211265,
              29.015445951964907
            ],
            [
              -89.00338877093594,
              29.015355747870863
            ],
            [
              -89.00349139257546,
              29.015354217346488
            ],
            [
              -89.00348965131766,
              29.015264013256804
            ],
            [
              -89.00359227286017,
              29.01526248265979
            ],
            [
              -89.00359053152131,
              29.015172278574443
            ],
            [
              -89.00379577440432,
              29.015169217156856
            ],
            [
              -89.00379403289534,
              29.01507901308151
            ],
            [
              -89.00389665423585,
              29.015077482260935
            ],
            [
              -89.00389839583386,
              29.015167686330628
            ],
            [
              -89.00471936698331,
              29.01515543690228
            ],
            [
              -89.00471762467295,
              29.015065232877834
            ],
            [
              -89.00523073093703,
              29.01505757446893
            ],
            [
              -89.00522898818943,
              29.01496737047146
            ],
            [
              -89.00553685158506,
              29.01496277450359
            ],
            [
              -89.0055351085783,
              29.014872570521796
            ],
            [
              -89.00594559263797,
              29.014866441491204
            ],
            [
              -89.00594384928303,
              29.01477623753074
            ],
            [
              -89.00655957459897,
              29.01476704167009
            ],
            [
              -89.00656131848817,
              29.014857245596595
            ],
            [
              -89.00676656037439,
              29.014854179672064
            ],
            [
              -89.00676830444965,
              29.01494438358592
            ],
            [
              -89.00697354648203,
              29.01494131733691
            ],
            [
              -89.00697529074334,
              29.015031521238132
            ],
            [
              -89.0070779118366,
              29.015029987990523
            ],
            [
              -89.00707616748625,
              29.01493978409496
            ],
            [
              -89.00769189334392,
              29.014930582999195
            ],
            [
              -89.00769363822853,
              29.015020786860767
            ],
            [
              -89.00800150131673,
              29.01501618523896
            ],
            [
              -89.00800324647645,
              29.01510638908224
            ],
            [
              -89.0081058675789,
              29.015104855046058
            ],
            [
              -89.00810761283567,
              29.015195058882362
            ],
            [
              -89.00821023401919,
              29.015193524762218
            ],
            [
              -89.00821547010449,
              29.015464136246273
            ],
            [
              -89.00811284865384,
              29.015465670383414
            ],
            [
              -89.00811459394254,
              29.01555587421449
            ],
            [
              -89.00821721548223,
              29.015554340071677
            ],
            [
              -89.00822419707306,
              29.015915155360226
            ],
            [
              -89.0081215751772,
              29.015916689525696
            ],
            [
              -89.00812506584245,
              29.01609709717346
            ],
            [
              -89.00802244376048,
              29.01609863127197
            ],
            [
              -89.00802593427957,
              29.016279038925823
            ],
            [
              -89.00782068973552,
              29.016282106910637
            ],
            [
              -89.00782243482895,
              29.01637231074694
            ],
            [
              -89.0077198124559,
              29.016373844627566
            ],
            [
              -89.00772155746827,
              29.016464048468226
            ],
            [
              -89.00761893499819,
              29.01646558227621
            ],
            [
              -89.00762067992949,
              29.01655578612125
            ],
            [
              -89.00751805736236,
              29.01655731985661
            ],
            [
              -89.00751980221261,
              29.016647523705988
            ],
            [
              -89.00741717954845,
              29.016649057368717
            ],
            [
              -89.00742590347417,
              29.0171000766243
            ],
            [
              -89.00732328035679,
              29.017101610237066
            ],
            [
              -89.00732676980485,
              29.01728201794147
            ],
            [
              -89.00722414650137,
              29.017283551487257
            ],
            [
              -89.00722589114834,
              29.017373755343172
            ],
            [
              -89.00712326774782,
              29.017375288816332
            ],
            [
              -89.00712675688757,
              29.01755569653555
            ],
            [
              -89.00702413330097,
              29.017557229941737
            ],
            [
              -89.00702762229456,
              29.017737637667057
            ],
            [
              -89.00682237474119,
              29.017740704267187
            ],
            [
              -89.00682411907185,
              29.017830908139214
            ],
            [
              -89.00631099960347,
              29.017838573297606
            ],
            [
              -89.00631274349684,
              29.01792877719663
            ],
            [
              -89.0060048714529,
              29.017933375369047
            ],
            [
              -89.00600835872922,
              29.01811378319716
            ],
            [
              -89.0058031103038,
              29.018116848276573
            ],
            [
              -89.00580485377583,
              29.01820705219998
            ],
            [
              -89.0057022294621,
              29.0182085846279
            ],
            [
              -89.00570397285303,
              29.018298788555654
            ],
            [
              -89.00560134844227,
              29.018300320910935
            ],
            [
              -89.00560309175212,
              29.018390524843046
            ],
            [
              -89.00570571625195,
              29.01838899248211
            ],
            [
              -89.0057144333662,
              29.018840012094774
            ],
            [
              -89.00561180842108,
              29.018841544484008
            ],
            [
              -89.0056135517788,
              29.01893174840828
            ],
            [
              -89.00540830168653,
              29.018934812963156
            ],
            [
              -89.0054100448741,
              29.019025016897437
            ],
            [
              -89.00530741972693,
              29.019026549063078
            ],
            [
              -89.00530916283343,
              29.019116753001718
            ],
            [
              -89.00510391233705,
              29.019119817109406
            ],
            [
              -89.0051056552734,
              29.01921002105804
            ],
            [
              -89.00428465225639,
              29.019222274401876
            ],
            [
              -89.00428639448822,
              29.019312478394465
            ],
            [
              -89.00418376898615,
              29.01931400971573
            ],
            [
              -89.0041855111369,
              29.019404213712676
            ],
            [
              -89.00398025993073,
              29.019407276131595
            ],
            [
              -89.0039820019113,
              29.019497480138536
            ]
          ]
        ]
      },
      "properties": {
        "incident_id": "SP-013",
        "type": "AI-detected-slick",
        "source": "Sentinel-1 SAR",
        "method": "U-Net segmentation + radiometric filtering"
      }
    },
    {
      "type": "Feature",
      "geometry": {
        "type": "Polygon",
        "coordinates": [
          [
            [
              -88.93131746574771,
              29.025885639771108
            ],
            [
              -88.93018846371965,
              29.025901870305688
            ],
            [
              -88.93018678541877,
              29.025811662378732
            ],
            [
              -88.93008414891378,
              29.02581313740639
            ],
            [
              -88.93008247070968,
              29.0257229294727
            ],
            [
              -88.92987719785489,
              29.02572587928212
            ],
            [
              -88.92987551983668,
              29.02563567133623
            ],
            [
              -88.92977288348688,
              29.02563714611798
            ],
            [
              -88.92977120556544,
              29.02554693816533
            ],
            [
              -88.92966856929708,
              29.025548412863312
            ],
            [
              -88.92966689147244,
              29.02545820490392
            ],
            [
              -88.92956425528548,
              29.025459679518107
            ],
            [
              -88.92956089983744,
              29.02527926358453
            ],
            [
              -88.92945826382103,
              29.025280738109494
            ],
            [
              -88.92945323097385,
              29.025010114183047
            ],
            [
              -88.92935059521709,
              29.025011588613335
            ],
            [
              -88.92934053026461,
              29.024470340692652
            ],
            [
              -88.92944316548677,
              29.024468866295035
            ],
            [
              -88.92943981038582,
              29.02428845032197
            ],
            [
              -88.92954244542209,
              29.024286975856906
            ],
            [
              -88.92953741256093,
              29.02401635190387
            ],
            [
              -88.92964004732222,
              29.02401487737681
            ],
            [
              -88.92963669194164,
              29.023834461412516
            ],
            [
              -88.92973932651708,
              29.023832986818025
            ],
            [
              -88.92973429323648,
              29.023562362878156
            ],
            [
              -88.92983692753694,
              29.023560888221667
            ],
            [
              -88.92983189405813,
              29.023290264286437
            ],
            [
              -88.92993452808362,
              29.023288789567953
            ],
            [
              -88.9299328501836,
              29.023198581592382
            ],
            [
              -88.93003548411234,
              29.023197106801014
            ],
            [
              -88.93002877223269,
              29.022836274907544
            ],
            [
              -88.92992613866035,
              29.022837749677123
            ],
            [
              -88.92992278294479,
              29.02265733371167
            ],
            [
              -88.92982014954295,
              29.02265880839203
            ],
            [
              -88.92981847178578,
              29.02256860040192
            ],
            [
              -88.92971583846537,
              29.02257007499851
            ],
            [
              -88.92971080550718,
              29.022299451004002
            ],
            [
              -88.92960817244636,
              29.022300925505924
            ],
            [
              -88.92960481735749,
              29.0221205094922
            ],
            [
              -88.92950218446718,
              29.0221219839049
            ],
            [
              -88.92948541037418,
              29.0212199037038
            ],
            [
              -88.92958804237361,
              29.021218429345552
            ],
            [
              -88.92957797775173,
              29.02067718119514
            ],
            [
              -88.92947534628682,
              29.020678655520715
            ],
            [
              -88.9294736689658,
              29.020588447485647
            ],
            [
              -88.92937103758229,
              29.020589921727453
            ],
            [
              -88.92936768314142,
              29.02040950564252
            ],
            [
              -88.92926505192841,
              29.020410979795116
            ],
            [
              -88.9292616976964,
              29.020230563694103
            ],
            [
              -88.9291590666539,
              29.02023203775748
            ],
            [
              -88.92915403563069,
              29.01996141357988
            ],
            [
              -88.92905140484773,
              29.0199628875486
            ],
            [
              -88.92904972794443,
              29.019872679481345
            ],
            [
              -88.92874183581681,
              29.019877100901283
            ],
            [
              -88.92874351245287,
              29.019967308984867
            ],
            [
              -88.92812772745599,
              29.019976149742767
            ],
            [
              -88.92812605135441,
              29.019885941626526
            ],
            [
              -88.92802342058384,
              29.019887414806618
            ],
            [
              -88.92802006858186,
              29.019706998559375
            ],
            [
              -88.92791743798176,
              29.019708471650258
            ],
            [
              -88.92791576208135,
              29.019618263519245
            ],
            [
              -88.92781313156269,
              29.01961973652637
            ],
            [
              -88.9278081041747,
              29.019349112109193
            ],
            [
              -88.9277054739156,
              29.01935058502168
            ],
            [
              -88.9276987711953,
              29.018989752425487
            ],
            [
              -88.9278014010981,
              29.01898827953476
            ],
            [
              -88.92779972534812,
              29.01889807138791
            ],
            [
              -88.92790235515416,
              29.018896598424302
            ],
            [
              -88.92790067932278,
              29.018806390281583
            ],
            [
              -88.9288243464304,
              29.0187931301339
            ],
            [
              -88.92882602306348,
              29.01888333822764
            ],
            [
              -88.92892865279282,
              29.018881864480875
            ],
            [
              -88.92893032952264,
              29.018972072567863
            ],
            [
              -88.92913558913646,
              29.01896912482849
            ],
            [
              -88.92913726605211,
              29.019059332903296
            ],
            [
              -88.9292398959366,
              29.0190578589107
            ],
            [
              -88.92924324996908,
              29.01923827504553
            ],
            [
              -88.92944851007132,
              29.01923532680359
            ],
            [
              -88.92945018727724,
              29.01932553485816
            ],
            [
              -88.92934755714087,
              29.01932700902373
            ],
            [
              -88.92934923426537,
              29.01941721708245
            ],
            [
              -88.92975975512108,
              29.01941131992848
            ],
            [
              -88.92975640016712,
              29.01923090385331
            ],
            [
              -88.93026955017329,
              29.019223530703144
            ],
            [
              -88.93027122809181,
              29.019313738714143
            ],
            [
              -88.93047648821869,
              29.01931078889497
            ],
            [
              -88.93047816632304,
              29.019400996893776
            ],
            [
              -88.93068342659735,
              29.01939804675043
            ],
            [
              -88.93068510488756,
              29.01948825473704
            ],
            [
              -88.93078773510227,
              29.019486779542436
            ],
            [
              -88.93078941348924,
              29.01957698752231
            ],
            [
              -88.93099467407379,
              29.019574036887256
            ],
            [
              -88.93099635264657,
              29.019664244854916
            ],
            [
              -88.93120161337856,
              29.019661293895698
            ],
            [
              -88.93120329213721,
              29.019751501851157
            ],
            [
              -88.9315111834448,
              29.019747074808585
            ],
            [
              -88.93151286247836,
              29.019837282746394
            ],
            [
              -88.93182075398404,
              29.0198328549826
            ],
            [
              -88.93182243329252,
              29.019923062902762
            ],
            [
              -88.93223295554886,
              29.019917158099428
            ],
            [
              -88.93222791657749,
              29.019646534400493
            ],
            [
              -88.93212528629218,
              29.019648010702447
            ],
            [
              -88.93212024765725,
              29.019377386975435
            ],
            [
              -88.93201761763149,
              29.019378863182716
            ],
            [
              -88.9319991442083,
              29.018386576023573
            ],
            [
              -88.93189651515469,
              29.018388052092558
            ],
            [
              -88.93188979813308,
              29.01802722033749
            ],
            [
              -88.93199242683042,
              29.018025744290313
            ],
            [
              -88.93198906818759,
              29.01784532841588
            ],
            [
              -88.93209169669908,
              29.017843852301294
            ],
            [
              -88.93208833790885,
              29.017663436432574
            ],
            [
              -88.93219096623451,
              29.017661960250578
            ],
            [
              -88.93218760729688,
              29.017481544387554
            ],
            [
              -88.93229023543672,
              29.01748006813814
            ],
            [
              -88.93228183778179,
              29.017029028485084
            ],
            [
              -88.93217921008728,
              29.017030504707222
            ],
            [
              -88.93217585125723,
              29.016850088825986
            ],
            [
              -88.93207322373318,
              29.016851564958905
            ],
            [
              -88.93206818581295,
              29.01658094111093
            ],
            [
              -88.9319655585484,
              29.01658241714919
            ],
            [
              -88.93195884178527,
              29.016221585311875
            ],
            [
              -88.9318562148693,
              29.016223061250017
            ],
            [
              -88.93184781953359,
              29.015772021396852
            ],
            [
              -88.93195044600425,
              29.015770545485985
            ],
            [
              -88.93194540862784,
              29.015499921574833
            ],
            [
              -88.93204803482364,
              29.015498445602002
            ],
            [
              -88.93203963890467,
              29.015047405751346
            ],
            [
              -88.93214226464748,
              29.015045929727474
            ],
            [
              -88.93213554769439,
              29.01468509784534
            ],
            [
              -88.93223817307329,
              29.014683621764977
            ],
            [
              -88.93222305957688,
              29.01387175000317
            ],
            [
              -88.93232568414659,
              29.013870273893573
            ],
            [
              -88.93232064618563,
              29.013599649965926
            ],
            [
              -88.9324232704805,
              29.013598173794392
            ],
            [
              -88.93241319423174,
              29.01305692593669
            ],
            [
              -88.93251581798464,
              29.013055449719587
            ],
            [
              -88.93251413854769,
              29.012965241744194
            ],
            [
              -88.93261676220385,
              29.012963765454238
            ],
            [
              -88.93261508268554,
              29.012873557483008
            ],
            [
              -88.93271770624496,
              29.012872081120214
            ],
            [
              -88.9327160266453,
              29.012781873153134
            ],
            [
              -88.93281865010799,
              29.012780396717503
            ],
            [
              -88.93281697042694,
              29.01269018875457
            ],
            [
              -88.93302221715116,
              29.01268723565931
            ],
            [
              -88.93302053729973,
              29.012597027705993
            ],
            [
              -88.93332840706125,
              29.012592597492258
            ],
            [
              -88.93332672695037,
              29.012502389554005
            ],
            [
              -88.93353197324151,
              29.012499435697606
            ],
            [
              -88.93353029296021,
              29.012409227768973
            ],
            [
              -88.93363291600521,
              29.012407750728787
            ],
            [
              -88.9336295552876,
              29.01222733487853
            ],
            [
              -88.93373217814681,
              29.012225857770968
            ],
            [
              -88.93372881728187,
              29.012045441926404
            ],
            [
              -88.9338314399553,
              29.012043964751456
            ],
            [
              -88.9338230374823,
              29.011592925144605
            ],
            [
              -88.93392565970282,
              29.011591447918658
            ],
            [
              -88.93392229858937,
              29.01141103207771
            ],
            [
              -88.93402492062413,
              29.011409554784382
            ],
            [
              -88.93402155936334,
              29.01122913894917
            ],
            [
              -88.93412418121233,
              29.011227661588457
            ],
            [
              -88.93411073576458,
              29.010505998239207
            ],
            [
              -88.93400811462791,
              29.01050747555624
            ],
            [
              -88.93400139244477,
              29.010146643828566
            ],
            [
              -88.93389877165657,
              29.01014812104549
            ],
            [
              -88.9338954107892,
              29.00996770516294
            ],
            [
              -88.93379279017138,
              29.009969182290668
            ],
            [
              -88.93378774919513,
              29.009698558440707
            ],
            [
              -88.9336851288367,
              29.009700035473774
            ],
            [
              -88.93368008819677,
              29.009429411595743
            ],
            [
              -88.93357746809777,
              29.00943088853416
            ],
            [
              -88.93357074770827,
              29.009070056656743
            ],
            [
              -88.93346812795771,
              29.009071533495046
            ],
            [
              -88.93346308801343,
              29.008800909556957
            ],
            [
              -88.93336046852227,
              29.008802386300623
            ],
            [
              -88.93334367009797,
              29.007900306367915
            ],
            [
              -88.93344628869886,
              29.007898829678826
            ],
            [
              -88.93344124905441,
              29.007628205690015
            ],
            [
              -88.93354386738054,
              29.007626728939005
            ],
            [
              -88.93354050747794,
              29.00744631295088
            ],
            [
              -88.93364312561835,
              29.007444836132507
            ],
            [
              -88.93363976556847,
              29.0072644201501
            ],
            [
              -88.93374238352311,
              29.007262943264355
            ],
            [
              -88.93373398308789,
              29.00681190331284
            ],
            [
              -88.93383660058974,
              29.0068104263761
            ],
            [
              -88.9338315601538,
              29.006539802405964
            ],
            [
              -88.9339341773809,
              29.006538325407323
            ],
            [
              -88.93393081695069,
              29.006357909431628
            ],
            [
              -88.93403343399207,
              29.006356432365628
            ],
            [
              -88.93402503260602,
              29.00590539243095
            ],
            [
              -88.93412764919462,
              29.005903915313947
            ],
            [
              -88.93411924755571,
              29.005452875374043
            ],
            [
              -88.93422186369156,
              29.005451398206066
            ],
            [
              -88.93421682253346,
              29.0051807742429
            ],
            [
              -88.93431943839455,
              29.00517929701302
            ],
            [
              -88.93431439703863,
              29.004908673054505
            ],
            [
              -88.934417012625,
              29.004907195762737
            ],
            [
              -88.9344153320994,
              29.00481698777942
            ],
            [
              -88.93451794758907,
              29.004815510414844
            ],
            [
              -88.93451458638292,
              29.00463509445523
            ],
            [
              -88.93461720168686,
              29.0046336170233
            ],
            [
              -88.93461552100631,
              29.004543409047
            ],
            [
              -88.93471813621358,
              29.004541931542253
            ],
            [
              -88.9347164554517,
              29.004451723570128
            ],
            [
              -88.93481907056224,
              29.00445024599256
            ],
            [
              -88.93481738971906,
              29.00436003802458
            ],
            [
              -88.93502261973906,
              29.004357082645587
            ],
            [
              -88.93502093872554,
              29.004266874687218
            ],
            [
              -88.935123553635,
              29.00426539688578
            ],
            [
              -88.93512187254017,
              29.00417518893158
            ],
            [
              -88.93522448735291,
              29.004173711057337
            ],
            [
              -88.93522280617678,
              29.004083503107278
            ],
            [
              -88.93542803560118,
              29.004080547134897
            ],
            [
              -88.9354263542547,
              29.00399033919448
            ],
            [
              -88.93583681265513,
              29.003984426332348
            ],
            [
              -88.93583849435763,
              29.00407463425092
            ],
            [
              -88.9359411090275,
              29.00407315583426
            ],
            [
              -88.9359427908267,
              29.004163363746077
            ],
            [
              -88.93614802032137,
              29.004160406667015
            ],
            [
              -88.93614970230628,
              29.004250614566597
            ],
            [
              -88.93625231713109,
              29.004249135904203
            ],
            [
              -88.93625399921271,
              29.004339343797024
            ],
            [
              -88.93635661411881,
              29.004337865050896
            ],
            [
              -88.93635997848317,
              29.0045182808217
            ],
            [
              -88.9364625935596,
              29.004516801986384
            ],
            [
              -88.93646595813277,
              29.00469721774106
            ],
            [
              -88.93656857337953,
              29.00469573881654
            ],
            [
              -88.93657193816152,
              29.004876154555088
            ],
            [
              -88.93667455357858,
              29.004874675541373
            ],
            [
              -88.93668128359101,
              29.005235506981
            ],
            [
              -88.93678389935643,
              29.005234027867147
            ],
            [
              -88.93678558196781,
              29.005324235718337
            ],
            [
              -88.93668296611337,
              29.00532571483765
            ],
            [
              -88.93668801372665,
              29.005596338399823
            ],
            [
              -88.93658539759747,
              29.00559781745725
            ],
            [
              -88.93658876253345,
              29.00577823316977
            ],
            [
              -88.93648614621854,
              29.00577971215987
            ],
            [
              -88.93648951100731,
              29.005960127878126
            ],
            [
              -88.93638689450667,
              29.00596160680087
            ],
            [
              -88.93639025914818,
              29.00614202252487
            ],
            [
              -88.93628764246182,
              29.006143501380265
            ],
            [
              -88.9362893247051,
              29.006233709245773
            ],
            [
              -88.93618670792202,
              29.006235188028363
            ],
            [
              -88.936188390084,
              29.006325395898024
            ],
            [
              -88.9360857732042,
              29.006326874607797
            ],
            [
              -88.93608745528483,
              29.006417082481637
            ],
            [
              -88.93598483830833,
              29.006418561118597
            ],
            [
              -88.93598652030767,
              29.006508768996596
            ],
            [
              -88.93588390323443,
              29.006510247560758
            ],
            [
              -88.93589063095264,
              29.006871079081563
            ],
            [
              -88.93578801351565,
              29.006872557589286
            ],
            [
              -88.93579474100093,
              29.007233389111143
            ],
            [
              -88.93569212320014,
              29.007234867562445
            ],
            [
              -88.93569548681093,
              29.007415283326498
            ],
            [
              -88.93559286882439,
              29.00741676171045
            ],
            [
              -88.93559959578224,
              29.00777759324478
            ],
            [
              -88.93570221412487,
              29.007776114838983
            ],
            [
              -88.93570557782802,
              29.00795653058742
            ],
            [
              -88.935808196341,
              29.007955052092424
            ],
            [
              -88.93581156025299,
              29.008135467824737
            ],
            [
              -88.93591417893633,
              29.008133989240523
            ],
            [
              -88.93591922512913,
              29.008404612812853
            ],
            [
              -88.9358166061787,
              29.008406091413445
            ],
            [
              -88.93583174437151,
              29.009217962109343
            ],
            [
              -88.9359343641232,
              29.00921648345958
            ],
            [
              -88.93593941059314,
              29.009487106985084
            ],
            [
              -88.93604203060421,
              29.00948562824065
            ],
            [
              -88.9360487596947,
              29.009846459567925
            ],
            [
              -88.93594613932747,
              29.009847938334204
            ],
            [
              -88.93594950374083,
              29.010028354000944
            ],
            [
              -88.93584688318785,
              29.01002983269988
            ],
            [
              -88.9358552939108,
              29.010480871871312
            ],
            [
              -88.93575267290494,
              29.01048235051926
            ],
            [
              -88.93575603706994,
              29.010662766189654
            ],
            [
              -88.9356534158783,
              29.01066424477024
            ],
            [
              -88.93567360044639,
              29.011746738748883
            ],
            [
              -88.93557097817857,
              29.011748217316722
            ],
            [
              -88.93558275239856,
              29.012379672089327
            ],
            [
              -88.93548012949974,
              29.01238115061711
            ],
            [
              -88.93548349345377,
              29.012561566265656
            ],
            [
              -88.93538087036916,
              29.01256304472605
            ],
            [
              -88.93538255226869,
              29.01265325255383
            ],
            [
              -88.93517730589828,
              29.012656209250686
            ],
            [
              -88.93517898762741,
              29.01274641708808
            ],
            [
              -88.93507636434163,
              29.012747895324534
            ],
            [
              -88.93507804598939,
              29.012838103166082
            ],
            [
              -88.93497542260685,
              29.0128395813297
            ],
            [
              -88.93497710417327,
              29.012929789175416
            ],
            [
              -88.93487448069399,
              29.01293126726619
            ],
            [
              -88.93487616217907,
              29.013021475116073
            ],
            [
              -88.93477353860304,
              29.013022953134016
            ],
            [
              -88.93477522000674,
              29.013113160988045
            ],
            [
              -88.93487784367181,
              29.01311168296465
            ],
            [
              -88.93487952517226,
              29.013201890811924
            ],
            [
              -88.93477690141815,
              29.01320336884078
            ],
            [
              -88.93478194569852,
              29.01347399239119
            ],
            [
              -88.9348845697198,
              29.013472514345942
            ],
            [
              -88.93488625125103,
              29.01356272218801
            ],
            [
              -88.93478362714072,
              29.01356420023872
            ],
            [
              -88.93478530859059,
              29.013654408084953
            ],
            [
              -88.93488793278995,
              29.013652930028794
            ],
            [
              -88.9348929774529,
              29.013923553543304
            ],
            [
              -88.93499560191174,
              29.01392207539247
            ],
            [
              -88.93499896523696,
              29.01410249105138
            ],
            [
              -88.93510158986619,
              29.01410101281132
            ],
            [
              -88.9351049534003,
              29.014281428454108
            ],
            [
              -88.93520757819995,
              29.014279950124838
            ],
            [
              -88.93521262382599,
              29.014550573562882
            ],
            [
              -88.93531524888512,
              29.01454909513892
            ],
            [
              -88.93532365886108,
              29.015000134149016
            ],
            [
              -88.93542628435777,
              29.014998655619436
            ],
            [
              -88.93542964858015,
              29.015179071203438
            ],
            [
              -88.93553227424728,
              29.015177592584646
            ],
            [
              -88.93553732090575,
              29.01544821593451
            ],
            [
              -88.93563994683237,
              29.01544673722102
            ],
            [
              -88.9356449938273,
              29.015717360542794
            ],
            [
              -88.93574762001337,
              29.015715881734614
            ],
            [
              -88.93575603227089,
              29.0161669205509
            ],
            [
              -88.93544815235363,
              29.01617135682246
            ],
            [
              -88.93544647015392,
              29.01608114904542
            ],
            [
              -88.93513859043455,
              29.016085584595835
            ],
            [
              -88.93513690850972,
              29.01599537680112
            ],
            [
              -88.93493165550312,
              29.01599833343228
            ],
            [
              -88.93492997376411,
              29.01590812562533
            ],
            [
              -88.93472472090485,
              29.015911081932337
            ],
            [
              -88.93472303935167,
              29.01582087411316
            ],
            [
              -88.93441516027225,
              29.01582530797002
            ],
            [
              -88.93441347899393,
              29.015735100133167
            ],
            [
              -88.93400297380325,
              29.01574101082419
            ],
            [
              -88.93400129288888,
              29.01565080296421
            ],
            [
              -88.93369341418227,
              29.015655235143893
            ],
            [
              -88.93369509482946,
              29.015745443020254
            ],
            [
              -88.93348984214182,
              29.01574839742609
            ],
            [
              -88.93349320310303,
              29.015928813196734
            ],
            [
              -88.93339057656956,
              29.015930290293113
            ],
            [
              -88.93339561780186,
              29.016200913955682
            ],
            [
              -88.93329299099351,
              29.01620239099012
            ],
            [
              -88.93329635167537,
              29.016382806769574
            ],
            [
              -88.93319372468119,
              29.016384283736613
            ],
            [
              -88.93319708521567,
              29.01656469952178
            ],
            [
              -88.93309445803568,
              29.016566176421428
            ],
            [
              -88.9330978184228,
              29.016746592212307
            ],
            [
              -88.93299519105699,
              29.01674806904455
            ],
            [
              -88.9329985512967,
              29.01692848484112
            ],
            [
              -88.93289592374508,
              29.016929961605964
            ],
            [
              -88.93290432403363,
              29.01738100110193
            ],
            [
              -88.93300695203061,
              29.01737952430981
            ],
            [
              -88.9330136727561,
              29.01774035586134
            ],
            [
              -88.93311630110166,
              29.01773887896908
            ],
            [
              -88.93311966168868,
              29.01791929472613
            ],
            [
              -88.9332222902047,
              29.01791781774465
            ],
            [
              -88.93322565100063,
              29.01809823348558
            ],
            [
              -88.93332827968709,
              29.01809675641488
            ],
            [
              -88.93332996018566,
              29.01818696427795
            ],
            [
              -88.9334325889535,
              29.018185487123475
            ],
            [
              -88.93343426954884,
              29.018275694979778
            ],
            [
              -88.93353689839806,
              29.01827421774153
            ],
            [
              -88.93353857909015,
              29.01836442559108
            ],
            [
              -88.93364120802077,
              29.018362948269072
            ],
            [
              -88.93364288880962,
              29.018453156111857
            ],
            [
              -88.93374551782162,
              29.01845167870607
            ],
            [
              -88.93374719870724,
              29.018541886542103
            ],
            [
              -88.9338498278006,
              29.018540409052555
            ],
            [
              -88.93385150878301,
              29.01863061688183
            ],
            [
              -88.93395413795776,
              29.018629139308498
            ],
            [
              -88.93395581903691,
              29.018719347131025
            ],
            [
              -88.93405844829304,
              29.018717869473917
            ],
            [
              -88.93406012946897,
              29.018808077289677
            ],
            [
              -88.9341627588065,
              29.0188065995488
            ],
            [
              -88.93416444007919,
              29.018896807357795
            ],
            [
              -88.93436969890928,
              29.018893851630196
            ],
            [
              -88.93437138036782,
              29.018984059426963
            ],
            [
              -88.93447400986041,
              29.018982581440227
            ],
            [
              -88.93447569141571,
              29.019072789230258
            ],
            [
              -88.93457832098969,
              29.01907131115975
            ],
            [
              -88.93458000264177,
              29.019161518943008
            ],
            [
              -88.93488789158474,
              29.019157084245197
            ],
            [
              -88.93488957351173,
              29.01924729201077
            ],
            [
              -88.93499220323307,
              29.019245813616077
            ],
            [
              -88.93499388525684,
              29.019336021374894
            ],
            [
              -88.93519914485458,
              29.01933306433963
            ],
            [
              -88.93520082706421,
              29.01942327208623
            ],
            [
              -88.93530345694062,
              29.019421793445655
            ],
            [
              -88.93530682156111,
              29.01960220892402
            ],
            [
              -88.93540945160797,
              29.01960073019421
            ],
            [
              -88.93541113401884,
              29.019690937925976
            ],
            [
              -88.93551376414707,
              29.01968945911239
            ],
            [
              -88.93551712917008,
              29.019869874561095
            ],
            [
              -88.93561975946878,
              29.01986839565826
            ],
            [
              -88.9356214420809,
              29.019958603375205
            ],
            [
              -88.93582670283337,
              29.019955645323662
            ],
            [
              -88.93582838563134,
              29.020045853028375
            ],
            [
              -88.93593101608512,
              29.020044373879657
            ],
            [
              -88.93593269897988,
              29.020134581577608
            ],
            [
              -88.93634322107422,
              29.020128664177722
            ],
            [
              -88.93634490433301,
              29.02021887185251
            ],
            [
              -88.93655016551213,
              29.020215912671716
            ],
            [
              -88.93655184895678,
              29.02030612033428
            ],
            [
              -88.93675711028325,
              29.020303160829275
            ],
            [
              -88.93675879391378,
              29.02039336847961
            ],
            [
              -88.9369640553876,
              29.020390408650403
            ],
            [
              -88.93696573920398,
              29.020480616288495
            ],
            [
              -88.93717100082513,
              29.02047765613507
            ],
            [
              -88.93717268482739,
              29.020567863760924
            ],
            [
              -88.9372753157155,
              29.02056638356127
            ],
            [
              -88.93727699981454,
              29.020656591180366
            ],
            [
              -88.93737963078402,
              29.020655110896918
            ],
            [
              -88.93738131497986,
              29.020745318509235
            ],
            [
              -88.93748394603072,
              29.02074383814201
            ],
            [
              -88.93748731462368,
              29.02092425335181
            ],
            [
              -88.93758994584499,
              29.020922772895318
            ],
            [
              -88.93759163024212,
              29.021012980492813
            ],
            [
              -88.9376942615448,
              29.02101149995252
            ],
            [
              -88.93769594603873,
              29.021101707543234
            ],
            [
              -88.93790120879913,
              29.021098746216776
            ],
            [
              -88.93790289347893,
              29.021188953795246
            ],
            [
              -88.93810815638669,
              29.021185992144556
            ],
            [
              -88.93810984125237,
              29.021276199710805
            ],
            [
              -88.93821247278377,
              29.021274718762506
            ],
            [
              -88.93821415774624,
              29.021364926321965
            ],
            [
              -88.93831678935902,
              29.02136344528988
            ],
            [
              -88.93831847441827,
              29.021453652842563
            ],
            [
              -88.93842110611241,
              29.021452171726683
            ],
            [
              -88.93842279126848,
              29.021542379272606
            ],
            [
              -88.93852542304401,
              29.02154089807293
            ],
            [
              -88.93852879355744,
              29.021721313149914
            ],
            [
              -88.93863142550342,
              29.02171983186097
            ],
            [
              -88.93863311086078,
              29.021810039392054
            ],
            [
              -88.93873574288816,
              29.021808558019323
            ],
            [
              -88.93874079927379,
              29.022079180588324
            ],
            [
              -88.93884343156071,
              29.02207769912085
            ],
            [
              -88.93884680270119,
              29.022258114149405
            ],
            [
              -88.93894943515858,
              29.022256632592654
            ],
            [
              -88.93895280650811,
              29.02243704760506
            ],
            [
              -88.93905543913596,
              29.022435565959043
            ],
            [
              -88.93905712491137,
              29.02252577345782
            ],
            [
              -88.9391597576206,
              29.022524291728
            ],
            [
              -88.93916312937277,
              29.02270470671072
            ],
            [
              -88.93926576225248,
              29.022703224891636
            ],
            [
              -88.93926913421369,
              29.02288363985818
            ],
            [
              -88.93937176726384,
              29.022882157949823
            ],
            [
              -88.93938019774735,
              29.02333319531607
            ],
            [
              -88.93927756425173,
              29.023334677251803
            ],
            [
              -88.93927925028248,
              29.023424884726616
            ],
            [
              -88.9390739830899,
              29.023427848374016
            ],
            [
              -88.93907566895017,
              29.023518055858485
            ],
            [
              -88.9383572329095,
              29.02352842619534
            ],
            [
              -88.93835554767287,
              29.023438218672577
            ],
            [
              -88.9380476466642,
              29.0234426619113
            ],
            [
              -88.93804596170258,
              29.023352454370823
            ],
            [
              -88.93773806089179,
              29.023356896888185
            ],
            [
              -88.93773637620517,
              29.023266689330008
            ],
            [
              -88.93753110913761,
              29.02326965060566
            ],
            [
              -88.93752942463689,
              29.023179443035232
            ],
            [
              -88.9373241577167,
              29.023182403986635
            ],
            [
              -88.93732247340188,
              29.023092196403972
            ],
            [
              -88.93711720662904,
              29.023095157031122
            ],
            [
              -88.9371155225001,
              29.023004949436235
            ],
            [
              -88.93701288919121,
              29.02300642962685
            ],
            [
              -88.93701120515908,
              29.022916222025188
            ],
            [
              -88.93690857193158,
              29.02291770213201
            ],
            [
              -88.93690688799624,
              29.02282749452358
            ],
            [
              -88.93680425485013,
              29.02282897454661
            ],
            [
              -88.93680257101158,
              29.02273876693142
            ],
            [
              -88.93669993794687,
              29.022740246870654
            ],
            [
              -88.93669825420513,
              29.022650039248685
            ],
            [
              -88.9365956212218,
              29.02265151910413
            ],
            [
              -88.93659393757684,
              29.022561311475403
            ],
            [
              -88.93649130467489,
              29.022562791247044
            ],
            [
              -88.93648962112674,
              29.022472583611556
            ],
            [
              -88.93638698830618,
              29.02247406329942
            ],
            [
              -88.93638530485482,
              29.02238385565715
            ],
            [
              -88.93628267211565,
              29.022385335261216
            ],
            [
              -88.93628098876108,
              29.022295127612193
            ],
            [
              -88.9361783561033,
              29.022296607132468
            ],
            [
              -88.93617667284552,
              29.02220639947666
            ],
            [
              -88.93607404026913,
              29.022207878913147
            ],
            [
              -88.93607235710816,
              29.02211767125059
            ],
            [
              -88.93586709211044,
              29.02212062987766
            ],
            [
              -88.93586540913533,
              29.022030422202864
            ],
            [
              -88.93576277671401,
              29.02203190139345
            ],
            [
              -88.93576445960004,
              29.022122109073702
            ],
            [
              -88.93566182708192,
              29.02212358819142
            ],
            [
              -88.93566350988654,
              29.02221379587583
            ],
            [
              -88.93556087727164,
              29.022215274920683
            ],
            [
              -88.93556592546446,
              29.02248589798251
            ],
            [
              -88.93546329257458,
              29.022487376965415
            ],
            [
              -88.9354683405694,
              29.02275800003191
            ],
            [
              -88.93536570740456,
              29.022759478952885
            ],
            [
              -88.9353741204378,
              29.023210517398326
            ],
            [
              -88.93547675404811,
              29.023209038450048
            ],
            [
              -88.93547843676694,
              29.023299246129774
            ],
            [
              -88.93558107045865,
              29.023297767097695
            ],
            [
              -88.93558275327429,
              29.023387974770653
            ],
            [
              -88.9356853870474,
              29.023386495654783
            ],
            [
              -88.93568875287995,
              29.023566910985878
            ],
            [
              -88.93579138682355,
              29.023565431780742
            ],
            [
              -88.93580148504063,
              29.02410667771002
            ],
            [
              -88.93569885056246,
              29.02410815694792
            ],
            [
              -88.93570221651822,
              29.02428857225819
            ],
            [
              -88.93559958185415,
              29.024290051428682
            ],
            [
              -88.93560126475448,
              29.024380259087327
            ],
            [
              -88.93519072566478,
              29.024386175007844
            ],
            [
              -88.93519240821644,
              29.02447638268704
            ],
            [
              -88.93478186864714,
              29.024482297376068
            ],
            [
              -88.93478355085009,
              29.0245725050758
            ],
            [
              -88.93468091584941,
              29.02457398355768
            ],
            [
              -88.93468259797095,
              29.024664191261582
            ],
            [
              -88.93457996287349,
              29.024665669670597
            ],
            [
              -88.93458164491362,
              29.02475587737866
            ],
            [
              -88.93437637451738,
              29.024758833972594
            ],
            [
              -88.934378056387,
              29.024849041690267
            ],
            [
              -88.93427542108826,
              29.024850519875187
            ],
            [
              -88.93427710287648,
              29.024940727597016
            ],
            [
              -88.93314811310223,
              29.024956982521164
            ],
            [
              -88.93314643229415,
              29.024866774739298
            ],
            [
              -88.93263325526189,
              29.0248741601805
            ],
            [
              -88.932631574907,
              29.02478395237007
            ],
            [
              -88.9323236688627,
              29.024788382678405
            ],
            [
              -88.93232534895027,
              29.0248785905052
            ],
            [
              -88.93222271349768,
              29.024880067123433
            ],
            [
              -88.93222439350384,
              29.024970274954388
            ],
            [
              -88.93212175795446,
              29.024971751499738
            ],
            [
              -88.93212679775176,
              29.02524237500115
            ],
            [
              -88.93202416192739,
              29.025243851484518
            ],
            [
              -88.93202584178609,
              29.025334059321178
            ],
            [
              -88.93192320586492,
              29.025335535731667
            ],
            [
              -88.93192656542718,
              29.02551595141197
            ],
            [
              -88.93182392932012,
              29.02551742775503
            ],
            [
              -88.93182560902368,
              29.0256076355987
            ],
            [
              -88.93172297281981,
              29.02560911186887
            ],
            [
              -88.93172465244194,
              29.025699319716676
            ],
            [
              -88.93151937983298,
              29.025702272032902
            ],
            [
              -88.93152105928458,
              29.025792479890313
            ],
            [
              -88.93131578646664,
              29.025795431904093
            ],
            [
              -88.93131746574771,
              29.025885639771108
            ]
          ]
        ]
      },
      "properties": {
        "incident_id": "SP-013",
        "type": "AI-detected-slick",
        "source": "Sentinel-1 SAR",
        "method": "U-Net segmentation + radiometric filtering"
      }
    },
    {
      "type": "Feature",
      "geometry": {
        "type": "Polygon",
        "coordinates": [
          [
            [
              -88.96707419989171,
              28.994958782126673
            ],
            [
              -88.96604816192618,
              28.99497379615105
            ],
            [
              -88.96604645462894,
              28.994883589736883
            ],
            [
              -88.96584124711997,
              28.994886591591865
            ],
            [
              -88.96583954000845,
              28.994796385165284
            ],
            [
              -88.96563433264615,
              28.994799386696243
            ],
            [
              -88.96563262572037,
              28.994709180257278
            ],
            [
              -88.96542741850473,
              28.994712181464216
            ],
            [
              -88.9654257117647,
              28.99462197501286
            ],
            [
              -88.96522050469572,
              28.994624975895768
            ],
            [
              -88.96521879814141,
              28.994534769432015
            ],
            [
              -88.96511619468417,
              28.99453626975058
            ],
            [
              -88.96511448822662,
              28.99444606327999
            ],
            [
              -88.96501188485054,
              28.994447563514775
            ],
            [
              -88.96501017848975,
              28.994357357037323
            ],
            [
              -88.9651127817769,
              28.994355856808085
            ],
            [
              -88.96511107533496,
              28.99426565033489
            ],
            [
              -88.96500847213679,
              28.994267150558578
            ],
            [
              -88.96500676579163,
              28.994176944078532
            ],
            [
              -88.96510936890084,
              28.994175443860378
            ],
            [
              -88.96510766247454,
              28.99408523738457
            ],
            [
              -88.96500505945427,
              28.994086737597183
            ],
            [
              -88.965001646803,
              28.99390632463056
            ],
            [
              -88.96489904395284,
              28.99390782475385
            ],
            [
              -88.96489563151073,
              28.99372741177094
            ],
            [
              -88.96479302883067,
              28.993728911804915
            ],
            [
              -88.96479132271027,
              28.993638705305962
            ],
            [
              -88.96468872011137,
              28.993640205256167
            ],
            [
              -88.96468530807192,
              28.993459792243257
            ],
            [
              -88.96458270564311,
              28.99346129210414
            ],
            [
              -88.96457588201373,
              28.99310046604053
            ],
            [
              -88.96447327993292,
              28.99310196580102
            ],
            [
              -88.96446816255974,
              28.99283134622299
            ],
            [
              -88.96436556073797,
              28.992832845888625
            ],
            [
              -88.96436214937277,
              28.99265243281902
            ],
            [
              -88.96425954772111,
              28.99265393239534
            ],
            [
              -88.96425613656506,
              28.99247351930942
            ],
            [
              -88.96415353508348,
              28.99247501879643
            ],
            [
              -88.96415012413655,
              28.992294605694234
            ],
            [
              -88.96404752282507,
              28.99229610509193
            ],
            [
              -88.96404411208725,
              28.992115691973442
            ],
            [
              -88.96394151094587,
              28.99211719128184
            ],
            [
              -88.96393980567761,
              28.992026984715086
            ],
            [
              -88.96383720461736,
              28.99202848393971
            ],
            [
              -88.96383549944586,
              28.99193827736613
            ],
            [
              -88.96363029747985,
              28.99194127556963
            ],
            [
              -88.96362859249405,
              28.99185106898366
            ],
            [
              -88.9635259915883,
              28.991852567962532
            ],
            [
              -88.96352428669924,
              28.99176236136973
            ],
            [
              -88.9633190850422,
              28.99176535908172
            ],
            [
              -88.96331567564329,
              28.991584945870038
            ],
            [
              -88.96321307498096,
              28.991586444597612
            ],
            [
              -88.96320796120796,
              28.9913158247537
            ],
            [
              -88.96331056160345,
              28.991314326042726
            ],
            [
              -88.96330885693911,
              28.991224119431028
            ],
            [
              -88.96351405752883,
              28.991221121785497
            ],
            [
              -88.9635123526944,
              28.991130915183547
            ],
            [
              -88.96361495288859,
              28.991129416249002
            ],
            [
              -88.96361665781195,
              28.9912196228454
            ],
            [
              -88.96371925808731,
              28.991218123827082
            ],
            [
              -88.96372096310742,
              28.991308330416633
            ],
            [
              -88.9638235634639,
              28.99130683131455
            ],
            [
              -88.96382526858076,
              28.99139703789725
            ],
            [
              -88.96392786901839,
              28.99139553871141
            ],
            [
              -88.96393127945343,
              28.991575951861837
            ],
            [
              -88.96423908125313,
              28.991571453801722
            ],
            [
              -88.96424078674919,
              28.99166166035836
            ],
            [
              -88.96434338742243,
              28.991660160843
            ],
            [
              -88.96434168183741,
              28.9915699542919
            ],
            [
              -88.96454688298257,
              28.99156695503761
            ],
            [
              -88.96454517722749,
              28.9914767484963
            ],
            [
              -88.96464777769941,
              28.991475248757354
            ],
            [
              -88.96464607186319,
              28.991385042220287
            ],
            [
              -88.96474867223834,
              28.991383542408666
            ],
            [
              -88.96474696632099,
              28.991293335875838
            ],
            [
              -88.96484956659941,
              28.991291835991532
            ],
            [
              -88.9648478606009,
              28.991201629462946
            ],
            [
              -88.96495046078256,
              28.991200129505973
            ],
            [
              -88.96494875470293,
              28.99110992298161
            ],
            [
              -88.96505135478785,
              28.991108422951957
            ],
            [
              -88.96504964862707,
              28.991018216431844
            ],
            [
              -88.96535744856811,
              28.99101371589019
            ],
            [
              -88.96535574214833,
              28.990923509385414
            ],
            [
              -88.96597134128588,
              28.99091450622339
            ],
            [
              -88.96597304823932,
              28.991004712694888
            ],
            [
              -88.96658864762927,
              28.99099570668364
            ],
            [
              -88.96659035512418,
              28.991085913120564
            ],
            [
              -88.96741115458462,
              28.991073900680806
            ],
            [
              -88.9674128627989,
              28.99116410707203
            ],
            [
              -88.96751546278522,
              28.99116260515952
            ],
            [
              -88.96751717109625,
              28.991252811543873
            ],
            [
              -88.9676197711637,
              28.991251309547586
            ],
            [
              -88.96762147957149,
              28.991341515925097
            ],
            [
              -88.96772407972007,
              28.991340013845033
            ],
            [
              -88.96772578822461,
              28.991430220215697
            ],
            [
              -88.96782838845431,
              28.991428718051868
            ],
            [
              -88.96783180566477,
              28.99160913077816
            ],
            [
              -88.96793440606454,
              28.991607628525
            ],
            [
              -88.96793782348418,
              28.991788041234976
            ],
            [
              -88.96804042405401,
              28.991786538892498
            ],
            [
              -88.968054094757,
              28.992508189635863
            ],
            [
              -88.9679514934756,
              28.992509692022768
            ],
            [
              -88.96795661985144,
              28.99278031104668
            ],
            [
              -88.96785401829536,
              28.99278181337201
            ],
            [
              -88.96786085321682,
              28.9931426387412
            ],
            [
              -88.9679634551287,
              28.99314113639366
            ],
            [
              -88.96796516396756,
              28.99323134272714
            ],
            [
              -88.96806776596058,
              28.99322984029583
            ],
            [
              -88.96806947489623,
              28.993320046622454
            ],
            [
              -88.96817207697036,
              28.993318544107357
            ],
            [
              -88.96817549504303,
              28.993498956745597
            ],
            [
              -88.96827809728725,
              28.993497454141156
            ],
            [
              -88.96828322472177,
              28.993768073072104
            ],
            [
              -88.96838582722503,
              28.993766570372774
            ],
            [
              -88.96838753647448,
              28.993856776674928
            ],
            [
              -88.96828493388226,
              28.993858279379808
            ],
            [
              -88.96829006141066,
              28.9941288982951
            ],
            [
              -88.96818745854375,
              28.994130400938406
            ],
            [
              -88.96818916764657,
              28.994220607246447
            ],
            [
              -88.96808656468288,
              28.994222109817084
            ],
            [
              -88.96808998273409,
              28.99440252244037
            ],
            [
              -88.96798737958467,
              28.994404024943883
            ],
            [
              -88.96798908853303,
              28.994494231259118
            ],
            [
              -88.96788648528683,
              28.994495733689945
            ],
            [
              -88.96788819415407,
              28.994585940009433
            ],
            [
              -88.96778559081108,
              28.994587442367585
            ],
            [
              -88.96778729959719,
              28.99467764869132
            ],
            [
              -88.96758209270985,
              28.994680653184016
            ],
            [
              -88.96758380132584,
              28.99477085951756
            ],
            [
              -88.96727599066931,
              28.994775365686518
            ],
            [
              -88.96727769902625,
              28.994865572035415
            ],
            [
              -88.96707249170485,
              28.994868575767985
            ],
            [
              -88.96707419989171,
              28.994958782126673
            ]
          ]
        ]
      },
      "properties": {
        "incident_id": "SP-013",
        "type": "AI-detected-slick",
        "source": "Sentinel-1 SAR",
        "method": "U-Net segmentation + radiometric filtering"
      }
    },
    {
      "type": "Feature",
      "geometry": {
        "type": "Polygon",
        "coordinates": [
          [
            [
              -89.11932382495019,
              28.992373394170826
            ],
            [
              -89.11829791012448,
              28.99238956875433
            ],
            [
              -89.11829607086786,
              28.992299370886048
            ],
            [
              -89.11798829652273,
              28.992304221718296
            ],
            [
              -89.11798645754126,
              28.99221402383077
            ],
            [
              -89.11778127478026,
              28.992217257315986
            ],
            [
              -89.11777943598504,
              28.992127059415196
            ],
            [
              -89.11757425336819,
              28.992130292575673
            ],
            [
              -89.11757241475921,
              28.99204009466161
            ],
            [
              -89.11746982352709,
              28.992041711118574
            ],
            [
              -89.11746798501544,
              28.991951513197225
            ],
            [
              -89.1173653938638,
              28.991953129570017
            ],
            [
              -89.11736171704358,
              28.99177273371142
            ],
            [
              -89.11725912606136,
              28.991774349994078
            ],
            [
              -89.11725728775276,
              28.991684152056823
            ],
            [
              -89.11715469685106,
              28.991685768255305
            ],
            [
              -89.11715102043696,
              28.99150537236491
            ],
            [
              -89.11704842970464,
              28.99150698847325
            ],
            [
              -89.11704659159912,
              28.991416790520102
            ],
            [
              -89.1168414102871,
              28.99142002249025
            ],
            [
              -89.11683773445694,
              28.991239626556123
            ],
            [
              -89.11673514396612,
              28.991241242411967
            ],
            [
              -89.11672963055068,
              28.990970648482968
            ],
            [
              -89.11683222077477,
              28.99096903264504
            ],
            [
              -89.11682486931632,
              28.99060824074516
            ],
            [
              -89.11692745917637,
              28.990606624852933
            ],
            [
              -89.11692194540412,
              28.9903360309321
            ],
            [
              -89.1168193558108,
              28.990337646806417
            ],
            [
              -89.11680649125898,
              28.98970626090324
            ],
            [
              -89.11690908022997,
              28.98970464507072
            ],
            [
              -89.11690540454163,
              28.989524249098476
            ],
            [
              -89.1170079933264,
              28.98952263319971
            ],
            [
              -89.11700615540595,
              28.989432435217577
            ],
            [
              -89.1171087440934,
              28.989430819246603
            ],
            [
              -89.11710690609245,
              28.98934062126913
            ],
            [
              -89.11741467183764,
              28.989335772904955
            ],
            [
              -89.1174128335784,
              28.989245574944082
            ],
            [
              -89.1175154220544,
              28.98924395867229
            ],
            [
              -89.11751358371467,
              28.989153760716068
            ],
            [
              -89.11761617209335,
              28.989152144372053
            ],
            [
              -89.11761433367315,
              28.98906194642049
            ],
            [
              -89.11771692195451,
              28.98906033000427
            ],
            [
              -89.11771508345382,
              28.988970132057364
            ],
            [
              -89.11781767163787,
              28.988968515568924
            ],
            [
              -89.11781031736363,
              28.988607723792015
            ],
            [
              -89.11811808079852,
              28.988602873929256
            ],
            [
              -89.11811624198431,
              28.988512675999658
            ],
            [
              -89.1182188296902,
              28.988511059228347
            ],
            [
              -89.11821699079552,
              28.988420861303407
            ],
            [
              -89.11842216600428,
              28.988417627538162
            ],
            [
              -89.1184203269402,
              28.988327429623855
            ],
            [
              -89.11852291444306,
              28.988325812629924
            ],
            [
              -89.11852107529849,
              28.988235614720278
            ],
            [
              -89.11862366270404,
              28.98823399765414
            ],
            [
              -89.11862182347902,
              28.988143799749153
            ],
            [
              -89.11872441078725,
              28.988142182610808
            ],
            [
              -89.11872073218463,
              28.987961786808842
            ],
            [
              -89.11882331930666,
              28.987960169604257
            ],
            [
              -89.11882147992908,
              28.987869971707266
            ],
            [
              -89.1189240669538,
              28.98786835443049
            ],
            [
              -89.11892222749576,
              28.987778156538162
            ],
            [
              -89.11912740134213,
              28.98777492176199
            ],
            [
              -89.1191255617147,
              28.987684723880296
            ],
            [
              -89.11953590895082,
              28.98767825341366
            ],
            [
              -89.11953406897625,
              28.987588055554564
            ],
            [
              -89.11973924236601,
              28.987584819864104
            ],
            [
              -89.11973740222207,
              28.987494622015657
            ],
            [
              -89.12066068125895,
              28.987480057592315
            ],
            [
              -89.12065884032342,
              28.987389859796355
            ],
            [
              -89.12127435876884,
              28.98738014669846
            ],
            [
              -89.12127620023774,
              28.98747034445852
            ],
            [
              -89.1217891324883,
              28.987462248030322
            ],
            [
              -89.12179097441008,
              28.98755244575912
            ],
            [
              -89.12322718483472,
              28.98752976527807
            ],
            [
              -89.12322902800942,
              28.98761996292173
            ],
            [
              -89.12374196034774,
              28.987611859006293
            ],
            [
              -89.12374380397536,
              28.9877020566187
            ],
            [
              -89.1238463905066,
              28.987700435595066
            ],
            [
              -89.12384823423153,
              28.987790633200156
            ],
            [
              -89.1240534074465,
              28.987787390906377
            ],
            [
              -89.12405525135766,
              28.987877588498172
            ],
            [
              -89.12415783804138,
              28.98787596722801
            ],
            [
              -89.12415968204988,
              28.98796616481249
            ],
            [
              -89.12426226881404,
              28.987964543458155
            ],
            [
              -89.12426780115685,
              28.988235136185704
            ],
            [
              -89.12437038817924,
              28.988233514735214
            ],
            [
              -89.12437407662777,
              28.988413909868346
            ],
            [
              -89.12447666381954,
              28.988412288327673
            ],
            [
              -89.12448035247962,
              28.988592683443546
            ],
            [
              -89.12458293984074,
              28.98859106181271
            ],
            [
              -89.12458847316087,
              28.988861654458656
            ],
            [
              -89.12469106078022,
              28.988860032731655
            ],
            [
              -89.12470028359377,
              28.98931102041856
            ],
            [
              -89.1245976955299,
              28.989312642175527
            ],
            [
              -89.1246013845366,
              28.98949303725305
            ],
            [
              -89.12449879628652,
              28.98949465894382
            ],
            [
              -89.12450064071363,
              28.9895848564866
            ],
            [
              -89.12439805236619,
              28.989586478105167
            ],
            [
              -89.12439989671284,
              28.989676675652625
            ],
            [
              -89.12419471981485,
              28.98967991866719
            ],
            [
              -89.12419656399214,
              28.98977011622531
            ],
            [
              -89.12409397544157,
              28.989771737621297
            ],
            [
              -89.12409581953841,
              28.989861935184084
            ],
            [
              -89.1239932308905,
              28.989863556507878
            ],
            [
              -89.12399507490687,
              28.989953754075344
            ],
            [
              -89.12378989740795,
              28.989956996500347
            ],
            [
              -89.12379174125493,
              28.990047194078468
            ],
            [
              -89.12358656354444,
              28.99005043620268
            ],
            [
              -89.12358840722209,
              28.990140633791476
            ],
            [
              -89.12338322930003,
              28.990143875614912
            ],
            [
              -89.12338507280829,
              28.99023407321437
            ],
            [
              -89.12297471650731,
              28.990240555946897
            ],
            [
              -89.1229765596684,
              28.99033075356899
            ],
            [
              -89.12277138128948,
              28.990333994478082
            ],
            [
              -89.1227732242812,
              28.990424192110826
            ],
            [
              -89.12267063499019,
              28.990425812454077
            ],
            [
              -89.12267247790143,
              28.990516010091508
            ],
            [
              -89.12246729911628,
              28.990519250555398
            ],
            [
              -89.12246914185815,
              28.990609448203475
            ],
            [
              -89.12226396286147,
              28.99061268836657
            ],
            [
              -89.12226580543395,
              28.99070288602531
            ],
            [
              -89.12175285735013,
              28.990710985094612
            ],
            [
              -89.1217546994865,
              28.990801182781965
            ],
            [
              -89.12165210975554,
              28.99080280236723
            ],
            [
              -89.12165395181145,
              28.990893000059245
            ],
            [
              -89.12155136198315,
              28.990894619572295
            ],
            [
              -89.12155320395858,
              28.990984817268977
            ],
            [
              -89.12145061403294,
              28.99098643670983
            ],
            [
              -89.12145245592791,
              28.99107663441118
            ],
            [
              -89.12124727587351,
              28.99107987307026
            ],
            [
              -89.12124911759906,
              28.991170070782264
            ],
            [
              -89.12104393733316,
              28.991173309140535
            ],
            [
              -89.12104577888933,
              28.99126350686319
            ],
            [
              -89.12073800816052,
              28.991268363832084
            ],
            [
              -89.12073984945839,
              28.99135856157136
            ],
            [
              -89.12053466875255,
              28.99136179917161
            ],
            [
              -89.12053650988103,
              28.99145199692154
            ],
            [
              -89.12033132896367,
              28.991455234220975
            ],
            [
              -89.12033316992276,
              28.991545431981542
            ],
            [
              -89.12023057936254,
              28.991547050519944
            ],
            [
              -89.12023242024114,
              28.991637248285187
            ],
            [
              -89.12012982958358,
              28.991638866751376
            ],
            [
              -89.12013351118821,
              28.99181926228987
            ],
            [
              -89.1200309203444,
              28.991820880689815
            ],
            [
              -89.12003276107046,
              28.99191107846306
            ],
            [
              -89.11993017012931,
              28.99191269679079
            ],
            [
              -89.11993201077487,
              28.992002894568706
            ],
            [
              -89.11982941973639,
              28.992004512824227
            ],
            [
              -89.11983126030147,
              28.9920947106068
            ],
            [
              -89.1196260780214,
              28.992097946895203
            ],
            [
              -89.11962791841708,
              28.992188144688416
            ],
            [
              -89.11952532717548,
              28.9921897627213
            ],
            [
              -89.11952716749067,
              28.99227996051918
            ],
            [
              -89.11932198480442,
              28.99228319636231
            ],
            [
              -89.11932382495019,
              28.992373394170826
            ]
          ],
          [
            [
              -89.11933993445982,
              28.988132478138837
            ],
            [
              -89.11933809462094,
              28.988042280274374
            ],
            [
              -89.11923550745212,
              28.988043897875862
            ],
            [
              -89.11923734720212,
              28.98813409574629
            ],
            [
              -89.11933993445982,
              28.988132478138837
            ]
          ],
          [
            [
              -89.11923734720212,
              28.98813409574629
            ],
            [
              -89.11913475993597,
              28.98813571327557
            ],
            [
              -89.11913659960548,
              28.988225911150664
            ],
            [
              -89.11923918696051,
              28.988224293615417
            ],
            [
              -89.11923734720212,
              28.98813409574629
            ]
          ]
        ]
      },
      "properties": {
        "incident_id": "SP-013",
        "type": "AI-detected-slick",
        "source": "Sentinel-1 SAR",
        "method": "U-Net segmentation + radiometric filtering"
      }
    },
    {
      "type": "Feature",
      "geometry": {
        "type": "Polygon",
        "coordinates": [
          [
            [
              -89.07857812035246,
              28.992197716211706
            ],
            [
              -89.07816774448025,
              28.992204062585138
            ],
            [
              -89.078165940066,
              28.992113862390635
            ],
            [
              -89.07755037654348,
              28.99212337956944
            ],
            [
              -89.07754857267103,
              28.992033179338446
            ],
            [
              -89.07713819717992,
              28.99203952253677
            ],
            [
              -89.07713639367142,
              28.991949322281027
            ],
            [
              -89.07580267356934,
              28.991969928957733
            ],
            [
              -89.07580447592186,
              28.99206012928963
            ],
            [
              -89.07559928791224,
              28.992063298386217
            ],
            [
              -89.07560109009516,
              28.992153498728516
            ],
            [
              -89.07529330775209,
              28.99215825180442
            ],
            [
              -89.07529150583595,
              28.992068051444548
            ],
            [
              -89.07518891179403,
              28.99206963564093
            ],
            [
              -89.0751762992344,
              28.991438233044153
            ],
            [
              -89.07527889265387,
              28.991436648888765
            ],
            [
              -89.0752770908037,
              28.99134644851839
            ],
            [
              -89.07537968412599,
              28.99134486429066
            ],
            [
              -89.07537788219516,
              28.99125466392483
            ],
            [
              -89.07558306863719,
              28.99125149524646
            ],
            [
              -89.07558126653674,
              28.991161294891025
            ],
            [
              -89.07568385965646,
              28.991159710440392
            ],
            [
              -89.07568205747535,
              28.99106951008951
            ],
            [
              -89.07578465049791,
              28.991067925566526
            ],
            [
              -89.07578284823613,
              28.99097772522018
            ],
            [
              -89.07598803407866,
              28.990974555951322
            ],
            [
              -89.07598623164729,
              28.990884355615375
            ],
            [
              -89.07619141727898,
              28.99088118604541
            ],
            [
              -89.07618961467803,
              28.990790985719865
            ],
            [
              -89.07639480009888,
              28.99078781584882
            ],
            [
              -89.07639299732836,
              28.99069761553367
            ],
            [
              -89.07659818253836,
              28.990694445361537
            ],
            [
              -89.07659637959824,
              28.990604245056794
            ],
            [
              -89.07710934203428,
              28.990596318287228
            ],
            [
              -89.07710753865783,
              28.990506118010455
            ],
            [
              -89.07721013103136,
              28.990504532427803
            ],
            [
              -89.07720832757425,
              28.9904143321556
            ],
            [
              -89.07731091985062,
              28.990412746500596
            ],
            [
              -89.0772982952596,
              28.989781344599336
            ],
            [
              -89.07719570360562,
              28.98978293021331
            ],
            [
              -89.07719209683172,
              28.98960252964655
            ],
            [
              -89.07708950534733,
              28.98960411517061
            ],
            [
              -89.07708770206169,
              28.98951391487941
            ],
            [
              -89.07719029345716,
              28.9895123293612
            ],
            [
              -89.0771866867328,
              28.989331928786555
            ],
            [
              -89.0772892779422,
              28.989330343201875
            ],
            [
              -89.07728747450348,
              28.989240142918447
            ],
            [
              -89.07739006561573,
              28.98923855726144
            ],
            [
              -89.07738826209635,
              28.98914835698255
            ],
            [
              -89.07759344411825,
              28.98914518544565
            ],
            [
              -89.07759164042932,
              28.989054985177184
            ],
            [
              -89.07789941313351,
              28.98905022730295
            ],
            [
              -89.07790121708918,
              28.989140427553842
            ],
            [
              -89.07810639902851,
              28.989137255234986
            ],
            [
              -89.07810820317025,
              28.989227455472847
            ],
            [
              -89.07831338525438,
              28.98922428282948
            ],
            [
              -89.07831158093482,
              28.98913408260335
            ],
            [
              -89.07851676280809,
              28.98913090965893
            ],
            [
              -89.07851495831898,
              28.989040709443216
            ],
            [
              -89.07861754915432,
              28.989039122859573
            ],
            [
              -89.07861574458454,
              28.988948922648405
            ],
            [
              -89.07871833532272,
              28.988947335992435
            ],
            [
              -89.0787165306723,
              28.98885713578581
            ],
            [
              -89.07881912131329,
              28.988855549057504
            ],
            [
              -89.07881731658223,
              28.98876534885545
            ],
            [
              -89.07891990712606,
              28.988763762054813
            ],
            [
              -89.07891810231435,
              28.988673561857304
            ],
            [
              -89.07902069276102,
              28.988671974984346
            ],
            [
              -89.07901888786866,
              28.988581774791374
            ],
            [
              -89.07932665889237,
              28.98857701372092
            ],
            [
              -89.07932304859901,
              28.98839661336624
            ],
            [
              -89.07942563874589,
              28.988395026198095
            ],
            [
              -89.0794238335227,
              28.988304826024653
            ],
            [
              -89.07952642357243,
              28.98830323878418
            ],
            [
              -89.0795246182686,
              28.988213038615296
            ],
            [
              -89.07962720822115,
              28.988211451302494
            ],
            [
              -89.07962540283667,
              28.98812125113816
            ],
            [
              -89.07972799269207,
              28.988119663753043
            ],
            [
              -89.07972618722694,
              28.988029463593243
            ],
            [
              -89.07982877698517,
              28.988027876135803
            ],
            [
              -89.0798269714394,
              28.98793767598058
            ],
            [
              -89.07992956110046,
              28.98793608845081
            ],
            [
              -89.07992775547406,
              28.987845888300125
            ],
            [
              -89.08044070321087,
              28.98783794950774
            ],
            [
              -89.0804425092818,
              28.98792814962907
            ],
            [
              -89.08095545725647,
              28.98792020885255
            ],
            [
              -89.08095726378018,
              28.988010408943225
            ],
            [
              -89.08105985343921,
              28.98800882054748
            ],
            [
              -89.0810616600601,
              28.988099020630973
            ],
            [
              -89.08116424979977,
              28.988097432151168
            ],
            [
              -89.08116786324415,
              28.988277832302458
            ],
            [
              -89.08127045315335,
              28.98827624373271
            ],
            [
              -89.08130659119459,
              28.990080244839266
            ],
            [
              -89.0812039995072,
              28.99008183352644
            ],
            [
              -89.08120761331544,
              28.990262233619923
            ],
            [
              -89.08110502144196,
              28.990263822240635
            ],
            [
              -89.08110682826957,
              28.990354022291285
            ],
            [
              -89.0810042362989,
              28.990355610839668
            ],
            [
              -89.08100604304586,
              28.990445810894872
            ],
            [
              -89.08090345097801,
              28.990447399370918
            ],
            [
              -89.08090525764433,
              28.99053759943068
            ],
            [
              -89.08080266547928,
              28.990539187834404
            ],
            [
              -89.08080447206497,
              28.99062938789873
            ],
            [
              -89.08070187980273,
              28.990630976230122
            ],
            [
              -89.08070368630776,
              28.99072117629899
            ],
            [
              -89.08060109394836,
              28.990722764558054
            ],
            [
              -89.08060290037274,
              28.990812964631495
            ],
            [
              -89.0803977154513,
              28.990816140926757
            ],
            [
              -89.0803995217061,
              28.990906341010604
            ],
            [
              -89.08029692914405,
              28.990907929046806
            ],
            [
              -89.08029873531822,
              28.990998129135207
            ],
            [
              -89.0800935499915,
              28.99100130498475
            ],
            [
              -89.08009535599611,
              28.99109150508357
            ],
            [
              -89.07989017045848,
              28.991094680632038
            ],
            [
              -89.07989197629351,
              28.991184880741294
            ],
            [
              -89.079686790545,
              28.99118805598868
            ],
            [
              -89.07969762466166,
              28.991729256686998
            ],
            [
              -89.0795950312415,
              28.991730844228584
            ],
            [
              -89.07959864250199,
              28.9919112444626
            ],
            [
              -89.07949604889572,
              28.991912831937714
            ],
            [
              -89.07949785444944,
              28.99200303205861
            ],
            [
              -89.07888229210472,
              28.992012555302235
            ],
            [
              -89.07888409713317,
              28.992102755457015
            ],
            [
              -89.07857631558252,
              28.992107516040655
            ],
            [
              -89.07857812035246,
              28.992197716211706
            ]
          ]
        ]
      },
      "properties": {
        "incident_id": "SP-013",
        "type": "AI-detected-slick",
        "source": "Sentinel-1 SAR",
        "method": "U-Net segmentation + radiometric filtering"
      }
    },
    {
      "type": "Feature",
      "geometry": {
        "type": "Polygon",
        "coordinates": [
          [
            [
              -89.0827537234757,
              28.990599194744238
            ],
            [
              -89.08183039423236,
              28.990613500283782
            ],
            [
              -89.08182858675752,
              28.990523300278173
            ],
            [
              -89.08172599466693,
              28.9905248893857
            ],
            [
              -89.08172418728928,
              28.990434689372915
            ],
            [
              -89.08162159527932,
              28.99043627839636
            ],
            [
              -89.08161798072668,
              28.990255878355093
            ],
            [
              -89.08151538888629,
              28.990257467288597
            ],
            [
              -89.08146298416938,
              28.987641665929406
            ],
            [
              -89.08156557343145,
              28.987640077166184
            ],
            [
              -89.08156015238413,
              28.987369476980135
            ],
            [
              -89.08166274137123,
              28.98736788815633
            ],
            [
              -89.08165912720324,
              28.987187488037478
            ],
            [
              -89.08176171600425,
              28.987185899147235
            ],
            [
              -89.08175990884376,
              28.9870956990917
            ],
            [
              -89.08186249754762,
              28.98709411012915
            ],
            [
              -89.0818606903065,
              28.987003910078176
            ],
            [
              -89.0819632789132,
              28.987002321043306
            ],
            [
              -89.08196147159144,
              28.9869121209969
            ],
            [
              -89.08237182557987,
              28.98690576409903
            ],
            [
              -89.0823700179108,
              28.986815564074792
            ],
            [
              -89.08278037141125,
              28.98680920594942
            ],
            [
              -89.08278217943592,
              28.986899405950155
            ],
            [
              -89.08329512156978,
              28.98689145650483
            ],
            [
              -89.08329331310063,
              28.98680125653347
            ],
            [
              -89.08360107801492,
              28.986796485945664
            ],
            [
              -89.08359926928735,
              28.986706285990635
            ],
            [
              -89.08380444567769,
              28.986703105219576
            ],
            [
              -89.08380625458305,
              28.986793305162855
            ],
            [
              -89.08401143111807,
              28.986790124067287
            ],
            [
              -89.0840132402095,
              28.986880323997504
            ],
            [
              -89.0841158285535,
              28.986878733326563
            ],
            [
              -89.08411763774211,
              28.986968933249575
            ],
            [
              -89.08422022616672,
              28.98696734249456
            ],
            [
              -89.08422203545251,
              28.987057542410383
            ],
            [
              -89.08463238942372,
              28.987051178584963
            ],
            [
              -89.08463419907339,
              28.987141378475954
            ],
            [
              -89.08504455326766,
              28.987135013375987
            ],
            [
              -89.08504636328121,
              28.987225213242137
            ],
            [
              -89.08525154050645,
              28.987222030211267
            ],
            [
              -89.08525335070608,
              28.98731223006432
            ],
            [
              -89.08535593939517,
              28.98731063842573
            ],
            [
              -89.08535774969198,
              28.987400838271608
            ],
            [
              -89.08546033846169,
              28.987399246548932
            ],
            [
              -89.08546395925798,
              28.987579646224965
            ],
            [
              -89.0855665481972,
              28.98757805441234
            ],
            [
              -89.08556835869668,
              28.987668254242504
            ],
            [
              -89.08567094771651,
              28.987666662345802
            ],
            [
              -89.08567456891814,
              28.98784706199042
            ],
            [
              -89.08577715810748,
              28.987845470003766
            ],
            [
              -89.08577896880962,
              28.98793566981822
            ],
            [
              -89.08588155807958,
              28.98793407774748
            ],
            [
              -89.08588699050244,
              28.988204677165314
            ],
            [
              -89.08598958003083,
              28.98820308499873
            ],
            [
              -89.085995012795,
              28.988473684387085
            ],
            [
              -89.0860976025818,
              28.98847209212467
            ],
            [
              -89.08610484673902,
              28.988832891267194
            ],
            [
              -89.08620743687317,
              28.98883129890304
            ],
            [
              -89.08622192629674,
              28.989552897077917
            ],
            [
              -89.08632451713385,
              28.98955130458849
            ],
            [
              -89.08633538508319,
              28.990092503129137
            ],
            [
              -89.0862327937126,
              28.990094095653884
            ],
            [
              -89.08623460497759,
              28.990184295411936
            ],
            [
              -89.08613201350981,
              28.99018588786436
            ],
            [
              -89.08613382469417,
              28.990276087627
            ],
            [
              -89.08592864155592,
              28.990279272309042
            ],
            [
              -89.08593045257076,
              28.99036947208211
            ],
            [
              -89.0853149024236,
              28.99037902428676
            ],
            [
              -89.08531309194225,
              28.990288824478373
            ],
            [
              -89.0851079086714,
              28.99029200790924
            ],
            [
              -89.08510609837616,
              28.990201808087768
            ],
            [
              -89.0839775907722,
              28.990219311301633
            ],
            [
              -89.08397940008939,
              28.990309511187796
            ],
            [
              -89.08367162484764,
              28.990314283167045
            ],
            [
              -89.08367343390638,
              28.990404483069526
            ],
            [
              -89.08316047455999,
              28.990412434833697
            ],
            [
              -89.08316228318243,
              28.990502634764237
            ],
            [
              -89.08275191520065,
              28.990508994791504
            ],
            [
              -89.0827537234757,
              28.990599194744238
            ]
          ]
        ]
      },
      "properties": {
        "incident_id": "SP-013",
        "type": "AI-detected-slick",
        "source": "Sentinel-1 SAR",
        "method": "U-Net segmentation + radiometric filtering"
      }
    },
    {
      "type": "Feature",
      "geometry": {
        "type": "Polygon",
        "coordinates": [
          [
            [
              -88.97925821079124,
              28.993426429182637
            ],
            [
              -88.97905300779571,
              28.993429451065094
            ],
            [
              -88.97905128931872,
              28.99333924533816
            ],
            [
              -88.97864088358908,
              28.99334528814202
            ],
            [
              -88.97863916547577,
              28.993255082391443
            ],
            [
              -88.9782287599761,
              28.99326112392136
            ],
            [
              -88.97822704222645,
              28.993170918147158
            ],
            [
              -88.97802183960735,
              28.9931739384316
            ],
            [
              -88.97802012204346,
              28.99308373264493
            ],
            [
              -88.97791752081106,
              28.993085242664236
            ],
            [
              -88.97791580334398,
              28.992995036870685
            ],
            [
              -88.97781320219268,
              28.992996546806182
            ],
            [
              -88.9778114848224,
              28.99290634100573
            ],
            [
              -88.97760628267412,
              28.992909360630886
            ],
            [
              -88.97760799986648,
              28.99299956644249
            ],
            [
              -88.97730019631824,
              28.993004095310276
            ],
            [
              -88.97730191325162,
              28.993094301137308
            ],
            [
              -88.97678890673598,
              28.99310184771366
            ],
            [
              -88.97678547376655,
              28.99292143600251
            ],
            [
              -88.97668287261776,
              28.992922945071943
            ],
            [
              -88.976676007129,
              28.99256212161171
            ],
            [
              -88.97657340632813,
              28.992563630580612
            ],
            [
              -88.97655281168333,
              28.99148116000776
            ],
            [
              -88.97645021194195,
              28.991482668831527
            ],
            [
              -88.97644506372433,
              28.99121205114225
            ],
            [
              -88.97654766319887,
              28.991210542335207
            ],
            [
              -88.97654079866291,
              28.990849718753555
            ],
            [
              -88.97664339777386,
              28.990848209890604
            ],
            [
              -88.97663996537511,
              28.990667798103114
            ],
            [
              -88.97674256430032,
              28.990666289173088
            ],
            [
              -88.97673913175514,
              28.990485877391528
            ],
            [
              -88.97684173049461,
              28.990484368394448
            ],
            [
              -88.97683829780297,
              28.99030395661882
            ],
            [
              -88.97694089635671,
              28.99030244755468
            ],
            [
              -88.97693917993374,
              28.9902122416705
            ],
            [
              -88.97704177839069,
              28.9902107325337
            ],
            [
              -88.97704006188664,
              28.99012052665379
            ],
            [
              -88.97714266024678,
              28.99011901744437
            ],
            [
              -88.97713922708438,
              28.989938605691773
            ],
            [
              -88.97724182525882,
              28.9899370964153
            ],
            [
              -88.97723667530731,
              28.989666478793367
            ],
            [
              -88.97733927320708,
              28.98966496945541
            ],
            [
              -88.97733755648336,
              28.989574763584393
            ],
            [
              -88.97744015428633,
              28.989573254173788
            ],
            [
              -88.97743843748154,
              28.98948304830707
            ],
            [
              -88.97764363288606,
              28.98948002926239
            ],
            [
              -88.97764191591125,
              28.98938982340551
            ],
            [
              -88.97784711110646,
              28.989386804059134
            ],
            [
              -88.97784539396166,
              28.989296598212114
            ],
            [
              -88.97805058894755,
              28.98929357856404
            ],
            [
              -88.97804887163275,
              28.98920337272687
            ],
            [
              -88.97815146902498,
              28.989201862791102
            ],
            [
              -88.97814803424107,
              28.989021451124017
            ],
            [
              -88.97825063144757,
              28.989019941121185
            ],
            [
              -88.97824891397849,
              28.988929735291272
            ],
            [
              -88.97835151108819,
              28.98892822521581
            ],
            [
              -88.97834979353803,
              28.988838019390176
            ],
            [
              -88.97855498755601,
              28.988834999015786
            ],
            [
              -88.97855326983586,
              28.988744793200013
            ],
            [
              -88.97875846364452,
              28.988741772523934
            ],
            [
              -88.97875674575438,
              28.988651566718016
            ],
            [
              -88.97896193935374,
              28.988648545740258
            ],
            [
              -88.97896022129359,
              28.9885583399442
            ],
            [
              -88.97916541468362,
              28.98855531866477
            ],
            [
              -88.97916369645348,
              28.988465112878583
            ],
            [
              -88.97957408278349,
              28.988459069403525
            ],
            [
              -88.9795723642055,
              28.98836886363836
            ],
            [
              -88.98018794293091,
              28.988359796112974
            ],
            [
              -88.98018966204248,
              28.988450001844633
            ],
            [
              -88.98039485506585,
              28.98844697869931
            ],
            [
              -88.98039657436316,
              28.988537184418483
            ],
            [
              -88.98049917095196,
              28.98853567272293
            ],
            [
              -88.98049745156575,
              28.98844546700935
            ],
            [
              -88.98060004805777,
              28.988443955241163
            ],
            [
              -88.9805983285905,
              28.98835374953185
            ],
            [
              -88.9804957321874,
              28.98835526129445
            ],
            [
              -88.98049401281695,
              28.98826505557826
            ],
            [
              -88.98028882016501,
              28.988268078857654
            ],
            [
              -88.98028710098026,
              28.988177873128983
            ],
            [
              -88.98018450473141,
              28.98817938464578
            ],
            [
              -88.98018278564346,
              28.9880891789102
            ],
            [
              -88.98008018947567,
              28.9880906903432
            ],
            [
              -88.98007847048451,
              28.98800048460075
            ],
            [
              -88.9799758743978,
              28.98800199594995
            ],
            [
              -88.97996899886755,
              28.987641172944755
            ],
            [
              -88.98007159459858,
              28.987639661617898
            ],
            [
              -88.98006987564676,
              28.98754945586893
            ],
            [
              -88.980172471281,
              28.98754794446945
            ],
            [
              -88.98017075224813,
              28.987457738724764
            ],
            [
              -88.98027334778557,
              28.987456227252668
            ],
            [
              -88.98026475229463,
              28.98700519853758
            ],
            [
              -88.9801621572018,
              28.987006709981745
            ],
            [
              -88.98016043821615,
              28.986916504229228
            ],
            [
              -88.98005784320436,
              28.98691801558961
            ],
            [
              -88.9800561243155,
              28.9868278098302
            ],
            [
              -88.97985093444616,
              28.986830832305163
            ],
            [
              -88.979849215743,
              28.986740626533276
            ],
            [
              -88.97861807693343,
              28.986758754746813
            ],
            [
              -88.97861979456954,
              28.9868489605857
            ],
            [
              -88.97831200942345,
              28.986853490896213
            ],
            [
              -88.97831372680066,
              28.986943696750537
            ],
            [
              -88.97800594131706,
              28.986948226373947
            ],
            [
              -88.97800422420661,
              28.986858020502876
            ],
            [
              -88.97790162911862,
              28.986859530215348
            ],
            [
              -88.97789819509916,
              28.98667911845813
            ],
            [
              -88.97779560018114,
              28.98668062808125
            ],
            [
              -88.97779044947762,
              28.98641001041892
            ],
            [
              -88.97768785481851,
              28.98641151994709
            ],
            [
              -88.97768270445249,
              28.986140902256274
            ],
            [
              -88.97758011005227,
              28.9861424116895
            ],
            [
              -88.97757667669205,
              28.985961999877958
            ],
            [
              -88.97747408246182,
              28.985963509221826
            ],
            [
              -88.97746549964336,
              28.98551247964224
            ],
            [
              -88.97736290584983,
              28.985513988880005
            ],
            [
              -88.97736118939864,
              28.985423782954598
            ],
            [
              -88.97725859568618,
              28.985425292108598
            ],
            [
              -88.97725687933175,
              28.985335086176296
            ],
            [
              -88.97715428570035,
              28.98533659524652
            ],
            [
              -88.97715600196587,
              28.985426801184385
            ],
            [
              -88.97705340823771,
              28.98542831018197
            ],
            [
              -88.97705512442217,
              28.985518516124113
            ],
            [
              -88.97684993676442,
              28.98552153389583
            ],
            [
              -88.9768516527789,
              28.985611739847826
            ],
            [
              -88.97664646491192,
              28.9856147573179
            ],
            [
              -88.9765984244544,
              28.983088989857038
            ],
            [
              -88.97670101590232,
              28.983087481317234
            ],
            [
              -88.97669930019667,
              28.982997275323147
            ],
            [
              -88.97680189154785,
              28.982995766710733
            ],
            [
              -88.97680017576114,
              28.982905560720933
            ],
            [
              -88.97731313195469,
              28.982898016513854
            ],
            [
              -88.97731484818591,
              28.98298822247577
            ],
            [
              -88.97752003078612,
              28.982985204234414
            ],
            [
              -88.97752174720303,
              28.983075410183872
            ],
            [
              -88.97782952131116,
              28.983070882218684
            ],
            [
              -88.97783123800262,
              28.983161088150087
            ],
            [
              -88.97793382944518,
              28.983159578666385
            ],
            [
              -88.97793039589232,
              28.982979166813415
            ],
            [
              -88.97803298714922,
              28.982977657262676
            ],
            [
              -88.97802440296006,
              28.98252662763534
            ],
            [
              -88.97812699376459,
              28.982525118034317
            ],
            [
              -88.97812527686142,
              28.98243491211052
            ],
            [
              -88.97822786756919,
              28.982433402436882
            ],
            [
              -88.978226150585,
              28.98234319651736
            ],
            [
              -88.97873910356142,
              28.982335647004202
            ],
            [
              -88.97874082099013,
              28.98242585289582
            ],
            [
              -88.97904859294836,
              28.982421322232895
            ],
            [
              -88.97905031065162,
              28.982511528106457
            ],
            [
              -88.97915290137753,
              28.982510017723513
            ],
            [
              -88.97915461917758,
              28.982600223590207
            ],
            [
              -88.97935980078361,
              28.98259720257857
            ],
            [
              -88.97936151876931,
              28.982687408432778
            ],
            [
              -88.97946410964946,
              28.982685897804096
            ],
            [
              -88.97946582773191,
              28.982776103651414
            ],
            [
              -88.9796710096464,
              28.982773082148295
            ],
            [
              -88.97967272791452,
              28.982863287983147
            ],
            [
              -88.97977531894887,
              28.98286177710871
            ],
            [
              -88.97977703731377,
              28.982951982936672
            ],
            [
              -88.97987962842915,
              28.982950471978466
            ],
            [
              -88.97988134689082,
              28.98304067779953
            ],
            [
              -88.97998393808723,
              28.983039166757553
            ],
            [
              -88.97998565664568,
              28.983129372571725
            ],
            [
              -88.98008824792313,
              28.98312786144597
            ],
            [
              -88.98009168524143,
              28.983308273059233
            ],
            [
              -88.98019427668883,
              28.9833067618441
            ],
            [
              -88.98019599544868,
              28.983396967643202
            ],
            [
              -88.98029858697711,
              28.983395456344287
            ],
            [
              -88.98030202469823,
              28.983575867927385
            ],
            [
              -88.98040461639661,
              28.98357435653912
            ],
            [
              -88.98040633535788,
              28.98366456232313
            ],
            [
              -88.9805089271373,
              28.98366305085106
            ],
            [
              -88.98051236526126,
              28.98384346240399
            ],
            [
              -88.98061495721062,
              28.983841950842567
            ],
            [
              -88.9806201147223,
              28.984112568145413
            ],
            [
              -88.98051752250622,
              28.984114079723604
            ],
            [
              -88.98052096070886,
              28.984294491263494
            ],
            [
              -88.9804183683071,
              28.98429600277466
            ],
            [
              -88.98042008733132,
              28.984386208548234
            ],
            [
              -88.98031749483278,
              28.984387719986785
            ],
            [
              -88.98032265168591,
              28.984658337316457
            ],
            [
              -88.98042524445118,
              28.98465682586113
            ],
            [
              -88.98042868257045,
              28.98483723739655
            ],
            [
              -88.98053127550568,
              28.98483572585186
            ],
            [
              -88.98053471383423,
              28.98501613737088
            ],
            [
              -88.98063730693941,
              28.98501462573682
            ],
            [
              -88.9806390262044,
              28.985104831488787
            ],
            [
              -88.980844212569,
              28.985101807974882
            ],
            [
              -88.98084593201969,
              28.98519201371437
            ],
            [
              -88.98094852527909,
              28.98519050183453
            ],
            [
              -88.98095024482656,
              28.98528070756714
            ],
            [
              -88.98115543149957,
              28.98527768356168
            ],
            [
              -88.98115887097377,
              28.985458095000606
            ],
            [
              -88.9812614644763,
              28.985456582869404
            ],
            [
              -88.98126318431414,
              28.98554678858132
            ],
            [
              -88.98146837147341,
              28.98554376407313
            ],
            [
              -88.98147009149693,
              28.985633969772554
            ],
            [
              -88.98157268515367,
              28.98563245739557
            ],
            [
              -88.98157440527399,
              28.985722663088104
            ],
            [
              -88.98167699901177,
              28.985721150627334
            ],
            [
              -88.98167871922888,
              28.98581135631298
            ],
            [
              -88.9817813130477,
              28.98580984376841
            ],
            [
              -88.9817950757794,
              28.98653148916188
            ],
            [
              -88.98189767030168,
              28.986529976494374
            ],
            [
              -88.98190283172276,
              28.986800593478637
            ],
            [
              -88.98200542650392,
              28.986799080716168
            ],
            [
              -88.98201058826264,
              28.987069697671906
            ],
            [
              -88.98221577833488,
              28.987066671878786
            ],
            [
              -88.9822174991147,
              28.9871568775169
            ],
            [
              -88.98232009422793,
              28.98715536449744
            ],
            [
              -88.98232181510456,
              28.987245570128675
            ],
            [
              -88.98242441029882,
              28.987244057025414
            ],
            [
              -88.98242785225356,
              28.987424468272767
            ],
            [
              -88.98253044761779,
              28.98742295508011
            ],
            [
              -88.98253905308712,
              28.987873983147704
            ],
            [
              -88.98243645727827,
              28.98787549636832
            ],
            [
              -88.98244334143982,
              28.98823631882129
            ],
            [
              -88.98234074526738,
              28.98823783198607
            ],
            [
              -88.98234418721758,
              28.98841824321591
            ],
            [
              -88.9822415908594,
              28.988419756313668
            ],
            [
              -88.9822433117574,
              28.988509961932216
            ],
            [
              -88.98214071530242,
              28.988511474957352
            ],
            [
              -88.98214243611936,
              28.9886016805802
            ],
            [
              -88.98203983956758,
              28.98860319353272
            ],
            [
              -88.98204328104723,
              28.988783604785677
            ],
            [
              -88.9819406843097,
              28.988785117671167
            ],
            [
              -88.981944125643,
              28.988965528930095
            ],
            [
              -88.98184152871976,
              28.988967041748555
            ],
            [
              -88.98184324930928,
              28.989057247381663
            ],
            [
              -88.98174065228923,
              28.98905876012749
            ],
            [
              -88.9817423727977,
              28.989148965764876
            ],
            [
              -88.98163977568085,
              28.989150478438095
            ],
            [
              -88.98164321654356,
              28.989330889720136
            ],
            [
              -88.98154061924096,
              28.989332402326323
            ],
            [
              -88.9815423395952,
              28.989422607970972
            ],
            [
              -88.98133714478853,
              28.989425632959897
            ],
            [
              -88.98133886497276,
              28.98951583861441
            ],
            [
              -88.98113366995673,
              28.989518863301665
            ],
            [
              -88.98113538997099,
              28.989609068966068
            ],
            [
              -88.9809301947456,
              28.989612093351635
            ],
            [
              -88.98093191458985,
              28.989702299025907
            ],
            [
              -88.98082931687642,
              28.989703811106963
            ],
            [
              -88.98083103663961,
              28.98979401678552
            ],
            [
              -88.98072843882936,
              28.989795528793945
            ],
            [
              -88.98073359789937,
              28.99006614583857
            ],
            [
              -88.98083619597642,
              28.990064633813382
            ],
            [
              -88.98084479502855,
              28.99051566216705
            ],
            [
              -88.9809473935424,
              28.990514150035715
            ],
            [
              -88.98095427328154,
              28.99087497267281
            ],
            [
              -88.98105687214328,
              28.990873460440888
            ],
            [
              -88.98106203229712,
              28.991144077388263
            ],
            [
              -88.9811646314178,
              28.991142565061356
            ],
            [
              -88.9811680717376,
              28.991322976341895
            ],
            [
              -88.98127067102828,
              28.99132146392559
            ],
            [
              -88.98127927241029,
              28.991772492076183
            ],
            [
              -88.98138187213782,
              28.99177097955371
            ],
            [
              -88.98138875374092,
              28.992131802028343
            ],
            [
              -88.98149135381634,
              28.99213028940529
            ],
            [
              -88.98149995644212,
              28.99258131744128
            ],
            [
              -88.98139735592198,
              28.99258283009229
            ],
            [
              -88.98140079684953,
              28.992763241308722
            ],
            [
              -88.98129819614361,
              28.992764753892686
            ],
            [
              -88.98130163692477,
              28.9929451651151
            ],
            [
              -88.98119903603308,
              28.992946677632013
            ],
            [
              -88.98120075634651,
              28.99303688324685
            ],
            [
              -88.98089295335737,
              28.993041420345026
            ],
            [
              -88.98089467341184,
              28.99313162597532
            ],
            [
              -88.98068947120183,
              28.99313465032748
            ],
            [
              -88.98069119108627,
              28.99322485596766
            ],
            [
              -88.98048598866686,
              28.993227880018097
            ],
            [
              -88.98048770838126,
              28.993318085668143
            ],
            [
              -88.97925649213636,
              28.993336223466873
            ],
            [
              -88.97925821079124,
              28.993426429182637
            ]
          ]
        ]
      },
      "properties": {
        "incident_id": "SP-013",
        "type": "AI-detected-slick",
        "source": "Sentinel-1 SAR",
        "method": "U-Net segmentation + radiometric filtering"
      }
    },
    {
      "type": "Feature",
      "geometry": {
        "type": "Polygon",
        "coordinates": [
          [
            [
              -88.93612279147136,
              29.00280728801719
            ],
            [
              -88.93571233779156,
              29.00281320153448
            ],
            [
              -88.9357106562858,
              29.00272299359224
            ],
            [
              -88.93540281621215,
              29.002727427892047
            ],
            [
              -88.93540113498109,
              29.002637219932122
            ],
            [
              -88.93529852169682,
              29.002638697870072
            ],
            [
              -88.93529684056247,
              29.002548489903376
            ],
            [
              -88.93519422735952,
              29.002549967757613
            ],
            [
              -88.9351908652919,
              29.002369551809405
            ],
            [
              -88.93508825225923,
              29.002371029574448
            ],
            [
              -88.93508152857233,
              29.0020101976406
            ],
            [
              -88.93497891588798,
              29.002011675305543
            ],
            [
              -88.93497387347057,
              29.001741051325112
            ],
            [
              -88.93487126104552,
              29.001742528895413
            ],
            [
              -88.93486285761534,
              29.001291488874738
            ],
            [
              -88.93476024562757,
              29.001292966339477
            ],
            [
              -88.93475352337786,
              29.0009321342777
            ],
            [
              -88.9346509117384,
              29.000933611642353
            ],
            [
              -88.93463410754245,
              29.000031531342266
            ],
            [
              -88.93473671829199,
              29.000030054032205
            ],
            [
              -88.93473503782572,
              28.9999398460005
            ],
            [
              -88.93483764847858,
              28.99993836861765
            ],
            [
              -88.93483596793101,
              28.999848160590098
            ],
            [
              -88.93493857848719,
              28.99984668313445
            ],
            [
              -88.93493521723713,
              28.999666267086397
            ],
            [
              -88.93503782760766,
              28.99966478956341
            ],
            [
              -88.93503446621037,
              28.99948437352105
            ],
            [
              -88.93513707639522,
              28.99948289593073
            ],
            [
              -88.93513203409005,
              28.999212271873844
            ],
            [
              -88.93523464400025,
              28.999210794221643
            ],
            [
              -88.93523128232394,
              28.999030378188138
            ],
            [
              -88.93533389204849,
              28.999028900468616
            ],
            [
              -88.93532884932479,
              28.998758276424976
            ],
            [
              -88.93543145877467,
              28.99875679864358
            ],
            [
              -88.93542641585327,
              28.99848617460461
            ],
            [
              -88.93552902502852,
              28.998484696761356
            ],
            [
              -88.9355239819094,
              28.99821407272708
            ],
            [
              -88.93562659081,
              28.99821259482195
            ],
            [
              -88.93562154749318,
              28.997941970792343
            ],
            [
              -88.93572415611916,
              28.997940492825357
            ],
            [
              -88.93572079376847,
              28.997760076810046
            ],
            [
              -88.93582340220877,
              28.997758598775725
            ],
            [
              -88.93582172095599,
              28.997668390771587
            ],
            [
              -88.93592432929962,
              28.99766691266449
            ],
            [
              -88.93592264796555,
              28.997576704664496
            ],
            [
              -88.93602525621252,
              28.99757522648461
            ],
            [
              -88.93602357479718,
              28.9974850184888
            ],
            [
              -88.93612618294745,
              28.99748354023613
            ],
            [
              -88.93612281996188,
              28.997303124251516
            ],
            [
              -88.93622542792652,
              28.997301645931522
            ],
            [
              -88.9362237463563,
              28.997211437942724
            ],
            [
              -88.93632635422426,
              28.99720995954995
            ],
            [
              -88.93632299092896,
              28.997029543579377
            ],
            [
              -88.93642559861128,
              28.9970280651193
            ],
            [
              -88.9364239168862,
              28.996937857137517
            ],
            [
              -88.93652652447184,
              28.996936378604648
            ],
            [
              -88.93652484266548,
              28.996846170627045
            ],
            [
              -88.93662745015446,
              28.99684469202139
            ],
            [
              -88.93662576826682,
              28.996754484047955
            ],
            [
              -88.93672837565911,
              28.99675300536952
            ],
            [
              -88.9367266936902,
              28.996662797400226
            ],
            [
              -88.93682930098583,
              28.996661318649018
            ],
            [
              -88.93682761893564,
              28.996571110683902
            ],
            [
              -88.93693022613459,
              28.996569631859906
            ],
            [
              -88.93692686187936,
              28.996389215936706
            ],
            [
              -88.93702946889266,
              28.996387737045403
            ],
            [
              -88.93702610449027,
              28.996207321127926
            ],
            [
              -88.93712871131794,
              28.99620584216932
            ],
            [
              -88.93712702903933,
              28.996115634214082
            ],
            [
              -88.93722963577032,
              28.996114155182685
            ],
            [
              -88.93722627105825,
              28.995933739279284
            ],
            [
              -88.93732887760359,
              28.99593226018058
            ],
            [
              -88.9373255127444,
              28.995751844282893
            ],
            [
              -88.9374281191041,
              28.99575036511688
            ],
            [
              -88.93742307160612,
              28.99547974127699
            ],
            [
              -88.93752567769121,
              28.99547826204914
            ],
            [
              -88.93751894744587,
              28.99511743026628
            ],
            [
              -88.93762155316739,
              28.99511595098205
            ],
            [
              -88.93761650529733,
              28.994845327147658
            ],
            [
              -88.93771911074425,
              28.9948438478016
            ],
            [
              -88.93771742804734,
              28.99475363985966
            ],
            [
              -88.9378200333976,
              28.994752160440836
            ],
            [
              -88.93781666784895,
              28.994571744564002
            ],
            [
              -88.93802187817049,
              28.99456878551349
            ],
            [
              -88.93801851229678,
              28.994388369653333
            ],
            [
              -88.93812111726807,
              28.99438689002166
            ],
            [
              -88.93811775124726,
              28.994206474167232
            ],
            [
              -88.93822035603291,
              28.994204994468255
            ],
            [
              -88.9382186729451,
              28.994114786544557
            ],
            [
              -88.9383212776341,
              28.99411330677282
            ],
            [
              -88.93831959446501,
              28.994023098853294
            ],
            [
              -88.93842219905736,
              28.99402161900878
            ],
            [
              -88.93842051580701,
              28.993931411093428
            ],
            [
              -88.93862572479063,
              28.99392845118065
            ],
            [
              -88.93862235795723,
              28.993748035367904
            ],
            [
              -88.93872496225956,
              28.99374655530511
            ],
            [
              -88.93871822832938,
              28.99338572368588
            ],
            [
              -88.93882083226818,
              28.993384243566723
            ],
            [
              -88.93881746517141,
              28.993203827760254
            ],
            [
              -88.93892006892456,
              28.993202347573806
            ],
            [
              -88.9389167016807,
              28.993021931773082
            ],
            [
              -88.93901930524824,
              28.993020451519346
            ],
            [
              -88.9390176215489,
              28.9929302436225
            ],
            [
              -88.93912022501979,
              28.99292876329599
            ],
            [
              -88.9391185412392,
              28.992838555403317
            ],
            [
              -88.93922114461341,
              28.992837075004058
            ],
            [
              -88.93921946075159,
              28.99274686711555
            ],
            [
              -88.93932206402914,
              28.992745386643538
            ],
            [
              -88.93932038008606,
              28.9926551787592
            ],
            [
              -88.93942298326694,
              28.992653698214426
            ],
            [
              -88.93942129924261,
              28.992563490334256
            ],
            [
              -88.93952390232684,
              28.99256200971673
            ],
            [
              -88.93952221822126,
              28.992471801840725
            ],
            [
              -88.93962482120881,
              28.992470321150446
            ],
            [
              -88.93962145284289,
              28.992289905405496
            ],
            [
              -88.93972405564483,
              28.992288424647914
            ],
            [
              -88.93972237138448,
              28.99219821677896
            ],
            [
              -88.93982497408975,
              28.992196735948628
            ],
            [
              -88.93982160541427,
              28.99201632021778
            ],
            [
              -88.93992420793393,
              28.992014839320152
            ],
            [
              -88.93992083911137,
              28.99183442359504
            ],
            [
              -88.94002344144542,
              28.991832942630147
            ],
            [
              -88.9400200724758,
              28.99165252691078
            ],
            [
              -88.94012267462423,
              28.9916510458786
            ],
            [
              -88.94011930550755,
              28.99147063016497
            ],
            [
              -88.94022190747037,
              28.99146914906551
            ],
            [
              -88.94021853820664,
              28.991288733357642
            ],
            [
              -88.94032113998384,
              28.991287252190897
            ],
            [
              -88.94031777057306,
              28.991106836488775
            ],
            [
              -88.94042037216467,
              28.991105355254756
            ],
            [
              -88.94041363307983,
              28.990744523856776
            ],
            [
              -88.94051623430792,
              28.99074304256644
            ],
            [
              -88.94051286463389,
              28.99056262687059
            ],
            [
              -88.94061546567637,
              28.99056114551298
            ],
            [
              -88.94061378076198,
              28.990470937668587
            ],
            [
              -88.94081898264594,
              28.990467974729636
            ],
            [
              -88.94081729756137,
              28.99037776689489
            ],
            [
              -88.94091989840283,
              28.990376285313562
            ],
            [
              -88.94091652807893,
              28.99019586965112
            ],
            [
              -88.9410191287348,
              28.990194388002507
            ],
            [
              -88.94101575826384,
              28.990013972345817
            ],
            [
              -88.94111835873412,
              28.99001249062994
            ],
            [
              -88.94111667342128,
              28.98992228280512
            ],
            [
              -88.94121927379489,
              28.9899208010165
            ],
            [
              -88.94121590301445,
              28.98974038537391
            ],
            [
              -88.94131850320247,
              28.989738903518017
            ],
            [
              -88.94131513227501,
              28.989558487881183
            ],
            [
              -88.94141773227742,
              28.989557005958034
            ],
            [
              -88.94141436120293,
              28.989376590326945
            ],
            [
              -88.94151696101976,
              28.989375108336517
            ],
            [
              -88.94151358979826,
              28.989194692711187
            ],
            [
              -88.94161618942947,
              28.989193210653497
            ],
            [
              -88.94161450374136,
              28.989103002844356
            ],
            [
              -88.94171710327592,
              28.989101520713934
            ],
            [
              -88.94171541750659,
              28.98901131290897
            ],
            [
              -88.94181801694448,
              28.98900983070581
            ],
            [
              -88.94181633109393,
              28.988919622905023
            ],
            [
              -88.94191893043518,
              28.98891814062912
            ],
            [
              -88.9419172445034,
              28.98882793283251
            ],
            [
              -88.942019843748,
              28.988826450483874
            ],
            [
              -88.94201647172972,
              28.988646034897695
            ],
            [
              -88.9421190707887,
              28.988644552481805
            ],
            [
              -88.94211401255235,
              28.98837392910924
            ],
            [
              -88.94221661133683,
              28.98837244663156
            ],
            [
              -88.94221492518454,
              28.988282238843585
            ],
            [
              -88.94231752387238,
              28.988280756293165
            ],
            [
              -88.94231415141309,
              28.98810034072427
            ],
            [
              -88.94241674991532,
              28.988098858106607
            ],
            [
              -88.94241506360832,
              28.98800865032568
            ],
            [
              -88.9425176620139,
              28.988007167635274
            ],
            [
              -88.9425142892452,
              28.987826752080494
            ],
            [
              -88.94261688746519,
              28.987825269322833
            ],
            [
              -88.94261182810322,
              28.98755464599735
            ],
            [
              -88.94271442604871,
              28.98755316317791
            ],
            [
              -88.94271105300146,
              28.987372747632048
            ],
            [
              -88.94281365076135,
              28.987371264745367
            ],
            [
              -88.94281196416038,
              28.987281056975963
            ],
            [
              -88.94291456182363,
              28.987279574016544
            ],
            [
              -88.94291118846697,
              28.987099158484796
            ],
            [
              -88.94301378594463,
              28.987097675458127
            ],
            [
              -88.94301041244101,
              28.98691725993214
            ],
            [
              -88.94311300973311,
              28.986915776838224
            ],
            [
              -88.94311132290395,
              28.98682556907876
            ],
            [
              -88.94321392009937,
              28.986824085912108
            ],
            [
              -88.943203798753,
              28.986282839360936
            ],
            [
              -88.94330639540715,
              28.986281356148965
            ],
            [
              -88.94330133457143,
              28.98601073287226
            ],
            [
              -88.94340393095108,
              28.98600924959853
            ],
            [
              -88.94340055692136,
              28.985828834085194
            ],
            [
              -88.94350315311544,
              28.985827350744227
            ],
            [
              -88.94349977893876,
              28.985646935236648
            ],
            [
              -88.94360237494726,
              28.985645451828436
            ],
            [
              -88.94359900062362,
              28.98546503632662
            ],
            [
              -88.94370159644657,
              28.98546355285117
            ],
            [
              -88.94369822197598,
              28.985283137355115
            ],
            [
              -88.94380081761336,
              28.98528165381243
            ],
            [
              -88.94379744299583,
              28.985101238322127
            ],
            [
              -88.94390003844762,
              28.985099754712213
            ],
            [
              -88.94389666368315,
              28.984919339227677
            ],
            [
              -88.94399925894939,
              28.98491785555052
            ],
            [
              -88.94399419659385,
              28.98464723233043
            ],
            [
              -88.9440967915856,
              28.984645748591507
            ],
            [
              -88.94409004153067,
              28.984284917635122
            ],
            [
              -88.94419263615904,
              28.98428343383994
            ],
            [
              -88.9441875734322,
              28.984012810625444
            ],
            [
              -88.9442901677861,
              28.984011326768506
            ],
            [
              -88.94428510486203,
              28.983740703558762
            ],
            [
              -88.94438769894145,
              28.983739219640093
            ],
            [
              -88.94438263582019,
              28.983468596435085
            ],
            [
              -88.94448522962513,
              28.983467112454665
            ],
            [
              -88.94448185407175,
              28.98328669698914
            ],
            [
              -88.94458444769116,
              28.983285212941485
            ],
            [
              -88.94458107199087,
              28.983104797481722
            ],
            [
              -88.94468366542472,
              28.98310331336685
            ],
            [
              -88.94467860166547,
              28.982832690183898
            ],
            [
              -88.94478119482487,
              28.982831206007283
            ],
            [
              -88.94477613086845,
              28.982560582829095
            ],
            [
              -88.94487872375339,
              28.98255909859074
            ],
            [
              -88.94487703569445,
              28.98246889086756
            ],
            [
              -88.94497962848276,
              28.982467406556495
            ],
            [
              -88.94497625221025,
              28.98228699111721
            ],
            [
              -88.94507884481303,
              28.982285506738922
            ],
            [
              -88.94507546839363,
              28.982105091305407
            ],
            [
              -88.94517806081083,
              28.9821036068599
            ],
            [
              -88.94517468424453,
              28.98192319143216
            ],
            [
              -88.9452772764762,
              28.981921706919426
            ],
            [
              -88.94527389976301,
              28.981741291497446
            ],
            [
              -88.94537649180914,
              28.981739806917503
            ],
            [
              -88.94537311494905,
              28.98155939150131
            ],
            [
              -88.94547570680965,
              28.981557906854135
            ],
            [
              -88.94547232980267,
              28.981377491443716
            ],
            [
              -88.94557492147773,
              28.981376006729327
            ],
            [
              -88.94557323289693,
              28.981285799027656
            ],
            [
              -88.94567582447536,
              28.98128431424056
            ],
            [
              -88.94567244715913,
              28.98110389884429
            ],
            [
              -88.94577503855203,
              28.98110241398999
            ],
            [
              -88.9457733498166,
              28.981012206295386
            ],
            [
              -88.94587594111287,
              28.981010721368385
            ],
            [
              -88.94587256348743,
              28.98083030598626
            ],
            [
              -88.94597515459816,
              28.980828820992045
            ],
            [
              -88.94597177682583,
              28.98064840561569
            ],
            [
              -88.94607436775102,
              28.98064692055426
            ],
            [
              -88.94606930088382,
              28.98037629749645
            ],
            [
              -88.94617189153459,
              28.980374812373295
            ],
            [
              -88.94617020250541,
              28.980284604690258
            ],
            [
              -88.94627279305956,
              28.980283119494402
            ],
            [
              -88.94627110394921,
              28.980192911815543
            ],
            [
              -88.94647628485649,
              28.98018994120025
            ],
            [
              -88.94647459557609,
              28.980099733531073
            ],
            [
              -88.94678236661231,
              28.9800952770382
            ],
            [
              -88.9467840561594,
              28.980185484690896
            ],
            [
              -88.94698923698934,
              28.98018251329372
            ],
            [
              -88.9469993755011,
              28.980723759116707
            ],
            [
              -88.9468967845566,
              28.98072524488735
            ],
            [
              -88.9469052330846,
              28.981176283064865
            ],
            [
              -88.94700782447362,
              28.981174797266757
            ],
            [
              -88.94701458379086,
              28.981535627763392
            ],
            [
              -88.94711717552774,
              28.981534141865126
            ],
            [
              -88.94712731526911,
              28.982075387538085
            ],
            [
              -88.94722990753168,
              28.982073901528665
            ],
            [
              -88.94723497777352,
              28.982344524331097
            ],
            [
              -88.94713238524423,
              28.982346010357
            ],
            [
              -88.94713745528898,
              28.982616633164202
            ],
            [
              -88.94703486248522,
              28.98261811912839
            ],
            [
              -88.94703824237592,
              28.982798534337658
            ],
            [
              -88.94693564938662,
              28.982800020234627
            ],
            [
              -88.94693902913043,
              28.982980435449697
            ],
            [
              -88.94683643595556,
              28.982981921279453
            ],
            [
              -88.94683812575016,
              28.983072128890523
            ],
            [
              -88.94673553247866,
              28.98307361464758
            ],
            [
              -88.94674060164215,
              28.98334423748946
            ],
            [
              -88.94663800809616,
              28.983345723184797
            ],
            [
              -88.94664307706252,
              28.983616346031464
            ],
            [
              -88.94654048324206,
              28.983617831665065
            ],
            [
              -88.9465455520113,
              28.98388845451648
            ],
            [
              -88.94644295791637,
              28.98388994008836
            ],
            [
              -88.94644802648845,
              28.98416056294455
            ],
            [
              -88.94634543211906,
              28.9841620484547
            ],
            [
              -88.94634881102795,
              28.98434246369664
            ],
            [
              -88.94624621647297,
              28.984343949139557
            ],
            [
              -88.9462529740279,
              28.98470477962978
            ],
            [
              -88.94615037910951,
              28.98470626501648
            ],
            [
              -88.94615544709015,
              28.98497688788696
            ],
            [
              -88.94605285189729,
              28.984978373211916
            ],
            [
              -88.94605960895738,
              28.985339203709632
            ],
            [
              -88.94595701340111,
              28.98534068897834
            ],
            [
              -88.9459603917997,
              28.98552110423038
            ],
            [
              -88.94585779605785,
              28.98552258943187
            ],
            [
              -88.94586286344698,
              28.985793212316626
            ],
            [
              -88.94576026743063,
              28.98579469745638
            ],
            [
              -88.94576533462255,
              28.986065320345904
            ],
            [
              -88.94566273833169,
              28.98606680542391
            ],
            [
              -88.94566611632047,
              28.986247220688057
            ],
            [
              -88.94556351984401,
              28.986248705698827
            ],
            [
              -88.94556520876108,
              28.986338913334457
            ],
            [
              -88.94546261218798,
              28.986340398272514
            ],
            [
              -88.94546598986744,
              28.986520813550808
            ],
            [
              -88.94536339310876,
              28.98652229842163
            ],
            [
              -88.94536508187115,
              28.98661250606432
            ],
            [
              -88.9452624850158,
              28.986613990862416
            ],
            [
              -88.945264173697,
              28.9867041985093
            ],
            [
              -88.94516157674501,
              28.98670568323468
            ],
            [
              -88.94516495395274,
              28.986886098535503
            ],
            [
              -88.94506235681516,
              28.986887583193653
            ],
            [
              -88.94506573387595,
              28.987067998500248
            ],
            [
              -88.94496313655279,
              28.987069483091155
            ],
            [
              -88.94496651346662,
              28.98724989840353
            ],
            [
              -88.94486391595787,
              28.987251382927198
            ],
            [
              -88.94486729272478,
              28.98743179824534
            ],
            [
              -88.94466209732836,
              28.987434767079986
            ],
            [
              -88.94466378554554,
              28.987524974748077
            ],
            [
              -88.9445611877468,
              28.98752645905357
            ],
            [
              -88.9445628758828,
              28.987616666725845
            ],
            [
              -88.94446027798739,
              28.98761815095861
            ],
            [
              -88.94446196604216,
              28.987708358635064
            ],
            [
              -88.94435936805013,
              28.987709842795105
            ],
            [
              -88.94436274400496,
              28.987890258155108
            ],
            [
              -88.94426014582733,
              28.987891742247893
            ],
            [
              -88.94426183372742,
              28.987981949931417
            ],
            [
              -88.94415923545311,
              28.98798343395148
            ],
            [
              -88.944160923272,
              28.988073641639208
            ],
            [
              -88.94405832490104,
              28.98807512558654
            ],
            [
              -88.9440617003841,
              28.988255540969032
            ],
            [
              -88.94395910182755,
              28.98825702484912
            ],
            [
              -88.94396078949174,
              28.9883472325439
            ],
            [
              -88.94385819083853,
              28.988348716351254
            ],
            [
              -88.94386156601219,
              28.98852913174789
            ],
            [
              -88.94375896717338,
              28.98853061548799
            ],
            [
              -88.94376065468286,
              28.988620823189837
            ],
            [
              -88.9436580557474,
              28.98862230685722
            ],
            [
              -88.94365974317567,
              28.988712514563254
            ],
            [
              -88.94355714414355,
              28.988713998157895
            ],
            [
              -88.9435588314906,
              28.9888042058681
            ],
            [
              -88.94345623236181,
              28.98880568939001
            ],
            [
              -88.94345791962766,
              28.988895897104413
            ],
            [
              -88.9433553204022,
              28.988897380553578
            ],
            [
              -88.94335700758684,
              28.988987588272156
            ],
            [
              -88.94325440826474,
              28.988989071648604
            ],
            [
              -88.94325609536814,
              28.989079279371357
            ],
            [
              -88.94315349594937,
              28.98908076267506
            ],
            [
              -88.9431568700015,
              28.989261178127645
            ],
            [
              -88.94305427039713,
              28.989262661364094
            ],
            [
              -88.94306776620297,
              28.989984323166237
            ],
            [
              -88.94296516587934,
              28.989985806368313
            ],
            [
              -88.94297191361181,
              28.9903466372601
            ],
            [
              -88.9428693129247,
              28.990348120405883
            ],
            [
              -88.94287606042492,
              28.990708951298796
            ],
            [
              -88.94277345937431,
              28.99071043438828
            ],
            [
              -88.94277851981371,
              28.990981057560735
            ],
            [
              -88.94267591848853,
              28.990982540588448
            ],
            [
              -88.94267760522817,
              28.991072748315485
            ],
            [
              -88.94257500380631,
              28.991074231270446
            ],
            [
              -88.94257837713084,
              28.991254646731573
            ],
            [
              -88.94247577552336,
              28.99125612961927
            ],
            [
              -88.94247746210827,
              28.991346337353356
            ],
            [
              -88.94237486040413,
              28.991347820168325
            ],
            [
              -88.9423765469078,
              28.99143802790659
            ],
            [
              -88.94227394510699,
              28.991439510648803
            ],
            [
              -88.94227563152943,
              28.991529718391256
            ],
            [
              -88.94217302963195,
              28.991531201060724
            ],
            [
              -88.94217471597315,
              28.991621408807344
            ],
            [
              -88.94196951197715,
              28.991624373922555
            ],
            [
              -88.94197119814817,
              28.991714581678835
            ],
            [
              -88.94186859604963,
              28.99171606412459
            ],
            [
              -88.94187028213943,
              28.991806271885054
            ],
            [
              -88.94176767994422,
              28.991807754258044
            ],
            [
              -88.94176936595278,
              28.991897962022676
            ],
            [
              -88.9416667636609,
              28.99189944432292
            ],
            [
              -88.94166844958824,
              28.991989652091746
            ],
            [
              -88.94146324480344,
              28.991992616468508
            ],
            [
              -88.94146661632541,
              28.992173032024162
            ],
            [
              -88.94136401374355,
              28.99217451410616
            ],
            [
              -88.94136569942715,
              28.992264721887505
            ],
            [
              -88.9412630967486,
              28.992266203896747
            ],
            [
              -88.94126646796107,
              28.99244661946651
            ],
            [
              -88.9411638650969,
              28.99244810140847
            ],
            [
              -88.94116555062574,
              28.992538309196867
            ],
            [
              -88.9410629476649,
              28.992539791066097
            ],
            [
              -88.94106631856785,
              28.99272020664994
            ],
            [
              -88.94096371542138,
              28.99272168845188
            ],
            [
              -88.94096540079546,
              28.992811896247332
            ],
            [
              -88.94086279755233,
              28.992813377976507
            ],
            [
              -88.94086448284517,
              28.992903585776144
            ],
            [
              -88.94076187950537,
              28.992905067432577
            ],
            [
              -88.94076524993628,
              28.993085483038882
            ],
            [
              -88.94066264641086,
              28.99308696462803
            ],
            [
              -88.94066601669469,
              28.993267380240084
            ],
            [
              -88.94056341298364,
              28.993268861761944
            ],
            [
              -88.94056678312042,
              28.993449277379757
            ],
            [
              -88.94046417922374,
              28.99345075883434
            ],
            [
              -88.94046586421474,
              28.993540966646766
            ],
            [
              -88.94036326022137,
              28.993542448028588
            ],
            [
              -88.94036494513112,
              28.99363265584519
            ],
            [
              -88.9402623410411,
              28.993634137154253
            ],
            [
              -88.94026402586961,
              28.99372434497503
            ],
            [
              -88.9401614216829,
              28.993725826211342
            ],
            [
              -88.94016479118513,
              28.993906241859936
            ],
            [
              -88.9400621868128,
              28.993907723028965
            ],
            [
              -88.9400638714865,
              28.993997930856775
            ],
            [
              -88.93996126701751,
              28.993999411953034
            ],
            [
              -88.93996632081804,
              28.994270035445105
            ],
            [
              -88.93986371607443,
              28.994271516479554
            ],
            [
              -88.93986876967746,
              28.994542139976332
            ],
            [
              -88.93976616465926,
              28.994543620948967
            ],
            [
              -88.93976953358859,
              28.994724036617928
            ],
            [
              -88.93966692838472,
              28.99472551752328
            ],
            [
              -88.93967029716696,
              28.994905933197984
            ],
            [
              -88.93946508638028,
              28.994908894795845
            ],
            [
              -88.93946677060504,
              28.994999102642197
            ],
            [
              -88.93936416511116,
              28.99500058332924
            ],
            [
              -88.93936584925464,
              28.995090791179752
            ],
            [
              -88.9392632436641,
              28.995092271794036
            ],
            [
              -88.93926661179627,
              28.99527268750212
            ],
            [
              -88.93916400602008,
              28.995274168049107
            ],
            [
              -88.93916905800923,
              28.995544791617878
            ],
            [
              -88.93927166405231,
              28.995543311054476
            ],
            [
              -88.9392733481531,
              28.995633518902675
            ],
            [
              -88.93917074202103,
              28.995634999471545
            ],
            [
              -88.93917242604054,
              28.995725207323897
            ],
            [
              -88.93927503226158,
              28.995723726749564
            ],
            [
              -88.93927671637776,
              28.995813934595148
            ],
            [
              -88.93917411006775,
              28.99581541517496
            ],
            [
              -88.93917916219566,
              28.996086038720318
            ],
            [
              -88.93928176877256,
              28.996084558124092
            ],
            [
              -88.93929692637323,
              28.99689642864072
            ],
            [
              -88.93919431899556,
              28.996897909286194
            ],
            [
              -88.93920273970974,
              28.99734894844394
            ],
            [
              -88.93910013187948,
              28.99735042903852
            ],
            [
              -88.93910518413355,
              28.997621052533976
            ],
            [
              -88.93900257602867,
              28.997622533066718
            ],
            [
              -88.93900594405862,
              28.99780294873478
            ],
            [
              -88.93890333576807,
              28.997804429200233
            ],
            [
              -88.9389067036509,
              28.997984844874043
            ],
            [
              -88.93880409517469,
              28.997986325272176
            ],
            [
              -88.93880746291039,
              28.998166740951728
            ],
            [
              -88.9387048542485,
              28.99816822128256
            ],
            [
              -88.93870822183708,
              28.99834863696784
            ],
            [
              -88.9386056129895,
              28.99835011723137
            ],
            [
              -88.93861066416322,
              28.998620740765954
            ],
            [
              -88.93850805504101,
              28.99862222096763
            ],
            [
              -88.938509738692,
              28.998712428815363
            ],
            [
              -88.9384071294731,
              28.998713908944268
            ],
            [
              -88.93840881304281,
              28.998804116796162
            ],
            [
              -88.93830620372724,
              28.998805596852286
            ],
            [
              -88.93830788721567,
              28.99889580470835
            ],
            [
              -88.93800005895572,
              28.99890024442362
            ],
            [
              -88.93800342542181,
              28.999080660164665
            ],
            [
              -88.93790081580845,
              28.999082139924194
            ],
            [
              -88.93790754847714,
              28.999442971412535
            ],
            [
              -88.93780493850015,
              28.999444451115682
            ],
            [
              -88.9378099878156,
              28.9997150747347
            ],
            [
              -88.93770737756392,
              28.999716554375993
            ],
            [
              -88.93771074363475,
              28.999896970126432
            ],
            [
              -88.9376081331974,
              28.9998984497004
            ],
            [
              -88.93761318209447,
              29.00016907333271
            ],
            [
              -88.93751057138245,
              29.000170552844835
            ],
            [
              -88.93751730299707,
              29.00053138435823
            ],
            [
              -88.93741469192138,
              29.000532863813966
            ],
            [
              -88.93741805759691,
              29.000713279573795
            ],
            [
              -88.93731544633555,
              29.00071475896221
            ],
            [
              -88.93731712909589,
              29.000804966845628
            ],
            [
              -88.9372145177378,
              29.00080644616125
            ],
            [
              -88.93721956579803,
              29.00107706982014
            ],
            [
              -88.93711695416528,
              29.001078549073902
            ],
            [
              -88.93712368466409,
              29.001439380622735
            ],
            [
              -88.93702107266765,
              29.001440859820107
            ],
            [
              -88.93702443778528,
              29.001621275597653
            ],
            [
              -88.93692182560315,
              29.001622754727684
            ],
            [
              -88.9369285555748,
              29.00198358628903
            ],
            [
              -88.93703116811292,
              29.001982107137128
            ],
            [
              -88.93703789856377,
              29.0023429386558
            ],
            [
              -88.93693528566966,
              29.002344417829562
            ],
            [
              -88.93693865076328,
              29.002524833592023
            ],
            [
              -88.93673342459596,
              29.002527791726624
            ],
            [
              -88.93673510697631,
              29.00261799961683
            ],
            [
              -88.93663249379212,
              29.0026194785722
            ],
            [
              -88.93663417609118,
              29.00270968646658
            ],
            [
              -88.9361211096096,
              29.0027170800968
            ],
            [
              -88.93612279147136,
              29.00280728801719
            ]
          ]
        ]
      },
      "properties": {
        "incident_id": "SP-013",
        "type": "AI-detected-slick",
        "source": "Sentinel-1 SAR",
        "method": "U-Net segmentation + radiometric filtering"
      }
    },
    {
      "type": "Feature",
      "geometry": {
        "type": "Polygon",
        "coordinates": [
          [
            [
              -88.9988001186207,
              28.974279023939523
            ],
            [
              -88.99869753724117,
              28.974280548916813
            ],
            [
              -88.99869580307922,
              28.974190344011262
            ],
            [
              -88.99828547783719,
              28.97419644311627
            ],
            [
              -88.99828374403862,
              28.974106238186856
            ],
            [
              -88.9980785815477,
              28.97410928725911
            ],
            [
              -88.99807684793478,
              28.974019082317117
            ],
            [
              -88.99797426676626,
              28.974020606730374
            ],
            [
              -88.99797253325015,
              28.973930401781438
            ],
            [
              -88.99786995216256,
              28.973931926110893
            ],
            [
              -88.99786821874324,
              28.973841721155008
            ],
            [
              -88.99776563773658,
              28.973843245400662
            ],
            [
              -88.99776390441404,
              28.973753040437842
            ],
            [
              -88.99766132348832,
              28.973754564599716
            ],
            [
              -88.99765959026257,
              28.973664359629957
            ],
            [
              -88.99755700941776,
              28.973665883708033
            ],
            [
              -88.99755527628881,
              28.973575678731322
            ],
            [
              -88.99735011475309,
              28.973578726641723
            ],
            [
              -88.99734838180979,
              28.973488521652442
            ],
            [
              -88.99724580111888,
              28.973490045484763
            ],
            [
              -88.99724406827238,
              28.973399840488554
            ],
            [
              -88.9971414876624,
              28.973401364237077
            ],
            [
              -88.99713975491268,
              28.97331115923393
            ],
            [
              -88.99703717438364,
              28.973312682898666
            ],
            [
              -88.99703370908568,
              28.973132272877173
            ],
            [
              -88.99693112872642,
              28.973133796452494
            ],
            [
              -88.9969276636379,
              28.972953386414513
            ],
            [
              -88.99682508344841,
              28.9729549099004
            ],
            [
              -88.99682335100492,
              28.97286470487382
            ],
            [
              -88.99672077089635,
              28.972866228275922
            ],
            [
              -88.99671903854963,
              28.9727760232424
            ],
            [
              -88.99641129844291,
              28.972780592962867
            ],
            [
              -88.99641303052306,
              28.972870798013272
            ],
            [
              -88.9961052900784,
              28.972875367047205
            ],
            [
              -88.9961035582648,
              28.972785161979903
            ],
            [
              -88.99600097818958,
              28.97278668482927
            ],
            [
              -88.99599924647278,
              28.972696479755026
            ],
            [
              -88.99589666647849,
              28.972698002520602
            ],
            [
              -88.99589320324635,
              28.972517592356944
            ],
            [
              -88.99579062342184,
              28.9725191150331
            ],
            [
              -88.99578716039912,
              28.972338704852966
            ],
            [
              -88.99568458074438,
              28.972340227439712
            ],
            [
              -88.99566899833418,
              28.971528381513817
            ],
            [
              -88.99577157718927,
              28.971526858977736
            ],
            [
              -88.99576811434093,
              28.971346448768887
            ],
            [
              -88.9958706930104,
              28.971344926165916
            ],
            [
              -88.99586896150929,
              28.97125472106516
            ],
            [
              -88.99597154008197,
              28.971253198389665
            ],
            [
              -88.99596980849992,
              28.97116299329323
            ],
            [
              -88.99648270080023,
              28.971155378771606
            ],
            [
              -88.99648096878188,
              28.97106517370203
            ],
            [
              -88.99668612546881,
              28.971062127357577
            ],
            [
              -88.9966843932807,
              28.97097192229796
            ],
            [
              -88.99678697152343,
              28.97097039901413
            ],
            [
              -88.9967852392544,
              28.97088019395884
            ],
            [
              -88.99688781740035,
              28.970878670602502
            ],
            [
              -88.99688435270839,
              28.97069826049926
            ],
            [
              -88.99698693066873,
              28.970696737076025
            ],
            [
              -88.99698519824581,
              28.97060653202809
            ],
            [
              -88.99708777610935,
              28.97060500853234
            ],
            [
              -88.99708604360552,
              28.97051480348873
            ],
            [
              -88.99739377688205,
              28.970510232549504
            ],
            [
              -88.99739204411962,
              28.97042002752147
            ],
            [
              -88.99769977705823,
              28.970415455895797
            ],
            [
              -88.9977015100872,
              28.970505660906927
            ],
            [
              -88.99790666551762,
              28.970502612754448
            ],
            [
              -88.9979083987322,
              28.970592817752983
            ],
            [
              -88.99801097652436,
              28.970591293553888
            ],
            [
              -88.99801270983572,
              28.97068149854549
            ],
            [
              -88.99811528770879,
              28.97067997426261
            ],
            [
              -88.99811702111693,
              28.970770179247285
            ],
            [
              -88.99832217701695,
              28.970767130435803
            ],
            [
              -88.99832391061071,
              28.97085733540787
            ],
            [
              -88.99842648863765,
              28.970855810879282
            ],
            [
              -88.99842822232819,
              28.970946015844408
            ],
            [
              -88.99853080043604,
              28.970944491232025
            ],
            [
              -88.99853253422337,
              28.971034696190216
            ],
            [
              -88.99863511241215,
              28.97103317149403
            ],
            [
              -88.99863684629625,
              28.97112337644529
            ],
            [
              -88.99884200282766,
              28.971120326807196
            ],
            [
              -88.9988437368974,
              28.971210531745875
            ],
            [
              -88.99894631524003,
              28.97120900680396
            ],
            [
              -88.99894804940655,
              28.97129921173569
            ],
            [
              -88.9990506278301,
              28.971297686709985
            ],
            [
              -88.99905236209342,
              28.971387891634777
            ],
            [
              -88.99915494059786,
              28.971386366525277
            ],
            [
              -88.99915667495797,
              28.971476571443123
            ],
            [
              -88.99925925354333,
              28.971475046249843
            ],
            [
              -88.99926272246505,
              28.97165545607033
            ],
            [
              -88.99936530122017,
              28.971653930787618
            ],
            [
              -88.99937223951427,
              28.97201475039036
            ],
            [
              -88.99947481861685,
              28.97201322500694
            ],
            [
              -88.99948696155921,
              28.97264465922202
            ],
            [
              -88.99938438183467,
              28.97264618464493
            ],
            [
              -88.99938611648365,
              28.972736389533214
            ],
            [
              -88.99948869629702,
              28.972734864104673
            ],
            [
              -88.99949216579648,
              28.972915273866043
            ],
            [
              -88.99959474577963,
              28.972913748348056
            ],
            [
              -88.99959648063013,
              28.97300395322116
            ],
            [
              -88.9996990606942,
              28.973002427619374
            ],
            [
              -88.99970079564149,
              28.97309263248551
            ],
            [
              -88.99980337578646,
              28.973091106799927
            ],
            [
              -88.99981031601047,
              28.973451926228883
            ],
            [
              -88.99970773551009,
              28.973453451937026
            ],
            [
              -88.99971120549203,
              28.973633861654953
            ],
            [
              -88.999608624806,
              28.973635387296227
            ],
            [
              -88.999612094642,
              28.97381579702021
            ],
            [
              -88.9995095137703,
              28.9738173225946
            ],
            [
              -88.99951124861137,
              28.973907527460277
            ],
            [
              -88.99940866764287,
              28.973909052962142
            ],
            [
              -88.99941213717109,
              28.974089462700857
            ],
            [
              -88.99920697485481,
              28.974092513492668
            ],
            [
              -88.99920870945314,
              28.974182718371353
            ],
            [
              -88.99879838436988,
              28.97418881903959
            ],
            [
              -88.9988001186207,
              28.974279023939523
            ]
          ]
        ]
      },
      "properties": {
        "incident_id": "SP-013",
        "type": "AI-detected-slick",
        "source": "Sentinel-1 SAR",
        "method": "U-Net segmentation + radiometric filtering"
      }
    },
    {
      "type": "Feature",
      "geometry": {
        "type": "Polygon",
        "coordinates": [
          [
            [
              -88.95048003241926,
              28.97480822148048
            ],
            [
              -88.95006969278907,
              28.974814173610106
            ],
            [
              -88.95006800076544,
              28.974723966062037
            ],
            [
              -88.9499654159274,
              28.974725453893516
            ],
            [
              -88.9499586482658,
              28.97436462366619
            ],
            [
              -88.94985606377551,
              28.9743661113975
            ],
            [
              -88.94984252953506,
              28.973644450836407
            ],
            [
              -88.94994511331441,
              28.973642963149103
            ],
            [
              -88.94993834602461,
              28.97328213285935
            ],
            [
              -88.95004092944075,
              28.973280645115885
            ],
            [
              -88.95003754566457,
              28.973100229974182
            ],
            [
              -88.95014012889523,
              28.973098742163565
            ],
            [
              -88.95013674497233,
              28.972918327027678
            ],
            [
              -88.95023932801749,
              28.972916839149878
            ],
            [
              -88.95023594394785,
              28.972736424019786
            ],
            [
              -88.95033852680756,
              28.972734936074826
            ],
            [
              -88.95033683469548,
              28.972644728513327
            ],
            [
              -88.95054200021393,
              28.972641752399923
            ],
            [
              -88.95054030793187,
              28.972551544848134
            ],
            [
              -88.95064289059061,
              28.97255005667969
            ],
            [
              -88.95064119822744,
              28.972459849132093
            ],
            [
              -88.95074378078958,
              28.972458360890993
            ],
            [
              -88.95074039590877,
              28.9722779458029
            ],
            [
              -88.95084297828542,
              28.972276457494633
            ],
            [
              -88.95083790075573,
              28.972005834869268
            ],
            [
              -88.95094048285806,
              28.972004346499343
            ],
            [
              -88.95093371257151,
              28.971643516335988
            ],
            [
              -88.95103629431065,
              28.971642027909915
            ],
            [
              -88.95103290903614,
              28.971461612831444
            ],
            [
              -88.95113549058983,
              28.971460124338215
            ],
            [
              -88.95113210516861,
              28.971279709265538
            ],
            [
              -88.95123468653684,
              28.97127822070516
            ],
            [
              -88.9512313009689,
              28.97109780563829
            ],
            [
              -88.95133388215166,
              28.971096317010765
            ],
            [
              -88.95133049643701,
              28.970915901949702
            ],
            [
              -88.9514330774343,
              28.970914413255024
            ],
            [
              -88.95142969157294,
              28.970733998199755
            ],
            [
              -88.95153227238478,
              28.97073250943792
            ],
            [
              -88.9515288863767,
              28.970552094388463
            ],
            [
              -88.95163146700308,
              28.9705506055595
            ],
            [
              -88.95162808084832,
              28.970370190515833
            ],
            [
              -88.95173066128925,
              28.970368701619716
            ],
            [
              -88.95172727498777,
              28.970188286581866
            ],
            [
              -88.95182985524325,
              28.970186797618602
            ],
            [
              -88.95182816201529,
              28.970096590103243
            ],
            [
              -88.95193074217414,
              28.970095101067315
            ],
            [
              -88.95192566227024,
              28.96982447852992
            ],
            [
              -88.9520282421548,
              28.969822989432362
            ],
            [
              -88.9520231620541,
              28.969552366899777
            ],
            [
              -88.95212574166436,
              28.969550877740584
            ],
            [
              -88.95211896794991,
              28.969190047700938
            ],
            [
              -88.95222154719703,
              28.969188558485627
            ],
            [
              -88.95221477325126,
              28.968827728447188
            ],
            [
              -88.95231735213521,
              28.968826239175748
            ],
            [
              -88.95231227149075,
              28.968555616649773
            ],
            [
              -88.95241485010044,
              28.968554127316693
            ],
            [
              -88.95240976925923,
              28.96828350479556
            ],
            [
              -88.95251234759462,
              28.968282015400856
            ],
            [
              -88.95250726655668,
              28.968011392884506
            ],
            [
              -88.9526098446178,
              28.968009903428175
            ],
            [
              -88.95260815086515,
              28.967919695925627
            ],
            [
              -88.95271072882967,
              28.967918206396654
            ],
            [
              -88.95270734116994,
              28.9677377913987
            ],
            [
              -88.95280991894903,
              28.96773630180259
            ],
            [
              -88.95280822504196,
              28.96764609430716
            ],
            [
              -88.95291080272445,
              28.96764460463841
            ],
            [
              -88.95290910873629,
              28.967554397147182
            ],
            [
              -88.95301168632218,
              28.9675529074058
            ],
            [
              -88.95300999225296,
              28.967462699918787
            ],
            [
              -88.95311256974226,
              28.967461210104766
            ],
            [
              -88.95310918144936,
              28.96728079513785
            ],
            [
              -88.95321175875323,
              28.967279305256703
            ],
            [
              -88.95321006452959,
              28.9671890977768
            ],
            [
              -88.95331264173686,
              28.967187607823014
            ],
            [
              -88.95330925313516,
              28.967007192870334
            ],
            [
              -88.953411830157,
              28.967005702849406
            ],
            [
              -88.95341013577895,
              28.96691549537663
            ],
            [
              -88.9535127127042,
              28.966914005283076
            ],
            [
              -88.9535093237937,
              28.96673359034463
            ],
            [
              -88.9536119005335,
              28.966732100183943
            ],
            [
              -88.95360681695944,
              28.966461477783046
            ],
            [
              -88.95370939342499,
              28.966459987560757
            ],
            [
              -88.95370600423672,
              28.966279572631343
            ],
            [
              -88.95380858051686,
              28.966278082341933
            ],
            [
              -88.95380519118196,
              28.966097667418328
            ],
            [
              -88.95390776727666,
              28.96609617706179
            ],
            [
              -88.95390437779513,
              28.965915762144014
            ],
            [
              -88.95400695370441,
              28.965914271720358
            ],
            [
              -88.95400525888647,
              28.965824064265036
            ],
            [
              -88.95410783469914,
              28.965822573768747
            ],
            [
              -88.95410613980012,
              28.965732366317624
            ],
            [
              -88.95420871551622,
              28.9657308757487
            ],
            [
              -88.95420532556378,
              28.965550460853585
            ],
            [
              -88.95430790109445,
              28.965548970217554
            ],
            [
              -88.95430620604104,
              28.965458762773558
            ],
            [
              -88.95440878147512,
              28.965457272064896
            ],
            [
              -88.95440708634065,
              28.965367064625106
            ],
            [
              -88.95450966167813,
              28.965365573843815
            ],
            [
              -88.95450627125481,
              28.965185158971366
            ],
            [
              -88.95460884640688,
              28.96518366812296
            ],
            [
              -88.95460376056361,
              28.96491304582106
            ],
            [
              -88.95470633544144,
              28.96491155491106
            ],
            [
              -88.95469955407046,
              28.964550725179038
            ],
            [
              -88.95480212858521,
              28.964549234212953
            ],
            [
              -88.95480043317303,
              28.964459026782194
            ],
            [
              -88.95490300759121,
              28.964457535743485
            ],
            [
              -88.95490131209797,
              28.964367328316964
            ],
            [
              -88.95500388641956,
              28.964365837205616
            ],
            [
              -88.95500219084528,
              28.964275629783295
            ],
            [
              -88.95510476507027,
              28.96427413859934
            ],
            [
              -88.9551030694149,
              28.96418393118122
            ],
            [
              -88.95520564354332,
              28.964182439924638
            ],
            [
              -88.9552039478069,
              28.964092232510758
            ],
            [
              -88.95530652183872,
              28.964090741181554
            ],
            [
              -88.95530313021155,
              28.963910326360896
            ],
            [
              -88.95540570405795,
              28.963908834964585
            ],
            [
              -88.95540061640894,
              28.96363821274038
            ],
            [
              -88.95550318998112,
              28.963636721282477
            ],
            [
              -88.95549810213552,
              28.963366099063116
            ],
            [
              -88.95560067543347,
              28.963364607543625
            ],
            [
              -88.9555955873913,
              28.963093985329106
            ],
            [
              -88.95569816041503,
              28.963092493748036
            ],
            [
              -88.95569476824811,
              28.962912078942868
            ],
            [
              -88.95579734108644,
              28.9629105872947
            ],
            [
              -88.95579394877292,
              28.962730172495373
            ],
            [
              -88.95589652142587,
              28.962728680780106
            ],
            [
              -88.95589312896578,
              28.962548265986598
            ],
            [
              -88.95599570143331,
              28.96254677420423
            ],
            [
              -88.95599230882668,
              28.962366359416556
            ],
            [
              -88.95609488110881,
              28.962364867567082
            ],
            [
              -88.95609148835561,
              28.96218445278524
            ],
            [
              -88.95619406045233,
              28.96218296086868
            ],
            [
              -88.95619066755258,
              28.962002546092666
            ],
            [
              -88.9562932394639,
              28.962001054109013
            ],
            [
              -88.95628984641759,
              28.961820639338832
            ],
            [
              -88.95639241814354,
              28.961819147288082
            ],
            [
              -88.95638902495065,
              28.961638732523728
            ],
            [
              -88.9564915964912,
              28.961637240405885
            ],
            [
              -88.95648989981761,
              28.961547033027266
            ],
            [
              -88.95659247126157,
              28.961545540836816
            ],
            [
              -88.95659077450694,
              28.961455333462432
            ],
            [
              -88.95679591719394,
              28.961452348858177
            ],
            [
              -88.95679422026944,
              28.961362141493524
            ],
            [
              -88.95699936274775,
              28.961359156587793
            ],
            [
              -88.95699766565342,
              28.961268949232874
            ],
            [
              -88.95740795016152,
              28.96126297850599
            ],
            [
              -88.95740625271971,
              28.961172771171857
            ],
            [
              -88.95771396575277,
              28.961168292322917
            ],
            [
              -88.9577122680523,
              28.961078085004043
            ],
            [
              -88.95791740985786,
              28.961075098725168
            ],
            [
              -88.95791571198755,
              28.96098489141603
            ],
            [
              -88.95801828278985,
              28.960983398164917
            ],
            [
              -88.95801658483849,
              28.960893190860016
            ],
            [
              -88.95811915554422,
              28.960891697536304
            ],
            [
              -88.95811745751183,
              28.96080149023562
            ],
            [
              -88.95822002812098,
              28.960799996839313
            ],
            [
              -88.95821833000757,
              28.960709789542836
            ],
            [
              -88.95832090052012,
              28.96070829607392
            ],
            [
              -88.95831580596008,
              28.96043767419328
            ],
            [
              -88.95821323571394,
              28.960439167645617
            ],
            [
              -88.95820983955709,
              28.96025875304098
            ],
            [
              -88.95810726948078,
              28.96026024640415
            ],
            [
              -88.95810387353262,
              28.960079831783247
            ],
            [
              -88.95800130362615,
              28.96008132505725
            ],
            [
              -88.95799960575255,
              28.95999111773933
            ],
            [
              -88.9578970359271,
              28.95999261092969
            ],
            [
              -88.95789533815007,
              28.959902403604946
            ],
            [
              -88.95779276840567,
              28.95990389671166
            ],
            [
              -88.95778937305252,
              28.95972348204722
            ],
            [
              -88.95768680347796,
              28.959724975064763
            ],
            [
              -88.95767831567514,
              28.959273938353277
            ],
            [
              -88.95788345392849,
              28.95927095229527
            ],
            [
              -88.95788175621364,
              28.959180744960108
            ],
            [
              -88.95808689425829,
              28.95917775860067
            ],
            [
              -88.95808519637362,
              28.959087551275264
            ],
            [
              -88.95870060978817,
              28.959078590355215
            ],
            [
              -88.95870230820566,
              28.959168797647482
            ],
            [
              -88.95880487716965,
              28.959167303881866
            ],
            [
              -88.95880657568372,
              28.959257511167312
            ],
            [
              -88.95890914472875,
              28.959256017318047
            ],
            [
              -88.95891424058398,
              28.959526639150003
            ],
            [
              -88.95901680988766,
              28.95952514520604
            ],
            [
              -88.95902020734097,
              28.95970555974313
            ],
            [
              -88.95912277681445,
              28.95970406571
            ],
            [
              -88.95912447564159,
              28.959794272971052
            ],
            [
              -88.9592270451961,
              28.95979277885428
            ],
            [
              -88.95923553989242,
              28.960243815112445
            ],
            [
              -88.95913296989389,
              28.96024530925686
            ],
            [
              -88.95913636764925,
              28.960425723762054
            ],
            [
              -88.95893122727364,
              28.9604287118386
            ],
            [
              -88.95893292598537,
              28.96051891910031
            ],
            [
              -88.95883035569709,
              28.960520413026927
            ],
            [
              -88.95883205432779,
              28.960610620292854
            ],
            [
              -88.95872948394292,
              28.960612114146866
            ],
            [
              -88.9587345796153,
              28.96088273595341
            ],
            [
              -88.95863200895623,
              28.960884229745876
            ],
            [
              -88.95863370744043,
              28.960974437017644
            ],
            [
              -88.95853113668478,
              28.960975930737504
            ],
            [
              -88.95853453349889,
              28.961156345288195
            ],
            [
              -88.95843196255784,
              28.96115783894097
            ],
            [
              -88.95843705757092,
              28.96142846077381
            ],
            [
              -88.95833448635565,
              28.961429954365038
            ],
            [
              -88.95834977101546,
              28.96224181984299
            ],
            [
              -88.95845234303003,
              28.962240326202053
            ],
            [
              -88.95845573988427,
              28.96242074072734
            ],
            [
              -88.95835316769207,
              28.962422234379318
            ],
            [
              -88.95835656439978,
              28.96260264891047
            ],
            [
              -88.95825399202216,
              28.962604142495373
            ],
            [
              -88.95825569029887,
              28.962694349764508
            ],
            [
              -88.95815311782466,
              28.962695843276816
            ],
            [
              -88.95815481602033,
              28.962786050550175
            ],
            [
              -88.95794967087096,
              28.962789037351424
            ],
            [
              -88.95795136889676,
              28.96287924463452
            ],
            [
              -88.95774622353868,
              28.962882231134294
            ],
            [
              -88.95774792139461,
              28.962972438427144
            ],
            [
              -88.95764534861509,
              28.96297393156535
            ],
            [
              -88.95764874417264,
              28.96315434615819
            ],
            [
              -88.95754617120771,
              28.9631558392293
            ],
            [
              -88.9575512643359,
              28.963426461125362
            ],
            [
              -88.95744869109673,
              28.96342795413491
            ],
            [
              -88.95745208637676,
              28.963608368736814
            ],
            [
              -88.95734951295218,
              28.963609861679274
            ],
            [
              -88.95735121051501,
              28.963700068983798
            ],
            [
              -88.95724863699384,
              28.963701561853643
            ],
            [
              -88.95725203196521,
              28.96388197646982
            ],
            [
              -88.95714945825861,
              28.963883469272563
            ],
            [
              -88.95715115566715,
              28.963973676584235
            ],
            [
              -88.95704858186396,
              28.96397516931437
            ],
            [
              -88.95705027919142,
              28.964065376630245
            ],
            [
              -88.95694770529165,
              28.964066869287763
            ],
            [
              -88.95694940253806,
              28.96415707660786
            ],
            [
              -88.95653910650597,
              28.964163046478646
            ],
            [
              -88.95654080340486,
              28.964253253819518
            ],
            [
              -88.9564382292886,
              28.964254746097406
            ],
            [
              -88.95643992610643,
              28.964344953442502
            ],
            [
              -88.95633735189357,
              28.964346445647752
            ],
            [
              -88.95634074537489,
              28.964526860345067
            ],
            [
              -88.9564433197654,
              28.964525368128776
            ],
            [
              -88.95644501660654,
              28.964615575469956
            ],
            [
              -88.9565475910781,
              28.96461408317
            ],
            [
              -88.95655437887567,
              28.964974912499667
            ],
            [
              -88.95665695369478,
              28.964973420099508
            ],
            [
              -88.95666713615717,
              28.965514664021846
            ],
            [
              -88.95656456080509,
              28.96551615645512
            ],
            [
              -88.95656965187469,
              28.96578677841527
            ],
            [
              -88.95646707624836,
              28.965788270786966
            ],
            [
              -88.95647047015594,
              28.965968685431598
            ],
            [
              -88.95636789434417,
              28.96597017773619
            ],
            [
              -88.95636959122079,
              28.966060385062075
            ],
            [
              -88.9562670153124,
              28.966061877294035
            ],
            [
              -88.95626871210797,
              28.96615208462412
            ],
            [
              -88.956166136103,
              28.966153576783462
            ],
            [
              -88.95616783281747,
              28.966243784117797
            ],
            [
              -88.95606525671592,
              28.966245276204507
            ],
            [
              -88.95606695334934,
              28.96633548354304
            ],
            [
              -88.95596437715116,
              28.966336975557123
            ],
            [
              -88.95596607370352,
              28.96642718289987
            ],
            [
              -88.9557609211062,
              28.966430166704644
            ],
            [
              -88.95576431387889,
              28.96661058140831
            ],
            [
              -88.95566173739091,
              28.96661207320451
            ],
            [
              -88.95566682634167,
              28.9668826952668
            ],
            [
              -88.95556424957941,
              28.966884187001412
            ],
            [
              -88.95557103460047,
              28.967245016421632
            ],
            [
              -88.95546845747512,
              28.96724650810016
            ],
            [
              -88.95547015366095,
              28.967336715457478
            ],
            [
              -88.955367576439,
              28.96733820706337
            ],
            [
              -88.9553709686563,
              28.96751862178514
            ],
            [
              -88.9552683912489,
              28.96752011332393
            ],
            [
              -88.95527008728035,
              28.967610320688376
            ],
            [
              -88.95506493226458,
              28.96761330354252
            ],
            [
              -88.95506662812612,
              28.967703510916703
            ],
            [
              -88.95496405051775,
              28.96770500223207
            ],
            [
              -88.95496574629821,
              28.96779520961045
            ],
            [
              -88.95486316859323,
              28.967796700853178
            ],
            [
              -88.95486655999979,
              28.967977115617078
            ],
            [
              -88.95476398210936,
              28.967978606792702
            ],
            [
              -88.9547809387195,
              28.968880680589265
            ],
            [
              -88.95467835993287,
              28.96888217174187
            ],
            [
              -88.95468344680076,
              28.969152793872013
            ],
            [
              -88.95458086773982,
              28.969154284963004
            ],
            [
              -88.95458425884621,
              28.969334699720946
            ],
            [
              -88.95448167959982,
              28.969336190744812
            ],
            [
              -88.95448507055956,
              28.969516605508574
            ],
            [
              -88.95438249112773,
              28.969518096465315
            ],
            [
              -88.95438927278494,
              28.96987892599928
            ],
            [
              -88.95428669298995,
              28.96988041689992
            ],
            [
              -88.9542883883348,
              28.96997062428568
            ],
            [
              -88.95418580844321,
              28.96997211511367
            ],
            [
              -88.95418919897851,
              28.97015252989229
            ],
            [
              -88.95408661890146,
              28.970154020653144
            ],
            [
              -88.95409000929008,
              28.970334435437586
            ],
            [
              -88.95398742902756,
              28.970335926131323
            ],
            [
              -88.95398912414467,
              28.970426133527113
            ],
            [
              -88.95388654378553,
              28.970427624148197
            ],
            [
              -88.95388993386533,
              28.97060803894688
            ],
            [
              -88.95378735332072,
              28.970609529500827
            ],
            [
              -88.95379074325385,
              28.970789944305324
            ],
            [
              -88.95368816252378,
              28.97079143479214
            ],
            [
              -88.95368985741314,
              28.970881642197956
            ],
            [
              -88.95358727658645,
              28.97088313261213
            ],
            [
              -88.95359066621072,
              28.97106354743086
            ],
            [
              -88.95348808519856,
              28.971065037777894
            ],
            [
              -88.95348977993348,
              28.971155245190822
            ],
            [
              -88.9533871988247,
              28.9711567354652
            ],
            [
              -88.95338889347853,
              28.97124694288233
            ],
            [
              -88.95318373106001,
              28.971249923207644
            ],
            [
              -88.95318542554386,
              28.971340130634488
            ],
            [
              -88.9529802629166,
              28.97134311065818
            ],
            [
              -88.9529819572305,
              28.971433318094757
            ],
            [
              -88.9527767943945,
              28.97143629781682
            ],
            [
              -88.95277848853844,
              28.971526505263103
            ],
            [
              -88.95267590701995,
              28.97152799501241
            ],
            [
              -88.95267760108281,
              28.971618202462892
            ],
            [
              -88.9525750194677,
              28.971619692139544
            ],
            [
              -88.95257840743896,
              28.971800107047645
            ],
            [
              -88.95247582563837,
              28.971801596657155
            ],
            [
              -88.95247751954678,
              28.97189180411476
            ],
            [
              -88.95237493764958,
              28.971893293651604
            ],
            [
              -88.95237663147688,
              28.97198350111342
            ],
            [
              -88.95206888547219,
              28.971987969271513
            ],
            [
              -88.95207057904065,
              28.972078176748553
            ],
            [
              -88.95186541482103,
              28.972081155140813
            ],
            [
              -88.95186710821953,
              28.972171362627545
            ],
            [
              -88.9516619437912,
              28.972174340718173
            ],
            [
              -88.95166363701972,
              28.97226454821463
            ],
            [
              -88.95156105470507,
              28.9722660371482
            ],
            [
              -88.95156274785249,
              28.972356244648864
            ],
            [
              -88.95146016544122,
              28.972357733509785
            ],
            [
              -88.9514635515816,
              28.972538148518204
            ],
            [
              -88.95136096898484,
              28.972539637311964
            ],
            [
              -88.95136266197781,
              28.97262984481973
            ],
            [
              -88.95126007928444,
              28.972631333540825
            ],
            [
              -88.95126346511587,
              28.972811748563473
            ],
            [
              -88.95116088223703,
              28.972813237217412
            ],
            [
              -88.95117950388655,
              28.97380551980944
            ],
            [
              -88.95107692002243,
              28.97380700844576
            ],
            [
              -88.95108369140836,
              28.9741678384622
            ],
            [
              -88.95098110718102,
              28.97416932704236
            ],
            [
              -88.95098618553524,
              28.974439949557553
            ],
            [
              -88.95088360103355,
              28.974441438076067
            ],
            [
              -88.95088529374492,
              28.974531645584022
            ],
            [
              -88.9507827091466,
              28.974533134029855
            ],
            [
              -88.95078440177684,
              28.974623341542028
            ],
            [
              -88.9506818170819,
              28.974624829915204
            ],
            [
              -88.95068350963102,
              28.97471503743157
            ],
            [
              -88.95047834004015,
              28.974718013954405
            ],
            [
              -88.95048003241926,
              28.97480822148048
            ]
          ]
        ]
      },
      "properties": {
        "incident_id": "SP-013",
        "type": "AI-detected-slick",
        "source": "Sentinel-1 SAR",
        "method": "U-Net segmentation + radiometric filtering"
      }
    },
    {
      "type": "Feature",
      "geometry": {
        "type": "Polygon",
        "coordinates": [
          [
            [
              -89.16269232045302,
              28.955862887098007
            ],
            [
              -89.16228211030541,
              28.95586948267634
            ],
            [
              -89.16228023569455,
              28.95577928691628
            ],
            [
              -89.16197257825995,
              28.95578423276196
            ],
            [
              -89.16197070392388,
              28.955694036982294
            ],
            [
              -89.16186815151727,
              28.955695685435277
            ],
            [
              -89.16186627727852,
              28.955605489648168
            ],
            [
              -89.16166117261702,
              28.955608786307725
            ],
            [
              -89.16165929856433,
              28.95551859050712
            ],
            [
              -89.16155674630944,
              28.95552023871369
            ],
            [
              -89.16155487235407,
              28.95543004290567
            ],
            [
              -89.16104211139466,
              28.95543828273696
            ],
            [
              -89.16104398490634,
              28.95552847857545
            ],
            [
              -89.16063377562945,
              28.955535069059525
            ],
            [
              -89.16063190247274,
              28.95544487319666
            ],
            [
              -89.16042679796031,
              28.955448167958085
            ],
            [
              -89.16042492498964,
              28.955357972081703
            ],
            [
              -89.15991216400225,
              28.9553662075885
            ],
            [
              -89.15991029148384,
              28.95527601168036
            ],
            [
              -89.15970518720634,
              28.955279305324385
            ],
            [
              -89.159699570235,
              28.955008717555454
            ],
            [
              -89.15959701834961,
              28.955010364242092
            ],
            [
              -89.15956706389181,
              28.953567229176333
            ],
            [
              -89.15966961435747,
              28.953565582587135
            ],
            [
              -89.15966774218799,
              28.953475386640395
            ],
            [
              -89.15977029255633,
              28.953473739979223
            ],
            [
              -89.15976842030669,
              28.953383544037237
            ],
            [
              -89.16140922361465,
              28.95335718693885
            ],
            [
              -89.16141109728397,
              28.95344738278334
            ],
            [
              -89.16274424950825,
              28.95342595284613
            ],
            [
              -89.16274612433963,
              28.95351614861004
            ],
            [
              -89.16295122473055,
              28.953512850513423
            ],
            [
              -89.16295309974798,
              28.953603046263822
            ],
            [
              -89.16305565001929,
              28.953601397092317
            ],
            [
              -89.16305940025735,
              28.953781788576958
            ],
            [
              -89.16316195069754,
              28.953780139315192
            ],
            [
              -89.1631657011474,
              28.953960530782336
            ],
            [
              -89.16326825175648,
              28.9539588814303
            ],
            [
              -89.16327012708301,
              28.954049077155794
            ],
            [
              -89.16337267777222,
              28.954047427719583
            ],
            [
              -89.16337455319609,
              28.954137623437656
            ],
            [
              -89.16347710396545,
              28.954135973917275
            ],
            [
              -89.16347897948663,
              28.954226169627944
            ],
            [
              -89.16378663200938,
              28.954221220580102
            ],
            [
              -89.16378850780534,
              28.95431141627113
            ],
            [
              -89.16389105871781,
              28.954309766426274
            ],
            [
              -89.16389293461108,
              28.95439996210988
            ],
            [
              -89.16399548560372,
              28.954398312180853
            ],
            [
              -89.16399923759352,
              28.954578703531897
            ],
            [
              -89.16410178875502,
              28.954577053512597
            ],
            [
              -89.16410741707033,
              28.954847640510945
            ],
            [
              -89.16420996848943,
              28.954845990395267
            ],
            [
              -89.16421184470046,
              28.95493618605264
            ],
            [
              -89.16431439619971,
              28.95493453585279
            ],
            [
              -89.16431627250806,
              28.955024731502736
            ],
            [
              -89.16441882408746,
              28.955023081218716
            ],
            [
              -89.16442070049314,
              28.955113276861244
            ],
            [
              -89.16452325215268,
              28.955111626493046
            ],
            [
              -89.16453075821622,
              28.95547240902551
            ],
            [
              -89.16442820620172,
              28.95547405941812
            ],
            [
              -89.16443008265036,
              28.955564255054032
            ],
            [
              -89.16422497841812,
              28.955567555617243
            ],
            [
              -89.16422685469786,
              28.95565775126406
            ],
            [
              -89.16381664577533,
              28.955664351478013
            ],
            [
              -89.1638185217087,
              28.955754547147905
            ],
            [
              -89.16269044548719,
              28.955772691362334
            ],
            [
              -89.16269232045302,
              28.955862887098007
            ]
          ]
        ]
      },
      "properties": {
        "incident_id": "SP-013",
        "type": "AI-detected-slick",
        "source": "Sentinel-1 SAR",
        "method": "U-Net segmentation + radiometric filtering"
      }
    },
    {
      "type": "Feature",
      "geometry": {
        "type": "Polygon",
        "coordinates": [
          [
            [
              -89.10830120477428,
              28.970080169928746
            ],
            [
              -89.10799349420324,
              28.970084994518558
            ],
            [
              -89.1079916655679,
              28.969994795750203
            ],
            [
              -89.10778652532298,
              28.969998011740874
            ],
            [
              -89.1077828684327,
              28.969817614176424
            ],
            [
              -89.10768029847532,
              28.969819222042684
            ],
            [
              -89.10766750024464,
              28.969187830484096
            ],
            [
              -89.10777006958033,
              28.969186222659456
            ],
            [
              -89.10776275613452,
              28.968825427477945
            ],
            [
              -89.1076601871541,
              28.9688270352788
            ],
            [
              -89.10764007684557,
              28.9678348483557
            ],
            [
              -89.1077426448491,
              28.967833240620237
            ],
            [
              -89.10773898836055,
              28.967652842992642
            ],
            [
              -89.1078415561781,
              28.967651235190935
            ],
            [
              -89.10783789954542,
              28.967470837569962
            ],
            [
              -89.107940467177,
              28.967469229702022
            ],
            [
              -89.10793681040018,
              28.967288832087682
            ],
            [
              -89.10803937784577,
              28.967287224153512
            ],
            [
              -89.10803754938112,
              28.967197025350316
            ],
            [
              -89.10814011672954,
              28.96719541734397
            ],
            [
              -89.10813828818445,
              28.967105218545406
            ],
            [
              -89.1082408554357,
              28.967103610466875
            ],
            [
              -89.10823902681017,
              28.967013411672944
            ],
            [
              -89.10834159396423,
              28.967011803522247
            ],
            [
              -89.1083397652583,
              28.96692160473294
            ],
            [
              -89.10844233231518,
              28.96691999651008
            ],
            [
              -89.1084405035288,
              28.966829797725406
            ],
            [
              -89.10864563743986,
              28.966826581057212
            ],
            [
              -89.10864380848425,
              28.966736382283106
            ],
            [
              -89.10874637533843,
              28.966734773837775
            ],
            [
              -89.10874454630238,
              28.96664457506831
            ],
            [
              -89.10884711305938,
              28.966642966550808
            ],
            [
              -89.1088452839429,
              28.966552767785974
            ],
            [
              -89.10894785060273,
              28.966551159196303
            ],
            [
              -89.10894602140583,
              28.966460960436095
            ],
            [
              -89.10904858796849,
              28.966459351774244
            ],
            [
              -89.10904675869116,
              28.966369153018686
            ],
            [
              -89.10914932515664,
              28.96636754428468
            ],
            [
              -89.10914749579888,
              28.96627734553374
            ],
            [
              -89.10925006216719,
              28.966275736727557
            ],
            [
              -89.10924823272902,
              28.96618553798124
            ],
            [
              -89.10935079900014,
              28.96618392910289
            ],
            [
              -89.10934896948154,
              28.966093730361223
            ],
            [
              -89.1094515356555,
              28.966092121410707
            ],
            [
              -89.10944970605648,
              28.966001922673666
            ],
            [
              -89.10965483820166,
              28.965998704550195
            ],
            [
              -89.10965300843341,
              28.965908505823734
            ],
            [
              -89.10975557440464,
              28.965906896650772
            ],
            [
              -89.10975191471569,
              28.9657264992058
            ],
            [
              -89.10985448050094,
              28.965724889966626
            ],
            [
              -89.10985082066793,
              28.9655444925283
            ],
            [
              -89.10995338626721,
              28.965542883222902
            ],
            [
              -89.1099497262901,
              28.965362485791218
            ],
            [
              -89.11005229170341,
              28.965360876419613
            ],
            [
              -89.11005046163864,
              28.96527067770775
            ],
            [
              -89.11015302695478,
              28.965269068263964
            ],
            [
              -89.11014936667274,
              28.96508867084819
            ],
            [
              -89.11025193180292,
              28.96508706133821
            ],
            [
              -89.11025010158568,
              28.96499686263429
            ],
            [
              -89.1103526666187,
              28.964995253052155
            ],
            [
              -89.11035083632105,
              28.96490505435288
            ],
            [
              -89.11055596618434,
              28.964901834966156
            ],
            [
              -89.11055413571746,
              28.964811636277478
            ],
            [
              -89.11065670054775,
              28.9648100264729
            ],
            [
              -89.11065487000049,
              28.964719827788834
            ],
            [
              -89.11085999945833,
              28.96471660795726
            ],
            [
              -89.11085816874184,
              28.964626409283795
            ],
            [
              -89.11096073336941,
              28.964624799256804
            ],
            [
              -89.11095890257252,
              28.964534600587978
            ],
            [
              -89.1110614671029,
              28.96453299048881
            ],
            [
              -89.1110596362256,
              28.964442791824627
            ],
            [
              -89.11126476508365,
              28.964439571403876
            ],
            [
              -89.11126293403716,
              28.964349372750284
            ],
            [
              -89.1113654983648,
              28.9643477624287
            ],
            [
              -89.11136366723791,
              28.96425756377973
            ],
            [
              -89.11146623146838,
              28.964255953385997
            ],
            [
              -89.11146440026108,
              28.964165754741668
            ],
            [
              -89.1115669643944,
              28.964164144275774
            ],
            [
              -89.11156513310668,
              28.964073945636102
            ],
            [
              -89.11166769714282,
              28.964072335098045
            ],
            [
              -89.1116658657747,
              28.96398213646301
            ],
            [
              -89.11176842971366,
              28.9639805258528
            ],
            [
              -89.11176659826513,
              28.963890327222398
            ],
            [
              -89.11186916210693,
              28.96388871654005
            ],
            [
              -89.11186733057801,
              28.963798517914277
            ],
            [
              -89.11207245805886,
              28.963795296327138
            ],
            [
              -89.11207062636073,
              28.963705097711983
            ],
            [
              -89.11227575363047,
              28.96370187582433
            ],
            [
              -89.11227392176318,
              28.963611677219767
            ],
            [
              -89.1124790488218,
              28.9636084550316
            ],
            [
              -89.1124772167853,
              28.963518256437624
            ],
            [
              -89.11257978021324,
              28.963516645232332
            ],
            [
              -89.11257794809634,
              28.963426446643012
            ],
            [
              -89.11268051142713,
              28.96342483536557
            ],
            [
              -89.11267867922983,
              28.96333463678088
            ],
            [
              -89.11278124246343,
              28.963333025431293
            ],
            [
              -89.11277941018574,
              28.963242826851243
            ],
            [
              -89.11288197332217,
              28.963241215429512
            ],
            [
              -89.11288014096408,
              28.96315101685412
            ],
            [
              -89.1130852670342,
              28.963147793788238
            ],
            [
              -89.11308343450693,
              28.963057595223443
            ],
            [
              -89.11339112328282,
              28.963052760056726
            ],
            [
              -89.1133892904976,
              28.96296256150848
            ],
            [
              -89.11369697893163,
              28.962957725656686
            ],
            [
              -89.11369514588844,
              28.962867527125013
            ],
            [
              -89.1139002712916,
              28.962864302845205
            ],
            [
              -89.11389843807925,
              28.96277410432414
            ],
            [
              -89.11410356327127,
              28.96277087974384
            ],
            [
              -89.11410172988973,
              28.96268068123338
            ],
            [
              -89.11420429238437,
              28.96267906883203
            ],
            [
              -89.11420245892245,
              28.962588870326222
            ],
            [
              -89.114407583709,
              28.962585645301147
            ],
            [
              -89.1144039164552,
              28.962405248309427
            ],
            [
              -89.11450647865833,
              28.962403635691654
            ],
            [
              -89.11449731022687,
              28.961952643219153
            ],
            [
              -89.11439474846766,
              28.961954255807097
            ],
            [
              -89.11439108133139,
              28.961773858796956
            ],
            [
              -89.11428851974134,
              28.961775471294878
            ],
            [
              -89.11428485281621,
              28.96159507426755
            ],
            [
              -89.11366948416496,
              28.96160474754343
            ],
            [
              -89.11367131709066,
              28.96169494609352
            ],
            [
              -89.11356875553064,
              28.961696558038778
            ],
            [
              -89.11357058837596,
              28.961786756593508
            ],
            [
              -89.11336546505318,
              28.961789980261635
            ],
            [
              -89.11336913041387,
              28.961970377391022
            ],
            [
              -89.11326656856235,
              28.961971989119842
            ],
            [
              -89.1132684011665,
              28.962062187688517
            ],
            [
              -89.1131658392178,
              28.962063799345202
            ],
            [
              -89.11316767174156,
              28.962153997918524
            ],
            [
              -89.11306510969568,
              28.962155609503068
            ],
            [
              -89.11306694213906,
              28.96224580808102
            ],
            [
              -89.11296437999603,
              28.96224741959342
            ],
            [
              -89.11296621235901,
              28.962337618176022
            ],
            [
              -89.11276108787021,
              28.962340840978424
            ],
            [
              -89.1127592556848,
              28.962250642383903
            ],
            [
              -89.11245156915501,
              28.962255475983852
            ],
            [
              -89.11244973724432,
              28.96216527737014
            ],
            [
              -89.11162924017287,
              28.962178163485802
            ],
            [
              -89.11162740898081,
              28.96208796482312
            ],
            [
              -89.11142228480666,
              28.962091185559093
            ],
            [
              -89.11142045380055,
              28.962000986883194
            ],
            [
              -89.11080508160961,
              28.962010647180904
            ],
            [
              -89.11080325114456,
              28.961920448467957
            ],
            [
              -89.11070068917218,
              28.961922058238255
            ],
            [
              -89.11069885880428,
              28.96183185951804
            ],
            [
              -89.1105962969123,
              28.961833469204294
            ],
            [
              -89.11059446664157,
              28.961743270476813
            ],
            [
              -89.11049190482998,
              28.961744880079006
            ],
            [
              -89.1104882444912,
              28.961564482608196
            ],
            [
              -89.11038568284879,
              28.961566092120385
            ],
            [
              -89.11036189261763,
              28.96039350835445
            ],
            [
              -89.11046445310593,
              28.960391898919635
            ],
            [
              -89.11045896298735,
              28.960121302652233
            ],
            [
              -89.11035640276535,
              28.960122912069192
            ],
            [
              -89.11035274290572,
              28.95994251453912
            ],
            [
              -89.11025018285288,
              28.959944123866073
            ],
            [
              -89.1102483530244,
              28.959853925093096
            ],
            [
              -89.10994067308194,
              28.959858752587554
            ],
            [
              -89.10993884352816,
              28.959768553795417
            ],
            [
              -89.1093234839497,
              28.95977820664002
            ],
            [
              -89.10932165493689,
              28.95968800781086
            ],
            [
              -89.10911653518797,
              28.959691224789072
            ],
            [
              -89.10911470636108,
              28.95960102594671
            ],
            [
              -89.10890958675618,
              28.959604242600623
            ],
            [
              -89.10890775811521,
              28.959514043745056
            ],
            [
              -89.10880519838898,
              28.95951565194893
            ],
            [
              -89.10880336984516,
              28.959425453086098
            ],
            [
              -89.10870081019931,
              28.959427061205925
            ],
            [
              -89.10868983964473,
              28.958885867965623
            ],
            [
              -89.10879239875797,
              28.958884259881465
            ],
            [
              -89.10879057027273,
              28.958794061009428
            ],
            [
              -89.10889312928883,
              28.95879245285313
            ],
            [
              -89.10888947216596,
              28.958612055116998
            ],
            [
              -89.10909458981796,
              28.958608838593925
            ],
            [
              -89.10909276109155,
              28.95851863973578
            ],
            [
              -89.10950299594003,
              28.958512205776316
            ],
            [
              -89.10950116686693,
              28.958422006940637
            ],
            [
              -89.10960372546937,
              28.9584203982615
            ],
            [
              -89.10960189631588,
              28.958330199430463
            ],
            [
              -89.10980701331808,
              28.958326981849794
            ],
            [
              -89.10980518399545,
              28.95823678302934
            ],
            [
              -89.10990774239522,
              28.95823517412782
            ],
            [
              -89.10990591299219,
              28.958144975312
            ],
            [
              -89.11000847129483,
              28.958143366338327
            ],
            [
              -89.11000664181141,
              28.958053167527154
            ],
            [
              -89.11031431640278,
              28.95804834015548
            ],
            [
              -89.11031248666146,
              28.95795814136083
            ],
            [
              -89.1105176028363,
              28.957954922734505
            ],
            [
              -89.11051577292582,
              28.957864723950433
            ],
            [
              -89.11072088888962,
              28.957861505023644
            ],
            [
              -89.11071905881,
              28.957771306250173
            ],
            [
              -89.11092417456278,
              28.957768087022924
            ],
            [
              -89.110922344314,
              28.957677888260044
            ],
            [
              -89.11123001761403,
              28.957673058851363
            ],
            [
              -89.11122818710737,
              28.957582860105028
            ],
            [
              -89.11153586006569,
              28.957578030011405
            ],
            [
              -89.11153402930114,
              28.95748783128162
            ],
            [
              -89.11163658684839,
              28.95748622110019
            ],
            [
              -89.11163475600345,
              28.957396022375043
            ],
            [
              -89.11173731345356,
              28.957394412121484
            ],
            [
              -89.11173548252826,
              28.957304213400956
            ],
            [
              -89.11183803988122,
              28.957302603075263
            ],
            [
              -89.11183620887553,
              28.957212404359392
            ],
            [
              -89.11193876613137,
              28.95721079396157
            ],
            [
              -89.1119369350453,
              28.95712059525035
            ],
            [
              -89.11203949220399,
              28.957118984780383
            ],
            [
              -89.11203766103756,
              28.95702878607379
            ],
            [
              -89.1121402180991,
              28.9570271755317
            ],
            [
              -89.11213655561387,
              28.956846778126476
            ],
            [
              -89.11223911248952,
              28.95684516751821
            ],
            [
              -89.11223728117072,
              28.956754968819595
            ],
            [
              -89.11233983794924,
              28.956753358139196
            ],
            [
              -89.11233800655008,
              28.95666315944521
            ],
            [
              -89.11244056323143,
              28.956661548692686
            ],
            [
              -89.1124387317519,
              28.95657135000334
            ],
            [
              -89.11264384491197,
              28.956568128275958
            ],
            [
              -89.1126420132633,
              28.95647792959721
            ],
            [
              -89.112744569742,
              28.956476318622354
            ],
            [
              -89.11274273801298,
              28.956386119948235
            ],
            [
              -89.11284529439455,
              28.956384508901248
            ],
            [
              -89.11284346258513,
              28.956294310231787
            ],
            [
              -89.11304857514558,
              28.95629108791547
            ],
            [
              -89.11304674316708,
              28.956200889256618
            ],
            [
              -89.11314929934596,
              28.956199277987288
            ],
            [
              -89.11314746728709,
              28.956109079333068
            ],
            [
              -89.11325002336883,
              28.956107467991618
            ],
            [
              -89.11324819122959,
              28.95601726934205
            ],
            [
              -89.11345330319043,
              28.956014046436817
            ],
            [
              -89.11345147088205,
              28.955923847797845
            ],
            [
              -89.11375913849413,
              28.955919012872247
            ],
            [
              -89.1137573059279,
              28.955828814249838
            ],
            [
              -89.11406497319821,
              28.95582397863937
            ],
            [
              -89.11406314037413,
              28.955733780033544
            ],
            [
              -89.1142682516682,
              28.955730555914748
            ],
            [
              -89.114266418675,
              28.95564035731952
            ],
            [
              -89.11436897422071,
              28.95563874514896
            ],
            [
              -89.11436714114714,
              28.95554854655837
            ],
            [
              -89.11457225203587,
              28.95554532199494
            ],
            [
              -89.11457041879319,
              28.955455123414964
            ],
            [
              -89.11467297413623,
              28.95545351102209
            ],
            [
              -89.1146711408132,
              28.95536331244676
            ],
            [
              -89.11487625129658,
              28.95536008743868
            ],
            [
              -89.11487258432072,
              28.95517969030794
            ],
            [
              -89.1149751393723,
              28.955178077698708
            ],
            [
              -89.11497330580823,
              28.95508787913733
            ],
            [
              -89.11517841570873,
              28.95508465369655
            ],
            [
              -89.11517658197556,
              28.95499445514579
            ],
            [
              -89.11527913682447,
              28.954992842314255
            ],
            [
              -89.11527730301093,
              28.954902643768115
            ],
            [
              -89.1153798577627,
              28.954901030864463
            ],
            [
              -89.11537802386883,
              28.954810832323
            ],
            [
              -89.11548057852345,
              28.95480921934723
            ],
            [
              -89.11547874454921,
              28.9547190208104
            ],
            [
              -89.11558129910671,
              28.954717407762523
            ],
            [
              -89.11557946505211,
              28.954627209230342
            ],
            [
              -89.1157845739644,
              28.954623982912267
            ],
            [
              -89.11578273974072,
              28.954533784390716
            ],
            [
              -89.11588529409553,
              28.954532171120533
            ],
            [
              -89.1158834597915,
              28.954441972603618
            ],
            [
              -89.11598601404916,
              28.954440359261316
            ],
            [
              -89.11598417966479,
              28.954350160749062
            ],
            [
              -89.11618928797743,
              28.95434693384216
            ],
            [
              -89.11618745342396,
              28.954256735340536
            ],
            [
              -89.11639256152552,
              28.95425350813327
            ],
            [
              -89.11639072680296,
              28.95416330964225
            ],
            [
              -89.11690349646611,
              28.95415524028755
            ],
            [
              -89.11690166130825,
              28.954065041825068
            ],
            [
              -89.1194655042536,
              28.95402466592218
            ],
            [
              -89.11946734163003,
              28.954114864235343
            ],
            [
              -89.11956989532726,
              28.95411324817826
            ],
            [
              -89.11957173280084,
              28.95420344648411
            ],
            [
              -89.1196742865784,
              28.954201830342978
            ],
            [
              -89.11967612414914,
              28.95429202864155
            ],
            [
              -89.11988123185652,
              28.954288796113094
            ],
            [
              -89.11988306961315,
              28.954378994398393
            ],
            [
              -89.12019073137736,
              28.95437414500219
            ],
            [
              -89.12019256940863,
              28.95446434326824
            ],
            [
              -89.12050023136332,
              28.95445949315141
            ],
            [
              -89.12050206966924,
              28.954549691398196
            ],
            [
              -89.12080973181442,
              28.954544840560736
            ],
            [
              -89.12081157039499,
              28.954635038788275
            ],
            [
              -89.12101667862719,
              28.954631804494277
            ],
            [
              -89.12101851739365,
              28.954722002708536
            ],
            [
              -89.12194150482041,
              28.95470744446688
            ],
            [
              -89.12193966525523,
              28.95461724630648
            ],
            [
              -89.12224732731299,
              28.95461239217181
            ],
            [
              -89.12224548749,
              28.954522194028034
            ],
            [
              -89.12255314920573,
              28.95451733920862
            ],
            [
              -89.12255130912494,
              28.954427141081492
            ],
            [
              -89.12296152427298,
              28.95442066691982
            ],
            [
              -89.12295968384564,
              28.954330468815304
            ],
            [
              -89.12336989850391,
              28.95432399342835
            ],
            [
              -89.12337173928621,
              28.954414191508917
            ],
            [
              -89.12357684674227,
              28.954410953335007
            ],
            [
              -89.12357868771048,
              28.95450115140227
            ],
            [
              -89.12450167164413,
              28.95448657570099
            ],
            [
              -89.12450351341946,
              28.954576773713036
            ],
            [
              -89.124708621045,
              28.954573533797483
            ],
            [
              -89.12471046300627,
              28.954663731796217
            ],
            [
              -89.12532578621295,
              28.954654010139752
            ],
            [
              -89.12532394371924,
              28.954563812176968
            ],
            [
              -89.12675969544465,
              28.954541117465045
            ],
            [
              -89.12675785171696,
              28.95445091958487
            ],
            [
              -89.1269629587938,
              28.954447676245945
            ],
            [
              -89.12696111489707,
              28.954357478376455
            ],
            [
              -89.12726877518277,
              28.954352612800488
            ],
            [
              -89.12726693102827,
              28.954262414947664
            ],
            [
              -89.12767714426936,
              28.95425592644398
            ],
            [
              -89.12767529976834,
              28.954165728613845
            ],
            [
              -89.12808551251933,
              28.954159238884948
            ],
            [
              -89.1280836676718,
              28.954069041077506
            ],
            [
              -89.12859643297682,
              28.954060927189712
            ],
            [
              -89.12859458769402,
              28.95397072941096
            ],
            [
              -89.1295175639121,
              28.953956119548284
            ],
            [
              -89.12951940999355,
              28.954046317273
            ],
            [
              -89.12992962178124,
              28.954039821946747
            ],
            [
              -89.1299314682261,
              28.954130019646133
            ],
            [
              -89.1301365742467,
              28.954126771502548
            ],
            [
              -89.1301384208775,
              28.954216969188607
            ],
            [
              -89.13024097396386,
              28.954215344993695
            ],
            [
              -89.13025020768833,
              28.954666333374146
            ],
            [
              -89.13014765415826,
              28.954667957599092
            ],
            [
              -89.13014950083979,
              28.95475815527725
            ],
            [
              -89.1299443935768,
              28.954761403504925
            ],
            [
              -89.1299462400893,
              28.95485160119377
            ],
            [
              -89.12974113261501,
              28.95485484912115
            ],
            [
              -89.12974297895846,
              28.95494504682069
            ],
            [
              -89.12964042511989,
              28.95494667067327
            ],
            [
              -89.12964227138305,
              28.955036868377483
            ],
            [
              -89.12943716350307,
              28.95504011586043
            ],
            [
              -89.1294390095972,
              28.955130313575356
            ],
            [
              -89.12933645555579,
              28.95513193720571
            ],
            [
              -89.12933830156963,
              28.955222134925318
            ],
            [
              -89.12923574743101,
              28.955223758483616
            ],
            [
              -89.12923759336456,
              28.955313956207892
            ],
            [
              -89.12913503912876,
              28.95531557969411
            ],
            [
              -89.129136884982,
              28.955405777423085
            ],
            [
              -89.12893177630755,
              28.955409024173285
            ],
            [
              -89.12893362199175,
              28.955499221912948
            ],
            [
              -89.12883106755311,
              28.955500845176942
            ],
            [
              -89.12883291315701,
              28.955591042921288
            ],
            [
              -89.12862780407687,
              28.95559428922703
            ],
            [
              -89.12863149495506,
              28.955774684735804
            ],
            [
              -89.12852894022483,
              28.955776307783562
            ],
            [
              -89.12853078558784,
              28.95586650554198
            ],
            [
              -89.12842823076039,
              28.95586812851765
            ],
            [
              -89.12843007604312,
              28.95595832628074
            ],
            [
              -89.12832752111848,
              28.955959949184344
            ],
            [
              -89.12832936632091,
              28.956050146952126
            ],
            [
              -89.12812425626879,
              28.956053392537083
            ],
            [
              -89.12812610130217,
              28.956143590315545
            ],
            [
              -89.12720310485088,
              28.956158191636845
            ],
            [
              -89.12720494909395,
              28.956248389468
            ],
            [
              -89.12617939579177,
              28.956264605800577
            ],
            [
              -89.12618123915578,
              28.956354803690378
            ],
            [
              -89.12597612821656,
              28.9563580460319
            ],
            [
              -89.12597428503005,
              28.956267848130103
            ],
            [
              -89.12587172963653,
              28.95626946917775
            ],
            [
              -89.12587357273428,
              28.956359667085536
            ],
            [
              -89.12546335072084,
              28.956366150519262
            ],
            [
              -89.12546519347202,
              28.956456348449713
            ],
            [
              -89.12536263785881,
              28.956457969118926
            ],
            [
              -89.12536448052968,
              28.956548167054066
            ],
            [
              -89.12526192481928,
              28.9565497876512
            ],
            [
              -89.12526376740985,
              28.956639985590996
            ],
            [
              -89.12516121160226,
              28.956641606116033
            ],
            [
              -89.1251630541125,
              28.956731804060524
            ],
            [
              -89.12506049820773,
              28.956733424513462
            ],
            [
              -89.12506234063765,
              28.956823622462622
            ],
            [
              -89.12495978463569,
              28.956825242843482
            ],
            [
              -89.1249616269853,
              28.956915440797324
            ],
            [
              -89.12485907088615,
              28.95691706110608
            ],
            [
              -89.12486091315544,
              28.957007259064586
            ],
            [
              -89.12475835695909,
              28.957008879301267
            ],
            [
              -89.12476019914806,
              28.95709907726444
            ],
            [
              -89.12465764285454,
              28.957100697429023
            ],
            [
              -89.12466132708026,
              28.95728109336342
            ],
            [
              -89.1244562141129,
              28.9572843334823
            ],
            [
              -89.12445989801734,
              28.957464729435397
            ],
            [
              -89.12425478466122,
              28.957467969265892
            ],
            [
              -89.12425662644857,
              28.957558167252433
            ],
            [
              -89.1241540696691,
              28.957559787056546
            ],
            [
              -89.12415591137614,
              28.95764998504778
            ],
            [
              -89.12405335449947,
              28.957651604779794
            ],
            [
              -89.12405703776132,
              28.957832000770267
            ],
            [
              -89.1239544806987,
              28.957833620436183
            ],
            [
              -89.12395816381677,
              28.958014016433374
            ],
            [
              -89.12385560656821,
              28.958015636033164
            ],
            [
              -89.12386297255044,
              28.958376428035713
            ],
            [
              -89.12376041493842,
              28.95837804758137
            ],
            [
              -89.12376593924733,
              28.958648641587423
            ],
            [
              -89.1236633813606,
              28.95865026107296
            ],
            [
              -89.12366890547911,
              28.958920855085115
            ],
            [
              -89.12356634731766,
              28.95892247451054
            ],
            [
              -89.12356818861859,
              28.959012672517943
            ],
            [
              -89.12346563035995,
              28.959014291871252
            ],
            [
              -89.12346747158054,
              28.959104489883337
            ],
            [
              -89.12326235486044,
              28.959107728367673
            ],
            [
              -89.12326603697187,
              28.95928812441183
            ],
            [
              -89.12316347842165,
              28.959289743548837
            ],
            [
              -89.12316531940124,
              28.95937994157493
            ],
            [
              -89.12306276075383,
              28.959381560639834
            ],
            [
              -89.12306828347687,
              28.95965215472817
            ],
            [
              -89.12296572455473,
              28.95965377373294
            ],
            [
              -89.12296756539051,
              28.959743971765736
            ],
            [
              -89.12286500637117,
              28.95974559069841
            ],
            [
              -89.1228668471266,
              28.959835788735866
            ],
            [
              -89.12276428801007,
              28.959837407596424
            ],
            [
              -89.12276796936868,
              28.960017803679385
            ],
            [
              -89.12256285075527,
              28.960021041190167
            ],
            [
              -89.12256469126969,
              28.960111239241634
            ],
            [
              -89.12246213186157,
              28.960112857885864
            ],
            [
              -89.12246397229563,
              28.960203055942007
            ],
            [
              -89.12236141279034,
              28.960204674514134
            ],
            [
              -89.12236325314406,
              28.960294872574952
            ],
            [
              -89.12226069354156,
              28.960296491074956
            ],
            [
              -89.12226253381493,
              28.96038668914044
            ],
            [
              -89.12205741440712,
              28.960389925918147
            ],
            [
              -89.12205925451138,
              28.960480123994277
            ],
            [
              -89.12195669470607,
              28.96048174227198
            ],
            [
              -89.12195853472998,
              28.96057194035277
            ],
            [
              -89.12175341491654,
              28.96057517668584
            ],
            [
              -89.12175525477134,
              28.96066537477729
            ],
            [
              -89.12165269476323,
              28.960666992832667
            ],
            [
              -89.12165453453767,
              28.960757190928778
            ],
            [
              -89.12155197443235,
              28.960758808912036
            ],
            [
              -89.12155565382898,
              28.960939205112297
            ],
            [
              -89.12145309353768,
              28.960940823029418
            ],
            [
              -89.12145493315987,
              28.961031021133557
            ],
            [
              -89.12135237277138,
              28.961032638978576
            ],
            [
              -89.12135421231321,
              28.961122837087363
            ],
            [
              -89.12114909133342,
              28.961126072555054
            ],
            [
              -89.12115093070612,
              28.96121627067451
            ],
            [
              -89.12104837011483,
              28.961217888297195
            ],
            [
              -89.12105020940719,
              28.9613080864213
            ],
            [
              -89.12084508802178,
              28.961311321444327
            ],
            [
              -89.120846927145,
              28.961401519579088
            ],
            [
              -89.1207443663509,
              28.961403136979442
            ],
            [
              -89.12074620539376,
              28.961493335118856
            ],
            [
              -89.12054108360276,
              28.961496569697218
            ],
            [
              -89.12054292247647,
              28.961586767847283
            ],
            [
              -89.12044036147957,
              28.96158838502529
            ],
            [
              -89.12044220027295,
              28.96167858318001
            ],
            [
              -89.12023707807631,
              28.961681817313693
            ],
            [
              -89.12023891670056,
              28.961772015479067
            ],
            [
              -89.12013635550085,
              28.96177363243473
            ],
            [
              -89.12013819404471,
              28.961863830604774
            ],
            [
              -89.11983051012875,
              28.961868681021112
            ],
            [
              -89.11983234841472,
              28.961958879207753
            ],
            [
              -89.11962722558444,
              28.961962112440098
            ],
            [
              -89.11962906370125,
              28.962052310637393
            ],
            [
              -89.11932137912639,
              28.962057159918075
            ],
            [
              -89.1193232169853,
              28.96214735813198
            ],
            [
              -89.11911809371576,
              28.96215059060722
            ],
            [
              -89.1191199314055,
              28.962240788831753
            ],
            [
              -89.11870968441038,
              28.96224725286889
            ],
            [
              -89.11871152175343,
              28.962337451116017
            ],
            [
              -89.11840383615241,
              28.962342298341724
            ],
            [
              -89.11840567323753,
              28.962432496605476
            ],
            [
              -89.11809798729449,
              28.96243734314618
            ],
            [
              -89.11809982412169,
              28.962527541426507
            ],
            [
              -89.11789469994005,
              28.962530772075077
            ],
            [
              -89.1178965365981,
              28.962620970366054
            ],
            [
              -89.11779397440588,
              28.962622585579147
            ],
            [
              -89.11779764756963,
              28.962802982169087
            ],
            [
              -89.11748996040987,
              28.9628078273756
            ],
            [
              -89.11749179673801,
              28.96289802568651
            ],
            [
              -89.11728667174523,
              28.96290125544561
            ],
            [
              -89.1172885079042,
              28.962991453767152
            ],
            [
              -89.11708338270024,
              28.96299468322576
            ],
            [
              -89.1170870546883,
              28.963175079888767
            ],
            [
              -89.11688192909558,
              28.96317830905885
            ],
            [
              -89.11688376492464,
              28.963268507400322
            ],
            [
              -89.11678120202689,
              28.96327012187417
            ],
            [
              -89.11678303777558,
              28.963360320220296
            ],
            [
              -89.1165779117773,
              28.963363548945615
            ],
            [
              -89.11657974735682,
              28.96345374730236
            ],
            [
              -89.11647718425628,
              28.96345536155383
            ],
            [
              -89.11647901975543,
              28.963545559915236
            ],
            [
              -89.1163764565577,
              28.963547174094565
            ],
            [
              -89.11638012740362,
              28.963727570825355
            ],
            [
              -89.11617500062783,
              28.96373079897356
            ],
            [
              -89.11617683588582,
              28.963820997348932
            ],
            [
              -89.11607427239653,
              28.963822611311844
            ],
            [
              -89.11607610757414,
              28.96391280969185
            ],
            [
              -89.11597354398766,
              28.963914423582626
            ],
            [
              -89.11597537908489,
              28.964004621967288
            ],
            [
              -89.11577025170915,
              28.964007849526432
            ],
            [
              -89.11577208663721,
              28.96409804792171
            ],
            [
              -89.11546439524426,
              28.964102888692526
            ],
            [
              -89.11546622991433,
              28.964193087104395
            ],
            [
              -89.1153636660111,
              28.96419470054441
            ],
            [
              -89.11536550060079,
              28.96428489896093
            ],
            [
              -89.11526293660036,
              28.964286512328812
            ],
            [
              -89.11526477110966,
              28.96437671074996
            ],
            [
              -89.11516220701205,
              28.964378324045693
            ],
            [
              -89.11516404144095,
              28.964468522471513
            ],
            [
              -89.11506147724616,
              28.96447013569509
            ],
            [
              -89.11506331159468,
              28.964560334125547
            ],
            [
              -89.1148581830023,
              28.96456356035032
            ],
            [
              -89.11486001718163,
              28.96465375879139
            ],
            [
              -89.11424463067027,
              28.964663435626843
            ],
            [
              -89.11424646432525,
              28.964753634102387
            ],
            [
              -89.11352851239185,
              28.96476492023143
            ],
            [
              -89.11353034543367,
              28.96485511874738
            ],
            [
              -89.11332521605674,
              28.964858342664595
            ],
            [
              -89.11332704892938,
              28.964948541191152
            ],
            [
              -89.11322448413952,
              28.96495015303855
            ],
            [
              -89.1132281497324,
              28.965130550099637
            ],
            [
              -89.11312558475656,
              28.96513216188084
            ],
            [
              -89.11313108294242,
              28.965402757480476
            ],
            [
              -89.11302851769182,
              28.96540436920145
            ],
            [
              -89.11303401568681,
              28.965674964807114
            ],
            [
              -89.11293145016143,
              28.965676576467846
            ],
            [
              -89.11293511535577,
              28.965856973543634
            ],
            [
              -89.11283254964441,
              28.96585858513818
            ],
            [
              -89.11283438216537,
              28.965948783680055
            ],
            [
              -89.11273181635683,
              28.96595039520243
            ],
            [
              -89.11273548124632,
              28.966130792294148
            ],
            [
              -89.1126329152518,
              28.966132403750333
            ],
            [
              -89.11263657999724,
              28.966312800848716
            ],
            [
              -89.11253401381674,
              28.9663144122387
            ],
            [
              -89.1125450077216,
              28.966855603537972
            ],
            [
              -89.1124424409999,
              28.96685721488559
            ],
            [
              -89.11244793779916,
              28.967127810535327
            ],
            [
              -89.11234537080267,
              28.9671294218227
            ],
            [
              -89.11234903519986,
              28.967309818927866
            ],
            [
              -89.11224646801736,
              28.96731143014904
            ],
            [
              -89.11224830013974,
              28.967401628705595
            ],
            [
              -89.11214573286006,
              28.967403239854594
            ],
            [
              -89.11214939695235,
              28.9675836369757
            ],
            [
              -89.11204682948667,
              28.967585248058487
            ],
            [
              -89.1120504934349,
              28.967765645186233
            ],
            [
              -89.11184535812318,
              28.96776886714129
            ],
            [
              -89.11184718993226,
              28.967859065715093
            ],
            [
              -89.11164205440937,
              28.967862287369577
            ],
            [
              -89.11164388604922,
              28.96795248595399
            ],
            [
              -89.11133618243562,
              28.96795731786767
            ],
            [
              -89.11133801381743,
              28.968047516468626
            ],
            [
              -89.11123544584065,
              28.96804912695623
            ],
            [
              -89.11123727714204,
              28.96813932556182
            ],
            [
              -89.11103214098571,
              28.96814254631457
            ],
            [
              -89.11103397211788,
              28.968232744930756
            ],
            [
              -89.11093140393834,
              28.9682343551959
            ],
            [
              -89.11093323499009,
              28.96832455381671
            ],
            [
              -89.11083066671334,
              28.968326164009692
            ],
            [
              -89.11083249768465,
              28.968416362635146
            ],
            [
              -89.11072992931074,
              28.96841797275595
            ],
            [
              -89.11073176020162,
              28.968508171386063
            ],
            [
              -89.1106291917305,
              28.96850978143469
            ],
            [
              -89.11063102254096,
              28.968599980069428
            ],
            [
              -89.11052845397265,
              28.968601590045882
            ],
            [
              -89.11053028470269,
              28.968691788685256
            ],
            [
              -89.11042771603718,
              28.968693398589544
            ],
            [
              -89.11043137734477,
              28.96887379587624
            ],
            [
              -89.11032880849326,
              28.96887540571431
            ],
            [
              -89.11033246965674,
              28.969055803007656
            ],
            [
              -89.11022990061925,
              28.96905741277951
            ],
            [
              -89.11023173112474,
              28.969147611430145
            ],
            [
              -89.11012916199006,
              28.96914922112982
            ],
            [
              -89.11013099241512,
              28.9692394197851
            ],
            [
              -89.10992585394297,
              28.96924263896197
            ],
            [
              -89.1099276841988,
              28.969332837627842
            ],
            [
              -89.10951740679872,
              28.969339275067867
            ],
            [
              -89.10951923670765,
              28.969429473756215
            ],
            [
              -89.1092115283032,
              28.969434301033743
            ],
            [
              -89.10921335795408,
              28.969524499738636
            ],
            [
              -89.10870051000174,
              28.969532543668386
            ],
            [
              -89.10870233921692,
              28.969622742401693
            ],
            [
              -89.10859976951252,
              28.969624350959215
            ],
            [
              -89.10860708610173,
              28.96998514590308
            ],
            [
              -89.10829937587249,
              28.96998997117823
            ],
            [
              -89.10830120477428,
              28.970080169928746
            ]
          ]
        ]
      },
      "properties": {
        "incident_id": "SP-013",
        "type": "AI-detected-slick",
        "source": "Sentinel-1 SAR",
        "method": "U-Net segmentation + radiometric filtering"
      }
    },
    {
      "type": "Feature",
      "geometry": {
        "type": "Polygon",
        "coordinates": [
          [
            [
              -89.1546371602329,
              28.953285388662998
            ],
            [
              -89.15412440749623,
              28.953293601580157
            ],
            [
              -89.15412254015241,
              28.953203405299693
            ],
            [
              -89.15268683259504,
              28.953226390999742
            ],
            [
              -89.152684966502,
              28.95313619463295
            ],
            [
              -89.15237731493085,
              28.953141118131178
            ],
            [
              -89.15237544911254,
              28.953050921744854
            ],
            [
              -89.15217034819986,
              28.95305420367453
            ],
            [
              -89.15216848256756,
              28.952964007274737
            ],
            [
              -89.15186083140065,
              28.952968929565543
            ],
            [
              -89.1518589660431,
              28.95287873314625
            ],
            [
              -89.15093601287982,
              28.952893495748448
            ],
            [
              -89.15093787743884,
              28.952983692222354
            ],
            [
              -89.15052767545605,
              28.95299025137341
            ],
            [
              -89.15052953966868,
              28.953080447870274
            ],
            [
              -89.1497091345836,
              28.95309356247367
            ],
            [
              -89.14970727108083,
              28.95300336592831
            ],
            [
              -89.14939961929933,
              28.953008282598287
            ],
            [
              -89.14939775607127,
              28.952918086033435
            ],
            [
              -89.14847480106474,
              28.952932831773193
            ],
            [
              -89.14847293864379,
              28.952842635152486
            ],
            [
              -89.14816528708764,
              28.952847548975683
            ],
            [
              -89.14816342494139,
              28.952757352335478
            ],
            [
              -89.14600986376382,
              28.952791729297783
            ],
            [
              -89.14600800348941,
              28.95270153252912
            ],
            [
              -89.14559780128931,
              28.952708076594373
            ],
            [
              -89.14559594137835,
              28.95261787980018
            ],
            [
              -89.14498063835511,
              28.952627693519755
            ],
            [
              -89.14497877898503,
              28.952537496687956
            ],
            [
              -89.14426092569168,
              28.95254894243309
            ],
            [
              -89.14425906695124,
              28.952458745557625
            ],
            [
              -89.14343866338666,
              28.952471821676816
            ],
            [
              -89.14343680536453,
              28.95238162475168
            ],
            [
              -89.14312915415363,
              28.95238652699015
            ],
            [
              -89.1431272964062,
              28.952296330045563
            ],
            [
              -89.1427170950275,
              28.95230286524642
            ],
            [
              -89.14271523764351,
              28.952212668276335
            ],
            [
              -89.14251013708059,
              28.952215935396282
            ],
            [
              -89.14250827988255,
              28.952125738412796
            ],
            [
              -89.14230317946307,
              28.952129005208402
            ],
            [
              -89.142301322451,
              28.952038808211512
            ],
            [
              -89.14219877231723,
              28.952040441486172
            ],
            [
              -89.14219691540238,
              28.951950244481925
            ],
            [
              -89.14199181528681,
              28.951953510784964
            ],
            [
              -89.1419899585579,
              28.95186331376733
            ],
            [
              -89.1418874085761,
              28.95186494679571
            ],
            [
              -89.14188555194443,
              28.951774749770706
            ],
            [
              -89.1413728023515,
              28.95178291371145
            ],
            [
              -89.14137094617196,
              28.951692716654932
            ],
            [
              -89.14075564691235,
              28.95170251077145
            ],
            [
              -89.14075379127368,
              28.951612313677394
            ],
            [
              -89.14044614179537,
              28.951617209663677
            ],
            [
              -89.14044428643135,
              28.9515270125502
            ],
            [
              -89.14013663714275,
              28.95153190781579
            ],
            [
              -89.14013478205341,
              28.951441710682868
            ],
            [
              -89.13972458323795,
              28.95144823658662
            ],
            [
              -89.139722728512,
              28.95135803942826
            ],
            [
              -89.13931252991557,
              28.95136456405886
            ],
            [
              -89.13931067555302,
              28.95127436687504
            ],
            [
              -89.13890047717564,
              28.951280890232475
            ],
            [
              -89.13889862317649,
              28.951190693023207
            ],
            [
              -89.1386935241143,
              28.951193954221488
            ],
            [
              -89.13869167030109,
              28.951103756998844
            ],
            [
              -89.1384865713824,
              28.951107017872808
            ],
            [
              -89.13848471775512,
              28.951016820636784
            ],
            [
              -89.13838216837178,
              28.95101845095065
            ],
            [
              -89.13838031484171,
              28.95092825370728
            ],
            [
              -89.13807266690692,
              28.95093314416238
            ],
            [
              -89.13807081365151,
              28.950842946899588
            ],
            [
              -89.13786571516334,
              28.950846206800612
            ],
            [
              -89.13786386209385,
              28.950756009524476
            ],
            [
              -89.13745366537061,
              28.95076252836567
            ],
            [
              -89.1374518126645,
              28.950672331064087
            ],
            [
              -89.13724671442942,
              28.950675590004252
            ],
            [
              -89.13724486190924,
              28.950585392689298
            ],
            [
              -89.13703976381767,
              28.950588651305168
            ],
            [
              -89.13703791148342,
              28.950498453976838
            ],
            [
              -89.13683281353539,
              28.950501712268412
            ],
            [
              -89.13683096138705,
              28.950411514926717
            ],
            [
              -89.13662586358254,
              28.950414772893986
            ],
            [
              -89.13662401162011,
              28.950324575538914
            ],
            [
              -89.13652146279387,
              28.95032620439944
            ],
            [
              -89.13651961092866,
              28.950236007037038
            ],
            [
              -89.13631451342815,
              28.95023926451184
            ],
            [
              -89.13631266174886,
              28.950149067136074
            ],
            [
              -89.13621011307461,
              28.95015069575036
            ],
            [
              -89.13620826149251,
              28.95006049836724
            ],
            [
              -89.13610571289851,
              28.950062126897443
            ],
            [
              -89.13610200993719,
              28.94988173211521
            ],
            [
              -89.13599946151216,
              28.94988336055531
            ],
            [
              -89.13599575876219,
              28.94970296575575
            ],
            [
              -89.1358932105061,
              28.94970459410574
            ],
            [
              -89.13589135923256,
              28.94961439669797
            ],
            [
              -89.13578881105671,
              28.949616024963884
            ],
            [
              -89.13578510871248,
              28.949435630132324
            ],
            [
              -89.1356825607056,
              28.94943725830813
            ],
            [
              -89.13568070963491,
              28.949347060884353
            ],
            [
              -89.13557816170827,
              28.949348688976077
            ],
            [
              -89.13557631073478,
              28.949258491544967
            ],
            [
              -89.13547376288838,
              28.949260119552616
            ],
            [
              -89.13547191201208,
              28.94916992211416
            ],
            [
              -89.13536936424592,
              28.94917155003772
            ],
            [
              -89.13536566269617,
              28.94899115514481
            ],
            [
              -89.13526311509897,
              28.94899278297828
            ],
            [
              -89.13525941376054,
              28.948812388068056
            ],
            [
              -89.13515686633231,
              28.94881401581142
            ],
            [
              -89.1351531652052,
              28.948633620883893
            ],
            [
              -89.13505061794591,
              28.94863524853716
            ],
            [
              -89.13503766488893,
              28.948003866207124
            ],
            [
              -89.13514021152723,
              28.948002238595993
            ],
            [
              -89.13513836103569,
              28.947912041121036
            ],
            [
              -89.1352409075768,
              28.947910413437878
            ],
            [
              -89.13523905700504,
              28.947820215967607
            ],
            [
              -89.13564924272991,
              28.947813704478513
            ],
            [
              -89.13565109365652,
              28.947903901924697
            ],
            [
              -89.13575364015526,
              28.947902273851273
            ],
            [
              -89.13575549117905,
              28.947992471290107
            ],
            [
              -89.13606313089056,
              28.947987586583437
            ],
            [
              -89.13606498218897,
              28.948077784002884
            ],
            [
              -89.13647516870715,
              28.948071269943814
            ],
            [
              -89.13647702036887,
              28.94816146733786
            ],
            [
              -89.13729739370795,
              28.948148435424926
            ],
            [
              -89.13729554133653,
              28.948058238079085
            ],
            [
              -89.13750063440908,
              28.948054979332355
            ],
            [
              -89.13750248695791,
              28.94814517666615
            ],
            [
              -89.13801521993437,
              28.948137028403263
            ],
            [
              -89.13801707293526,
              28.948227225705587
            ],
            [
              -89.13832471288546,
              28.948222335793123
            ],
            [
              -89.13832656616096,
              28.948312533076045
            ],
            [
              -89.13863420630092,
              28.948307642443005
            ],
            [
              -89.13863605985105,
              28.94839783970652
            ],
            [
              -89.13884115341268,
              28.94839457888216
            ],
            [
              -89.13884300714871,
              28.94848477613229
            ],
            [
              -89.13925319452498,
              28.94847825352279
            ],
            [
              -89.13925504862435,
              28.948568450747484
            ],
            [
              -89.14007542367908,
              28.94855540173359
            ],
            [
              -89.14007727849663,
              28.94864559890869
            ],
            [
              -89.14048746617505,
              28.9486390725043
            ],
            [
              -89.14048932135594,
              28.948729269653928
            ],
            [
              -89.14069441532162,
              28.948726005971327
            ],
            [
              -89.14069255996328,
              28.948635808833753
            ],
            [
              -89.14151293477642,
              28.948622751029443
            ],
            [
              -89.14151107871687,
              28.948532553938847
            ],
            [
              -89.14171617215777,
              28.9485292887193
            ],
            [
              -89.1417143159293,
              28.94843909163946
            ],
            [
              -89.1418168625483,
              28.94843745891865
            ],
            [
              -89.14181500623963,
              28.94834726184355
            ],
            [
              -89.14202009927466,
              28.948343996179826
            ],
            [
              -89.14201824279708,
              28.948253799115477
            ],
            [
              -89.14212078921314,
              28.94825216617258
            ],
            [
              -89.14211893265532,
              28.948161969112956
            ],
            [
              -89.14293930296809,
              28.948148902808168
            ],
            [
              -89.14294116023557,
              28.94823909981946
            ],
            [
              -89.14324879922869,
              28.948234198649157
            ],
            [
              -89.1432506567708,
              28.94832439564101
            ],
            [
              -89.14448121304223,
              28.94830478386249
            ],
            [
              -89.14447935443559,
              28.948214586943184
            ],
            [
              -89.14499208541017,
              28.948206412081774
            ],
            [
              -89.14499394446035,
              28.948296608970843
            ],
            [
              -89.1453015832091,
              28.948291703099216
            ],
            [
              -89.14530344253393,
              28.948381899968822
            ],
            [
              -89.1454059888552,
              28.94838026451612
            ],
            [
              -89.14540784827726,
              28.94847046137836
            ],
            [
              -89.14551039467871,
              28.948468825841555
            ],
            [
              -89.14551225419801,
              28.948559022696422
            ],
            [
              -89.14581989361744,
              28.94855411559955
            ],
            [
              -89.14582175341137,
              28.94864431243494
            ],
            [
              -89.14653957904629,
              28.948632859768004
            ],
            [
              -89.14654143946973,
              28.948723056559704
            ],
            [
              -89.14684907916592,
              28.948718147084904
            ],
            [
              -89.14685093986401,
              28.948808343857145
            ],
            [
              -89.14695348650109,
              28.948806707203385
            ],
            [
              -89.1469553472964,
              28.948896903968247
            ],
            [
              -89.14716044072242,
              28.948893630414453
            ],
            [
              -89.14716416269346,
              28.949074023915998
            ],
            [
              -89.14736925644024,
              28.949070750025765
            ],
            [
              -89.14737111761596,
              28.949160946762447
            ],
            [
              -89.14747366456528,
              28.9491593096942
            ],
            [
              -89.14747552583825,
              28.949249506423502
            ],
            [
              -89.14768061988875,
              28.94924623204072
            ],
            [
              -89.14768248134766,
              28.949336428756595
            ],
            [
              -89.14799012262564,
              28.949331516578827
            ],
            [
              -89.14799198435922,
              28.949421713275225
            ],
            [
              -89.1485047200956,
              28.949413524720875
            ],
            [
              -89.14850658228127,
              28.94950372138566
            ],
            [
              -89.14860912949167,
              28.949502083434563
            ],
            [
              -89.14861099177459,
              28.949592280091963
            ],
            [
              -89.14881608634728,
              28.949589003943483
            ],
            [
              -89.14881794881614,
              28.94967920058746
            ],
            [
              -89.14892049617842,
              28.949677562390075
            ],
            [
              -89.14892235874453,
              28.94976775902666
            ],
            [
              -89.14923000104629,
              28.94976284394799
            ],
            [
              -89.14923186388708,
              28.949853040565085
            ],
            [
              -89.14964205385823,
              28.94984648600981
            ],
            [
              -89.14964391706242,
              28.94993668260134
            ],
            [
              -89.14984901217424,
              28.94993340484324
            ],
            [
              -89.1498508755644,
              28.95002360142132
            ],
            [
              -89.15005597081952,
              28.95002032333887
            ],
            [
              -89.15005783439562,
              28.9501105199035
            ],
            [
              -89.15016038209912,
              28.950108880739126
            ],
            [
              -89.15016224577248,
              28.95019907729639
            ],
            [
              -89.15026479355616,
              28.950197438047887
            ],
            [
              -89.15026852110593,
              28.950377831146323
            ],
            [
              -89.15037106905848,
              28.950376191807635
            ],
            [
              -89.15037293293489,
              28.950466388348815
            ],
            [
              -89.15047548096764,
              28.95046474892601
            ],
            [
              -89.1504773449413,
              28.950554945459796
            ],
            [
              -89.15057989305424,
              28.950553305952877
            ],
            [
              -89.15058175712515,
              28.950643502479274
            ],
            [
              -89.15099194984643,
              28.950636943646696
            ],
            [
              -89.15099381428075,
              28.950727140147535
            ],
            [
              -89.15140400722034,
              28.95072058004175
            ],
            [
              -89.15140587201807,
              28.950810776516988
            ],
            [
              -89.15161096861407,
              28.950807495983607
            ],
            [
              -89.15161283359778,
              28.950897692445388
            ],
            [
              -89.15181793033707,
              28.950894411587633
            ],
            [
              -89.15181979550677,
              28.950984608035967
            ],
            [
              -89.15192234395232,
              28.950982967483924
            ],
            [
              -89.15192420921927,
              28.951073163924885
            ],
            [
              -89.15212930626221,
              28.95106988257448
            ],
            [
              -89.15213117171515,
              28.951160079001983
            ],
            [
              -89.15243881748165,
              28.95115515637272
            ],
            [
              -89.15244068320929,
              28.951245352780685
            ],
            [
              -89.15305597504398,
              28.951235505378115
            ],
            [
              -89.15305784131249,
              28.951325701748345
            ],
            [
              -89.15326293869981,
              28.951322418644178
            ],
            [
              -89.15326667161736,
              28.951502811356384
            ],
            [
              -89.15347176932539,
              28.95149952791569
            ],
            [
              -89.15347363597444,
              28.95158972425768
            ],
            [
              -89.15367873382571,
              28.951586440492598
            ],
            [
              -89.15368060066076,
              28.95167663682111
            ],
            [
              -89.1538856986553,
              28.95167335273163
            ],
            [
              -89.15388383164283,
              28.951583156415264
            ],
            [
              -89.15398638053854,
              28.9515815142595
            ],
            [
              -89.15398824763975,
              28.951671710569794
            ],
            [
              -89.15419334558301,
              28.951668426011935
            ],
            [
              -89.15419521287019,
              28.951758622308766
            ],
            [
              -89.15450285998713,
              28.95175369486829
            ],
            [
              -89.15450472754905,
              28.95184389114558
            ],
            [
              -89.15481237485521,
              28.95183896298432
            ],
            [
              -89.15481424269184,
              28.951929159242045
            ],
            [
              -89.1551218901872,
              28.951924230359992
            ],
            [
              -89.15512562641848,
              28.952104622835044
            ],
            [
              -89.15522817574396,
              28.952102979706083
            ],
            [
              -89.15523004396115,
              28.952193175935538
            ],
            [
              -89.15533259336678,
              28.952191532722445
            ],
            [
              -89.15533446168126,
              28.9522817289445
            ],
            [
              -89.15635995615432,
              28.95226529245916
            ],
            [
              -89.1563618253646,
              28.952355488619116
            ],
            [
              -89.15656692433399,
              28.95235220037312
            ],
            [
              -89.15656879373029,
              28.952442396519587
            ],
            [
              -89.15667134329085,
              28.952440752273418
            ],
            [
              -89.15667508228658,
              28.95262114455025
            ],
            [
              -89.15677763201606,
              28.952619500213842
            ],
            [
              -89.15678324084003,
              28.95289008860093
            ],
            [
              -89.15668069084437,
              28.95289173295559
            ],
            [
              -89.15668256038076,
              28.95298192908806
            ],
            [
              -89.15647746018632,
              28.95298521757533
            ],
            [
              -89.15647932955379,
              28.953075413718647
            ],
            [
              -89.15627422914766,
              28.953078701905792
            ],
            [
              -89.15627609834624,
              28.953168898059957
            ],
            [
              -89.15463529244545,
              28.953195192412903
            ],
            [
              -89.1546371602329,
              28.953285388662998
            ]
          ]
        ]
      },
      "properties": {
        "incident_id": "SP-013",
        "type": "AI-detected-slick",
        "source": "Sentinel-1 SAR",
        "method": "U-Net segmentation + radiometric filtering"
      }
    },
    {
      "type": "Feature",
      "geometry": {
        "type": "Polygon",
        "coordinates": [
          [
            [
              -89.12305119460332,
              28.95378766146689
            ],
            [
              -89.12130778999679,
              28.95381516864167
            ],
            [
              -89.12130595104827,
              28.95372497043219
            ],
            [
              -89.12099829142541,
              28.95372982227931
            ],
            [
              -89.1210001301077,
              28.95382002050673
            ],
            [
              -89.11741075913969,
              28.953876573679086
            ],
            [
              -89.11740892356333,
              28.953786375242505
            ],
            [
              -89.11720381651723,
              28.95378960395161
            ],
            [
              -89.11720198112677,
              28.953699405501773
            ],
            [
              -89.11709942767986,
              28.953701019733245
            ],
            [
              -89.11708658080298,
              28.953069630505695
            ],
            [
              -89.11729168644604,
              28.953066402048254
            ],
            [
              -89.11728985103406,
              28.952976203593863
            ],
            [
              -89.11739240375424,
              28.95297458925401
            ],
            [
              -89.11739056826192,
              28.952884390804254
            ],
            [
              -89.11749312088497,
              28.9528827763923
            ],
            [
              -89.11749128531231,
              28.952792577947214
            ],
            [
              -89.11759383783821,
              28.952790963463155
            ],
            [
              -89.11759200218523,
              28.95270076502272
            ],
            [
              -89.11769455461399,
              28.95269915046656
            ],
            [
              -89.11769271888068,
              28.952608952030776
            ],
            [
              -89.1177952712123,
              28.95260733740251
            ],
            [
              -89.11779343539864,
              28.95251713897138
            ],
            [
              -89.11789598763313,
              28.952515524271025
            ],
            [
              -89.11789415173915,
              28.952425325844565
            ],
            [
              -89.11820180812596,
              28.95242048129297
            ],
            [
              -89.11819997197418,
              28.952330282883107
            ],
            [
              -89.11861018001728,
              28.952323822411888
            ],
            [
              -89.11860834351899,
              28.952233624024604
            ],
            [
              -89.11891599919683,
              28.95222877786937
            ],
            [
              -89.11891416244072,
              28.95213857949869
            ],
            [
              -89.11901671422778,
              28.95213696396345
            ],
            [
              -89.11901487739135,
              28.952046765597416
            ],
            [
              -89.11921998076278,
              28.952043534304675
            ],
            [
              -89.11921630676024,
              28.95186313759259
            ],
            [
              -89.11931885825587,
              28.95186152184107
            ],
            [
              -89.1193151841095,
              28.95168112513566
            ],
            [
              -89.11941773541925,
              28.95167950931802
            ],
            [
              -89.11941406112905,
              28.9514991126193
            ],
            [
              -89.11951661225294,
              28.95149749673555
            ],
            [
              -89.11951293781894,
              28.951317100043525
            ],
            [
              -89.11961548875693,
              28.951315484093644
            ],
            [
              -89.11961181417912,
              28.951135087408307
            ],
            [
              -89.11971436493127,
              28.95113347139232
            ],
            [
              -89.11970701552167,
              28.95077267802975
            ],
            [
              -89.11980956591049,
              28.950771061959603
            ],
            [
              -89.11980405367544,
              28.950500466941794
            ],
            [
              -89.11990660378966,
              28.950498850811517
            ],
            [
              -89.11990292883091,
              28.95031845413834
            ],
            [
              -89.12000547875927,
              28.950316837941962
            ],
            [
              -89.12000364120378,
              28.950226639609376
            ],
            [
              -89.12102913913736,
              28.950210473411865
            ],
            [
              -89.12102730070305,
              28.950120275137767
            ],
            [
              -89.12154004891057,
              28.950112189141535
            ],
            [
              -89.12153821004107,
              28.950021990896023
            ],
            [
              -89.12184585859839,
              28.950017138379476
            ],
            [
              -89.12184401947113,
              28.949926940150604
            ],
            [
              -89.1220491182898,
              28.94992370476121
            ],
            [
              -89.1220472789935,
              28.949833506542994
            ],
            [
              -89.12214982830147,
              28.949831888737197
            ],
            [
              -89.1221479889249,
              28.949741690523624
            ],
            [
              -89.12225053813573,
              28.949740072645746
            ],
            [
              -89.12224869867885,
              28.949649874436854
            ],
            [
              -89.1224537968978,
              28.94964663845889
            ],
            [
              -89.12245195727189,
              28.949556440260654
            ],
            [
              -89.12255450628003,
              28.949554822160554
            ],
            [
              -89.12255266657381,
              28.949464623966993
            ],
            [
              -89.12265521548478,
              28.949463005794826
            ],
            [
              -89.12265153592021,
              28.949282609415693
            ],
            [
              -89.12285663336202,
              28.949279372861124
            ],
            [
              -89.12285479341492,
              28.949189174681557
            ],
            [
              -89.12295734203447,
              28.949187556293165
            ],
            [
              -89.12295550200707,
              28.949097358118266
            ],
            [
              -89.12305805052948,
              28.949095739657796
            ],
            [
              -89.1230562104218,
              28.94900554148758
            ],
            [
              -89.12326130726389,
              28.949002304344443
            ],
            [
              -89.1232594669872,
              28.94891210618487
            ],
            [
              -89.12397730504806,
              28.948900773766965
            ],
            [
              -89.12397546415878,
              28.948810575647997
            ],
            [
              -89.12428310864942,
              28.94880571774454
            ],
            [
              -89.12428126750241,
              28.94871551964223
            ],
            [
              -89.12448636360992,
              28.948712280661624
            ],
            [
              -89.12448452229391,
              28.948622082569976
            ],
            [
              -89.12468961819027,
              28.94861884328911
            ],
            [
              -89.12468777670526,
              28.948528645208118
            ],
            [
              -89.1249954202204,
              28.948523785719374
            ],
            [
              -89.12499357847767,
              28.948433587655053
            ],
            [
              -89.1254037693583,
              28.948427107267886
            ],
            [
              -89.12540192726912,
              28.94833690922622
            ],
            [
              -89.12570957007489,
              28.948332048134223
            ],
            [
              -89.12570772772803,
              28.9482418501092
            ],
            [
              -89.12581027522435,
              28.948240229595083
            ],
            [
              -89.1258084327972,
              28.94815003157476
            ],
            [
              -89.12611607496946,
              28.948145169582055
            ],
            [
              -89.12611423228459,
              28.948054971578397
            ],
            [
              -89.12631932684648,
              28.948051729871636
            ],
            [
              -89.12631748399264,
              28.947961531878633
            ],
            [
              -89.12662512550604,
              28.947956668751083
            ],
            [
              -89.1266232823945,
              28.947866470774766
            ],
            [
              -89.12672582946004,
              28.94786484958213
            ],
            [
              -89.12672398626822,
              28.947774651610487
            ],
            [
              -89.12692908019656,
              28.94777140900304
            ],
            [
              -89.12692723683577,
              28.947681211042084
            ],
            [
              -89.12702978369857,
              28.94767958962727
            ],
            [
              -89.12702794025749,
              28.94758939167099
            ],
            [
              -89.12723303378036,
              28.94758614861922
            ],
            [
              -89.12723119017029,
              28.947495950673613
            ],
            [
              -89.12733373683035,
              28.94749432903664
            ],
            [
              -89.12733189314002,
              28.94740413109573
            ],
            [
              -89.1279471723908,
              28.947394399670767
            ],
            [
              -89.12794532817668,
              28.947304201764524
            ],
            [
              -89.12825296742194,
              28.94729933501633
            ],
            [
              -89.12825112295012,
              28.947209137126773
            ],
            [
              -89.12835366925961,
              28.947207514727268
            ],
            [
              -89.12835182470752,
              28.947117316842398
            ],
            [
              -89.12845437091985,
              28.947115694370847
            ],
            [
              -89.1284525262875,
              28.947025496490653
            ],
            [
              -89.12855507240269,
              28.94702387394705
            ],
            [
              -89.12855322769008,
              28.94693367607155
            ],
            [
              -89.1286557737081,
              28.946932053455907
            ],
            [
              -89.12865392891523,
              28.94684185558507
            ],
            [
              -89.1287564748361,
              28.94684023289737
            ],
            [
              -89.12875462996296,
              28.946750035031233
            ],
            [
              -89.12885717578669,
              28.946748412271486
            ],
            [
              -89.12885533083329,
              28.946658214410036
            ],
            [
              -89.12906042227797,
              28.94665496866838
            ],
            [
              -89.12905857715562,
              28.94656477081763
            ],
            [
              -89.12946875958878,
              28.946558278421744
            ],
            [
              -89.12946691412003,
              28.946468080593682
            ],
            [
              -89.12987709606317,
              28.946461586973008
            ],
            [
              -89.12987525024808,
              28.946371389167645
            ],
            [
              -89.13008034099151,
              28.946368141901022
            ],
            [
              -89.13007849500745,
              28.94627794410636
            ],
            [
              -89.13038613079311,
              28.946273072639073
            ],
            [
              -89.1303842845514,
              28.94618287486111
            ],
            [
              -89.1305893748555,
              28.94617962683802
            ],
            [
              -89.13058752844482,
              28.946089429070756
            ],
            [
              -89.13079261853768,
              28.94608618074749
            ],
            [
              -89.13079077195806,
              28.945995982990922
            ],
            [
              -89.13099586183972,
              28.945992734367486
            ],
            [
              -89.13099401509113,
              28.945902536621613
            ],
            [
              -89.13130164958407,
              28.945897663119105
            ],
            [
              -89.13129980257784,
              28.945807465389954
            ],
            [
              -89.13191507080319,
              28.945797716313713
            ],
            [
              -89.13191322327319,
              28.945707518619315
            ],
            [
              -89.13222085700556,
              28.945702643045585
            ],
            [
              -89.13222270480165,
              28.94579284072196
            ],
            [
              -89.13242779409167,
              28.945789589937217
            ],
            [
              -89.13242964207363,
              28.945879787600248
            ],
            [
              -89.13253218679463,
              28.945878162084792
            ],
            [
              -89.13253403487374,
              28.945968359740498
            ],
            [
              -89.13263657967501,
              28.945966734140978
            ],
            [
              -89.13263842785129,
              28.946056931789347
            ],
            [
              -89.13274097273279,
              28.946055306105766
            ],
            [
              -89.13274282100625,
              28.946145503746802
            ],
            [
              -89.13284536596797,
              28.946143877979157
            ],
            [
              -89.13285091110521,
              28.946414470876324
            ],
            [
              -89.1329534563246,
              28.946412845012603
            ],
            [
              -89.13298303309563,
              28.947856006834293
            ],
            [
              -89.13288048645691,
              28.94785763279426
            ],
            [
              -89.13291376131751,
              28.949481189548738
            ],
            [
              -89.13281121307347,
              28.9494828155389
            ],
            [
              -89.13281675888405,
              28.94975340830785
            ],
            [
              -89.13271421036538,
              28.949755034237995
            ],
            [
              -89.1327160588971,
              28.949845231831024
            ],
            [
              -89.13261351028127,
              28.94984685768912
            ],
            [
              -89.13261535873274,
              28.949937055286842
            ],
            [
              -89.13251281001972,
              28.949938681072894
            ],
            [
              -89.13251465839093,
              28.950028878675305
            ],
            [
              -89.13200191425528,
              28.950037006464726
            ],
            [
              -89.13200006632766,
              28.949946808832244
            ],
            [
              -89.1305643828648,
              28.949969556176338
            ],
            [
              -89.13056622955033,
              28.950059753892955
            ],
            [
              -89.13036113160003,
              28.950063002276583
            ],
            [
              -89.13036297811655,
              28.9501532000039
            ],
            [
              -89.12954258526742,
              28.950166190464
            ],
            [
              -89.12954443108264,
              28.950256388238046
            ],
            [
              -89.12923678335858,
              28.95026125839058
            ],
            [
              -89.12923862891607,
              28.950351456181316
            ],
            [
              -89.12872588209672,
              28.950359571570974
            ],
            [
              -89.12872772721904,
              28.95044976939042
            ],
            [
              -89.1286251777411,
              28.950451392240165
            ],
            [
              -89.12862702278315,
              28.950541590064297
            ],
            [
              -89.12842192362447,
              28.9505448355416
            ],
            [
              -89.12842376849751,
              28.950635033376425
            ],
            [
              -89.12832121881678,
              28.950636656003983
            ],
            [
              -89.12832306360956,
              28.95072685384348
            ],
            [
              -89.12811796404532,
              28.950730098876413
            ],
            [
              -89.12811980866907,
              28.950820296726608
            ],
            [
              -89.12801725878555,
              28.95082191913198
            ],
            [
              -89.12801910332904,
              28.95091211698685
            ],
            [
              -89.12781400335922,
              28.950915361575408
            ],
            [
              -89.1278158477337,
              28.951005559440954
            ],
            [
              -89.12740564733781,
              28.95101204770528
            ],
            [
              -89.12740749136583,
              28.951102245593532
            ],
            [
              -89.12679218998636,
              28.95111197568405
            ],
            [
              -89.12679034649072,
              28.951021777759813
            ],
            [
              -89.1265852461408,
              28.951025020486806
            ],
            [
              -89.12658340283106,
              28.950934822549264
            ],
            [
              -89.12586555196167,
              28.950946169592715
            ],
            [
              -89.12586739465034,
              28.951036367572225
            ],
            [
              -89.12576484440368,
              28.951037988272162
            ],
            [
              -89.12576668701206,
              28.95112818625637
            ],
            [
              -89.12443353188428,
              28.951149248329557
            ],
            [
              -89.12443537334764,
              28.951239446390314
            ],
            [
              -89.12423027225479,
              28.951242685550273
            ],
            [
              -89.12423211354913,
              28.951332883621696
            ],
            [
              -89.12402701224512,
              28.951336122481358
            ],
            [
              -89.12403621795596,
              28.951787112878684
            ],
            [
              -89.12413876905583,
              28.951785493457933
            ],
            [
              -89.12414429284969,
              28.952056087662562
            ],
            [
              -89.12404174148364,
              28.952057707101275
            ],
            [
              -89.12404726508716,
              28.952328301312004
            ],
            [
              -89.12394471344646,
              28.95232992069063
            ],
            [
              -89.12394839571351,
              28.952510316836502
            ],
            [
              -89.12384584388693,
              28.95251193614903
            ],
            [
              -89.12385873146594,
              28.953143322660075
            ],
            [
              -89.12375617900977,
              28.95314494193644
            ],
            [
              -89.12375802003747,
              28.95323514001017
            ],
            [
              -89.12365546748414,
              28.953236759214466
            ],
            [
              -89.12365914938734,
              28.953417155369944
            ],
            [
              -89.12355659664811,
              28.953418774508133
            ],
            [
              -89.12355843752361,
              28.953508972589905
            ],
            [
              -89.12345588468722,
              28.95351059165601
            ],
            [
              -89.12345772548241,
              28.95360078974243
            ],
            [
              -89.12335517254883,
              28.953602408736455
            ],
            [
              -89.12335701326373,
              28.95369260682755
            ],
            [
              -89.12304935414623,
              28.953697463359145
            ],
            [
              -89.12305119460332,
              28.95378766146689
            ]
          ]
        ]
      },
      "properties": {
        "incident_id": "SP-013",
        "type": "AI-detected-slick",
        "source": "Sentinel-1 SAR",
        "method": "U-Net segmentation + radiometric filtering"
      }
    },
    {
      "type": "Feature",
      "geometry": {
        "type": "Polygon",
        "coordinates": [
          [
            [
              -89.13677169711767,
              28.94752519929647
            ],
            [
              -89.13533605151835,
              28.947547995811767
            ],
            [
              -89.13533420089178,
              28.947457798342253
            ],
            [
              -89.13471892423014,
              28.94746756355811
            ],
            [
              -89.13471707414428,
              28.947377366051168
            ],
            [
              -89.13461452809305,
              28.94737899330794
            ],
            [
              -89.13461637809021,
              28.947469190820907
            ],
            [
              -89.13451383194182,
              28.94747081800565
            ],
            [
              -89.13451198203337,
              28.947380620486673
            ],
            [
              -89.13379415937844,
              28.947392008552267
            ],
            [
              -89.13379231009942,
              28.94730181098984
            ],
            [
              -89.1335872180135,
              28.94730506400836
            ],
            [
              -89.13358536892036,
              28.947214866432567
            ],
            [
              -89.13348282295341,
              28.94721649281874
            ],
            [
              -89.13348097395746,
              28.94712629523562
            ],
            [
              -89.13337842807076,
              28.947127921537717
            ],
            [
              -89.13337657917197,
              28.94703772394726
            ],
            [
              -89.1332740333655,
              28.947039350165294
            ],
            [
              -89.13325184830482,
              28.945956978904874
            ],
            [
              -89.13335439304683,
              28.945955352759025
            ],
            [
              -89.13334884670601,
              28.945684759932316
            ],
            [
              -89.13345139117345,
              28.94568313372646
            ],
            [
              -89.13344954232142,
              28.945592936120942
            ],
            [
              -89.1335520866917,
              28.945591309843056
            ],
            [
              -89.13355023775941,
              28.94550111224224
            ],
            [
              -89.13385787055334,
              28.945496232958355
            ],
            [
              -89.13385602136343,
              28.945406035374276
            ],
            [
              -89.13416365381505,
              28.94540115540603
            ],
            [
              -89.1341618043675,
              28.94531095783867
            ],
            [
              -89.13467452450735,
              28.945302823027443
            ],
            [
              -89.13467267462477,
              28.945212625488857
            ],
            [
              -89.13580065721126,
              28.945194722102414
            ],
            [
              -89.13579880636149,
              28.94510452462874
            ],
            [
              -89.13600389381695,
              28.945101268465027
            ],
            [
              -89.13600204279824,
              28.945011071002096
            ],
            [
              -89.1362071300424,
              28.94500781453825
            ],
            [
              -89.13620527885477,
              28.944917617086023
            ],
            [
              -89.13641036588763,
              28.944914360322052
            ],
            [
              -89.13640851453108,
              28.944824162880565
            ],
            [
              -89.13681868814028,
              28.9448176484402
            ],
            [
              -89.13681683643745,
              28.944727451021492
            ],
            [
              -89.13763718253925,
              28.944714418442885
            ],
            [
              -89.13763533013532,
              28.94462422107107
            ],
            [
              -89.1382505888233,
              28.944614443395473
            ],
            [
              -89.1382524417594,
              28.944704640731118
            ],
            [
              -89.13856007125494,
              28.94469975082166
            ],
            [
              -89.1385619244656,
              28.944789948137895
            ],
            [
              -89.13876701093093,
              28.94478668779598
            ],
            [
              -89.13876886432747,
              28.94487688509884
            ],
            [
              -89.13887140763612,
              28.944875254804792
            ],
            [
              -89.13887326112985,
              28.944965452100295
            ],
            [
              -89.13897580451868,
              28.944963821722173
            ],
            [
              -89.1389776581096,
              28.94505401901034
            ],
            [
              -89.13908020157865,
              28.94505238854813
            ],
            [
              -89.13908205526675,
              28.945142585828943
            ],
            [
              -89.13897951170901,
              28.945144216297173
            ],
            [
              -89.13898321893329,
              28.94532461086691
            ],
            [
              -89.13888067518967,
              28.945326241269154
            ],
            [
              -89.13888252872583,
              28.94541643855808
            ],
            [
              -89.13867744103571,
              28.945419699140505
            ],
            [
              -89.13867929440298,
              28.94550989644017
            ],
            [
              -89.1385767504565,
              28.94551152662035
            ],
            [
              -89.13857860374354,
              28.945601723924717
            ],
            [
              -89.13847605969987,
              28.945603354032883
            ],
            [
              -89.1384779129067,
              28.945693551341964
            ],
            [
              -89.13837536876584,
              28.945695181378117
            ],
            [
              -89.13837907502756,
              28.945875576004394
            ],
            [
              -89.13827653070082,
              28.94587720597456
            ],
            [
              -89.13828023681909,
              28.946057600607613
            ],
            [
              -89.13817769230644,
              28.94605923051179
            ],
            [
              -89.13818325128138,
              28.946329822469583
            ],
            [
              -89.13808070649415,
              28.946331452313796
            ],
            [
              -89.13808441234244,
              28.946511846957794
            ],
            [
              -89.13798186736933,
              28.946513476736015
            ],
            [
              -89.13798557307415,
              28.946693871386795
            ],
            [
              -89.13778048274766,
              28.946697130733206
            ],
            [
              -89.13778233543539,
              28.94678732806868
            ],
            [
              -89.13767979017072,
              28.94678895763084
            ],
            [
              -89.13768164277822,
              28.94687915497102
            ],
            [
              -89.13757909741636,
              28.94688078446115
            ],
            [
              -89.13758094994364,
              28.94697098180605
            ],
            [
              -89.1374784044846,
              28.946972611224158
            ],
            [
              -89.13748025693164,
              28.947062808573758
            ],
            [
              -89.13737771137542,
              28.94706443791985
            ],
            [
              -89.13737956374224,
              28.94715463527415
            ],
            [
              -89.13727701808882,
              28.947156264548223
            ],
            [
              -89.13727887037543,
              28.94724646190725
            ],
            [
              -89.13717632462482,
              28.947248091109287
            ],
            [
              -89.1371781768312,
              28.947338288473016
            ],
            [
              -89.13687053926235,
              28.947343175628916
            ],
            [
              -89.13687239121109,
              28.947433373009392
            ],
            [
              -89.13676984524915,
              28.947435001911273
            ],
            [
              -89.13677169711767,
              28.94752519929647
            ]
          ]
        ]
      },
      "properties": {
        "incident_id": "SP-013",
        "type": "AI-detected-slick",
        "source": "Sentinel-1 SAR",
        "method": "U-Net segmentation + radiometric filtering"
      }
    }
  ]
}