{
  "type": "FeatureCollection",
  "name": "SP-011_AI_Spill_Footprint",
  "features": [
    {
      "type": "Feature",
      "geometry": {
        "type": "Polygon",
        "coordinates": [
          [
            [
              -88.98857136869131,
              28.91593433117848
            ],
            [
              -88.9879562212171,
              28.91594341639967
            ],
            [
              -88.98795450050785,
              28.915853210121295
            ],
            [
              -88.98774945146393,
              28.91585623789333
            ],
            [
              -88.98774773093976,
              28.91576603160242
            ],
            [
              -88.98764520649456,
              28.915767545365874
            ],
            [
              -88.9876262822234,
              28.91477527601829
            ],
            [
              -88.9875237587449,
              28.914776789642126
            ],
            [
              -88.98752203849249,
              28.91468658332439
            ],
            [
              -88.98731699168901,
              28.914689610326935
            ],
            [
              -88.98731527162168,
              28.91459940399669
            ],
            [
              -88.98670013155377,
              28.91460848309938
            ],
            [
              -88.98669669250584,
              28.914428070367734
            ],
            [
              -88.98679921569301,
              28.914426557390094
            ],
            [
              -88.98679577649939,
              28.914246144664435
            ],
            [
              -88.98689829950149,
              28.914244631620022
            ],
            [
              -88.98689314050438,
              28.913974012538596
            ],
            [
              -88.98679061776805,
              28.913975525566205
            ],
            [
              -88.98678373956987,
              28.913614700083645
            ],
            [
              -88.98688626195185,
              28.91361318707844
            ],
            [
              -88.98687938352533,
              28.91325236159745
            ],
            [
              -88.98698190554506,
              28.91325084853668
            ],
            [
              -88.9869784662019,
              28.913070435799582
            ],
            [
              -88.98708098803658,
              28.913068922672046
            ],
            [
              -88.98707926828823,
              28.91297871630713
            ],
            [
              -88.98718179002644,
              28.912977203107236
            ],
            [
              -88.98717835037618,
              28.91279679038472
            ],
            [
              -88.98728087192936,
              28.912795277118057
            ],
            [
              -88.98727915202747,
              28.912705070760452
            ],
            [
              -88.98738167348415,
              28.912703557421427
            ],
            [
              -88.98737823352684,
              28.912523144713493
            ],
            [
              -88.9874807547985,
              28.912521631307715
            ],
            [
              -88.98747903474306,
              28.912431424957404
            ],
            [
              -88.98758155591825,
              28.912429911479258
            ],
            [
              -88.98757983578211,
              28.91233970513325
            ],
            [
              -88.98778487793169,
              28.912336677954258
            ],
            [
              -88.98778315762628,
              28.912246471618154
            ],
            [
              -88.98788567860065,
              28.912244957917316
            ],
            [
              -88.98788395821454,
              28.91215475158552
            ],
            [
              -88.98798647909244,
              28.912153237812316
            ],
            [
              -88.98798303816669,
              28.91197282515601
            ],
            [
              -88.98808555885957,
              28.911971311316055
            ],
            [
              -88.98808211778817,
              28.91179089866575
            ],
            [
              -88.98818463829599,
              28.911789384759043
            ],
            [
              -88.98817947648226,
              28.91151876579063
            ],
            [
              -88.98828199671645,
              28.911517251822765
            ],
            [
              -88.98827855536956,
              28.911336839181857
            ],
            [
              -88.98838107541872,
              28.91133532514725
            ],
            [
              -88.98837763392619,
              28.911154912512337
            ],
            [
              -88.98848015379032,
              28.911153398410985
            ],
            [
              -88.9884784329673,
              28.91106319209717
            ],
            [
              -88.98858095273496,
              28.91106167792346
            ],
            [
              -88.98857923183124,
              28.91097147161396
            ],
            [
              -88.98868175150245,
              28.91096995736789
            ],
            [
              -88.98868003051804,
              28.910879751062694
            ],
            [
              -88.9887825500928,
              28.910878236744278
            ],
            [
              -88.98878082902768,
              28.910788030443374
            ],
            [
              -88.98898586797637,
              28.910785001583875
            ],
            [
              -88.98898414674198,
              28.9106947952929
            ],
            [
              -88.98908666611594,
              28.91069328075181
            ],
            [
              -88.98908494480087,
              28.91060307446512
            ],
            [
              -88.98959754110939,
              28.910595500618342
            ],
            [
              -88.98959926286734,
              28.91068570687697
            ],
            [
              -88.98980430151269,
              28.91068267678132
            ],
            [
              -88.98980602345567,
              28.910772883027434
            ],
            [
              -88.98990854285509,
              28.910771367857055
            ],
            [
              -88.98991198694186,
              28.910951780334166
            ],
            [
              -88.99001450651055,
              28.910950265074607
            ],
            [
              -88.99006789663659,
              28.913746657629396
            ],
            [
              -88.98996537432184,
              28.913748173062867
            ],
            [
              -88.98997054124482,
              28.914018791647592
            ],
            [
              -88.9898680186564,
              28.91402030701993
            ],
            [
              -88.98987835218382,
              28.914561544187844
            ],
            [
              -88.98977582905597,
              28.914563059515867
            ],
            [
              -88.98978271787766,
              28.91492388429086
            ],
            [
              -88.98968019438753,
              28.914925399563355
            ],
            [
              -88.98968191652408,
              28.915015605759454
            ],
            [
              -88.98957939293749,
              28.915017120959572
            ],
            [
              -88.98958111499331,
              28.915107327159983
            ],
            [
              -88.98937606761925,
              28.91511035733753
            ],
            [
              -88.9893777895058,
              28.915200563547845
            ],
            [
              -88.98927526571833,
              28.91520207852526
            ],
            [
              -88.98927870933788,
              28.915382490953217
            ],
            [
              -88.98917618536535,
              28.91538400586388
            ],
            [
              -88.98917962883924,
              28.91556441829784
            ],
            [
              -88.98907710468163,
              28.91556593314174
            ],
            [
              -88.9890788263418,
              28.915656139362376
            ],
            [
              -88.9889763020877,
              28.915657654133902
            ],
            [
              -88.98897802366717,
              28.91574786035885
            ],
            [
              -88.98877297495811,
              28.915750889679206
            ],
            [
              -88.98877469636827,
              28.915841095914054
            ],
            [
              -88.98856964745046,
              28.91584412493372
            ],
            [
              -88.98857136869131,
              28.91593433117848
            ]
          ]
        ]
      },
      "properties": {
        "incident_id": "SP-011",
        "type": "AI-detected-slick",
        "source": "Sentinel-1 SAR",
        "method": "U-Net segmentation + radiometric filtering"
      }
    },
    {
      "type": "Feature",
      "geometry": {
        "type": "Polygon",
        "coordinates": [
          [
            [
              -88.99160917785329,
              28.91390432898255
            ],
            [
              -88.99099404349356,
              28.913913427498436
            ],
            [
              -88.99099232030001,
              28.913823221359646
            ],
            [
              -88.99088979796768,
              28.913824737500445
            ],
            [
              -88.99088807487061,
              28.913734531354745
            ],
            [
              -88.99078555261897,
              28.913736047411966
            ],
            [
              -88.99078382961838,
              28.913645841259346
            ],
            [
              -88.99068130744745,
              28.913647357232982
            ],
            [
              -88.99067958454333,
              28.913557151073448
            ],
            [
              -88.9905770624531,
              28.913558666963514
            ],
            [
              -88.99057533964546,
              28.91346846079707
            ],
            [
              -88.99047281763592,
              28.913469976603544
            ],
            [
              -88.99046937222151,
              28.913289564255493
            ],
            [
              -88.99036685038125,
              28.91329107997279
            ],
            [
              -88.99036168258456,
              28.913020461424132
            ],
            [
              -88.99025916100217,
              28.913021977046622
            ],
            [
              -88.99020060061453,
              28.909954965818198
            ],
            [
              -88.99030311918523,
              28.909953450386485
            ],
            [
              -88.99030139687038,
              28.9098632441567
            ],
            [
              -88.99040391534461,
              28.909861728652647
            ],
            [
              -88.99040219294909,
              28.909771522427167
            ],
            [
              -88.99060722969675,
              28.90976849119639
            ],
            [
              -88.99060550713197,
              28.909678284980824
            ],
            [
              -88.99398860598619,
              28.9096282248387
            ],
            [
              -88.99399033147381,
              28.90971843086891
            ],
            [
              -88.99440040383185,
              28.909712357181686
            ],
            [
              -88.99440385553936,
              28.909892769193227
            ],
            [
              -88.99450637378625,
              28.909891250565277
            ],
            [
              -88.9945115516725,
              28.910161868555956
            ],
            [
              -88.9946140701772,
              28.91016034983319
            ],
            [
              -88.99462097449053,
              28.91052117378002
            ],
            [
              -88.99451845563154,
              28.910522692525273
            ],
            [
              -88.9945219076585,
              28.91070310450212
            ],
            [
              -88.99441938861445,
              28.910704623180656
            ],
            [
              -88.99442111455122,
              28.91079482917276
            ],
            [
              -88.99431859541069,
              28.910796347778966
            ],
            [
              -88.9943254988825,
              28.91115717175678
            ],
            [
              -88.99422297937976,
              28.91115869030752
            ],
            [
              -88.99422643098593,
              28.91133910229985
            ],
            [
              -88.99402139160244,
              28.911342139189923
            ],
            [
              -88.99402311724025,
              28.911432345195372
            ],
            [
              -88.99392059744805,
              28.9114338635291
            ],
            [
              -88.99392232300518,
              28.911524069538874
            ],
            [
              -88.99381980311652,
              28.91152558780026
            ],
            [
              -88.99382152859296,
              28.911615793814352
            ],
            [
              -88.99371900860781,
              28.91161731200339
            ],
            [
              -88.99372418481884,
              28.91188793005469
            ],
            [
              -88.99362166456005,
              28.91188944818263
            ],
            [
              -88.99362338989096,
              28.911979654202767
            ],
            [
              -88.99352086953569,
              28.911981172258358
            ],
            [
              -88.9935225947859,
              28.9120713782828
            ],
            [
              -88.99342007433414,
              28.91207289626605
            ],
            [
              -88.9934217995037,
              28.912163102294798
            ],
            [
              -88.99331927895545,
              28.912164620205704
            ],
            [
              -88.99332100404432,
              28.91225482623878
            ],
            [
              -88.99321848339959,
              28.912256344077353
            ],
            [
              -88.99322020840779,
              28.912346550114727
            ],
            [
              -88.99281012539554,
              28.912352620711832
            ],
            [
              -88.9928118500573,
              28.91244282677038
            ],
            [
              -88.9925042874494,
              28.912447378916433
            ],
            [
              -88.99251463399135,
              28.912988615341536
            ],
            [
              -88.99241211257475,
              28.91299013260133
            ],
            [
              -88.9924155613081,
              28.91317054474384
            ],
            [
              -88.99231303970642,
              28.913172061936894
            ],
            [
              -88.9923164882942,
              28.91335247408543
            ],
            [
              -88.99221396650745,
              28.913353991211746
            ],
            [
              -88.99221569072459,
              28.913444197289685
            ],
            [
              -88.99211316884137,
              28.913445714343656
            ],
            [
              -88.99211489297781,
              28.913535920425893
            ],
            [
              -88.99201237099811,
              28.913537437407513
            ],
            [
              -88.99201581911753,
              28.91371784957932
            ],
            [
              -88.99181077478005,
              28.913720883331116
            ],
            [
              -88.99181249867443,
              28.91381108942629
            ],
            [
              -88.9916074541282,
              28.91381412287744
            ],
            [
              -88.99160917785329,
              28.91390432898255
            ]
          ]
        ]
      },
      "properties": {
        "incident_id": "SP-011",
        "type": "AI-detected-slick",
        "source": "Sentinel-1 SAR",
        "method": "U-Net segmentation + radiometric filtering"
      }
    },
    {
      "type": "Feature",
      "geometry": {
        "type": "Polygon",
        "coordinates": [
          [
            [
              -88.99398342957079,
              28.90935760674023
            ],
            [
              -88.99316328730953,
              28.909369750192962
            ],
            [
              -88.9931615625621,
              28.90927954411257
            ],
            [
              -88.99254645606572,
              28.909288648394305
            ],
            [
              -88.99254473185759,
              28.909198442278907
            ],
            [
              -88.99203214333625,
              28.909206027008526
            ],
            [
              -88.99203041957885,
              28.909115820863743
            ],
            [
              -88.99182538429216,
              28.90911885419867
            ],
            [
              -88.99182193715534,
              28.908938441882732
            ],
            [
              -88.9917194196773,
              28.908939958422042
            ],
            [
              -88.99171424929696,
              28.90866933992151
            ],
            [
              -88.9918167665093,
              28.908667823399053
            ],
            [
              -88.99181159593435,
              28.908397204903647
            ],
            [
              -88.9919141128731,
              28.908395688320084
            ],
            [
              -88.99191238927533,
              28.90830548215796
            ],
            [
              -88.99201490611762,
              28.90830396550205
            ],
            [
              -88.99201145876866,
              28.90812355318512
            ],
            [
              -88.99211397542592,
              28.908122036462494
            ],
            [
              -88.99211225167473,
              28.9080318303077
            ],
            [
              -88.99231728478844,
              28.908028796639833
            ],
            [
              -88.99231556086801,
              28.90793859049496
            ],
            [
              -88.99241807732447,
              28.90793707354971
            ],
            [
              -88.99241635332336,
              28.90784686740915
            ],
            [
              -88.99251886968337,
              28.907845350391582
            ],
            [
              -88.9925171456016,
              28.907755144255322
            ],
            [
              -88.99261966186513,
              28.90775362716542
            ],
            [
              -88.99261621354817,
              28.90757321490025
            ],
            [
              -88.99271872962669,
              28.90757169774363
            ],
            [
              -88.9927170053915,
              28.907481491614707
            ],
            [
              -88.99281952137356,
              28.90747997438576
            ],
            [
              -88.9928177970577,
              28.907389768261154
            ],
            [
              -88.9929203129433,
              28.907388250959873
            ],
            [
              -88.99291858854679,
              28.907298044839575
            ],
            [
              -88.99302110433592,
              28.907296527465952
            ],
            [
              -88.99301937985874,
              28.907206321349978
            ],
            [
              -88.99322441123618,
              28.907203286380145
            ],
            [
              -88.9932226865898,
              28.907113080274108
            ],
            [
              -88.99342771775854,
              28.90711004500371
            ],
            [
              -88.9934208185435,
              28.90674922061147
            ],
            [
              -88.9935233337618,
              28.90674770288183
            ],
            [
              -88.99350608539176,
              28.90584564186623
            ],
            [
              -88.99360859971658,
              28.90584412411485
            ],
            [
              -88.99360514996029,
              28.905663711907337
            ],
            [
              -88.99370766410011,
              28.905662194089246
            ],
            [
              -88.99370593914526,
              28.905571987989156
            ],
            [
              -88.99380845318863,
              28.90557047009874
            ],
            [
              -88.99380500312554,
              28.90539005790589
            ],
            [
              -88.99390751698391,
              28.905388539948778
            ],
            [
              -88.99390406677533,
              28.905208127761956
            ],
            [
              -88.99400658044868,
              28.905206609738148
            ],
            [
              -88.99400140492943,
              28.904935991464992
            ],
            [
              -88.99410391832924,
              28.904934473380102
            ],
            [
              -88.9941004678455,
              28.90475406120274
            ],
            [
              -88.99420298106031,
              28.904752543051153
            ],
            [
              -88.99420125574174,
              28.904662336966137
            ],
            [
              -88.9943037688601,
              28.904660818742233
            ],
            [
              -88.99430204346089,
              28.90457061266154
            ],
            [
              -88.99440455648279,
              28.904569094365325
            ],
            [
              -88.994401105531,
              28.904388682211245
            ],
            [
              -88.9945036183679,
              28.90438716384833
            ],
            [
              -88.99450189281531,
              28.904296957774978
            ],
            [
              -88.99460440555576,
              28.904295439339737
            ],
            [
              -88.99460267992254,
              28.904205233270698
            ],
            [
              -88.99470519256654,
              28.90420371476316
            ],
            [
              -88.9947017411467,
              28.904023302632393
            ],
            [
              -88.99480425360572,
              28.90402178405816
            ],
            [
              -88.99480080204042,
              28.903841371933446
            ],
            [
              -88.99490331431443,
              28.903839853292503
            ],
            [
              -88.9949015884551,
              28.903749647233823
            ],
            [
              -88.99500410063266,
              28.903748128520586
            ],
            [
              -88.99500237469269,
              28.90365792246622
            ],
            [
              -88.99510488677382,
              28.903656403680657
            ],
            [
              -88.9951031607532,
              28.90356619763061
            ],
            [
              -88.99520567273787,
              28.90356467877273
            ],
            [
              -88.99520394663664,
              28.90347447272702
            ],
            [
              -88.99530645852484,
              28.903472953796832
            ],
            [
              -88.99530473234297,
              28.903382747755433
            ],
            [
              -88.99540724413474,
              28.903381228752934
            ],
            [
              -88.99540551787223,
              28.90329102271586
            ],
            [
              -88.99550802956755,
              28.903289503641055
            ],
            [
              -88.9955063032244,
              28.903199297608303
            ],
            [
              -88.99560881482327,
              28.903197778461188
            ],
            [
              -88.9956070883995,
              28.90310757243275
            ],
            [
              -88.99581211139642,
              28.903104533915972
            ],
            [
              -88.99581038480348,
              28.903014327897484
            ],
            [
              -88.99591289620153,
              28.903012808527816
            ],
            [
              -88.99591116952797,
              28.90292260251366
            ],
            [
              -88.99601368082956,
              28.902921083071693
            ],
            [
              -88.99601195407537,
              28.90283087706185
            ],
            [
              -88.99611446528053,
              28.90282935754758
            ],
            [
              -88.9961127384457,
              28.90273915154205
            ],
            [
              -88.99621524955441,
              28.90273763195547
            ],
            [
              -88.99621352263895,
              28.90264742595428
            ],
            [
              -88.99631603365121,
              28.902645906295394
            ],
            [
              -88.99631430665512,
              28.90255570029852
            ],
            [
              -88.99651932847883,
              28.902552660758197
            ],
            [
              -88.99651760131358,
              28.902462454771285
            ],
            [
              -88.99662011212504,
              28.90246093488986
            ],
            [
              -88.99661838487916,
              28.902370728907254
            ],
            [
              -88.99672089559415,
              28.902369208953523
            ],
            [
              -88.99671916826766,
              28.902279002975263
            ],
            [
              -88.99682167888622,
              28.90227748294923
            ],
            [
              -88.9968199514791,
              28.90218727697529
            ],
            [
              -88.99702497251538,
              28.902184236700677
            ],
            [
              -88.9970232449391,
              28.902094030736684
            ],
            [
              -88.99712575535685,
              28.902092510488114
            ],
            [
              -88.99712230005095,
              28.901912098567493
            ],
            [
              -88.99722481028371,
              28.90191057825224
            ],
            [
              -88.9972230825541,
              28.90182037229561
            ],
            [
              -88.9973255926904,
              28.901818851908068
            ],
            [
              -88.99732213707787,
              28.90163844000215
            ],
            [
              -88.99742464702919,
              28.901636919547933
            ],
            [
              -88.99742119127126,
              28.901456507648057
            ],
            [
              -88.9975237010376,
              28.901454987127174
            ],
            [
              -88.99752197308197,
              28.901364781180916
            ],
            [
              -88.99762448275186,
              28.901363260587733
            ],
            [
              -88.99762102668728,
              28.901182848702565
            ],
            [
              -88.99772353617222,
              28.901181328042725
            ],
            [
              -88.99772180806328,
              28.901091122103814
            ],
            [
              -88.99782431745173,
              28.901089601371673
            ],
            [
              -88.99782086108054,
              28.900909189501217
            ],
            [
              -88.99792337028403,
              28.900907668702406
            ],
            [
              -88.99792164202178,
              28.900817462770853
            ],
            [
              -88.99802415112882,
              28.90081594189975
            ],
            [
              -88.99802242278595,
              28.90072573597252
            ],
            [
              -88.99812493179654,
              28.90072421502913
            ],
            [
              -88.99812147495751,
              28.90054380318204
            ],
            [
              -88.99822398378313,
              28.900542282171976
            ],
            [
              -88.99822052679873,
              28.900361870330933
            ],
            [
              -88.99832303543938,
              28.900360349254218
            ],
            [
              -88.99831957830959,
              28.900179937419225
            ],
            [
              -88.99842208676526,
              28.900178416275857
            ],
            [
              -88.99841862949009,
              28.899998004446914
            ],
            [
              -88.99852113776079,
              28.899996483236883
            ],
            [
              -88.99851940904657,
              28.8999062773261
            ],
            [
              -88.99862191722082,
              28.899904756043775
            ],
            [
              -88.99862018842599,
              28.89981455013731
            ],
            [
              -88.99872269650379,
              28.8998130287827
            ],
            [
              -88.99872096762836,
              28.899722822880566
            ],
            [
              -88.99882347560971,
              28.899721301453667
            ],
            [
              -88.99882174665368,
              28.899631095555872
            ],
            [
              -88.9989242545386,
              28.89962957405669
            ],
            [
              -88.99892252550194,
              28.899539368163218
            ],
            [
              -88.99902503329042,
              28.89953784659174
            ],
            [
              -88.99902330417318,
              28.899447640702604
            ],
            [
              -88.9991258118652,
              28.899446119058847
            ],
            [
              -88.99912408266735,
              28.899355913174045
            ],
            [
              -88.99922659026294,
              28.899354391457994
            ],
            [
              -88.99922486098448,
              28.899264185577508
            ],
            [
              -88.99932736848362,
              28.899262663789184
            ],
            [
              -88.99932390977345,
              28.899082252035598
            ],
            [
              -88.99942641708763,
              28.899080730180614
            ],
            [
              -88.9994246876559,
              28.898990524307514
            ],
            [
              -88.99952719487362,
              28.898989002380237
            ],
            [
              -88.99952546536132,
              28.898898796511457
            ],
            [
              -88.99973047959595,
              28.898895752434424
            ],
            [
              -88.99972874991451,
              28.898805546575623
            ],
            [
              -88.99983125693142,
              28.898804024425864
            ],
            [
              -88.9998295271694,
              28.898713818571384
            ],
            [
              -89.0000345410024,
              28.898710774049395
            ],
            [
              -89.00003281107126,
              28.898620568204894
            ],
            [
              -89.00023782469553,
              28.89861752338249
            ],
            [
              -89.00023609459527,
              28.898527317547966
            ],
            [
              -89.0004411080108,
              28.898524272425163
            ],
            [
              -89.00043937774144,
              28.89843406660061
            ],
            [
              -89.00054188434879,
              28.89843254392797
            ],
            [
              -89.00054015399883,
              28.898342338107746
            ],
            [
              -89.00084767350779,
              28.898337769639227
            ],
            [
              -89.0008459429002,
              28.89824756383463
            ],
            [
              -89.00094844929882,
              28.898246040861594
            ],
            [
              -89.00094671861063,
              28.898155835061335
            ],
            [
              -89.00115173120703,
              28.89815278889279
            ],
            [
              -89.00115000034975,
              28.898062583102494
            ],
            [
              -89.00135501273739,
              28.898059536633568
            ],
            [
              -89.00135328171102,
              28.897969330853268
            ],
            [
              -89.00155829388991,
              28.897966284083957
            ],
            [
              -89.00155656269443,
              28.897876078313615
            ],
            [
              -89.00196658660298,
              28.897869983862563
            ],
            [
              -89.00196485506137,
              28.8977797781135
            ],
            [
              -89.00237487848892,
              28.89777368243835
            ],
            [
              -89.00237314660119,
              28.897683476710558
            ],
            [
              -89.00257815809033,
              28.897680428416788
            ],
            [
              -89.0025764260335,
              28.897590222698973
            ],
            [
              -89.00278143731387,
              28.897587174104824
            ],
            [
              -89.00277970508795,
              28.897496968396993
            ],
            [
              -89.00288221062772,
              28.897495443988685
            ],
            [
              -89.00288047832122,
              28.897405238285206
            ],
            [
              -89.00298298376454,
              28.89740371380463
            ],
            [
              -89.00297951899832,
              28.897223302405056
            ],
            [
              -89.00308202425667,
              28.897221777857858
            ],
            [
              -89.00308029179696,
              28.89713157216177
            ],
            [
              -89.00318279695887,
              28.897130047542312
            ],
            [
              -89.00317933188623,
              28.896949636157494
            ],
            [
              -89.00328183686318,
              28.896948111471406
            ],
            [
              -89.00328010425025,
              28.896857905782692
            ],
            [
              -89.00348511400333,
              28.896854856188067
            ],
            [
              -89.0034833812213,
              28.896764650509343
            ],
            [
              -89.00358588599742,
              28.89676312560082
            ],
            [
              -89.00358415313484,
              28.89667291992645
            ],
            [
              -89.0036866578145,
              28.896671394945646
            ],
            [
              -89.00368492487135,
              28.896581189275604
            ],
            [
              -89.00378742945458,
              28.89657966422255
            ],
            [
              -89.00378569643085,
              28.89648945855686
            ],
            [
              -89.00388820091761,
              28.896487933431533
            ],
            [
              -89.00388473471699,
              28.896307522107534
            ],
            [
              -89.0039872390188,
              28.896305996915594
            ],
            [
              -89.00398550584187,
              28.896215791257283
            ],
            [
              -89.00408801004724,
              28.89621426599309
            ],
            [
              -89.00408454354022,
              28.896033854683875
            ],
            [
              -89.00418704756062,
              28.89603232935305
            ],
            [
              -89.00418531423051,
              28.895942123702135
            ],
            [
              -89.00428781815448,
              28.895940598299063
            ],
            [
              -89.00428608474381,
              28.895850392652488
            ],
            [
              -89.00438858857132,
              28.895848867177158
            ],
            [
              -89.00438685508009,
              28.89575866153492
            ],
            [
              -89.00459186253427,
              28.89575561036183
            ],
            [
              -89.00459012887396,
              28.895665404729602
            ],
            [
              -89.00530765409387,
              28.89565472320919
            ],
            [
              -89.00530591982198,
              28.895564517615217
            ],
            [
              -89.00551092677915,
              28.895561465062368
            ],
            [
              -89.0055091923382,
              28.89547125947839
            ],
            [
              -89.00571419908657,
              28.895468206625207
            ],
            [
              -89.00571246447656,
              28.895378001051238
            ],
            [
              -89.00591747101615,
              28.89537494789774
            ],
            [
              -89.00591573623707,
              28.89528474233378
            ],
            [
              -89.00612074256786,
              28.89528168887995
            ],
            [
              -89.00611900761973,
              28.895191483325995
            ],
            [
              -89.00642651679078,
              28.89518690257791
            ],
            [
              -89.0064247815851,
              28.89509669703961
            ],
            [
              -89.00652728453771,
              28.895095169973427
            ],
            [
              -89.00652554925148,
              28.89500496443948
            ],
            [
              -89.00662805210763,
              28.895003437301035
            ],
            [
              -89.00662631674085,
              28.89491323177145
            ],
            [
              -89.00672881950057,
              28.894911704560762
            ],
            [
              -89.00672708405321,
              28.894821499035512
            ],
            [
              -89.00682958671648,
              28.894819971752575
            ],
            [
              -89.00682785118858,
              28.89472976623169
            ],
            [
              -89.0069303537554,
              28.89472823887651
            ],
            [
              -89.00692688254647,
              28.894547827842118
            ],
            [
              -89.00713188730222,
              28.894544772920664
            ],
            [
              -89.00713015153269,
              28.89445456741284
            ],
            [
              -89.00723265381015,
              28.894453039840908
            ],
            [
              -89.00723091796006,
              28.894362834337436
            ],
            [
              -89.00733342014107,
              28.894361306693256
            ],
            [
              -89.00733168421044,
              28.894271101194132
            ],
            [
              -89.00763919044024,
              28.894266517811154
            ],
            [
              -89.00763745425206,
              28.894176312327705
            ],
            [
              -89.0078424581885,
              28.89417325636085
            ],
            [
              -89.00784072183129,
              28.89408305088741
            ],
            [
              -89.00804572555892,
              28.894079994620267
            ],
            [
              -89.00804398903267,
              28.89398978915684
            ],
            [
              -89.00814649079605,
              28.893988260912074
            ],
            [
              -89.00814475418926,
              28.893898055453004
            ],
            [
              -89.00834975751515,
              28.893894998741082
            ],
            [
              -89.00834802073933,
              28.89380479329204
            ],
            [
              -89.00845052230184,
              28.893803264824882
            ],
            [
              -89.00844878544548,
              28.89371305938019
            ],
            [
              -89.00855128691154,
              28.893711530840793
            ],
            [
              -89.00854954997465,
              28.89362132540046
            ],
            [
              -89.00875455270591,
              28.89361826809928
            ],
            [
              -89.00875281559998,
              28.89352806266897
            ],
            [
              -89.00916282061303,
              28.89352194715444
            ],
            [
              -89.00916108316108,
              28.893431741745474
            ],
            [
              -89.00946858657178,
              28.893427154308604
            ],
            [
              -89.00946684886232,
              28.893336948915323
            ],
            [
              -89.0098768529445,
              28.893330831264876
            ],
            [
              -89.0098872814446,
              28.89387206346905
            ],
            [
              -89.00978477990505,
              28.8938735930325
            ],
            [
              -89.00978651792776,
              28.893963798400957
            ],
            [
              -89.00968401629174,
              28.893965327892175
            ],
            [
              -89.00969444406432,
              28.894506560109555
            ],
            [
              -89.00979694623133,
              28.89450503058435
            ],
            [
              -89.00980389859299,
              28.89486585201386
            ],
            [
              -89.00970139607196,
              28.894867381561728
            ],
            [
              -89.00970487212358,
              28.895047792279986
            ],
            [
              -89.00960236941759,
              28.89504932176127
            ],
            [
              -89.00960410736684,
              28.895139527124122
            ],
            [
              -89.0095016045644,
              28.895141056533163
            ],
            [
              -89.00950334243312,
              28.89523126190036
            ],
            [
              -89.00940083953421,
              28.895232791237163
            ],
            [
              -89.00940257732236,
              28.895322996608723
            ],
            [
              -89.00930007432702,
              28.895324525873278
            ],
            [
              -89.00930528747377,
              28.89559514199713
            ],
            [
              -89.00920278420493,
              28.895596671200774
            ],
            [
              -89.00920452184792,
              28.895686876578438
            ],
            [
              -89.00930702520526,
              28.895685347369135
            ],
            [
              -89.0093139762109,
              28.896046168844112
            ],
            [
              -89.00921147249954,
              28.89604769807608
            ],
            [
              -89.00921494787312,
              28.896228108817066
            ],
            [
              -89.00911244397679,
              28.896229637982454
            ],
            [
              -89.00911418158702,
              28.89631984335665
            ],
            [
              -89.00901167759422,
              28.896321372449787
            ],
            [
              -89.0090134151239,
              28.896411577828342
            ],
            [
              -89.00891091103463,
              28.89641310684923
            ],
            [
              -89.00891264848376,
              28.896503312232156
            ],
            [
              -89.00840012747551,
              28.896510956196224
            ],
            [
              -89.00840186449007,
              28.89660116160615
            ],
            [
              -89.00829936017603,
              28.896602690170894
            ],
            [
              -89.00829762324999,
              28.896512484755313
            ],
            [
              -89.00819511901649,
              28.89651401323648
            ],
            [
              -89.00819685585404,
              28.896604218657732
            ],
            [
              -89.00799184718618,
              28.896607275397656
            ],
            [
              -89.00799358385466,
              28.896697480828923
            ],
            [
              -89.00758356606943,
              28.896703593396474
            ],
            [
              -89.00758530239183,
              28.896793798849068
            ],
            [
              -89.00707277953879,
              28.89680143783379
            ],
            [
              -89.0070745154266,
              28.89689164331337
            ],
            [
              -89.00697201074361,
              28.896893170882233
            ],
            [
              -89.00697548236604,
              28.897073581848808
            ],
            [
              -89.00687297749809,
              28.89707510935108
            ],
            [
              -89.00687471323273,
              28.897165314838066
            ],
            [
              -89.00666970329596,
              28.897168369620168
            ],
            [
              -89.00667143886153,
              28.897258575117167
            ],
            [
              -89.00656893379269,
              28.897260102397013
            ],
            [
              -89.00657066927769,
              28.89735030789836
            ],
            [
              -89.0064681641124,
              28.89735183510594
            ],
            [
              -89.00647163492924,
              28.89753224611605
            ],
            [
              -89.00636912957899,
              28.89753377325702
            ],
            [
              -89.0063708649108,
              28.897623978765775
            ],
            [
              -89.00626835946409,
              28.897625505834487
            ],
            [
              -89.00627009471536,
              28.89771571134758
            ],
            [
              -89.00616758917216,
              28.89771723834404
            ],
            [
              -89.00616932434286,
              28.89780744386151
            ],
            [
              -89.00606681870322,
              28.897808970785704
            ],
            [
              -89.00606855379336,
              28.89789917630751
            ],
            [
              -89.00596604805723,
              28.89790070315944
            ],
            [
              -89.00596778306681,
              28.8979909086856
            ],
            [
              -89.00576277139369,
              28.89799396216704
            ],
            [
              -89.00576450623419,
              28.898084167703196
            ],
            [
              -89.00545698839936,
              28.898088747357935
            ],
            [
              -89.00545872298225,
              28.89817895290975
            ],
            [
              -89.00525371087559,
              28.898182005634624
            ],
            [
              -89.00525544528941,
              28.898272211196442
            ],
            [
              -89.00505043297395,
              28.898275263620956
            ],
            [
              -89.00505216721866,
              28.898365469192786
            ],
            [
              -89.00484715469437,
              28.89836852131694
            ],
            [
              -89.00485062285358,
              28.89854893247926
            ],
            [
              -89.0047481164025,
              28.89855045843577
            ],
            [
              -89.0047498504055,
              28.898640664020636
            ],
            [
              -89.00464734385795,
              28.898642189904866
            ],
            [
              -89.00464907778037,
              28.89873239549407
            ],
            [
              -89.00454657113636,
              28.89873392130604
            ],
            [
              -89.00454830497821,
              28.898824126899598
            ],
            [
              -89.00444579823773,
              28.898825652639292
            ],
            [
              -89.00444753199902,
              28.8989158582372
            ],
            [
              -89.00434502516207,
              28.898917383904625
            ],
            [
              -89.00434675884277,
              28.89900758950687
            ],
            [
              -89.00424425190937,
              28.899009115102032
            ],
            [
              -89.0042459855095,
              28.89909932070862
            ],
            [
              -89.00414347847962,
              28.89910084623151
            ],
            [
              -89.00414521199917,
              28.899191051842447
            ],
            [
              -89.00404270487284,
              28.89919257729306
            ],
            [
              -89.00404443831182,
              28.89928278290836
            ],
            [
              -89.00383942385828,
              28.89928583358713
            ],
            [
              -89.00384289040596,
              28.899466244836372
            ],
            [
              -89.0036378755666,
              28.89946929522605
            ],
            [
              -89.00364480804905,
              28.899830117754114
            ],
            [
              -89.00354230026335,
              28.899831642854675
            ],
            [
              -89.00354403331528,
              28.89992184848907
            ],
            [
              -89.0036465411895,
              28.89992032338286
            ],
            [
              -89.0036482743379,
              28.90001052901031
            ],
            [
              -89.00354576637517,
              28.90001205412216
            ],
            [
              -89.00355096560243,
              28.900282671013624
            ],
            [
              -89.00344845736619,
              28.900284196064497
            ],
            [
              -89.00345192338034,
              28.90046460733025
            ],
            [
              -89.0033494149591,
              28.900466132314484
            ],
            [
              -89.00335114788956,
              28.90055633795106
            ],
            [
              -89.00324863937186,
              28.900557862863007
            ],
            [
              -89.00325037222173,
              28.900648068503926
            ],
            [
              -89.00304535498543,
              28.90065111810537
            ],
            [
              -89.0030470876662,
              28.900741323756268
            ],
            [
              -89.00273956148665,
              28.900745897590923
            ],
            [
              -89.00274129390976,
              28.900836103257458
            ],
            [
              -89.00263878507884,
              28.900837627718804
            ],
            [
              -89.00264051742136,
              28.900927833389673
            ],
            [
              -89.00243549955866,
              28.90093088208988
            ],
            [
              -89.00243896391338,
              28.90111129345031
            ],
            [
              -89.00223394566481,
              28.901114341861373
            ],
            [
              -89.00223567767702,
              28.90120454755093
            ],
            [
              -89.00213316845232,
              28.90120607164522
            ],
            [
              -89.00213490038392,
              28.9012962773391
            ],
            [
              -89.00203239106274,
              28.90129780136111
            ],
            [
              -89.00203412291376,
              28.901388007059342
            ],
            [
              -89.00193161349611,
              28.90138953100906
            ],
            [
              -89.00193334526654,
              28.901479736711625
            ],
            [
              -89.00183083575241,
              28.901481260589065
            ],
            [
              -89.00183429914,
              28.90166167200158
            ],
            [
              -89.00173178944088,
              28.901663195812368
            ],
            [
              -89.00173525268312,
              28.90184360723095
            ],
            [
              -89.00163274279902,
              28.901845130975104
            ],
            [
              -89.0016344743435,
              28.90193533668808
            ],
            [
              -89.00153196436294,
              28.90193686035995
            ],
            [
              -89.00153369582682,
              28.90202706607726
            ],
            [
              -89.00143118574978,
              28.902028589676828
            ],
            [
              -89.00143291713307,
              28.902118795398497
            ],
            [
              -89.00133040695957,
              28.902120318925782
            ],
            [
              -89.00133213826224,
              28.902210524651775
            ],
            [
              -89.00112711771438,
              28.902213571483845
            ],
            [
              -89.00112884884791,
              28.902303777219814
            ],
            [
              -89.00102633847355,
              28.902305300524603
            ],
            [
              -89.00102806952648,
              28.902395506264913
            ],
            [
              -89.00092555905566,
              28.902397029497394
            ],
            [
              -89.00092729002797,
              28.902487235242038
            ],
            [
              -89.00082477946069,
              28.90248875840224
            ],
            [
              -89.00082651035241,
              28.90257896415122
            ],
            [
              -89.00072399968863,
              28.902580487239128
            ],
            [
              -89.00072573049975,
              28.902670692992448
            ],
            [
              -89.00062321973952,
              28.90267221600806
            ],
            [
              -89.00062495047004,
              28.90276242176572
            ],
            [
              -89.00052243961333,
              28.902763944709044
            ],
            [
              -89.00052417026323,
              28.902854150471033
            ],
            [
              -89.00042165931008,
              28.902855673342064
            ],
            [
              -89.00042338987936,
              28.902945879108387
            ],
            [
              -89.00032087882973,
              28.902947401907124
            ],
            [
              -89.00032260931842,
              28.903037607677785
            ],
            [
              -89.00022009817232,
              28.903039130404235
            ],
            [
              -89.00022182858038,
              28.90312933617923
            ],
            [
              -89.00011931733782,
              28.903130858833375
            ],
            [
              -89.00012104766527,
              28.903221064612712
            ],
            [
              -89.00001853632624,
              28.90322258719455
            ],
            [
              -89.00002026657309,
              28.903312792978223
            ],
            [
              -88.99991775513759,
              28.903314315487783
            ],
            [
              -88.9999194853038,
              28.903404521275778
            ],
            [
              -88.99981697377186,
              28.90340604371303
            ],
            [
              -88.99981870385747,
              28.90349624950537
            ],
            [
              -88.99971619222904,
              28.90349777187033
            ],
            [
              -88.99971792223404,
              28.90358797766701
            ],
            [
              -88.99961541050915,
              28.90358949995968
            ],
            [
              -88.99961714043353,
              28.90367970576067
            ],
            [
              -88.99941211678286,
              28.90368275012346
            ],
            [
              -88.99941384653809,
              28.903772955934432
            ],
            [
              -88.99931133461234,
              28.90377447800456
            ],
            [
              -88.99931306428694,
              28.903864683819876
            ],
            [
              -88.99910804023459,
              28.90386772773759
            ],
            [
              -88.99911149925339,
              28.904048139386834
            ],
            [
              -88.99900898703824,
              28.904049661240066
            ],
            [
              -88.99901071647098,
              28.904139867068366
            ],
            [
              -88.99890820415936,
              28.904141388849286
            ],
            [
              -88.99890993351148,
              28.904231594681924
            ],
            [
              -88.9988074211034,
              28.904233116390547
            ],
            [
              -88.9988091503749,
              28.90432332222751
            ],
            [
              -88.99870663787034,
              28.904324843863822
            ],
            [
              -88.99870836706121,
              28.90441504970513
            ],
            [
              -88.99850334185125,
              28.904418092755225
            ],
            [
              -88.99850507087297,
              28.90450829860648
            ],
            [
              -88.99840255816756,
              28.90450982002026
            ],
            [
              -88.99840428710863,
              28.90460002587584
            ],
            [
              -88.99830177430675,
              28.904601547217318
            ],
            [
              -88.99830350316722,
              28.90469175307723
            ],
            [
              -88.99820099026887,
              28.904693274346386
            ],
            [
              -88.99820444783644,
              28.904873686073593
            ],
            [
              -88.9981019347531,
              28.904875207276078
            ],
            [
              -88.99810539217525,
              28.90505561900933
            ],
            [
              -88.99800287890689,
              28.90505714014515
            ],
            [
              -88.99800460754129,
              28.905147346015454
            ],
            [
              -88.9977995808037,
              28.905150388064524
            ],
            [
              -88.99780130926892,
              28.905240593944786
            ],
            [
              -88.99759628232256,
              28.905243635693356
            ],
            [
              -88.9975980106186,
              28.905333841583587
            ],
            [
              -88.99739298346347,
              28.90533688303166
            ],
            [
              -88.99739471159035,
              28.905427088931845
            ],
            [
              -88.99718968422644,
              28.90543013007941
            ],
            [
              -88.99719141218412,
              28.90552033598955
            ],
            [
              -88.99708889840176,
              28.905521856452058
            ],
            [
              -88.99709062627879,
              28.90561206236653
            ],
            [
              -88.99698811239996,
              28.905613582756715
            ],
            [
              -88.99698984019636,
              28.905703788675506
            ],
            [
              -88.99688732622106,
              28.90570530899338
            ],
            [
              -88.99688905393683,
              28.905795514916495
            ],
            [
              -88.99678653986506,
              28.905797035162056
            ],
            [
              -88.9967882675002,
              28.905887241089502
            ],
            [
              -88.99668575333196,
              28.905888761262755
            ],
            [
              -88.99668920844886,
              28.906069173124994
            ],
            [
              -88.9965866940956,
              28.90607069323156
            ],
            [
              -88.99658842157737,
              28.90616089916635
            ],
            [
              -88.99648590712765,
              28.906162419200598
            ],
            [
              -88.99648763452878,
              28.906252625139718
            ],
            [
              -88.99638511998258,
              28.90625414510165
            ],
            [
              -88.99638684730307,
              28.90634435104508
            ],
            [
              -88.99628433266041,
              28.906345870934707
            ],
            [
              -88.99628605990026,
              28.90643607688247
            ],
            [
              -88.99618354516113,
              28.90643759669977
            ],
            [
              -88.99618527232033,
              28.906527802651862
            ],
            [
              -88.99608275748473,
              28.906529322396842
            ],
            [
              -88.9960844845633,
              28.906619528353254
            ],
            [
              -88.99598196963125,
              28.90662104802591
            ],
            [
              -88.99598369662915,
              28.906711253986654
            ],
            [
              -88.99588118160062,
              28.906712773586992
            ],
            [
              -88.99588290851788,
              28.90680297955206
            ],
            [
              -88.99578039339289,
              28.906804499080096
            ],
            [
              -88.99578384707405,
              28.906984911017553
            ],
            [
              -88.99568133176403,
              28.906986430478877
            ],
            [
              -88.99568478529972,
              28.90716684242239
            ],
            [
              -88.99558226980467,
              28.907168361817025
            ],
            [
              -88.99558572319488,
              28.907348773766568
            ],
            [
              -88.99548320751481,
              28.907350293094506
            ],
            [
              -88.99548666075954,
              28.90753070505009
            ],
            [
              -88.99538414489443,
              28.90753222431133
            ],
            [
              -88.99538932455518,
              28.907802842251808
            ],
            [
              -88.99528680841647,
              28.907804361451984
            ],
            [
              -88.99529026138605,
              28.907984773417024
            ],
            [
              -88.99518774506231,
              28.9079862925505
            ],
            [
              -88.9951911978864,
              28.908166704521573
            ],
            [
              -88.99508868137764,
              28.908168223588348
            ],
            [
              -88.99509386040741,
              28.90843884155208
            ],
            [
              -88.99499134362505,
              28.908440360557766
            ],
            [
              -88.99499652246028,
              28.908710978526646
            ],
            [
              -88.9948940054043,
              28.908712497471257
            ],
            [
              -88.99489573160999,
              28.9088027034639
            ],
            [
              -88.99479321445753,
              28.90880422233618
            ],
            [
              -88.99479494058255,
              28.90889442833314
            ],
            [
              -88.99469242333362,
              28.908895947133086
            ],
            [
              -88.99469414937796,
              28.90898615313437
            ],
            [
              -88.99459163203258,
              28.908987671861997
            ],
            [
              -88.99459335799627,
              28.9090778778676
            ],
            [
              -88.99438832310463,
              28.909080915100226
            ],
            [
              -88.99439004889909,
              28.90917112111577
            ],
            [
              -88.99428753135285,
              28.909172639620785
            ],
            [
              -88.99428925706665,
              28.909262845640647
            ],
            [
              -88.99398170411479,
              28.909267400704806
            ],
            [
              -88.99398342957079,
              28.90935760674023
            ]
          ]
        ]
      },
      "properties": {
        "incident_id": "SP-011",
        "type": "AI-detected-slick",
        "source": "Sentinel-1 SAR",
        "method": "U-Net segmentation + radiometric filtering"
      }
    },
    {
      "type": "Feature",
      "geometry": {
        "type": "Polygon",
        "coordinates": [
          [
            [
              -89.01865477509719,
              28.885981069639755
            ],
            [
              -89.01639992205126,
              28.88601484038474
            ],
            [
              -89.01639817888285,
              28.885924635277288
            ],
            [
              -89.01619319222749,
              28.88592770346462
            ],
            [
              -89.01619144924399,
              28.885837498344497
            ],
            [
              -89.01608895599279,
              28.885839032315676
            ],
            [
              -89.01607675595105,
              28.885207596398537
            ],
            [
              -89.01617924858306,
              28.88520606246714
            ],
            [
              -89.01617401984817,
              28.884935447071566
            ],
            [
              -89.01627651220683,
              28.88493391307935
            ],
            [
              -89.0162730262466,
              28.884753502820463
            ],
            [
              -89.01637551842036,
              28.88475196876174
            ],
            [
              -89.01637377536377,
              28.884661763636025
            ],
            [
              -89.0166812515718,
              28.88465716100966
            ],
            [
              -89.01667950825782,
              28.884566955899704
            ],
            [
              -89.01708947606954,
              28.88456081799708
            ],
            [
              -89.01708773240975,
              28.884470612908544
            ],
            [
              -89.01719022425426,
              28.884469078243892
            ],
            [
              -89.01718848051401,
              28.884378873159736
            ],
            [
              -89.01739346400215,
              28.884375803608215
            ],
            [
              -89.01738997619182,
              28.88419539345873
            ],
            [
              -89.017492467747,
              28.884193858577525
            ],
            [
              -89.01749072376538,
              28.884103653506514
            ],
            [
              -89.01759321522412,
              28.88410211855313
            ],
            [
              -89.01759147116202,
              28.88401191348651
            ],
            [
              -89.01769396252433,
              28.88401037846094
            ],
            [
              -89.01769221838178,
              28.88392017339869
            ],
            [
              -89.01779470964765,
              28.88391863830094
            ],
            [
              -89.01779296542465,
              28.883828433243075
            ],
            [
              -89.01789545659406,
              28.88382689807315
            ],
            [
              -89.0178937122906,
              28.883736693019664
            ],
            [
              -89.01799620336357,
              28.883735157777544
            ],
            [
              -89.01799445897966,
              28.88364495272845
            ],
            [
              -89.01809694995619,
              28.883643417414152
            ],
            [
              -89.01809346103545,
              28.883463007323424
            ],
            [
              -89.0181959518271,
              28.883461471942624
            ],
            [
              -89.01819420729026,
              28.883371266901005
            ],
            [
              -89.01829669798546,
              28.883369731448024
            ],
            [
              -89.01829495336818,
              28.883279526410774
            ],
            [
              -89.01839744396696,
              28.883277990885624
            ],
            [
              -89.01839569926922,
              28.88318778585276
            ],
            [
              -89.01849818977153,
              28.883186250255424
            ],
            [
              -89.01849644499336,
              28.883096045226946
            ],
            [
              -89.01859893539924,
              28.88309450955744
            ],
            [
              -89.0185971905406,
              28.88300430453334
            ],
            [
              -89.01869968085005,
              28.88300276879166
            ],
            [
              -89.01869793591096,
              28.882912563771942
            ],
            [
              -89.01880042612397,
              28.882911027958095
            ],
            [
              -89.01879868110443,
              28.882820822942765
            ],
            [
              -89.01890117122099,
              28.882819287056726
            ],
            [
              -89.01889942612101,
              28.882729082045774
            ],
            [
              -89.01900191614114,
              28.882727546087565
            ],
            [
              -89.01900017096071,
              28.882637341081008
            ],
            [
              -89.01910266088439,
              28.882635805050626
            ],
            [
              -89.01910091562351,
              28.882545600048463
            ],
            [
              -89.01930589527001,
              28.88254252776548
            ],
            [
              -89.01930414984024,
              28.882452322773386
            ],
            [
              -89.01950912927786,
              28.88244925019033
            ],
            [
              -89.01950738367921,
              28.882359045208307
            ],
            [
              -89.01981485251032,
              28.882354435766818
            ],
            [
              -89.01981310665434,
              28.88226423080057
            ],
            [
              -89.01991559616027,
              28.882262694170038
            ],
            [
              -89.01991385022384,
              28.88217248920818
            ],
            [
              -89.02011882903483,
              28.882169415724913
            ],
            [
              -89.02011708292953,
              28.88207921077313
            ],
            [
              -89.02021957223458,
              28.882077673920406
            ],
            [
              -89.02021782604885,
              28.881987468973023
            ],
            [
              -89.02042280445805,
              28.881984395045347
            ],
            [
              -89.02042105810344,
              28.881894190108042
            ],
            [
              -89.02052354720759,
              28.881892653033113
            ],
            [
              -89.02052180077254,
              28.881802448100178
            ],
            [
              -89.02062428978026,
              28.88180091095309
            ],
            [
              -89.02062254326476,
              28.881710706024563
            ],
            [
              -89.02082752107933,
              28.881707631508164
            ],
            [
              -89.02082577439495,
              28.881617426589727
            ],
            [
              -89.0209282632018,
              28.881615889220434
            ],
            [
              -89.02092651643699,
              28.881525684306375
            ],
            [
              -89.02123398254415,
              28.881521071748402
            ],
            [
              -89.02123223552204,
              28.88143086685014
            ],
            [
              -89.02194965553952,
              28.881420101529624
            ],
            [
              -89.02194790790635,
              28.881329896669932
            ],
            [
              -89.02215288480527,
              28.881326820174724
            ],
            [
              -89.02215113700323,
              28.881236615325125
            ],
            [
              -89.02225362535223,
              28.881235076966437
            ],
            [
              -89.02225187746978,
              28.88114487212124
            ],
            [
              -89.02235436572235,
              28.881143333690382
            ],
            [
              -89.02235086980458,
              28.880962924007466
            ],
            [
              -89.02255584593193,
              28.880959846934967
            ],
            [
              -89.02255409780821,
              28.880869642102954
            ],
            [
              -89.02275907372665,
              28.88086656473042
            ],
            [
              -89.02275732543406,
              28.88077635990852
            ],
            [
              -89.0232697646478,
              28.88076866514318
            ],
            [
              -89.02326801592105,
              28.880678460348467
            ],
            [
              -89.02357547908784,
              28.880673842572076
            ],
            [
              -89.02357373010379,
              28.880583637793162
            ],
            [
              -89.0236762177216,
              28.88058209838434
            ],
            [
              -89.02367446865715,
              28.88049189360984
            ],
            [
              -89.02387944369184,
              28.880488814570054
            ],
            [
              -89.02387769445853,
              28.88039860980564
            ],
            [
              -89.02398018187543,
              28.880397070174666
            ],
            [
              -89.02397843256169,
              28.880306865414646
            ],
            [
              -89.02408091988215,
              28.88030532571152
            ],
            [
              -89.02407567172378,
              28.880034711440764
            ],
            [
              -89.02417815877091,
              28.880033171676896
            ],
            [
              -89.0241746598619,
              28.879852762167943
            ],
            [
              -89.02427714672416,
              28.879851222337628
            ],
            [
              -89.02427364767033,
              28.879670812834853
            ],
            [
              -89.02437613434772,
              28.87966927293809
            ],
            [
              -89.0243743847444,
              28.879579068190463
            ],
            [
              -89.02457935789826,
              28.879575988174793
            ],
            [
              -89.02457760812612,
              28.87948578343726
            ],
            [
              -89.02478258107105,
              28.879482703121575
            ],
            [
              -89.02478083113006,
              28.879392498394157
            ],
            [
              -89.02498580386607,
              28.879389417778476
            ],
            [
              -89.02498405375624,
              28.879299213061167
            ],
            [
              -89.02508654002379,
              28.879297672642256
            ],
            [
              -89.02508478983357,
              28.87920746792934
            ],
            [
              -89.02518727600467,
              28.879205927438285
            ],
            [
              -89.02518202521681,
              28.878935313308837
            ],
            [
              -89.0252845111146,
              28.878933772757044
            ],
            [
              -89.02527750982271,
              28.878572953922355
            ],
            [
              -89.02537999535879,
              28.878571413315544
            ],
            [
              -89.02537474420882,
              28.878300799192935
            ],
            [
              -89.02547722947162,
              28.8782992585254
            ],
            [
              -89.02547547901591,
              28.878209053820967
            ],
            [
              -89.02557796418226,
              28.878207513081286
            ],
            [
              -89.02557621364616,
              28.87811730838126
            ],
            [
              -89.02567869871606,
              28.878115767569444
            ],
            [
              -89.02567694809956,
              28.878025562873805
            ],
            [
              -89.02577943307303,
              28.87802402198984
            ],
            [
              -89.02577768237613,
              28.877933817298622
            ],
            [
              -89.02588016725315,
              28.87793227634252
            ],
            [
              -89.02587841647585,
              28.877842071655703
            ],
            [
              -89.02608338602899,
              28.877838989521386
            ],
            [
              -89.02608163508286,
              28.877748784844677
            ],
            [
              -89.02628660442707,
              28.877745702410373
            ],
            [
              -89.02628485331213,
              28.877655497743785
            ],
            [
              -89.02648982244742,
              28.877652415009518
            ],
            [
              -89.02648807116367,
              28.87756221035304
            ],
            [
              -89.02669304009,
              28.877559127318808
            ],
            [
              -89.02669128863744,
              28.87746892267245
            ],
            [
              -89.02679377300015,
              28.87746738104427
            ],
            [
              -89.02679202146719,
              28.87737717640233
            ],
            [
              -89.0269969899917,
              28.87737409292386
            ],
            [
              -89.02699523828994,
              28.877283888292027
            ],
            [
              -89.0272002066055,
              28.877280804513596
            ],
            [
              -89.02719670287239,
              28.877100395268872
            ],
            [
              -89.02729918684129,
              28.877098853274312
            ],
            [
              -89.02729393103658,
              28.876828239414568
            ],
            [
              -89.02739641473221,
              28.876826697359302
            ],
            [
              -89.02739291072571,
              28.87664628812438
            ],
            [
              -89.02749539423647,
              28.876644746002697
            ],
            [
              -89.02749364215686,
              28.876554541388977
            ],
            [
              -89.0275961255712,
              28.876552999195166
            ],
            [
              -89.02759437341118,
              28.876462794585866
            ],
            [
              -89.02769685672907,
              28.876461252319935
            ],
            [
              -89.0276933522563,
              28.876280843108848
            ],
            [
              -89.02779583538934,
              28.876279300776492
            ],
            [
              -89.0277940830766,
              28.876189096174706
            ],
            [
              -89.0278965661132,
              28.876187553770215
            ],
            [
              -89.02789481372005,
              28.876097349172834
            ],
            [
              -89.0279972966602,
              28.876095806696227
            ],
            [
              -89.02799379172122,
              28.875915397508983
            ],
            [
              -89.02809627447651,
              28.87591385496597
            ],
            [
              -89.02809276939283,
              28.87573344578494
            ],
            [
              -89.02819525196327,
              28.875731903175502
            ],
            [
              -89.02819349934506,
              28.87564169858874
            ],
            [
              -89.02829598181906,
              28.87564015590719
            ],
            [
              -89.02829422912048,
              28.87554995132484
            ],
            [
              -89.02839671149803,
              28.875548408571163
            ],
            [
              -89.02839495871908,
              28.875458203993215
            ],
            [
              -89.0284974410002,
              28.87545666116741
            ],
            [
              -89.02849568814085,
              28.87536645659389
            ],
            [
              -89.02859817032554,
              28.875364913695957
            ],
            [
              -89.02859641738581,
              28.87527470912685
            ],
            [
              -89.02880138155426,
              28.875271623108905
            ],
            [
              -89.02879962844577,
              28.87518141854991
            ],
            [
              -89.02900459240526,
              28.87517833223205
            ],
            [
              -89.02900283912797,
              28.875088127683192
            ],
            [
              -89.02920780287853,
              28.875085041065397
            ],
            [
              -89.02920604943246,
              28.87499483652668
            ],
            [
              -89.02941101297405,
              28.874991749608974
            ],
            [
              -89.02940925935921,
              28.874901545080384
            ],
            [
              -89.02961422269185,
              28.874898457862756
            ],
            [
              -89.02961246890824,
              28.87480825334429
            ],
            [
              -89.0297149504741,
              28.874806709624444
            ],
            [
              -89.02971319661012,
              28.874716505110403
            ],
            [
              -89.02981567807953,
              28.87471496131843
            ],
            [
              -89.02981392413517,
              28.874624756808807
            ],
            [
              -89.02991640550815,
              28.874623212944726
            ],
            [
              -89.02991465148342,
              28.87453300843951
            ],
            [
              -89.03001713275995,
              28.874531464503303
            ],
            [
              -89.03001537865488,
              28.87444126000251
            ],
            [
              -89.03022034100701,
              28.874438171908036
            ],
            [
              -89.03021858673316,
              28.874347967417382
            ],
            [
              -89.03042354887634,
              28.874344879023006
            ],
            [
              -89.0304217944337,
              28.87425467454248
            ],
            [
              -89.03072923732297,
              28.8742500413843
            ],
            [
              -89.03072748262318,
              28.874159836919645
            ],
            [
              -89.03082996348178,
              28.87415829238364
            ],
            [
              -89.03082820870162,
              28.874068087923394
            ],
            [
              -89.03093068946379,
              28.874066543315283
            ],
            [
              -89.03092893460327,
              28.873976338859446
            ],
            [
              -89.03103141526898,
              28.87397479417922
            ],
            [
              -89.0310296603281,
              28.873884589727812
            ],
            [
              -89.03113214089738,
              28.873883044975482
            ],
            [
              -89.03113038587615,
              28.8737928405285
            ],
            [
              -89.03123286634899,
              28.873791295704038
            ],
            [
              -89.03123111124738,
              28.873701091261463
            ],
            [
              -89.03133359162376,
              28.873699546364893
            ],
            [
              -89.03133183644182,
              28.873609341926745
            ],
            [
              -89.03143431672177,
              28.873607796958073
            ],
            [
              -89.0314308062052,
              28.87342738808931
            ],
            [
              -89.03153328630029,
              28.87342584305426
            ],
            [
              -89.0315297756391,
              28.87324543419171
            ],
            [
              -89.03163225554937,
              28.873243889090276
            ],
            [
              -89.03162874474354,
              28.873063480233952
            ],
            [
              -89.03173122446897,
              28.873061935066133
            ],
            [
              -89.03172771351853,
              28.87288152621606
            ],
            [
              -89.03183019305912,
              28.87287998098186
            ],
            [
              -89.03182668196405,
              28.872699572137993
            ],
            [
              -89.03192916131981,
              28.872698026837405
            ],
            [
              -89.03192565008015,
              28.872517617999783
            ],
            [
              -89.03202812925105,
              28.872516072632823
            ],
            [
              -89.0320263735549,
              28.87242586821778
            ],
            [
              -89.03212885262936,
              28.872424322778723
            ],
            [
              -89.03212534108441,
              28.872243913956172
            ],
            [
              -89.03222781997403,
              28.872242368450724
            ],
            [
              -89.03222606412523,
              28.872152164043218
            ],
            [
              -89.03232854291842,
              28.872150618465678
            ],
            [
              -89.03232678698927,
              28.872060414062584
            ],
            [
              -89.03242926568603,
              28.872058868412957
            ],
            [
              -89.03242750967652,
              28.87196866401428
            ],
            [
              -89.03252998827685,
              28.87196711829254
            ],
            [
              -89.032528232187,
              28.87187691389829
            ],
            [
              -89.03263071069087,
              28.871875368104448
            ],
            [
              -89.03262895452069,
              28.871785163714634
            ],
            [
              -89.0328339113275,
              28.871782071904914
            ],
            [
              -89.03283215498858,
              28.871691867525243
            ],
            [
              -89.03324206815209,
              28.87168568299478
            ],
            [
              -89.03324031146765,
              28.871595478636724
            ],
            [
              -89.03344526782432,
              28.871592385915996
            ],
            [
              -89.03344702468554,
              28.871682590262594
            ],
            [
              -89.0336519811868,
              28.871679497219088
            ],
            [
              -89.03365373823284,
              28.871769701552918
            ],
            [
              -89.03406365149229,
              28.87176351450906
            ],
            [
              -89.03406189409267,
              28.871673310198155
            ],
            [
              -89.03426685049729,
              28.87167021622073
            ],
            [
              -89.03426333536866,
              28.871489807617934
            ],
            [
              -89.03436581338211,
              28.871488260523947
            ],
            [
              -89.03435878286793,
              28.871127443325616
            ],
            [
              -89.03446126051978,
              28.871125896176732
            ],
            [
              -89.03445950282297,
              28.871035691879616
            ],
            [
              -89.03456198037837,
              28.87103414465864
            ],
            [
              -89.03456022260123,
              28.870943940365944
            ],
            [
              -89.0346627000602,
              28.870942393072873
            ],
            [
              -89.03466094220273,
              28.870852188784625
            ],
            [
              -89.03476341956524,
              28.870850641419466
            ],
            [
              -89.03476166162746,
              28.870760437135633
            ],
            [
              -89.03486413889352,
              28.87075888969838
            ],
            [
              -89.0348623808754,
              28.870668685418988
            ],
            [
              -89.03496485804503,
              28.87066713790965
            ],
            [
              -89.03496309994657,
              28.870576933634677
            ],
            [
              -89.03516805408489,
              28.870573838393998
            ],
            [
              -89.03516629581772,
              28.870483634129176
            ],
            [
              -89.03537124974703,
              28.87048053858868
            ],
            [
              -89.03536949131116,
              28.870390334334033
            ],
            [
              -89.03567692187953,
              28.870385690456807
            ],
            [
              -89.03567516318654,
              28.87029548621807
            ],
            [
              -89.03577763993817,
              28.87029393810908
            ],
            [
              -89.03577588116487,
              28.870203733874774
            ],
            [
              -89.03587835782005,
              28.870202185693703
            ],
            [
              -89.03587308128337,
              28.869931573000148
            ],
            [
              -89.03597555766534,
              28.869930024758464
            ],
            [
              -89.03597379874752,
              28.86983982053041
            ],
            [
              -89.03607627503305,
              28.86983827221664
            ],
            [
              -89.0360727570448,
              28.869657863768083
            ],
            [
              -89.03617523314553,
              28.86965631538799
            ],
            [
              -89.03617347407511,
              28.86956611116748
            ],
            [
              -89.03637842607557,
              28.869563014185267
            ],
            [
              -89.03637666683647,
              28.869472809974944
            ],
            [
              -89.03647914273623,
              28.869471261372844
            ],
            [
              -89.03647738341681,
              28.86938105716695
            ],
            [
              -89.03657985922013,
              28.869379508492774
            ],
            [
              -89.03657809982037,
              28.869289304291303
            ],
            [
              -89.03678305122607,
              28.869286206720982
            ],
            [
              -89.03678129165763,
              28.86919600252969
            ],
            [
              -89.03780604731838,
              28.869180510066325
            ],
            [
              -89.03780428687423,
              28.869090305931138
            ],
            [
              -89.03790676230756,
              28.86908875626254
            ],
            [
              -89.03790500178309,
              28.868998552131778
            ],
            [
              -89.03800747711998,
              28.868997002391104
            ],
            [
              -89.0380057165152,
              28.868906798264792
            ],
            [
              -89.03810819175564,
              28.86890524845205
            ],
            [
              -89.03810643107055,
              28.86881504433017
            ],
            [
              -89.03892623199656,
              28.868802643072712
            ],
            [
              -89.03892447061251,
              28.868712438995477
            ],
            [
              -89.03902694560358,
              28.868710888493865
            ],
            [
              -89.03902518413923,
              28.868620684421085
            ],
            [
              -89.03923013392038,
              28.86861758319589
            ],
            [
              -89.03922837228737,
              28.86852737913329
            ],
            [
              -89.03933084707747,
              28.86852582840971
            ],
            [
              -89.03932908536414,
              28.868435624351555
            ],
            [
              -89.03943156005778,
              28.868434073555907
            ],
            [
              -89.03942803647863,
              28.86825366544717
            ],
            [
              -89.03953051098743,
              28.868252114585204
            ],
            [
              -89.03952698726383,
              28.86807170648273
            ],
            [
              -89.03962946158781,
              28.86807015555444
            ],
            [
              -89.03962593771975,
              28.867889747458236
            ],
            [
              -89.03972841185892,
              28.867888196463632
            ],
            [
              -89.03972664984862,
              28.86779799241932
            ],
            [
              -89.03982912389135,
              28.867796441352645
            ],
            [
              -89.03982736180076,
              28.86770623731278
            ],
            [
              -89.04003230968524,
              28.86770313495749
            ],
            [
              -89.04003054742599,
              28.867612930927805
            ],
            [
              -89.040542916554,
              28.867605173706604
            ],
            [
              -89.04054467925512,
              28.86769537770754
            ],
            [
              -89.04064715314486,
              28.867693826024112
            ],
            [
              -89.04064891594244,
              28.867784030017994
            ],
            [
              -89.04075138991247,
              28.867782478250994
            ],
            [
              -89.04076020446331,
              28.868233498172042
            ],
            [
              -89.04065773005142,
              28.86823504996779
            ],
            [
              -89.04066125575157,
              28.868415457938564
            ],
            [
              -89.04055878115484,
              28.868417009668
            ],
            [
              -89.04056054392866,
              28.868507213657182
            ],
            [
              -89.04045806923547,
              28.868508765314548
            ],
            [
              -89.040459831929,
              28.868598969308167
            ],
            [
              -89.04035735713937,
              28.86860052089347
            ],
            [
              -89.04035911975258,
              28.86869072489153
            ],
            [
              -89.04015416997234,
              28.868693827840186
            ],
            [
              -89.04015593241688,
              28.868784031848445
            ],
            [
              -89.03995098242758,
              28.868787134497328
            ],
            [
              -89.03995274470344,
              28.868877338515784
            ],
            [
              -89.03985026960831,
              28.86887888972924
            ],
            [
              -89.03985203180387,
              28.868969093752135
            ],
            [
              -89.03974955661228,
              28.868970644893526
            ],
            [
              -89.03975131872755,
              28.869060848920874
            ],
            [
              -89.0396488434395,
              28.86906239999019
            ],
            [
              -89.03965060547446,
              28.869152604021963
            ],
            [
              -89.03934317929672,
              28.869157256780273
            ],
            [
              -89.03934494107463,
              28.86924746082798
            ],
            [
              -89.03924246557753,
              28.869249011597528
            ],
            [
              -89.03924951241638,
              28.869609827798314
            ],
            [
              -89.03914703655767,
              28.86961137851302
            ],
            [
              -89.03914879819918,
              28.869701582565693
            ],
            [
              -89.03925127414625,
              28.86970003184523
            ],
            [
              -89.03925832114656,
              28.870060848019882
            ],
            [
              -89.03915584484595,
              28.870062398763324
            ],
            [
              -89.03915936821778,
              28.870242806854307
            ],
            [
              -89.03895441523883,
              28.870245908130727
            ],
            [
              -89.0389561767601,
              28.870336112185743
            ],
            [
              -89.03875122357209,
              28.87033921316236
            ],
            [
              -89.03875298492464,
              28.87042941722757
            ],
            [
              -89.03854803152758,
              28.870432517904383
            ],
            [
              -89.03854979271146,
              28.870522721979775
            ],
            [
              -89.03844731591244,
              28.870524272207202
            ],
            [
              -89.03844907701598,
              28.870614476287024
            ],
            [
              -89.03834660012052,
              28.870616026442367
            ],
            [
              -89.03834836114375,
              28.870706230526626
            ],
            [
              -89.03824588415182,
              28.870707780609898
            ],
            [
              -89.03824764509473,
              28.870797984698605
            ],
            [
              -89.03814516800635,
              28.87079953470978
            ],
            [
              -89.03814692886895,
              28.87088973880292
            ],
            [
              -89.03804445168412,
              28.870891288742023
            ],
            [
              -89.0380462124664,
              28.870981492839604
            ],
            [
              -89.03794373518511,
              28.87098304270663
            ],
            [
              -89.0379472565971,
              28.87116345090936
            ],
            [
              -89.03784477913098,
              28.871165000710032
            ],
            [
              -89.03784830039847,
              28.871345408919034
            ],
            [
              -89.03774582274748,
              28.87134695865338
            ],
            [
              -89.03775110444408,
              28.871617570974294
            ],
            [
              -89.03764862651987,
              28.87161912064803
            ],
            [
              -89.03765038701314,
              28.871709324758143
            ],
            [
              -89.03754790899247,
              28.871710874359795
            ],
            [
              -89.03754966940542,
              28.87180107847433
            ],
            [
              -89.0373447131631,
              28.871804177455658
            ],
            [
              -89.03734647340734,
              28.871894381580375
            ],
            [
              -89.03714151695596,
              28.87189748026186
            ],
            [
              -89.03714327703149,
              28.87198768439676
            ],
            [
              -89.03704079870532,
              28.871989233626504
            ],
            [
              -89.03704255870052,
              28.872079437765834
            ],
            [
              -89.03683760184717,
              28.87208253600332
            ],
            [
              -89.03683936167366,
              28.87217274015282
            ],
            [
              -89.0367368831465,
              28.87217428916056
            ],
            [
              -89.03673864289266,
              28.8722644933145
            ],
            [
              -89.03663616426904,
              28.872266042250153
            ],
            [
              -89.03663968360875,
              28.87244645056559
            ],
            [
              -89.03653720480028,
              28.872447999434893
            ],
            [
              -89.03654248360515,
              28.872718611915452
            ],
            [
              -89.03644000452344,
              28.87272016072415
            ],
            [
              -89.03644528313569,
              28.872990773210184
            ],
            [
              -89.03634280378073,
              28.87299232195826
            ],
            [
              -89.03634632271908,
              28.87317273028724
            ],
            [
              -89.03624384317926,
              28.873174278968953
            ],
            [
              -89.03624560257215,
              28.873264483137234
            ],
            [
              -89.03614312293587,
              28.87326603174686
            ],
            [
              -89.036146641569,
              28.873446440090937
            ],
            [
              -89.03604416174788,
              28.87344798863422
            ],
            [
              -89.03604592098814,
              28.873538192810035
            ],
            [
              -89.03584096114491,
              28.873541289674556
            ],
            [
              -89.03584272021644,
              28.87363149386055
            ],
            [
              -89.03553528012591,
              28.873636138590786
            ],
            [
              -89.03553703894032,
              28.8737263427927
            ],
            [
              -89.03492215801128,
              28.8737356301861
            ],
            [
              -89.03492391630334,
              28.873825834421105
            ],
            [
              -89.0348214360319,
              28.873827382053314
            ],
            [
              -89.03482495246337,
              28.874007790530882
            ],
            [
              -89.03472247200708,
              28.874009338096727
            ],
            [
              -89.0347242301465,
              28.874099542339284
            ],
            [
              -89.03462174959375,
              28.874101089833022
            ],
            [
              -89.03462526571995,
              28.8742814983257
            ],
            [
              -89.03452278498233,
              28.87428304575308
            ],
            [
              -89.03453157499682,
              28.87473406699055
            ],
            [
              -89.03442909380914,
              28.874735614368767
            ],
            [
              -89.0344361256121,
              28.87509643135817
            ],
            [
              -89.03433364406274,
              28.87509797868147
            ],
            [
              -89.03433715983576,
              28.875278387179815
            ],
            [
              -89.03423467810153,
              28.875279934436744
            ],
            [
              -89.0342364359117,
              28.87537013868969
            ],
            [
              -89.03413395408101,
              28.875371685874512
            ],
            [
              -89.03413571181085,
              28.875461890131884
            ],
            [
              -89.03393074794847,
              28.875464984279503
            ],
            [
              -89.03393250550954,
              28.87555518854702
            ],
            [
              -89.03383002347788,
              28.875556735509797
            ],
            [
              -89.0338317809586,
              28.87564693978175
            ],
            [
              -89.03372929883047,
              28.875648486672418
            ],
            [
              -89.0337310562308,
              28.875738690948804
            ],
            [
              -89.03362857400622,
              28.875740237767364
            ],
            [
              -89.03363033132622,
              28.875830442048162
            ],
            [
              -89.03342536667606,
              28.875833535463226
            ],
            [
              -89.03342712382728,
              28.875923739754185
            ],
            [
              -89.03332464140172,
              28.875925286350686
            ],
            [
              -89.0333263984726,
              28.876015490646076
            ],
            [
              -89.03322391595057,
              28.876017037170456
            ],
            [
              -89.03323270098366,
              28.87646805865643
            ],
            [
              -89.03313021801152,
              28.876469605131625
            ],
            [
              -89.03313373190429,
              28.87665001372835
            ],
            [
              -89.03303124874728,
              28.87665156013716
            ],
            [
              -89.03303300561733,
              28.876741764439295
            ],
            [
              -89.03282803910233,
              28.876744857034844
            ],
            [
              -89.03282979580358,
              28.876835061347126
            ],
            [
              -89.0322148955349,
              28.876844337299914
            ],
            [
              -89.03221665171372,
              28.876934541645248
            ],
            [
              -89.03160175062486,
              28.876943814830007
            ],
            [
              -89.03160350628124,
              28.877034019208406
            ],
            [
              -89.03150102264985,
              28.877035564472465
            ],
            [
              -89.03149926708188,
              28.876945360088342
            ],
            [
              -89.03098684924636,
              28.87695308521235
            ],
            [
              -89.03098860437225,
              28.877043289625103
            ],
            [
              -89.03088612069261,
              28.87704483442209
            ],
            [
              -89.03089489600067,
              28.877495856494832
            ],
            [
              -89.0307924118709,
              28.877497401242593
            ],
            [
              -89.03079592187358,
              28.877677810074
            ],
            [
              -89.03069343755894,
              28.877679354755365
            ],
            [
              -89.03069519248392,
              28.877769559174837
            ],
            [
              -89.03049022365366,
              28.877772648315467
            ],
            [
              -89.03049197840984,
              28.87786285274507
            ],
            [
              -89.03038949389423,
              28.87786439720434
            ],
            [
              -89.03039124857004,
              28.877954601638354
            ],
            [
              -89.0298788254293,
              28.877962322795586
            ],
            [
              -89.02988057967104,
              28.878052527256926
            ],
            [
              -89.02957312542488,
              28.878057159034235
            ],
            [
              -89.02957487940941,
              28.878147363511413
            ],
            [
              -89.02936990969494,
              28.878150450985153
            ],
            [
              -89.02937166351066,
              28.87824065547247
            ],
            [
              -89.02926917855294,
              28.87824219909828
            ],
            [
              -89.02927093228827,
              28.878332403590015
            ],
            [
              -89.0290659621719,
              28.878335490619534
            ],
            [
              -89.02906771573842,
              28.8784256951214
            ],
            [
              -89.02896523057976,
              28.8784272385251
            ],
            [
              -89.02896873756008,
              28.878607647536345
            ],
            [
              -89.02886625221655,
              28.878609190873636
            ],
            [
              -89.02886800563033,
              28.878699395383016
            ],
            [
              -89.02876552019033,
              28.87870093864817
            ],
            [
              -89.02876727352373,
              28.878791143161965
            ],
            [
              -89.02866478798728,
              28.87879268635499
            ],
            [
              -89.02866654124028,
              28.878882890873193
            ],
            [
              -89.02856405560738,
              28.878884433994077
            ],
            [
              -89.02856580877999,
              28.878974638516706
            ],
            [
              -89.02846332305062,
              28.878976181565456
            ],
            [
              -89.02846682924311,
              28.8791565906182
            ],
            [
              -89.02836434332885,
              28.879158133600548
            ],
            [
              -89.02836609634872,
              28.87924833813068
            ],
            [
              -89.02826361033802,
              28.87924988104089
            ],
            [
              -89.02826536327748,
              28.87934008557543
            ],
            [
              -89.0281628771703,
              28.8793416284135
            ],
            [
              -89.0281663828965,
              28.879522037490105
            ],
            [
              -89.02806389660444,
              28.87952358026175
            ],
            [
              -89.02806564939117,
              28.8796137848038
            ],
            [
              -89.02796316300265,
              28.879615327503313
            ],
            [
              -89.02796491570896,
              28.87970553204978
            ],
            [
              -89.02786242922399,
              28.879707074677142
            ],
            [
              -89.02786593448387,
              28.879887483777605
            ],
            [
              -89.0276609611361,
              28.87989056882164
            ],
            [
              -89.0276644660744,
              28.880070977939727
            ],
            [
              -89.02756197921161,
              28.8800725203564
            ],
            [
              -89.0275707412557,
              28.88052354315735
            ],
            [
              -89.02746825394273,
              28.880525085524734
            ],
            [
              -89.02747526336881,
              28.880885903764852
            ],
            [
              -89.02737277569409,
              28.880887446077235
            ],
            [
              -89.02737628027845,
              28.881067855200893
            ],
            [
              -89.02727379241881,
              28.88106939744684
            ],
            [
              -89.0272755446346,
              28.88115960201242
            ],
            [
              -89.02717305667852,
              28.881161144186226
            ],
            [
              -89.0271748088139,
              28.881251348756226
            ],
            [
              -89.02696983270076,
              28.88125443288168
            ],
            [
              -89.0269715846673,
              28.881344637461794
            ],
            [
              -89.02686909651025,
              28.881346179413445
            ],
            [
              -89.02687084839638,
              28.88143638399797
            ],
            [
              -89.02676836014287,
              28.881437925877467
            ],
            [
              -89.02677887109759,
              28.881979153391452
            ],
            [
              -89.02667638230542,
              28.881980695227362
            ],
            [
              -89.02667813407088,
              28.882070899814174
            ],
            [
              -89.02657564518225,
              28.882072441577943
            ],
            [
              -89.02657739686728,
              28.882162646169146
            ],
            [
              -89.02637241888908,
              28.882165729474526
            ],
            [
              -89.02637417040526,
              28.882255934075854
            ],
            [
              -89.02616919221806,
              28.8822590170812
            ],
            [
              -89.02617094356539,
              28.882349221692657
            ],
            [
              -89.02555600828062,
              28.882358468874244
            ],
            [
              -89.02555775910533,
              28.882448673518645
            ],
            [
              -89.02443037602703,
              28.88246561946748
            ],
            [
              -89.02443212588689,
              28.882555824173355
            ],
            [
              -89.0241246573409,
              28.882560444177734
            ],
            [
              -89.02412640694348,
              28.882650648899425
            ],
            [
              -89.02392142769585,
              28.882653728524446
            ],
            [
              -89.02392317712955,
              28.88274393325624
            ],
            [
              -89.02382068740526,
              28.88274547295765
            ],
            [
              -89.02382243675854,
              28.882835677693837
            ],
            [
              -89.02371994693779,
              28.882837217323097
            ],
            [
              -89.02372169621064,
              28.882927422063684
            ],
            [
              -89.02361920629345,
              28.88292896162077
            ],
            [
              -89.02362095548585,
              28.88301916636576
            ],
            [
              -89.0235184654722,
              28.883020705850697
            ],
            [
              -89.02352021458418,
              28.883110910600067
            ],
            [
              -89.02341772447407,
              28.883112450012845
            ],
            [
              -89.02341947350561,
              28.883202654766627
            ],
            [
              -89.02321449308447,
              28.883205733369977
            ],
            [
              -89.02321624194714,
              28.883295938133855
            ],
            [
              -89.02280628065489,
              28.883302094428977
            ],
            [
              -89.0228080291718,
              28.883392299214353
            ],
            [
              -89.02270553874025,
              28.883393838099163
            ],
            [
              -89.02270903562123,
              28.88357424767741
            ],
            [
              -89.02260654500478,
              28.883575786495765
            ],
            [
              -89.0226100417409,
              28.883756196080185
            ],
            [
              -89.02250755093955,
              28.883757734832063
            ],
            [
              -89.02250929923117,
              28.88384793962803
            ],
            [
              -89.02240680833337,
              28.88384947830775
            ],
            [
              -89.02241030476377,
              28.88402988790713
            ],
            [
              -89.02230781368105,
              28.88403142652038
            ],
            [
              -89.0223095618198,
              28.884121631323826
            ],
            [
              -89.02220707064063,
              28.884123169864903
            ],
            [
              -89.02220881869896,
              28.88421337467274
            ],
            [
              -89.02149137960137,
              28.884224142319823
            ],
            [
              -89.02149312704854,
              28.884314347166246
            ],
            [
              -89.02128814420027,
              28.8843174229474
            ],
            [
              -89.02128989147856,
              28.884407627803913
            ],
            [
              -89.02118739995396,
              28.884409165583385
            ],
            [
              -89.02119089435764,
              28.884589575303885
            ],
            [
              -89.02108840264815,
              28.884591113016892
            ],
            [
              -89.02109189690695,
              28.88477152274356
            ],
            [
              -89.02098940501253,
              28.884773060390078
            ],
            [
              -89.02099115206549,
              28.88486326525715
            ],
            [
              -89.02088866007462,
              28.88486480283149
            ],
            [
              -89.02089040704713,
              28.884955007702956
            ],
            [
              -89.0207879149598,
              28.884956545205117
            ],
            [
              -89.02078966185186,
              28.885046750080974
            ],
            [
              -89.02068716966808,
              28.885048287510962
            ],
            [
              -89.02068891647968,
              28.885138492391214
            ],
            [
              -89.02058642419945,
              28.885140029749028
            ],
            [
              -89.02058817093061,
              28.885230234633664
            ],
            [
              -89.02048567855391,
              28.885231771919297
            ],
            [
              -89.02048917186333,
              28.885412181696047
            ],
            [
              -89.02038667930172,
              28.885413718915192
            ],
            [
              -89.02039017246624,
              28.885594128698116
            ],
            [
              -89.02028767971971,
              28.885595665850786
            ],
            [
              -89.02029117273933,
              28.885776075639875
            ],
            [
              -89.01998369392099,
              28.88578068666478
            ],
            [
              -89.01998544017745,
              28.885870891574452
            ],
            [
              -89.0186530299827,
              28.8858908646574
            ],
            [
              -89.01865477509719,
              28.885981069639755
            ]
          ]
        ]
      },
      "properties": {
        "incident_id": "SP-011",
        "type": "AI-detected-slick",
        "source": "Sentinel-1 SAR",
        "method": "U-Net segmentation + radiometric filtering"
      }
    },
    {
      "type": "Feature",
      "geometry": {
        "type": "Polygon",
        "coordinates": [
          [
            [
              -89.04792442321859,
              28.862440294155824
            ],
            [
              -89.0457725878327,
              28.86247297391591
            ],
            [
              -89.04577082099793,
              28.862382770139877
            ],
            [
              -89.0455658842849,
              28.86238588069715
            ],
            [
              -89.04554821814932,
              28.861483842749834
            ],
            [
              -89.04544575066411,
              28.86148539785414
            ],
            [
              -89.04544221771084,
              28.86130499023748
            ],
            [
              -89.04554468501937,
              28.8613034351447
            ],
            [
              -89.04553938538514,
              28.861032823727196
            ],
            [
              -89.04564185242054,
              28.861031268573925
            ],
            [
              -89.04564008580367,
              28.860941064771225
            ],
            [
              -89.04574255274264,
              28.86093950954591
            ],
            [
              -89.04573901935646,
              28.86075910194816
            ],
            [
              -89.04594395285676,
              28.86075599128723
            ],
            [
              -89.04594218599915,
              28.86066578749792
            ],
            [
              -89.04614711929037,
              28.860662676537373
            ],
            [
              -89.04614535226419,
              28.860572472758285
            ],
            [
              -89.04635028534634,
              28.8605693614981
            ],
            [
              -89.04634851815156,
              28.860479157729237
            ],
            [
              -89.04655345102465,
              28.860476046169424
            ],
            [
              -89.0465516836613,
              28.860385842410793
            ],
            [
              -89.04665414999737,
              28.860384286519974
            ],
            [
              -89.0466488476909,
              28.86011367525352
            ],
            [
              -89.04675131375386,
              28.860112119302215
            ],
            [
              -89.0467477787467,
              28.859931711796243
            ],
            [
              -89.04685024462488,
              28.859930155778684
            ],
            [
              -89.04684847704513,
              28.85983995202951
            ],
            [
              -89.04695094282687,
              28.859838395939924
            ],
            [
              -89.04694740751499,
              28.859657988449193
            ],
            [
              -89.04704987311196,
              28.85965643229336
            ],
            [
              -89.04704810537984,
              28.85956622855179
            ],
            [
              -89.04715057088038,
              28.859564672323934
            ],
            [
              -89.04714526746763,
              28.859294061108727
            ],
            [
              -89.04724773269506,
              28.859292504820406
            ],
            [
              -89.04724596481869,
              28.859202301085148
            ],
            [
              -89.04734842994968,
              28.859200744724795
            ],
            [
              -89.04734666199307,
              28.859110540994003
            ],
            [
              -89.0475515920541,
              28.85910742805149
            ],
            [
              -89.04754982392893,
              28.859017224330934
            ],
            [
              -89.04765228885897,
              28.859015667748768
            ],
            [
              -89.04765052065358,
              28.858925464032673
            ],
            [
              -89.04785545031265,
              28.85892235064652
            ],
            [
              -89.0478536819387,
              28.85883214694067
            ],
            [
              -89.0480586113887,
              28.858829033254924
            ],
            [
              -89.04805684284621,
              28.858738829559304
            ],
            [
              -89.04867163047169,
              28.858729486669887
            ],
            [
              -89.04866986140732,
              28.858639283007587
            ],
            [
              -89.04877232589486,
              28.85863772559288
            ],
            [
              -89.04877055675027,
              28.85854752193505
            ],
            [
              -89.04887302114138,
              28.858545964448332
            ],
            [
              -89.04886948269984,
              28.858365557140292
            ],
            [
              -89.0489719469062,
              28.858363999587336
            ],
            [
              -89.04896840832045,
              28.858183592285616
            ],
            [
              -89.04907087234204,
              28.858182034666424
            ],
            [
              -89.04906733361207,
              28.858001627371014
            ],
            [
              -89.0493747250982,
              28.857996954081415
            ],
            [
              -89.0493729554804,
              28.85790675044907
            ],
            [
              -89.04978281032838,
              28.85790051833044
            ],
            [
              -89.04978458029949,
              28.857990721939675
            ],
            [
              -89.04998950785146,
              28.85798760540213
            ],
            [
              -89.04999127800731,
              28.858077808998505
            ],
            [
              -89.05009374185946,
              28.858076250607276
            ],
            [
              -89.05009551211175,
              28.858166454196578
            ],
            [
              -89.05019797604412,
              28.85816489572179
            ],
            [
              -89.05019974639285,
              28.85825509930401
            ],
            [
              -89.05040467440986,
              28.858251982109547
            ],
            [
              -89.05040644494338,
              28.858342185678907
            ],
            [
              -89.0506113731046,
              28.858339068161765
            ],
            [
              -89.05061314382287,
              28.858429271718247
            ],
            [
              -89.05081807212828,
              28.858426153878426
            ],
            [
              -89.05081984303133,
              28.858516357422047
            ],
            [
              -89.05102477148094,
              28.858513239259533
            ],
            [
              -89.05102654256875,
              28.858603442790297
            ],
            [
              -89.05112900686971,
              28.858601883586594
            ],
            [
              -89.05113077805397,
              28.85869208711027
            ],
            [
              -89.05123324243515,
              28.858690527823
            ],
            [
              -89.05125095560757,
              28.859592562930107
            ],
            [
              -89.0510460250705,
              28.85959568154245
            ],
            [
              -89.05104779625573,
              28.859685885057523
            ],
            [
              -89.05063793473087,
              28.859692121371914
            ],
            [
              -89.05063970557089,
              28.859782324908807
            ],
            [
              -89.05053724008104,
              28.85978388379872
            ],
            [
              -89.05054963557002,
              28.860415308560786
            ],
            [
              -89.05044716945372,
              28.86041686741335
            ],
            [
              -89.05045071091835,
              28.860597274488025
            ],
            [
              -89.05034824461727,
              28.860598833274352
            ],
            [
              -89.05035001527342,
              28.86068903681551
            ],
            [
              -89.05024754887589,
              28.860690595529835
            ],
            [
              -89.05024931945182,
              28.86078079907545
            ],
            [
              -89.05004438645572,
              28.86078391628228
            ],
            [
              -89.05004615686309,
              28.860874119838147
            ],
            [
              -89.04994369026454,
              28.860875678330654
            ],
            [
              -89.04994546059167,
              28.860965881891
            ],
            [
              -89.04984299389666,
              28.86096744031149
            ],
            [
              -89.04984476414359,
              28.86105764387629
            ],
            [
              -89.04953736374486,
              28.86106231868836
            ],
            [
              -89.04953913373487,
              28.861152522269183
            ],
            [
              -89.04943666683073,
              28.861154080390065
            ],
            [
              -89.04943843674053,
              28.861244283975353
            ],
            [
              -89.04933596973993,
              28.86124584202423
            ],
            [
              -89.04933950940716,
              28.86142624920244
            ],
            [
              -89.04923704222176,
              28.861427807185063
            ],
            [
              -89.04924589109007,
              28.861878825136614
            ],
            [
              -89.04914342345485,
              28.861880383070314
            ],
            [
              -89.0491451931645,
              28.86197058666248
            ],
            [
              -89.04904272543284,
              28.861972144524167
            ],
            [
              -89.04904449506226,
              28.862062348120798
            ],
            [
              -89.04883955939792,
              28.86206546362233
            ],
            [
              -89.04884132885874,
              28.862155667229192
            ],
            [
              -89.04853392503638,
              28.86216033991535
            ],
            [
              -89.0485356942403,
              28.862250543538217
            ],
            [
              -89.0483307581415,
              28.862253658284914
            ],
            [
              -89.04833252717683,
              28.862343861918017
            ],
            [
              -89.04792265452855,
              28.86235009050091
            ],
            [
              -89.04792442321859,
              28.862440294155824
            ]
          ]
        ]
      },
      "properties": {
        "incident_id": "SP-011",
        "type": "AI-detected-slick",
        "source": "Sentinel-1 SAR",
        "method": "U-Net segmentation + radiometric filtering"
      }
    }
  ]
}