{
  "type": "FeatureCollection",
  "name": "SP-009_AI_Spill_Footprint",
  "features": [
    {
      "type": "Feature",
      "geometry": {
        "type": "Polygon",
        "coordinates": [
          [
            [
              -83.53551505116141,
              24.550527735648203
            ],
            [
              -83.53452944157604,
              24.55050505532175
            ],
            [
              -83.534531921547,
              24.550414904891372
            ],
            [
              -83.53443336072513,
              24.550412636514817
            ],
            [
              -83.53443584075418,
              24.550322486092536
            ],
            [
              -83.5343372800146,
              24.550320217661145
            ],
            [
              -83.53433976010174,
              24.55023006724696
            ],
            [
              -83.53404407816605,
              24.55022326159557
            ],
            [
              -83.53404655845168,
              24.550133111208293
            ],
            [
              -83.53384943736202,
              24.55012857380499
            ],
            [
              -83.53385191777593,
              24.550038423435222
            ],
            [
              -83.53365479687501,
              24.55003388579378
            ],
            [
              -83.53365975794732,
              24.549853585087938
            ],
            [
              -83.53356119765537,
              24.549851316189677
            ],
            [
              -83.53356615881968,
              24.54967101549741
            ],
            [
              -83.53346759868019,
              24.549668746553735
            ],
            [
              -83.53355689389474,
              24.546423333533486
            ],
            [
              -83.5336554515078,
              24.5464256021384
            ],
            [
              -83.53366041175329,
              24.54624530134634
            ],
            [
              -83.5337589692381,
              24.546247569868207
            ],
            [
              -83.53376144927255,
              24.5461574194608
            ],
            [
              -83.53386000669927,
              24.546159687909036
            ],
            [
              -83.53386248665144,
              24.546069537490904
            ],
            [
              -83.53396104402007,
              24.546071805865502
            ],
            [
              -83.53395856413808,
              24.54616195629304
            ],
            [
              -83.53415567905196,
              24.546166492868377
            ],
            [
              -83.5341531992982,
              24.54625664331342
            ],
            [
              -83.53425175684346,
              24.54625891151416
            ],
            [
              -83.5342492771478,
              24.546349061967298
            ],
            [
              -83.53434783477529,
              24.546351330113215
            ],
            [
              -83.5343453551377,
              24.546441480574448
            ],
            [
              -83.53444391284746,
              24.546443748665535
            ],
            [
              -83.53444143326797,
              24.54653389913487
            ],
            [
              -83.53453999106,
              24.54653616717114
            ],
            [
              -83.53453751153859,
              24.546626317648567
            ],
            [
              -83.53522741691236,
              24.54664219216991
            ],
            [
              -83.53522989594255,
              24.546552041626647
            ],
            [
              -83.53572268550691,
              24.54656337859657
            ],
            [
              -83.53572516417415,
              24.54647322800496
            ],
            [
              -83.5358237220531,
              24.546475495196855
            ],
            [
              -83.53582620063808,
              24.546385344594526
            ],
            [
              -83.53612187413688,
              24.546392145756627
            ],
            [
              -83.53612435249927,
              24.546301995124782
            ],
            [
              -83.5362229102862,
              24.546304262040955
            ],
            [
              -83.53622538856634,
              24.5462141113984
            ],
            [
              -83.53632394629516,
              24.54621637824094
            ],
            [
              -83.53632642449304,
              24.54612622758766
            ],
            [
              -83.53642498216378,
              24.546128494356577
            ],
            [
              -83.5364274602794,
              24.546038343692587
            ],
            [
              -83.53652601789206,
              24.54604061038787
            ],
            [
              -83.53653097394674,
              24.54586030903714
            ],
            [
              -83.53662953143112,
              24.54586257564939
            ],
            [
              -83.53663448729714,
              24.545682274274622
            ],
            [
              -83.53673304465326,
              24.545684540803837
            ],
            [
              -83.53673800033063,
              24.545504239405012
            ],
            [
              -83.53683655755849,
              24.545506505851204
            ],
            [
              -83.53683903530887,
              24.545416355140418
            ],
            [
              -83.53693759247865,
              24.545418621512983
            ],
            [
              -83.5369400701468,
              24.54532847079149
            ],
            [
              -83.53703862725845,
              24.545330737090424
            ],
            [
              -83.53704358241819,
              24.545150435624688
            ],
            [
              -83.53714213940161,
              24.5451527018406
            ],
            [
              -83.53714461689319,
              24.54506255109637
            ],
            [
              -83.5373417307559,
              24.545067083316713
            ],
            [
              -83.53734420809506,
              24.54497693255237
            ],
            [
              -83.53793554955199,
              24.544990527615624
            ],
            [
              -83.53793307263383,
              24.545080678436367
            ],
            [
              -83.53822874373579,
              24.545087475129144
            ],
            [
              -83.53822626701607,
              24.54517762597676
            ],
            [
              -83.5385219384372,
              24.54518442211971
            ],
            [
              -83.53852441494642,
              24.5450942712439
            ],
            [
              -83.53941142923013,
              24.545114656119992
            ],
            [
              -83.53940895335244,
              24.545204807080353
            ],
            [
              -83.54019741187552,
              24.54522292267801
            ],
            [
              -83.54019988719186,
              24.54513277164251
            ],
            [
              -83.54059411646233,
              24.545141827862345
            ],
            [
              -83.54059659148594,
              24.545051676787956
            ],
            [
              -83.54108937799462,
              24.54506299557072
            ],
            [
              -83.54109185265531,
              24.54497284444807
            ],
            [
              -83.54158463911472,
              24.54498416157824
            ],
            [
              -83.54158216480488,
              24.54507431274783
            ],
            [
              -83.54197639447018,
              24.545083365333454
            ],
            [
              -83.54197392042897,
              24.545173516539283
            ],
            [
              -83.54207247794562,
              24.545175779534507
            ],
            [
              -83.54207000396251,
              24.54526593074841
            ],
            [
              -83.54216856156138,
              24.545268193688802
            ],
            [
              -83.54216608763639,
              24.545358344910788
            ],
            [
              -83.5422646453175,
              24.54536060779633
            ],
            [
              -83.54226217145062,
              24.545450759026387
            ],
            [
              -83.54236072921395,
              24.545453021857092
            ],
            [
              -83.54235825540518,
              24.545543173095222
            ],
            [
              -83.54255537110838,
              24.54554769858272
            ],
            [
              -83.54255289742788,
              24.545637849838318
            ],
            [
              -83.54265145536775,
              24.545640112495107
            ],
            [
              -83.54264898174537,
              24.54573026375877
            ],
            [
              -83.54274753976746,
              24.545732526360727
            ],
            [
              -83.54273269820106,
              24.546273433971475
            ],
            [
              -83.54263413975792,
              24.54627117131321
            ],
            [
              -83.54263166605115,
              24.546361322567698
            ],
            [
              -83.5425331075499,
              24.54635905983582
            ],
            [
              -83.5425306337609,
              24.5464492110796
            ],
            [
              -83.54233351665424,
              24.546444685404385
            ],
            [
              -83.54233104271282,
              24.54653483662808
            ],
            [
              -83.54203536693274,
              24.546528047605374
            ],
            [
              -83.54203289276873,
              24.5466181987996
            ],
            [
              -83.54183577550197,
              24.546613672444536
            ],
            [
              -83.54183330118555,
              24.54670382361868
            ],
            [
              -83.54143906651603,
              24.54669477010022
            ],
            [
              -83.54143659190684,
              24.546784921235496
            ],
            [
              -83.54123947450411,
              24.546780394072105
            ],
            [
              -83.54123699974251,
              24.546870545187296
            ],
            [
              -83.54113844098906,
              24.546868281499865
            ],
            [
              -83.54113596614523,
              24.546958432604352
            ],
            [
              -83.54103740733368,
              24.5469561688433
            ],
            [
              -83.54103245746946,
              24.547136471029557
            ],
            [
              -83.5409338985296,
              24.547134207185493
            ],
            [
              -83.5409314235092,
              24.54722435826727
            ],
            [
              -83.54073430552535,
              24.547219830367663
            ],
            [
              -83.54073183035254,
              24.54730998142934
            ],
            [
              -83.54063327130854,
              24.547307717373805
            ],
            [
              -83.54063079605349,
              24.54739786842478
            ],
            [
              -83.54053223695136,
              24.54739560429562
            ],
            [
              -83.54052976161407,
              24.54748575533589
            ],
            [
              -83.54043120245383,
              24.547483491133097
            ],
            [
              -83.5404287270343,
              24.54757364216267
            ],
            [
              -83.54033016781594,
              24.547571377886253
            ],
            [
              -83.54032769231416,
              24.547661528905127
            ],
            [
              -83.5401305737733,
              24.547657000140816
            ],
            [
              -83.5401280981191,
              24.547747151139585
            ],
            [
              -83.54002953879657,
              24.54774488665169
            ],
            [
              -83.54002706306014,
              24.54783503763976
            ],
            [
              -83.53982994431095,
              24.547830508452478
            ],
            [
              -83.53982499252113,
              24.5480108103871
            ],
            [
              -83.53972643302428,
              24.54800854567832
            ],
            [
              -83.53972395704109,
              24.548098696634277
            ],
            [
              -83.53962539748613,
              24.54809643185187
            ],
            [
              -83.53962292142069,
              24.548186582797115
            ],
            [
              -83.53942580220661,
              24.548182053020817
            ],
            [
              -83.5394208497588,
              24.548362354869795
            ],
            [
              -83.5393222900295,
              24.548360089866506
            ],
            [
              -83.53931981371731,
              24.548450240779626
            ],
            [
              -83.5392212539299,
              24.54844797570271
            ],
            [
              -83.53921630112892,
              24.548628277506232
            ],
            [
              -83.53911774121322,
              24.54862601234629
            ],
            [
              -83.53911526472446,
              24.548716163236683
            ],
            [
              -83.53901670475064,
              24.548713898003108
            ],
            [
              -83.53901422817962,
              24.548804048882804
            ],
            [
              -83.5389156681477,
              24.548801783575595
            ],
            [
              -83.53891319149442,
              24.548891934444576
            ],
            [
              -83.53881463140438,
              24.548889669063733
            ],
            [
              -83.53881215466883,
              24.548979819922014
            ],
            [
              -83.53871359452069,
              24.54897755446754
            ],
            [
              -83.5387111177029,
              24.54906770531511
            ],
            [
              -83.53851399730246,
              24.549063174194657
            ],
            [
              -83.53851152033224,
              24.549153325022118
            ],
            [
              -83.53831439983969,
              24.54914879362593
            ],
            [
              -83.53831192271703,
              24.54923894443328
            ],
            [
              -83.53801624185824,
              24.549232146829024
            ],
            [
              -83.53801128715557,
              24.549412448383414
            ],
            [
              -83.53791272675309,
              24.549410182368053
            ],
            [
              -83.53790529439794,
              24.5496806346616
            ],
            [
              -83.53780673379698,
              24.549678368553803
            ],
            [
              -83.53780177869281,
              24.54985867005748
            ],
            [
              -83.53770321796357,
              24.549856403866645
            ],
            [
              -83.53770074032317,
              24.549946554607118
            ],
            [
              -83.5375036187605,
              24.549942022013937
            ],
            [
              -83.53750114096766,
              24.550032172734298
            ],
            [
              -83.53720545850369,
              24.55002537333454
            ],
            [
              -83.5372029804882,
              24.55011552402539
            ],
            [
              -83.53661161546522,
              24.550101923435005
            ],
            [
              -83.53660913701655,
              24.55019207406813
            ],
            [
              -83.53631345445757,
              24.550185272877492
            ],
            [
              -83.53631097578625,
              24.5502754234811
            ],
            [
              -83.53601529312543,
              24.550268621684097
            ],
            [
              -83.53601281423147,
              24.55035877225818
            ],
            [
              -83.53581569237762,
              24.550354237386838
            ],
            [
              -83.53581321333121,
              24.550444387940797
            ],
            [
              -83.5355175304305,
              24.55043758512377
            ],
            [
              -83.53551505116141,
              24.550527735648203
            ]
          ]
        ]
      },
      "properties": {
        "incident_id": "SP-009",
        "type": "AI-detected-slick",
        "source": "Sentinel-1 SAR",
        "method": "U-Net segmentation + radiometric filtering"
      }
    },
    {
      "type": "Feature",
      "geometry": {
        "type": "Polygon",
        "coordinates": [
          [
            [
              -83.52489291286528,
              24.549471102555465
            ],
            [
              -83.52420299960046,
              24.549455179031234
            ],
            [
              -83.52420548683185,
              24.549365029578286
            ],
            [
              -83.5241069279127,
              24.549362754541608
            ],
            [
              -83.52410941520215,
              24.549272605096778
            ],
            [
              -83.52391229754055,
              24.549268054849588
            ],
            [
              -83.5239172723638,
              24.54908775599374
            ],
            [
              -83.52372015503141,
              24.549083205527353
            ],
            [
              -83.52372513008689,
              24.54890290670399
            ],
            [
              -83.52362657157924,
              24.548900631393323
            ],
            [
              -83.52363154672659,
              24.548720332583574
            ],
            [
              -83.52353298837141,
              24.54871805722755
            ],
            [
              -83.52355786408238,
              24.547816563194303
            ],
            [
              -83.52345930644111,
              24.547814287868416
            ],
            [
              -83.52348915653589,
              24.54673249496827
            ],
            [
              -83.52339059974882,
              24.5467302196914
            ],
            [
              -83.52342044893969,
              24.545648426715236
            ],
            [
              -83.52332189300677,
              24.545646151487382
            ],
            [
              -83.52334676670046,
              24.544744657290373
            ],
            [
              -83.5232482114813,
              24.544742382092682
            ],
            [
              -83.52326313553654,
              24.54420148556801
            ],
            [
              -83.52316458075047,
              24.54419921036272
            ],
            [
              -83.52316955547887,
              24.544018911529527
            ],
            [
              -83.52307100084525,
              24.544016636278897
            ],
            [
              -83.52307348826143,
              24.54392648686976
            ],
            [
              -83.5229749337101,
              24.54392421156435
            ],
            [
              -83.52297742118432,
              24.543834062163334
            ],
            [
              -83.52287886671527,
              24.543831786803146
            ],
            [
              -83.52288384176762,
              24.543651488016067
            ],
            [
              -83.52278528745103,
              24.543649212610532
            ],
            [
              -83.52278777502917,
              24.54355906322446
            ],
            [
              -83.52268922079486,
              24.543556787764153
            ],
            [
              -83.52269668366704,
              24.543286339626366
            ],
            [
              -83.52259812965531,
              24.543284064130155
            ],
            [
              -83.5226080802624,
              24.542923466632452
            ],
            [
              -83.52250952654343,
              24.542921191109787
            ],
            [
              -83.52251698958189,
              24.542650743001033
            ],
            [
              -83.52241843608552,
              24.542648467442465
            ],
            [
              -83.5224258992253,
              24.542378019350195
            ],
            [
              -83.52232734595151,
              24.54237574375574
            ],
            [
              -83.52233978462604,
              24.54192499695621
            ],
            [
              -83.52224123171516,
              24.54192272134474
            ],
            [
              -83.52226362119666,
              24.54111137710774
            ],
            [
              -83.5223621734762,
              24.54111365263426
            ],
            [
              -83.52236466106557,
              24.541023503258582
            ],
            [
              -83.52246321328708,
              24.541025778711447
            ],
            [
              -83.52246570079419,
              24.540935629325013
            ],
            [
              -83.5226628051333,
              24.540940180019238
            ],
            [
              -83.52266529248799,
              24.540850030612617
            ],
            [
              -83.52424212782427,
              24.540886426769273
            ],
            [
              -83.52423964159196,
              24.54097657632688
            ],
            [
              -83.52453529877342,
              24.54098339880459
            ],
            [
              -83.52453281273944,
              24.541073548389193
            ],
            [
              -83.52463136522765,
              24.54107582242945
            ],
            [
              -83.5246288792517,
              24.541165972022167
            ],
            [
              -83.52472743182217,
              24.54116824600764
            ],
            [
              -83.52471997403207,
              24.54143869480622
            ],
            [
              -83.5248185268251,
              24.541440968755786
            ],
            [
              -83.52481106913638,
              24.541711417570834
            ],
            [
              -83.524909622152,
              24.54171369148449
            ],
            [
              -83.52490713630168,
              24.541803841096314
            ],
            [
              -83.52500568939956,
              24.541806114955186
            ],
            [
              -83.52500320360727,
              24.54189626457513
            ],
            [
              -83.52510175678742,
              24.54189853837922
            ],
            [
              -83.52509429954831,
              24.54216898725946
            ],
            [
              -83.52519285295105,
              24.54217126102764
            ],
            [
              -83.52518291007652,
              24.54253185955396
            ],
            [
              -83.52528146377199,
              24.54253413329565
            ],
            [
              -83.52527400669935,
              24.542804582204887
            ],
            [
              -83.52537256061741,
              24.54280685591066
            ],
            [
              -83.52536758931537,
              24.54298715519578
            ],
            [
              -83.52546614338584,
              24.542989428856202
            ],
            [
              -83.52546365778682,
              24.543079578506227
            ],
            [
              -83.52556221193957,
              24.543081852111865
            ],
            [
              -83.52555724084546,
              24.54326215142682
            ],
            [
              -83.52565579515066,
              24.543264424987107
            ],
            [
              -83.52565082414839,
              24.54344472431567
            ],
            [
              -83.52574937860602,
              24.543446997830603
            ],
            [
              -83.52574440769563,
              24.54362729717278
            ],
            [
              -83.52584296230567,
              24.543629570642352
            ],
            [
              -83.52584047690246,
              24.543719720320894
            ],
            [
              -83.5259390315948,
              24.543721993735684
            ],
            [
              -83.52593654624962,
              24.543812143422347
            ],
            [
              -83.52603510102423,
              24.543814416782347
            ],
            [
              -83.52603261573711,
              24.543904566477124
            ],
            [
              -83.52613117059398,
              24.54390683978233
            ],
            [
              -83.52612868536491,
              24.54399698948522
            ],
            [
              -83.52622724030407,
              24.543999262735642
            ],
            [
              -83.52622475513304,
              24.54408941244666
            ],
            [
              -83.52632331015447,
              24.544091685642286
            ],
            [
              -83.5263208250415,
              24.544181835361407
            ],
            [
              -83.5264193801452,
              24.54418410850225
            ],
            [
              -83.52641689509026,
              24.54427425822949
            ],
            [
              -83.52651545027625,
              24.544276531315543
            ],
            [
              -83.52651296527935,
              24.5443666810509
            ],
            [
              -83.52661152054762,
              24.544368954082152
            ],
            [
              -83.52660903560879,
              24.54445910382562
            ],
            [
              -83.52670759095933,
              24.544461376802087
            ],
            [
              -83.52670510607854,
              24.544551526553676
            ],
            [
              -83.52690221695627,
              24.5445560723328
            ],
            [
              -83.5268997322037,
              24.54464622210193
            ],
            [
              -83.52699828773089,
              24.54464849490459
            ],
            [
              -83.52699580303637,
              24.54473864468183
            ],
            [
              -83.52709435864585,
              24.544740917429692
            ],
            [
              -83.52709187400939,
              24.544831067215053
            ],
            [
              -83.52768320834156,
              24.54484470241014
            ],
            [
              -83.52768072411396,
              24.544934852250734
            ],
            [
              -83.52827205930305,
              24.54494848519039
            ],
            [
              -83.52827454310965,
              24.544858335293238
            ],
            [
              -83.52847165479588,
              24.544862879073833
            ],
            [
              -83.52847413845005,
              24.544772729156524
            ],
            [
              -83.52857269424115,
              24.54477500094106
            ],
            [
              -83.52857517781304,
              24.54468485101301
            ],
            [
              -83.5286737335461,
              24.544687122723904
            ],
            [
              -83.52867621703572,
              24.544596972785115
            ],
            [
              -83.52887332839781,
              24.544601515995392
            ],
            [
              -83.52887581173499,
              24.544511366036446
            ],
            [
              -83.52907292300517,
              24.544515908970993
            ],
            [
              -83.52907540618993,
              24.544425758991895
            ],
            [
              -83.52917396177301,
              24.544428030353416
            ],
            [
              -83.5291764448755,
              24.544337880363578
            ],
            [
              -83.52927500040053,
              24.544340151651454
            ],
            [
              -83.52927748342074,
              24.544250001650877
            ],
            [
              -83.52947459436677,
              24.54425454401513
            ],
            [
              -83.52947707723457,
              24.544164393994404
            ],
            [
              -83.52977274353391,
              24.544171207030857
            ],
            [
              -83.52977522617911,
              24.54408105698056
            ],
            [
              -83.53026800323589,
              24.544092410709812
            ],
            [
              -83.53027048551817,
              24.544002260611105
            ],
            [
              -83.53046759628526,
              24.544006801634428
            ],
            [
              -83.53047007841512,
              24.543916651515566
            ],
            [
              -83.530765744446,
              24.54392346254065
            ],
            [
              -83.53076326252663,
              24.54401361268776
            ],
            [
              -83.53086181796462,
              24.544015882910433
            ],
            [
              -83.5308593361033,
              24.54410603306565
            ],
            [
              -83.5310564471559,
              24.544110573337168
            ],
            [
              -83.53105396542281,
              24.544200723509906
            ],
            [
              -83.53125107666413,
              24.54420526354337
            ],
            [
              -83.53125355825689,
              24.544115113351797
            ],
            [
              -83.53164778060402,
              24.544124192610415
            ],
            [
              -83.53165026190403,
              24.544034042379863
            ],
            [
              -83.53253726226113,
              24.544054466870115
            ],
            [
              -83.5325347815926,
              24.544144617185378
            ],
            [
              -83.53263333731847,
              24.544146886261494
            ],
            [
              -83.532630856708,
              24.544237036584867
            ],
            [
              -83.53272941251612,
              24.544239305606162
            ],
            [
              -83.53271949023397,
              24.54459990692415
            ],
            [
              -83.53281804633485,
              24.544602175918882
            ],
            [
              -83.53281308526157,
              24.54478247658882
            ],
            [
              -83.53291164151486,
              24.544784745538152
            ],
            [
              -83.53290916103025,
              24.544874895880564
            ],
            [
              -83.53310627371343,
              24.54487943360538
            ],
            [
              -83.53310379335706,
              24.544969583965305
            ],
            [
              -83.53320234978696,
              24.544971852740787
            ],
            [
              -83.53319738917828,
              24.545152153475513
            ],
            [
              -83.5332959457606,
              24.54515442220559
            ],
            [
              -83.53328602467883,
              24.545515023696925
            ],
            [
              -83.53338458155392,
              24.54551729240043
            ],
            [
              -83.53331264996086,
              24.548131652857233
            ],
            [
              -83.53321409105072,
              24.548129383880827
            ],
            [
              -83.53320912973605,
              24.548309684542456
            ],
            [
              -83.53311057069766,
              24.548307415483
            ],
            [
              -83.53310808995198,
              24.54839756580244
            ],
            [
              -83.53300953085551,
              24.54839529666933
            ],
            [
              -83.53300705002756,
              24.548485446978045
            ],
            [
              -83.532908490873,
              24.54848317777129
            ],
            [
              -83.5329060099628,
              24.548573328069274
            ],
            [
              -83.53241321402042,
              24.54856198102495
            ],
            [
              -83.53241569528153,
              24.548471830774027
            ],
            [
              -83.53212001807177,
              24.548465021804862
            ],
            [
              -83.53212249953131,
              24.54837487158087
            ],
            [
              -83.53202394055577,
              24.548372601805422
            ],
            [
              -83.5320264220734,
              24.548282451589525
            ],
            [
              -83.53192786318013,
              24.548280181759264
            ],
            [
              -83.53193034475585,
              24.54819003155147
            ],
            [
              -83.53173322714595,
              24.548185491717078
            ],
            [
              -83.53173570884991,
              24.5480953415268
            ],
            [
              -83.53163715013329,
              24.54809307152267
            ],
            [
              -83.53163963189536,
              24.548002921340487
            ],
            [
              -83.531541073261,
              24.548000651281548
            ],
            [
              -83.53154603688918,
              24.54782035093208
            ],
            [
              -83.53144747840727,
              24.547818080827728
            ],
            [
              -83.5314499602734,
              24.547727930660443
            ],
            [
              -83.53135140187376,
              24.54772566050128
            ],
            [
              -83.53135388379798,
              24.5476355103421
            ],
            [
              -83.53125532548061,
              24.547633240128118
            ],
            [
              -83.53125780746291,
              24.54754308997703
            ],
            [
              -83.53106069100483,
              24.547538549375215
            ],
            [
              -83.53106317311537,
              24.547448399241656
            ],
            [
              -83.5304718244526,
              24.547434775951167
            ],
            [
              -83.53046934192102,
              24.547524926028213
            ],
            [
              -83.52987799327282,
              24.547511300368917
            ],
            [
              -83.52987551030807,
              24.54760145038815
            ],
            [
              -83.52849569750764,
              24.54756964805898
            ],
            [
              -83.52849818145484,
              24.547479498171654
            ],
            [
              -83.52830106567453,
              24.547474953972934
            ],
            [
              -83.528298581587,
              24.54756510384141
            ],
            [
              -83.52790434989097,
              24.547556014635514
            ],
            [
              -83.52790186551061,
              24.547646164464975
            ],
            [
              -83.5278033075467,
              24.5476438919935
            ],
            [
              -83.52780082308406,
              24.547734041812227
            ],
            [
              -83.52760370705224,
              24.54772949665774
            ],
            [
              -83.52760122243713,
              24.5478196464563
            ],
            [
              -83.5275026643692,
              24.54781737377328
            ],
            [
              -83.5275001796718,
              24.547907523561097
            ],
            [
              -83.52730306343194,
              24.547902977983515
            ],
            [
              -83.52730057858209,
              24.547993127751173
            ],
            [
              -83.52720202041014,
              24.54799085485661
            ],
            [
              -83.52719953547799,
              24.548081004613522
            ],
            [
              -83.52710097724798,
              24.548078731645298
            ],
            [
              -83.52709849223355,
              24.54816888139146
            ],
            [
              -83.52690137566951,
              24.548164335243474
            ],
            [
              -83.52689889050261,
              24.548254484969473
            ],
            [
              -83.52670177384668,
              24.5482499385457
            ],
            [
              -83.52669928852731,
              24.548340088251532
            ],
            [
              -83.52640361342372,
              24.54833326810584
            ],
            [
              -83.52640112788171,
              24.548423417782068
            ],
            [
              -83.5262040110662,
              24.54841887067826
            ],
            [
              -83.52620152537172,
              24.54850902033432
            ],
            [
              -83.52610296691196,
              24.548506746676637
            ],
            [
              -83.52610048113517,
              24.548596896321943
            ],
            [
              -83.52600192261735,
              24.5485946225906
            ],
            [
              -83.52599943675828,
              24.54868477222516
            ],
            [
              -83.5259008781824,
              24.54868249842016
            ],
            [
              -83.52589839224102,
              24.54877264804398
            ],
            [
              -83.52579983360708,
              24.5487703741653
            ],
            [
              -83.5257973475834,
              24.54886052377838
            ],
            [
              -83.5256987888914,
              24.54885824982604
            ],
            [
              -83.52569630278545,
              24.548948399428376
            ],
            [
              -83.52559774403538,
              24.548946125402374
            ],
            [
              -83.52559525784712,
              24.549036274993966
            ],
            [
              -83.52549669903898,
              24.549034000894302
            ],
            [
              -83.52549421276842,
              24.549124150475137
            ],
            [
              -83.52539565390222,
              24.5491218763018
            ],
            [
              -83.52539316754937,
              24.5492120258719
            ],
            [
              -83.52529460862512,
              24.5492097516249
            ],
            [
              -83.52529212218995,
              24.54929990118424
            ],
            [
              -83.52519356320764,
              24.549297626863577
            ],
            [
              -83.52519107669018,
              24.549387776412186
            ],
            [
              -83.52489539960541,
              24.54938095303648
            ],
            [
              -83.52489291286528,
              24.549471102555465
            ]
          ]
        ]
      },
      "properties": {
        "incident_id": "SP-009",
        "type": "AI-detected-slick",
        "source": "Sentinel-1 SAR",
        "method": "U-Net segmentation + radiometric filtering"
      }
    },
    {
      "type": "Feature",
      "geometry": {
        "type": "Polygon",
        "coordinates": [
          [
            [
              -83.56026398700114,
              24.547125928504176
            ],
            [
              -83.55996830423241,
              24.547119174496842
            ],
            [
              -83.55997076563585,
              24.5470290215999
            ],
            [
              -83.55908371860926,
              24.5470087561932
            ],
            [
              -83.55908618063233,
              24.546918603379
            ],
            [
              -83.55888905934323,
              24.54691409926738
            ],
            [
              -83.55889398363408,
              24.546733793672427
            ],
            [
              -83.5587954231479,
              24.54673154153894
            ],
            [
              -83.55892836464471,
              24.541863288999533
            ],
            [
              -83.55902692134161,
              24.541865540628592
            ],
            [
              -83.55902938282101,
              24.541775387758435
            ],
            [
              -83.55912793945974,
              24.541777639313928
            ],
            [
              -83.55913040085697,
              24.541687486433123
            ],
            [
              -83.5615943189701,
              24.541743754215304
            ],
            [
              -83.56159185932694,
              24.54183390732954
            ],
            [
              -83.5618875302147,
              24.54184065679412
            ],
            [
              -83.56188507077005,
              24.541930809935042
            ],
            [
              -83.5620821848955,
              24.54193530927566
            ],
            [
              -83.56207972557917,
              24.54202546243394
            ],
            [
              -83.56217828273006,
              24.542027712017244
            ],
            [
              -83.56217336420177,
              24.54220801834855
            ],
            [
              -83.56227192150496,
              24.5422102678863
            ],
            [
              -83.56225962532527,
              24.542661033738305
            ],
            [
              -83.56235818299129,
              24.54266328325849
            ],
            [
              -83.56234834611242,
              24.543023895953866
            ],
            [
              -83.56244690407108,
              24.543026145447154
            ],
            [
              -83.56244198570005,
              24.54320645180565
            ],
            [
              -83.56254054381105,
              24.543208701253374
            ],
            [
              -83.5625331663751,
              24.543479160809294
            ],
            [
              -83.5624346080536,
              24.543476911333574
            ],
            [
              -83.56242968956268,
              24.543657217678977
            ],
            [
              -83.56233113111283,
              24.543654968120368
            ],
            [
              -83.56232867177921,
              24.543745121281777
            ],
            [
              -83.56242723029925,
              24.543747370849722
            ],
            [
              -83.56242231173641,
              24.54392767718727
            ],
            [
              -83.56252087040878,
              24.54392992670965
            ],
            [
              -83.5625134926851,
              24.54420038623415
            ],
            [
              -83.56261205157996,
              24.544202635720293
            ],
            [
              -83.56260713317793,
              24.544382942082077
            ],
            [
              -83.56250857414273,
              24.54438069257727
            ],
            [
              -83.56250119623924,
              24.54465115208214
            ],
            [
              -83.5624026370055,
              24.544648902485108
            ],
            [
              -83.56240017761019,
              24.544739055641447
            ],
            [
              -83.56230161831826,
              24.544736805970853
            ],
            [
              -83.56229915884079,
              24.544826959116556
            ],
            [
              -83.56220059949067,
              24.544824709372396
            ],
            [
              -83.56219813993103,
              24.544914862507454
            ],
            [
              -83.56209958052273,
              24.54491261268974
            ],
            [
              -83.56208974188355,
              24.54527322517954
            ],
            [
              -83.56218830157256,
              24.545275475034583
            ],
            [
              -83.56217354367519,
              24.545816393786016
            ],
            [
              -83.56207498356513,
              24.545814143874978
            ],
            [
              -83.56206514444635,
              24.54617475631241
            ],
            [
              -83.56196658406756,
              24.546172506299804
            ],
            [
              -83.56196166429588,
              24.546352812492003
            ],
            [
              -83.56186310378871,
              24.54635056239649
            ],
            [
              -83.56185818382869,
              24.546530868564783
            ],
            [
              -83.56175962319317,
              24.54652861838637
            ],
            [
              -83.561757163125,
              24.546618771459222
            ],
            [
              -83.56165860243127,
              24.546616521207238
            ],
            [
              -83.56165614228092,
              24.546706674269448
            ],
            [
              -83.561557581529,
              24.546704423943893
            ],
            [
              -83.56155512129648,
              24.54679457699546
            ],
            [
              -83.56145656048638,
              24.54679232659634
            ],
            [
              -83.56145410017167,
              24.546882479637258
            ],
            [
              -83.56056705278881,
              24.546862223070526
            ],
            [
              -83.56056459183047,
              24.54695237602612
            ],
            [
              -83.56036747018142,
              24.546947873841567
            ],
            [
              -83.56036500907072,
              24.547038026777173
            ],
            [
              -83.56026644819401,
              24.547035775579214
            ],
            [
              -83.56026398700114,
              24.547125928504176
            ]
          ]
        ]
      },
      "properties": {
        "incident_id": "SP-009",
        "type": "AI-detected-slick",
        "source": "Sentinel-1 SAR",
        "method": "U-Net segmentation + radiometric filtering"
      }
    },
    {
      "type": "Feature",
      "geometry": {
        "type": "Polygon",
        "coordinates": [
          [
            [
              -83.55834687252546,
              24.541489166649637
            ],
            [
              -83.55745986596737,
              24.54146889596664
            ],
            [
              -83.55746232852134,
              24.541378743240735
            ],
            [
              -83.55706810397717,
              24.541369732415973
            ],
            [
              -83.55707056679978,
              24.541279579726137
            ],
            [
              -83.55677489872821,
              24.541272820961307
            ],
            [
              -83.55677736174928,
              24.54118266829819
            ],
            [
              -83.55648169399623,
              24.541175908983433
            ],
            [
              -83.55648415721578,
              24.541085756347062
            ],
            [
              -83.55638560139228,
              24.54108350312306
            ],
            [
              -83.55638806466997,
              24.54099335049471
            ],
            [
              -83.55619095319932,
              24.540988843872743
            ],
            [
              -83.55619341660531,
              24.540898691261788
            ],
            [
              -83.55609486095815,
              24.54089643786383
            ],
            [
              -83.55609732442232,
              24.54080628526092
            ],
            [
              -83.55560454671745,
              24.540795017354586
            ],
            [
              -83.55560701052039,
              24.5407048647971
            ],
            [
              -83.55540989966282,
              24.540700357203747
            ],
            [
              -83.55541236359406,
              24.540610204663665
            ],
            [
              -83.55531380825346,
              24.540607950780014
            ],
            [
              -83.55531627224285,
              24.540517798247972
            ],
            [
              -83.5552177169844,
              24.540515544309454
            ],
            [
              -83.55522018103193,
              24.54042539178545
            ],
            [
              -83.55512162585568,
              24.540423137792068
            ],
            [
              -83.555126554055,
              24.540242832758832
            ],
            [
              -83.55502799903105,
              24.54024057871994
            ],
            [
              -83.55503046318286,
              24.540150426210705
            ],
            [
              -83.55493190824107,
              24.54014817211695
            ],
            [
              -83.55493437245103,
              24.540058019615763
            ],
            [
              -83.55483581759141,
              24.54005576546714
            ],
            [
              -83.55483828185952,
              24.539965612973987
            ],
            [
              -83.55473972708207,
              24.53996335877051
            ],
            [
              -83.5547421914083,
              24.539873206285407
            ],
            [
              -83.55464363671302,
              24.53987095202706
            ],
            [
              -83.55464856546973,
              24.539690647071623
            ],
            [
              -83.55455001092679,
              24.53968839276777
            ],
            [
              -83.55455740418223,
              24.539417935352848
            ],
            [
              -83.55445884986175,
              24.53941568101284
            ],
            [
              -83.55446624321951,
              24.539145223614188
            ],
            [
              -83.55436768912149,
              24.539142969238025
            ],
            [
              -83.55437261810688,
              24.53896266431775
            ],
            [
              -83.5542740641612,
              24.53896040989608
            ],
            [
              -83.55428145775964,
              24.538689952533897
            ],
            [
              -83.55418290403641,
              24.53868769807608
            ],
            [
              -83.55421494262535,
              24.53751571615866
            ],
            [
              -83.55411638982605,
              24.537513461758227
            ],
            [
              -83.55414349858691,
              24.53652178468116
            ],
            [
              -83.55424205061463,
              24.536524038978698
            ],
            [
              -83.5542642287973,
              24.535712666622672
            ],
            [
              -83.55436278020578,
              24.535714920771834
            ],
            [
              -83.55437017250667,
              24.53544446326819
            ],
            [
              -83.55446872371677,
              24.535446717325087
            ],
            [
              -83.55447365171702,
              24.535266412297407
            ],
            [
              -83.55457220279884,
              24.5352686662714
            ],
            [
              -83.55458205837463,
              24.5349080561629
            ],
            [
              -83.55468060918793,
              24.534910310035286
            ],
            [
              -83.55472249204858,
              24.533377716681414
            ],
            [
              -83.55462394242753,
              24.533375462968014
            ],
            [
              -83.55464611493245,
              24.532564089946895
            ],
            [
              -83.55474466392235,
              24.532566343576136
            ],
            [
              -83.55475451777619,
              24.532205733273074
            ],
            [
              -83.5548530664976,
              24.532207986800707
            ],
            [
              -83.55486291987874,
              24.531847376439284
            ],
            [
              -83.55496146833167,
              24.531849629865324
            ],
            [
              -83.55496393157681,
              24.531759477262348
            ],
            [
              -83.55506247997161,
              24.531761730614846
            ],
            [
              -83.55506494313461,
              24.531671578001202
            ],
            [
              -83.55526203982004,
              24.53167608449493
            ],
            [
              -83.55526696582952,
              24.531495779226322
            ],
            [
              -83.55536551404998,
              24.531498032358204
            ],
            [
              -83.5553679769666,
              24.531407879712578
            ],
            [
              -83.55546652512896,
              24.53141013277092
            ],
            [
              -83.55546898796344,
              24.531319980114635
            ],
            [
              -83.55556753606768,
              24.53132223309944
            ],
            [
              -83.55557246156036,
              24.531141927764253
            ],
            [
              -83.55567100953637,
              24.531144180666164
            ],
            [
              -83.55567593484078,
              24.530963875307044
            ],
            [
              -83.55577448268856,
              24.53096612812607
            ],
            [
              -83.55577694525263,
              24.530875975435194
            ],
            [
              -83.55587549304231,
              24.530878228180693
            ],
            [
              -83.55587795552425,
              24.530788075479162
            ],
            [
              -83.55597650325579,
              24.530790328151117
            ],
            [
              -83.55597896565561,
              24.530700175438923
            ],
            [
              -83.55607751332904,
              24.53070242803734
            ],
            [
              -83.55607997564675,
              24.530612275314493
            ],
            [
              -83.55617852326208,
              24.530614527839383
            ],
            [
              -83.55618098549765,
              24.530524375105877
            ],
            [
              -83.55627953305486,
              24.530526627557226
            ],
            [
              -83.55628445734973,
              24.530346322067597
            ],
            [
              -83.55638300477871,
              24.530348574436065
            ],
            [
              -83.55638546683804,
              24.530258421679935
            ],
            [
              -83.55648401420889,
              24.530260673974873
            ],
            [
              -83.55648893815128,
              24.53008036844
            ],
            [
              -83.5565874853939,
              24.530082620652056
            ],
            [
              -83.55659240914805,
              24.52990231509325
            ],
            [
              -83.55669095626244,
              24.529904567222427
            ],
            [
              -83.5566934180514,
              24.529814414431716
            ],
            [
              -83.55679196510768,
              24.52981666648736
            ],
            [
              -83.55679688850933,
              24.52963636088332
            ],
            [
              -83.5568954354374,
              24.52963861285609
            ],
            [
              -83.55689789705009,
              24.529548460042754
            ],
            [
              -83.55699644392004,
              24.529550711941994
            ],
            [
              -83.55699890545061,
              24.529460559118007
            ],
            [
              -83.55709745226247,
              24.529462810943723
            ],
            [
              -83.5571023751474,
              24.52928250527313
            ],
            [
              -83.55720092183101,
              24.529284757015965
            ],
            [
              -83.55720338318534,
              24.529194604169362
            ],
            [
              -83.55730192981085,
              24.52919685583867
            ],
            [
              -83.55730439108306,
              24.529106702981416
            ],
            [
              -83.55740293765047,
              24.5291089545772
            ],
            [
              -83.55740786001869,
              24.52892864884006
            ],
            [
              -83.55750640645785,
              24.52893090035298
            ],
            [
              -83.55751132863784,
              24.52875059459192
            ],
            [
              -83.55760987494878,
              24.528752846021966
            ],
            [
              -83.55761233595067,
              24.528662693130123
            ],
            [
              -83.5577108822035,
              24.528664944486646
            ],
            [
              -83.55771334312325,
              24.528574791584155
            ],
            [
              -83.55781188931797,
              24.528577042867152
            ],
            [
              -83.55781681098131,
              24.528396737039557
            ],
            [
              -83.55801390312628,
              24.52840123937563
            ],
            [
              -83.55801636379972,
              24.52831108644118
            ],
            [
              -83.55811490982009,
              24.528313337503604
            ],
            [
              -83.55811737041142,
              24.52822318455851
            ],
            [
              -83.55880719239919,
              24.528238940133008
            ],
            [
              -83.55880473229864,
              24.5283290931435
            ],
            [
              -83.55890327841499,
              24.528331343692475
            ],
            [
              -83.55890081837255,
              24.528421496710983
            ],
            [
              -83.55899936457101,
              24.52842374720512
            ],
            [
              -83.55897968436057,
              24.529144971380862
            ],
            [
              -83.55907823113192,
              24.52914722188553
            ],
            [
              -83.55907577112175,
              24.529237374910952
            ],
            [
              -83.55897722428028,
              24.529235124396934
            ],
            [
              -83.558974764188,
              24.529325277411704
            ],
            [
              -83.55907331109958,
              24.529327527935056
            ],
            [
              -83.55907085106543,
              24.529417680957852
            ],
            [
              -83.55897230408372,
              24.529415430425153
            ],
            [
              -83.55894278189672,
              24.53049726648458
            ],
            [
              -83.5588442340856,
              24.530495015775625
            ],
            [
              -83.55883685305858,
              24.530765474732995
            ],
            [
              -83.5587383050491,
              24.53076322393183
            ],
            [
              -83.55872846323129,
              24.531123835819322
            ],
            [
              -83.55862991495333,
              24.5311215849166
            ],
            [
              -83.55861269081943,
              24.53175265560392
            ],
            [
              -83.55871123958826,
              24.531754906572026
            ],
            [
              -83.55870631843942,
              24.53193521248959
            ],
            [
              -83.5588048673605,
              24.531937463412184
            ],
            [
              -83.5587999463039,
              24.53211776934319
            ],
            [
              -83.55889849537724,
              24.53212002022028
            ],
            [
              -83.55886158697511,
              24.53347231467605
            ],
            [
              -83.55876303684987,
              24.533470063658854
            ],
            [
              -83.55874827231239,
              24.534010981302643
            ],
            [
              -83.55864972177834,
              24.53400873016521
            ],
            [
              -83.55863003449542,
              24.534729953542218
            ],
            [
              -83.55853148341231,
              24.534727702265855
            ],
            [
              -83.55852163920234,
              24.535088313885574
            ],
            [
              -83.55842308785068,
              24.53508606250764
            ],
            [
              -83.55840339829366,
              24.53580728560951
            ],
            [
              -83.5583048463929,
              24.535805034092636
            ],
            [
              -83.55830238507413,
              24.535895186965142
            ],
            [
              -83.55840093704504,
              24.53589743849135
            ],
            [
              -83.55839847578443,
              24.53598759137189
            ],
            [
              -83.55829992374336,
              24.53598533983633
            ],
            [
              -83.55829500104583,
              24.536165645574783
            ],
            [
              -83.5581964488765,
              24.53616339395634
            ],
            [
              -83.5581915259907,
              24.536343699670866
            ],
            [
              -83.55799442140747,
              24.536339196203997
            ],
            [
              -83.5579845749307,
              24.536699807542607
            ],
            [
              -83.55788602237652,
              24.53669755567549
            ],
            [
              -83.5578737136598,
              24.537148319772577
            ],
            [
              -83.5577751607669,
              24.537146067794534
            ],
            [
              -83.5577579275684,
              24.53777713741005
            ],
            [
              -83.55765937419648,
              24.537774885302394
            ],
            [
              -83.55764706405816,
              24.538225649227474
            ],
            [
              -83.55774561778081,
              24.538227901381845
            ],
            [
              -83.55774069378175,
              24.5384082069614
            ],
            [
              -83.55793780154366,
              24.53841271111489
            ],
            [
              -83.55793533966643,
              24.538502863921394
            ],
            [
              -83.55803389363554,
              24.538505115911168
            ],
            [
              -83.55803143181645,
              24.538595268725697
            ],
            [
              -83.55822853993097,
              24.5385997725313
            ],
            [
              -83.5582236165374,
              24.538780078193806
            ],
            [
              -83.55842072498052,
              24.538784581779936
            ],
            [
              -83.55841580181955,
              24.538964887474584
            ],
            [
              -83.55861291059128,
              24.538969390841228
            ],
            [
              -83.55860798766291,
              24.539149696568
            ],
            [
              -83.55870654220709,
              24.539151948173693
            ],
            [
              -83.558701619371,
              24.53933225391391
            ],
            [
              -83.55880017406749,
              24.539334505474066
            ],
            [
              -83.55874848286408,
              24.541227715626324
            ],
            [
              -83.5586499266943,
              24.541225463869996
            ],
            [
              -83.55864500330624,
              24.54140576954999
            ],
            [
              -83.55834933444798,
              24.541399013839627
            ],
            [
              -83.55834687252546,
              24.541489166649637
            ]
          ]
        ]
      },
      "properties": {
        "incident_id": "SP-009",
        "type": "AI-detected-slick",
        "source": "Sentinel-1 SAR",
        "method": "U-Net segmentation + radiometric filtering"
      }
    },
    {
      "type": "Feature",
      "geometry": {
        "type": "Polygon",
        "coordinates": [
          [
            [
              -83.52395144381148,
              24.54069930467941
            ],
            [
              -83.52247316324276,
              24.540665181157834
            ],
            [
              -83.52247565070137,
              24.54057503176615
            ],
            [
              -83.52227854697196,
              24.540570480890608
            ],
            [
              -83.52228103455872,
              24.54048033151648
            ],
            [
              -83.52218248278234,
              24.54047805599184
            ],
            [
              -83.52218497042715,
              24.54038790662584
            ],
            [
              -83.52208641873304,
              24.540385631046433
            ],
            [
              -83.52208890643585,
              24.54029548168856
            ],
            [
              -83.52199035482403,
              24.540293206054386
            ],
            [
              -83.52199533033357,
              24.54011290735358
            ],
            [
              -83.52189677887415,
              24.54011063167408
            ],
            [
              -83.52190175447546,
              24.539930332986895
            ],
            [
              -83.52180320316847,
              24.539928057262067
            ],
            [
              -83.52181315450613,
              24.539567459909705
            ],
            [
              -83.52191170553256,
              24.539569735596768
            ],
            [
              -83.5219141932665,
              24.539479586245942
            ],
            [
              -83.52181564231023,
              24.539477310568323
            ],
            [
              -83.5218181301022,
              24.539387161225633
            ],
            [
              -83.52191668098834,
              24.539389436893813
            ],
            [
              -83.52191916869803,
              24.539299287540366
            ],
            [
              -83.52182061788204,
              24.539297011881626
            ],
            [
              -83.5218355443064,
              24.538756115789987
            ],
            [
              -83.52173699392338,
              24.53875384012369
            ],
            [
              -83.5217544080243,
              24.53812279468974
            ],
            [
              -83.52185295791635,
              24.53812507028995
            ],
            [
              -83.52187037093205,
              24.53749402472551
            ],
            [
              -83.52196892034527,
              24.537496300195432
            ],
            [
              -83.5219714078003,
              24.53740615081439
            ],
            [
              -83.52206995715551,
              24.53740842621068
            ],
            [
              -83.52208239389807,
              24.536957679238533
            ],
            [
              -83.52218094291474,
              24.53695995452342
            ],
            [
              -83.52219586618489,
              24.536419058056847
            ],
            [
              -83.52229441479287,
              24.536421333220893
            ],
            [
              -83.52230685016723,
              24.535970586082076
            ],
            [
              -83.52240539843669,
              24.53597286113473
            ],
            [
              -83.52243275442183,
              24.534981217209868
            ],
            [
              -83.52233420692376,
              24.534978942261045
            ],
            [
              -83.52233918072187,
              24.534798643367406
            ],
            [
              -83.52224063337619,
              24.53479636837327
            ],
            [
              -83.52224560726604,
              24.534616069493264
            ],
            [
              -83.52204851289154,
              24.534611519350175
            ],
            [
              -83.52205099995854,
              24.534521369927077
            ],
            [
              -83.5219524528596,
              24.53451909476869
            ],
            [
              -83.52195493998458,
              24.534428945353728
            ],
            [
              -83.52175784596332,
              24.534424394863258
            ],
            [
              -83.52176033321645,
              24.534334245465853
            ],
            [
              -83.52156323938394,
              24.53432969473751
            ],
            [
              -83.52156572676516,
              24.534239545357675
            ],
            [
              -83.52146717993722,
              24.534237269906658
            ],
            [
              -83.52146966737645,
              24.534147120534954
            ],
            [
              -83.52137112063075,
              24.534144845029196
            ],
            [
              -83.52137360812797,
              24.53405469566561
            ],
            [
              -83.52127506146454,
              24.534052420105105
            ],
            [
              -83.52127754901976,
              24.53396227074965
            ],
            [
              -83.52117900243857,
              24.533959995134403
            ],
            [
              -83.52118149005177,
              24.53386984578708
            ],
            [
              -83.52059021124006,
              24.533856190804265
            ],
            [
              -83.52059269926187,
              24.533766041512283
            ],
            [
              -83.52049415290583,
              24.533763765466603
            ],
            [
              -83.52049912905329,
              24.533583466897596
            ],
            [
              -83.5204005828496,
              24.53358119080661
            ],
            [
              -83.5204055590888,
              24.53340089225123
            ],
            [
              -83.5203070130375,
              24.533398616114958
            ],
            [
              -83.52031198936838,
              24.533218317573205
            ],
            [
              -83.52021344346946,
              24.533216041391636
            ],
            [
              -83.52021841989206,
              24.533035742863518
            ],
            [
              -83.5201198741455,
              24.533033466636653
            ],
            [
              -83.52012485065981,
              24.532853168122166
            ],
            [
              -83.52002630506561,
              24.532850891850007
            ],
            [
              -83.52002879337469,
              24.53276074260024
            ],
            [
              -83.51993024786273,
              24.532758466273332
            ],
            [
              -83.51993522458473,
              24.53257816778875
            ],
            [
              -83.51983667922514,
              24.53257589141656
            ],
            [
              -83.51984165603884,
              24.532395592945605
            ],
            [
              -83.5197431108316,
              24.532393316528115
            ],
            [
              -83.51974559929037,
              24.532303167300118
            ],
            [
              -83.51964705416539,
              24.532300890827894
            ],
            [
              -83.51965203118675,
              24.532120592386843
            ],
            [
              -83.51955348621414,
              24.53211831586933
            ],
            [
              -83.51955846332719,
              24.53193801744192
            ],
            [
              -83.51945991850694,
              24.531935740879117
            ],
            [
              -83.51946240711538,
              24.531845591672884
            ],
            [
              -83.51936386237738,
              24.531843315055344
            ],
            [
              -83.51936883969807,
              24.531663016657834
            ],
            [
              -83.51927029511243,
              24.531660739995008
            ],
            [
              -83.51927278382469,
              24.53157059080373
            ],
            [
              -83.51917423932129,
              24.531568314086172
            ],
            [
              -83.51917672809152,
              24.53147816490302
            ],
            [
              -83.51907818367037,
              24.531475888130725
            ],
            [
              -83.51908067249859,
              24.53138573895572
            ],
            [
              -83.51898212815969,
              24.531383462128698
            ],
            [
              -83.51898461704587,
              24.531293312961814
            ],
            [
              -83.51888607278921,
              24.53129103608006
            ],
            [
              -83.51888856173339,
              24.53120088692132
            ],
            [
              -83.51879001755897,
              24.53119860998483
            ],
            [
              -83.51879250656111,
              24.531108460834226
            ],
            [
              -83.51869396246894,
              24.531106183843008
            ],
            [
              -83.51869645152907,
              24.531016034700528
            ],
            [
              -83.51859790751914,
              24.531013757654584
            ],
            [
              -83.51860039663723,
              24.530923608520244
            ],
            [
              -83.51850185270955,
              24.53092133141957
            ],
            [
              -83.51850434188562,
              24.53083118229336
            ],
            [
              -83.51840579804018,
              24.530828905137955
            ],
            [
              -83.51840828727421,
              24.530738756019886
            ],
            [
              -83.51830974351103,
              24.530736478809747
            ],
            [
              -83.51831223280303,
              24.530646329699813
            ],
            [
              -83.5181151454533,
              24.530641775105916
            ],
            [
              -83.51811763487338,
              24.53055162601357
            ],
            [
              -83.5179205477124,
              24.530547071181857
            ],
            [
              -83.51792303726056,
              24.530456922107096
            ],
            [
              -83.51782449376839,
              24.530454644604426
            ],
            [
              -83.5178294729685,
              24.53027434646986
            ],
            [
              -83.51773092962868,
              24.530272068921914
            ],
            [
              -83.51773341928065,
              24.530181919862116
            ],
            [
              -83.51763487602307,
              24.53017964225945
            ],
            [
              -83.517637365733,
              24.530089493207782
            ],
            [
              -83.51753882255767,
              24.530087215550385
            ],
            [
              -83.51754131232555,
              24.52999706650686
            ],
            [
              -83.51744276923246,
              24.529994788794742
            ],
            [
              -83.51744525905832,
              24.52990463975935
            ],
            [
              -83.51734671604748,
              24.529902361992512
            ],
            [
              -83.51734920593131,
              24.529812212965258
            ],
            [
              -83.51725066300271,
              24.529809935143696
            ],
            [
              -83.51725564287415,
              24.529629637104154
            ],
            [
              -83.5171571000979,
              24.52962735923732
            ],
            [
              -83.51716208006098,
              24.529447061211425
            ],
            [
              -83.51706353743708,
              24.529444783299326
            ],
            [
              -83.51706851749181,
              24.529264485287076
            ],
            [
              -83.51696997502026,
              24.529262207329708
            ],
            [
              -83.51697495516663,
              24.52908190933111
            ],
            [
              -83.51677787054035,
              24.529077353261673
            ],
            [
              -83.51678036073552,
              24.528987204279307
            ],
            [
              -83.5166818185107,
              24.52898492615779
            ],
            [
              -83.51668430876383,
              24.528894777183563
            ],
            [
              -83.51648722449083,
              24.528890220766915
            ],
            [
              -83.51648971487201,
              24.528800071810277
            ],
            [
              -83.51619408876385,
              24.528793236732376
            ],
            [
              -83.51619657934322,
              24.5287030878028
            ],
            [
              -83.51599949547203,
              24.52869853078225
            ],
            [
              -83.51600198617943,
              24.528608381870267
            ],
            [
              -83.51580490249704,
              24.528603824611945
            ],
            [
              -83.5158073933325,
              24.528513675717562
            ],
            [
              -83.51570885157962,
              24.528511397001605
            ],
            [
              -83.51571134247303,
              24.528421248115354
            ],
            [
              -83.51561280080239,
              24.528418969344685
            ],
            [
              -83.51561529175376,
              24.528328820466584
            ],
            [
              -83.51531966702501,
              24.528321983797916
            ],
            [
              -83.51532215817453,
              24.528231834946872
            ],
            [
              -83.51463236805662,
              24.528215880540237
            ],
            [
              -83.51463485968468,
              24.528125731754095
            ],
            [
              -83.51424069445069,
              24.528116613576415
            ],
            [
              -83.51424318634699,
              24.52802646482679
            ],
            [
              -83.51365193928109,
              24.528012785691974
            ],
            [
              -83.51365443158582,
              24.527922636997804
            ],
            [
              -83.51326026739866,
              24.52791351632907
            ],
            [
              -83.51326275997161,
              24.52782336767144
            ],
            [
              -83.51306567809114,
              24.527818806970988
            ],
            [
              -83.51306817079214,
              24.527728658330968
            ],
            [
              -83.51287108910047,
              24.527724097392777
            ],
            [
              -83.51287358192951,
              24.527633948770372
            ],
            [
              -83.51277504117202,
              24.527631668214482
            ],
            [
              -83.51277753405898,
              24.527541519600234
            ],
            [
              -83.5124819120697,
              24.52753467757597
            ],
            [
              -83.5124844051548,
              24.5274445289888
            ],
            [
              -83.51228732402957,
              24.527439967337383
            ],
            [
              -83.5122898172427,
              24.52734981876783
            ],
            [
              -83.5120927363063,
              24.527345256878686
            ],
            [
              -83.51209522964746,
              24.52725510832675
            ],
            [
              -83.51189814889986,
              24.52725054619987
            ],
            [
              -83.51190064236904,
              24.527160397665547
            ],
            [
              -83.51180210208359,
              24.527158116515327
            ],
            [
              -83.51180459561071,
              24.527067967989158
            ],
            [
              -83.5117060554075,
              24.52706568678424
            ],
            [
              -83.51170854899256,
              24.526975538266225
            ],
            [
              -83.5116100088716,
              24.52697325700661
            ],
            [
              -83.51161250251458,
              24.526883108496744
            ],
            [
              -83.51151396247589,
              24.526880827182428
            ],
            [
              -83.5115164561768,
              24.52679067868072
            ],
            [
              -83.51141791622034,
              24.526788397311705
            ],
            [
              -83.5114204099792,
              24.526698248818153
            ],
            [
              -83.51132187010498,
              24.526695967394442
            ],
            [
              -83.51132436392177,
              24.52660581890904
            ],
            [
              -83.51043750623198,
              24.526585283293528
            ],
            [
              -83.51043501178437,
              24.526675431693704
            ],
            [
              -83.510040852847,
              24.52666630304734
            ],
            [
              -83.51004334757496,
              24.526576154685046
            ],
            [
              -83.50994480794112,
              24.52657387237252
            ],
            [
              -83.509947302727,
              24.526483724018384
            ],
            [
              -83.50975022363599,
              24.526479159219775
            ],
            [
              -83.50975271854989,
              24.52638901088327
            ],
            [
              -83.50955563964771,
              24.526384445846958
            ],
            [
              -83.50955813468964,
              24.52629429752809
            ],
            [
              -83.50926251663789,
              24.526287449520822
            ],
            [
              -83.50926501187791,
              24.52619730122905
            ],
            [
              -83.50916647262176,
              24.52619501844111
            ],
            [
              -83.50917395847905,
              24.525924573586334
            ],
            [
              -83.50907541944534,
              24.52592229076265
            ],
            [
              -83.5090804100962,
              24.525741994205173
            ],
            [
              -83.50898187121481,
              24.525739711336286
            ],
            [
              -83.50898935731013,
              24.525469266518616
            ],
            [
              -83.50889081865117,
              24.525466983613995
            ],
            [
              -83.50896567568384,
              24.522762535070516
            ],
            [
              -83.50906421224039,
              24.522764817690902
            ],
            [
              -83.5090741920704,
              24.52240422442443
            ],
            [
              -83.5091727283588,
              24.522406506942765
            ],
            [
              -83.50917771806067,
              24.522226210282696
            ],
            [
              -83.50927625422109,
              24.522228492717932
            ],
            [
              -83.5092787489837,
              24.522138344376444
            ],
            [
              -83.50937728508622,
              24.522140626738064
            ],
            [
              -83.50937977976659,
              24.522050478385797
            ],
            [
              -83.50967538793694,
              24.52205732505731
            ],
            [
              -83.50967289346677,
              24.522147473438004
            ],
            [
              -83.50977142961796,
              24.52214975554302
            ],
            [
              -83.50976893520573,
              24.52223990393187
            ],
            [
              -83.50986747143914,
              24.522242185982204
            ],
            [
              -83.50986497708482,
              24.52233233437921
            ],
            [
              -83.51006204972829,
              24.522336898306374
            ],
            [
              -83.51005955550194,
              24.522427046721006
            ],
            [
              -83.51074931062774,
              24.52244301851161
            ],
            [
              -83.51074681687976,
              24.522533166991224
            ],
            [
              -83.51084535344502,
              24.522535448428464
            ],
            [
              -83.51084285975494,
              24.522625596916235
            ],
            [
              -83.51103993306211,
              24.522630159617187
            ],
            [
              -83.51103494592579,
              24.522810456626658
            ],
            [
              -83.51123201956189,
              24.522815019108883
            ],
            [
              -83.51122952611564,
              24.522905167630583
            ],
            [
              -83.511328063022,
              24.52290744878493
            ],
            [
              -83.51132556963368,
              24.522997597314784
            ],
            [
              -83.51142410662229,
              24.522999878414453
            ],
            [
              -83.51142161329187,
              24.523090026952463
            ],
            [
              -83.51152015036271,
              24.52309230799744
            ],
            [
              -83.51151765709022,
              24.5231824565436
            ],
            [
              -83.51161619424329,
              24.52318473753389
            ],
            [
              -83.51161370102872,
              24.523274886088206
            ],
            [
              -83.51171223826402,
              24.523277167023814
            ],
            [
              -83.51170974510738,
              24.523367315586277
            ],
            [
              -83.51180828242494,
              24.523369596467198
            ],
            [
              -83.51180329621532,
              24.523549893607125
            ],
            [
              -83.51190183368517,
              24.523552174442823
            ],
            [
              -83.5118993406322,
              24.523642323020276
            ],
            [
              -83.51199787818429,
              24.523644603801287
            ],
            [
              -83.51199538518925,
              24.523734752386897
            ],
            [
              -83.51219246047009,
              24.523739313775383
            ],
            [
              -83.51218747472385,
              24.523919610980517
            ],
            [
              -83.51258162599201,
              24.523928733063347
            ],
            [
              -83.51257913338098,
              24.524018881701803
            ],
            [
              -83.51267767129849,
              24.524021162071588
            ],
            [
              -83.5126751787454,
              24.524111310718194
            ],
            [
              -83.51277371674514,
              24.524113591033284
            ],
            [
              -83.51277122424997,
              24.52420373968804
            ],
            [
              -83.51286976233195,
              24.524206019948437
            ],
            [
              -83.5128672698947,
              24.524296168611343
            ],
            [
              -83.51296580805891,
              24.52429844881705
            ],
            [
              -83.5129633156796,
              24.524388597488098
            ],
            [
              -83.51306185392606,
              24.524390877639114
            ],
            [
              -83.51305936160468,
              24.52448102631832
            ],
            [
              -83.51315789993335,
              24.524483306414634
            ],
            [
              -83.5131554076699,
              24.52457345510199
            ],
            [
              -83.51325394608082,
              24.524575735143607
            ],
            [
              -83.5132514538753,
              24.52466588383911
            ],
            [
              -83.51334999236846,
              24.524668163826036
            ],
            [
              -83.51334750022087,
              24.524758312529684
            ],
            [
              -83.51344603879626,
              24.524760592461917
            ],
            [
              -83.5134435467066,
              24.52485074117371
            ],
            [
              -83.51354208536424,
              24.52485302105125
            ],
            [
              -83.51353959333251,
              24.52494316977119
            ],
            [
              -83.51373667082441,
              24.524947729352707
            ],
            [
              -83.5137341789207,
              24.525037878090266
            ],
            [
              -83.51383271775495,
              24.52504015779424
            ],
            [
              -83.51383520958859,
              24.524950009047224
            ],
            [
              -83.51413082595401,
              24.524956847745827
            ],
            [
              -83.51412833433064,
              24.525046996521223
            ],
            [
              -83.51442395101569,
              24.52505383467076
            ],
            [
              -83.51442145959041,
              24.525143983473228
            ],
            [
              -83.51461853758136,
              24.52514854193771
            ],
            [
              -83.51461604628412,
              24.52523869075778
            ],
            [
              -83.51471458536791,
              24.52524096990324
            ],
            [
              -83.5147120941286,
              24.525331118731458
            ],
            [
              -83.51481063329462,
              24.52533339782221
            ],
            [
              -83.51480814211325,
              24.525423546658573
            ],
            [
              -83.5149066813615,
              24.525425825694633
            ],
            [
              -83.51490419023808,
              24.525515974539132
            ],
            [
              -83.51500272956856,
              24.525518253520485
            ],
            [
              -83.51499774742545,
              24.52569855122447
            ],
            [
              -83.51519482640322,
              24.52570310903252
            ],
            [
              -83.51519233545362,
              24.52579325790146
            ],
            [
              -83.51548795422161,
              24.52580009416069
            ],
            [
              -83.51548546347014,
              24.525890243056686
            ],
            [
              -83.51568254284972,
              24.52589480026095
            ],
            [
              -83.51568005222627,
              24.525984949174536
            ],
            [
              -83.5158771317946,
              24.525989506141055
            ],
            [
              -83.51587464129919,
              24.526079655072248
            ],
            [
              -83.51597318117166,
              24.52608193346872
            ],
            [
              -83.5159706907342,
              24.526172082408056
            ],
            [
              -83.5160692306889,
              24.526174360749817
            ],
            [
              -83.5160667403094,
              24.526264509697288
            ],
            [
              -83.51616528034633,
              24.526266787984348
            ],
            [
              -83.51616279002475,
              24.526356936939965
            ],
            [
              -83.51635987027525,
              24.52636149334049
            ],
            [
              -83.51635738008173,
              24.52645164231371
            ],
            [
              -83.51645592029527,
              24.52645392042718
            ],
            [
              -83.5164534301597,
              24.52654406940853
            ],
            [
              -83.51655197045548,
              24.52654634746729
            ],
            [
              -83.51654948037785,
              24.526636496456785
            ],
            [
              -83.51664802075587,
              24.526638774460835
            ],
            [
              -83.51664304070437,
              24.526819072454785
            ],
            [
              -83.51674158123471,
              24.526821350413577
            ],
            [
              -83.51673909126085,
              24.526911499418034
            ],
            [
              -83.51683763187343,
              24.52691377732212
            ],
            [
              -83.5168351419575,
              24.527003926334714
            ],
            [
              -83.51703222335928,
              24.527008481969283
            ],
            [
              -83.5170297335714,
              24.527098630999475
            ],
            [
              -83.5171282743606,
              24.527100908729967
            ],
            [
              -83.51712578463068,
              24.527191057768295
            ],
            [
              -83.51722432550211,
              24.527193335444064
            ],
            [
              -83.51722183583014,
              24.527283484490535
            ],
            [
              -83.51732037678381,
              24.52728576211159
            ],
            [
              -83.5173178871698,
              24.5273759111662
            ],
            [
              -83.51751496925374,
              24.52738046623472
            ],
            [
              -83.51751247976777,
              24.527470615306918
            ],
            [
              -83.51761102089804,
              24.52747289275438
            ],
            [
              -83.51760853147005,
              24.527563041834707
            ],
            [
              -83.51770707268255,
              24.527565319227456
            ],
            [
              -83.51770458331251,
              24.527655468315928
            ],
            [
              -83.51780312460724,
              24.527657745653954
            ],
            [
              -83.51780063529516,
              24.527747894750554
            ],
            [
              -83.51789917667213,
              24.527750172033866
            ],
            [
              -83.51789668741802,
              24.52784032113861
            ],
            [
              -83.51799522887723,
              24.527842598367204
            ],
            [
              -83.51799273968106,
              24.527932747480083
            ],
            [
              -83.51809128122251,
              24.527935024653956
            ],
            [
              -83.5180887920843,
              24.528025173774964
            ],
            [
              -83.51818733370798,
              24.52802745089412
            ],
            [
              -83.51818484462774,
              24.528117600023272
            ],
            [
              -83.51828338633366,
              24.52811987708771
            ],
            [
              -83.51828089731137,
              24.528210026224993
            ],
            [
              -83.51847798089982,
              24.52821458018025
            ],
            [
              -83.51847549200558,
              24.528304729335122
            ],
            [
              -83.51867257578276,
              24.528309283052597
            ],
            [
              -83.5186700870166,
              24.52839943222505
            ],
            [
              -83.51886717098253,
              24.528403985704735
            ],
            [
              -83.51886468234444,
              24.528494134894775
            ],
            [
              -83.5189632244157,
              24.528496411547806
            ],
            [
              -83.51896073583556,
              24.528586560745982
            ],
            [
              -83.51915782015469,
              24.528591113878427
            ],
            [
              -83.51915533170263,
              24.52868126309419
            ],
            [
              -83.51925387395049,
              24.528683539573603
            ],
            [
              -83.5192513855564,
              24.52877368879749
            ],
            [
              -83.51934992788651,
              24.52877596522218
            ],
            [
              -83.51934743955037,
              24.528866114454203
            ],
            [
              -83.51944598196272,
              24.52886839082417
            ],
            [
              -83.51944349368456,
              24.52895854006432
            ],
            [
              -83.51954203617912,
              24.52896081637956
            ],
            [
              -83.51953954795894,
              24.529050965627842
            ],
            [
              -83.51993371833893,
              24.52906007028485
            ],
            [
              -83.51993123038703,
              24.529150219569612
            ],
            [
              -83.5202268585097,
              24.529157047416877
            ],
            [
              -83.5202293462513,
              24.529066898103792
            ],
            [
              -83.52032788891303,
              24.529069173915083
            ],
            [
              -83.52032540124154,
              24.529159323237618
            ],
            [
              -83.52042394398548,
              24.529161598994193
            ],
            [
              -83.52042643158687,
              24.52907144966221
            ],
            [
              -83.52052497427285,
              24.529073725345164
            ],
            [
              -83.52052248674156,
              24.52916387468659
            ],
            [
              -83.5207195722901,
              24.529168425878854
            ],
            [
              -83.5207170848869,
              24.52925857523785
            ],
            [
              -83.52081562774946,
              24.529260850747168
            ],
            [
              -83.52081314040423,
              24.529351000114296
            ],
            [
              -83.52091168334903,
              24.52935327556888
            ],
            [
              -83.52090670876238,
              24.529533574318076
            ],
            [
              -83.52100525185952,
              24.529535849727374
            ],
            [
              -83.5210027646181,
              24.52962599910944
            ],
            [
              -83.52110130779748,
              24.52962827446401
            ],
            [
              -83.5210963334185,
              24.52980857324309
            ],
            [
              -83.5211948767502,
              24.52981084855237
            ],
            [
              -83.52118990246291,
              24.529991147345076
            ],
            [
              -83.52128844594696,
              24.529993422609067
            ],
            [
              -83.52128595885523,
              24.530083572012888
            ],
            [
              -83.52138450242151,
              24.530085847222132
            ],
            [
              -83.52137952834188,
              24.530266146044728
            ],
            [
              -83.5214780720605,
              24.53026842120869
            ],
            [
              -83.52147309807259,
              24.530448720044905
            ],
            [
              -83.52157164194355,
              24.530450995163566
            ],
            [
              -83.52156915500153,
              24.53054114458914
            ],
            [
              -83.52166769895472,
              24.530543419653068
            ],
            [
              -83.52166272517448,
              24.530723718519177
            ],
            [
              -83.52176126928002,
              24.5307259935378
            ],
            [
              -83.5217562955915,
              24.530906292417523
            ],
            [
              -83.5218548398494,
              24.530908567390853
            ],
            [
              -83.5218498662526,
              24.531088866284207
            ],
            [
              -83.52194841066283,
              24.53109114121223
            ],
            [
              -83.52194343715776,
              24.531271440119216
            ],
            [
              -83.52204198172034,
              24.53127371500194
            ],
            [
              -83.52203700830698,
              24.53145401392255
            ],
            [
              -83.52213555302191,
              24.53145628875998
            ],
            [
              -83.52213306636716,
              24.531546438227746
            ],
            [
              -83.52223161116433,
              24.53154871301043
            ],
            [
              -83.52222912456756,
              24.531638862486332
            ],
            [
              -83.52232766944697,
              24.53164113721428
            ],
            [
              -83.52232269635729,
              24.531821436181005
            ],
            [
              -83.52242124138905,
              24.531823710863648
            ],
            [
              -83.52241875489615,
              24.531913860354482
            ],
            [
              -83.52251730001015,
              24.531916134982378
            ],
            [
              -83.52251481357523,
              24.53200628448134
            ],
            [
              -83.52261335877145,
              24.532008559054496
            ],
            [
              -83.52260838600549,
              24.53218885806735
            ],
            [
              -83.52270693135407,
              24.532191132595194
            ],
            [
              -83.52270444502301,
              24.532281282109086
            ],
            [
              -83.52280299045383,
              24.532283556582183
            ],
            [
              -83.52279801789558,
              24.532463855624915
            ],
            [
              -83.52289656347875,
              24.532466130052704
            ],
            [
              -83.52289159101227,
              24.532646429109047
            ],
            [
              -83.5229901367478,
              24.53264870349153
            ],
            [
              -83.52298765056648,
              24.532738853027173
            ],
            [
              -83.52308619638426,
              24.53274112735491
            ],
            [
              -83.52308371026092,
              24.53283127689867
            ],
            [
              -83.52318225616092,
              24.53283355117166
            ],
            [
              -83.52317977009561,
              24.532923700723547
            ],
            [
              -83.52327831607785,
              24.532925974941787
            ],
            [
              -83.52327583007053,
              24.533016124501795
            ],
            [
              -83.52347292221161,
              24.533020672764597
            ],
            [
              -83.52347043633242,
              24.533110822342163
            ],
            [
              -83.52356898249126,
              24.533113096386725
            ],
            [
              -83.52356649667004,
              24.533203245972413
            ],
            [
              -83.52366504291112,
              24.533205519962216
            ],
            [
              -83.52366255714792,
              24.533295669556026
            ],
            [
              -83.52376110347123,
              24.533297943491082
            ],
            [
              -83.52375861776602,
              24.533388093093016
            ],
            [
              -83.52385716417159,
              24.533390366973318
            ],
            [
              -83.52385219286505,
              24.533570666192116
            ],
            [
              -83.52395073942297,
              24.5335729400271
            ],
            [
              -83.52394825382166,
              24.533663089643966
            ],
            [
              -83.52404680046182,
              24.533665363424195
            ],
            [
              -83.52404182936304,
              24.53384566267285
            ],
            [
              -83.52414037615557,
              24.533847936407767
            ],
            [
              -83.52413043409312,
              24.534208534927046
            ],
            [
              -83.52422898117825,
              24.534210808635507
            ],
            [
              -83.52422152471455,
              24.534481257539476
            ],
            [
              -83.52432007202216,
              24.534483531212057
            ],
            [
              -83.52431013018142,
              24.534844129770015
            ],
            [
              -83.52440867778164,
              24.53484640341614
            ],
            [
              -83.52439376507775,
              24.535387301270287
            ],
            [
              -83.52429521705675,
              24.53538502756756
            ],
            [
              -83.52428527473128,
              24.535745626072977
            ],
            [
              -83.5241867264419,
              24.535743352268327
            ],
            [
              -83.52413949641554,
              24.537456194702738
            ],
            [
              -83.52404094680575,
              24.53745392065463
            ],
            [
              -83.52402354467594,
              24.538084967681705
            ],
            [
              -83.5241220947767,
              24.538087241795857
            ],
            [
              -83.5241171227708,
              24.538267540953502
            ],
            [
              -83.52401857252977,
              24.538265266820467
            ],
            [
              -83.5240036558004,
              24.53880616420524
            ],
            [
              -83.52410220646226,
              24.538808438394874
            ],
            [
              -83.52409972036841,
              24.53889858796384
            ],
            [
              -83.52419827111255,
              24.538900862098707
            ],
            [
              -83.52419578507673,
              24.53899101167578
            ],
            [
              -83.52429433590312,
              24.53899328575588
            ],
            [
              -83.52429184992532,
              24.539083435341087
            ],
            [
              -83.52439040083397,
              24.53908570936641
            ],
            [
              -83.52437299914104,
              24.5397167564921
            ],
            [
              -83.5244715505528,
              24.539719030519258
            ],
            [
              -83.52445663476423,
              24.540259928060923
            ],
            [
              -83.52435808293158,
              24.54025765397716
            ],
            [
              -83.52435062466326,
              24.540528102701956
            ],
            [
              -83.52425207263231,
              24.540525828525684
            ],
            [
              -83.52424958644848,
              24.54061597808855
            ],
            [
              -83.52395393021787,
              24.54060915514617
            ],
            [
              -83.52395144381148,
              24.54069930467941
            ]
          ]
        ]
      },
      "properties": {
        "incident_id": "SP-009",
        "type": "AI-detected-slick",
        "source": "Sentinel-1 SAR",
        "method": "U-Net segmentation + radiometric filtering"
      }
    },
    {
      "type": "Feature",
      "geometry": {
        "type": "Polygon",
        "coordinates": [
          [
            [
              -83.50855905276617,
              24.523204145264074
            ],
            [
              -83.50816490545486,
              24.523195012925058
            ],
            [
              -83.50816740112212,
              24.523104864702262
            ],
            [
              -83.5080688643948,
              24.523102581466606
            ],
            [
              -83.50807136011998,
              24.52301243325198
            ],
            [
              -83.50787428684198,
              24.523007866607163
            ],
            [
              -83.50787678269515,
              24.522917718410167
            ],
            [
              -83.50777824614448,
              24.522915435001003
            ],
            [
              -83.50778074205556,
              24.52282528681218
            ],
            [
              -83.50768220558714,
              24.522823003348346
            ],
            [
              -83.50768470155612,
              24.52273285516769
            ],
            [
              -83.50758616516994,
              24.522730571649177
            ],
            [
              -83.50758866119682,
              24.522640423476673
            ],
            [
              -83.5074901248929,
              24.522638139903485
            ],
            [
              -83.50749262097767,
              24.522547991739156
            ],
            [
              -83.50739408475599,
              24.522545708111302
            ],
            [
              -83.50739907702918,
              24.522365411797633
            ],
            [
              -83.50730054095983,
              24.522363128124585
            ],
            [
              -83.50730553332447,
              24.522182831824612
            ],
            [
              -83.50720699740744,
              24.522180548106377
            ],
            [
              -83.50721198986353,
              24.52200025182011
            ],
            [
              -83.50711345409881,
              24.521997968056677
            ],
            [
              -83.50711844664636,
              24.521817671784113
            ],
            [
              -83.50701991103395,
              24.52181538797549
            ],
            [
              -83.5070273999742,
              24.5215449435852
            ],
            [
              -83.50692886458418,
              24.521542659740874
            ],
            [
              -83.50693385729028,
              24.52136236349306
            ],
            [
              -83.50683532205257,
              24.52136007960354
            ],
            [
              -83.50684031485012,
              24.521179783369437
            ],
            [
              -83.50674177976472,
              24.52117749943473
            ],
            [
              -83.5067442762153,
              24.52108735132518
            ],
            [
              -83.50664574121215,
              24.52108506733581
            ],
            [
              -83.50665073421693,
              24.52090477113173
            ],
            [
              -83.50655219936608,
              24.520902487097175
            ],
            [
              -83.50655968899214,
              24.520632042809634
            ],
            [
              -83.50646115436368,
              24.520629758739375
            ],
            [
              -83.50646864409036,
              24.520359314468436
            ],
            [
              -83.50637010968427,
              24.520357030362472
            ],
            [
              -83.50637759951158,
              24.52008658610814
            ],
            [
              -83.50627906532785,
              24.520084301966477
            ],
            [
              -83.50628655525577,
              24.519813857728753
            ],
            [
              -83.5061880212944,
              24.51981157355139
            ],
            [
              -83.50619800797477,
              24.519450981253936
            ],
            [
              -83.50609947430584,
              24.519448697050358
            ],
            [
              -83.50610696439846,
              24.519178252841893
            ],
            [
              -83.50600843095188,
              24.51917596860263
            ],
            [
              -83.50601092769513,
              24.51908582053999
            ],
            [
              -83.50591239433079,
              24.519083536246068
            ],
            [
              -83.50591738792087,
              24.518903240135806
            ],
            [
              -83.50581885470885,
              24.51890095579671
            ],
            [
              -83.50582384839034,
              24.51872065970016
            ],
            [
              -83.5057253153306,
              24.51871837531589
            ],
            [
              -83.50573030910351,
              24.51853807923304
            ],
            [
              -83.50563177619605,
              24.518535794803594
            ],
            [
              -83.50563926697427,
              24.5182653506979
            ],
            [
              -83.50554073428918,
              24.518263066232773
            ],
            [
              -83.50555821283587,
              24.5176320300065
            ],
            [
              -83.50565674503058,
              24.517634314405246
            ],
            [
              -83.50565924184704,
              24.51754416635818
            ],
            [
              -83.50575777398387,
              24.517546450683312
            ],
            [
              -83.50576027071813,
              24.517456302625444
            ],
            [
              -83.50605586699149,
              24.51746315518757
            ],
            [
              -83.5060583635034,
              24.51737300709994
            ],
            [
              -83.50684662020764,
              24.51739127770114
            ],
            [
              -83.50684412425616,
              24.51748142586462
            ],
            [
              -83.5073367854422,
              24.51749284295336
            ],
            [
              -83.50733428982883,
              24.51758299116292
            ],
            [
              -83.50753135452857,
              24.517587557568426
            ],
            [
              -83.50752885904313,
              24.517677705795624
            ],
            [
              -83.50772592393166,
              24.517682271963537
            ],
            [
              -83.50772342857415,
              24.51777242020838
            ],
            [
              -83.50792049365147,
              24.5177769861387
            ],
            [
              -83.50791799842192,
              24.51786713440119
            ],
            [
              -83.50801653104888,
              24.517869417279616
            ],
            [
              -83.50801403587724,
              24.51795956555026
            ],
            [
              -83.50811256858643,
              24.517961848374032
            ],
            [
              -83.50811007347265,
              24.518051996652837
            ],
            [
              -83.50820860626408,
              24.518054279421946
            ],
            [
              -83.50819114061738,
              24.51868531740309
            ],
            [
              -83.50828967391136,
              24.5186876001744
            ],
            [
              -83.5082846837572,
              24.518867896747558
            ],
            [
              -83.50838321720349,
              24.518870179473677
            ],
            [
              -83.50837822714077,
              24.519050476060528
            ],
            [
              -83.50847676073934,
              24.51905275874146
            ],
            [
              -83.50845680056227,
              24.519773945112057
            ],
            [
              -83.50855533473351,
              24.51977622780465
            ],
            [
              -83.50855034470769,
              24.519956524403103
            ],
            [
              -83.50864887903123,
              24.5199588070505
            ],
            [
              -83.50864139411144,
              24.520229251966736
            ],
            [
              -83.50873992865733,
              24.520231534578418
            ],
            [
              -83.50871996889641,
              24.52095272103964
            ],
            [
              -83.50881850401501,
              24.520955003662987
            ],
            [
              -83.50877109779324,
              24.522667821351064
            ],
            [
              -83.50867256134327,
              24.5226655385477
            ],
            [
              -83.50866008494133,
              24.52311627991827
            ],
            [
              -83.50856154815315,
              24.523113997003374
            ],
            [
              -83.50855905276617,
              24.523204145264074
            ]
          ]
        ]
      },
      "properties": {
        "incident_id": "SP-009",
        "type": "AI-detected-slick",
        "source": "Sentinel-1 SAR",
        "method": "U-Net segmentation + radiometric filtering"
      }
    },
    {
      "type": "Feature",
      "geometry": {
        "type": "Polygon",
        "coordinates": [
          [
            [
              -83.4610306957123,
              24.50576872276218
            ],
            [
              -83.46053810481297,
              24.50575715967622
            ],
            [
              -83.46054063244085,
              24.5056670158706
            ],
            [
              -83.46044211436796,
              24.505664703070742
            ],
            [
              -83.4604446420535,
              24.50557455927339
            ],
            [
              -83.46024760608474,
              24.505569933500627
            ],
            [
              -83.46025013389794,
              24.505479789721164
            ],
            [
              -83.45995458024723,
              24.505472850610154
            ],
            [
              -83.45995710825808,
              24.5053827068582
            ],
            [
              -83.45985859046917,
              24.50538039370263
            ],
            [
              -83.45986111853769,
              24.50529024995895
            ],
            [
              -83.4597626008311,
              24.505287936748896
            ],
            [
              -83.45976512895729,
              24.505197793013508
            ],
            [
              -83.45966661133303,
              24.50519547974897
            ],
            [
              -83.45966913951688,
              24.50510533602187
            ],
            [
              -83.45957062197493,
              24.505103022702848
            ],
            [
              -83.45957567844563,
              24.50492273526389
            ],
            [
              -83.45947716105601,
              24.504920421899993
            ],
            [
              -83.45949233059206,
              24.504379559609045
            ],
            [
              -83.45959084756173,
              24.504381872915292
            ],
            [
              -83.45960096005913,
              24.504021297989816
            ],
            [
              -83.45969947676119,
              24.504023611193556
            ],
            [
              -83.45970706079478,
              24.503753179956757
            ],
            [
              -83.45990409381594,
              24.503757806114347
            ],
            [
              -83.45990662166248,
              24.50366766234689
            ],
            [
              -83.46000513812156,
              24.503669975319955
            ],
            [
              -83.46000261034499,
              24.503760119097016
            ],
            [
              -83.46010112688639,
              24.503762432015602
            ],
            [
              -83.46013145855164,
              24.502680706488434
            ],
            [
              -83.46022997426553,
              24.50268301922767
            ],
            [
              -83.46025019382947,
              24.50196186869371
            ],
            [
              -83.46034870899581,
              24.50196418129204
            ],
            [
              -83.46035123631583,
              24.501874037459743
            ],
            [
              -83.46044975142453,
              24.501876349984386
            ],
            [
              -83.46045227866225,
              24.501786206141166
            ],
            [
              -83.46055079371328,
              24.50178851859213
            ],
            [
              -83.4605533208687,
              24.501698374737984
            ],
            [
              -83.4606518358621,
              24.501700687115264
            ],
            [
              -83.46065436293519,
              24.50161054325019
            ],
            [
              -83.46114693773713,
              24.501622104127417
            ],
            [
              -83.46114946444798,
              24.501531960213015
            ],
            [
              -83.46124797937539,
              24.50153427218663
            ],
            [
              -83.46125050600394,
              24.5014441282613
            ],
            [
              -83.46134902087368,
              24.50144644016123
            ],
            [
              -83.46135154741994,
              24.50135629622498
            ],
            [
              -83.46145006223202,
              24.50135860805123
            ],
            [
              -83.4614551151476,
              24.501178320155567
            ],
            [
              -83.46155362983204,
              24.50118063189854
            ],
            [
              -83.46156373523539,
              24.500820056052966
            ],
            [
              -83.46166224965224,
              24.500822367693452
            ],
            [
              -83.46167993314378,
              24.500191359845626
            ],
            [
              -83.46177844708312,
              24.50019367135484
            ],
            [
              -83.46179107742894,
              24.499742951375914
            ],
            [
              -83.46188959103073,
              24.499745262773054
            ],
            [
              -83.46189716888041,
              24.49947483074105
            ],
            [
              -83.4619956822846,
              24.499477142045315
            ],
            [
              -83.46199820813989,
              24.49938699802241
            ],
            [
              -83.46219523484528,
              24.49939162041953
            ],
            [
              -83.46219776054829,
              24.499301476376107
            ],
            [
              -83.4622962738495,
              24.49930378746896
            ],
            [
              -83.46229374821647,
              24.49939393152199
            ],
            [
              -83.46239226159996,
              24.499396242560376
            ],
            [
              -83.46238215922449,
              24.499756818797678
            ],
            [
              -83.46257918658824,
              24.49976144075902
            ],
            [
              -83.46257666110351,
              24.499851584834243
            ],
            [
              -83.4627736886565,
              24.49985620655849
            ],
            [
              -83.46277621400128,
              24.49976606246407
            ],
            [
              -83.46297324146359,
              24.49977068391284
            ],
            [
              -83.46297829183628,
              24.499590395681654
            ],
            [
              -83.46307680544595,
              24.49959270629073
            ],
            [
              -83.46307933054386,
              24.49950256216356
            ],
            [
              -83.46337487123691,
              24.49950949357758
            ],
            [
              -83.46337234634893,
              24.49959963773354
            ],
            [
              -83.46356937367916,
              24.499604258375047
            ],
            [
              -83.46356684891883,
              24.499694402548883
            ],
            [
              -83.46366536267239,
              24.499696712783123
            ],
            [
              -83.4636628379697,
              24.499786856965226
            ],
            [
              -83.46376135180556,
              24.499789167144996
            ],
            [
              -83.46373862955694,
              24.50060046481089
            ],
            [
              -83.4638371440349,
              24.50060277501294
            ],
            [
              -83.46382704521741,
              24.50096335175738
            ],
            [
              -83.46372853045955,
              24.500961041516955
            ],
            [
              -83.46371843116508,
              24.501321618201896
            ],
            [
              -83.4636199161396,
              24.501319307859013
            ],
            [
              -83.46358204098047,
              24.50267147009544
            ],
            [
              -83.4636805570557,
              24.502673780582256
            ],
            [
              -83.46367550696505,
              24.502854068877188
            ],
            [
              -83.46377402319257,
              24.502856379319116
            ],
            [
              -83.46376139810033,
              24.50330710008132
            ],
            [
              -83.4636628815229,
              24.50330478959141
            ],
            [
              -83.46366035639751,
              24.5033949337303
            ],
            [
              -83.46356183976238,
              24.503392623166718
            ],
            [
              -83.46355426410236,
              24.503663055546653
            ],
            [
              -83.46345574726958,
              24.5036607448902
            ],
            [
              -83.46345069662799,
              24.5038410331177
            ],
            [
              -83.46335217966755,
              24.503838722377967
            ],
            [
              -83.4633496542583,
              24.503928866480138
            ],
            [
              -83.4632511372402,
              24.503926555666727
            ],
            [
              -83.46324861174863,
              24.50401669975798
            ],
            [
              -83.46315009467286,
              24.504014388870885
            ],
            [
              -83.46314756909898,
              24.50410453295122
            ],
            [
              -83.46304905196554,
              24.504102221990447
            ],
            [
              -83.46304147496,
              24.504372654194743
            ],
            [
              -83.4629429576289,
              24.504370343141094
            ],
            [
              -83.46293790609027,
              24.50455063125149
            ],
            [
              -83.46283938863152,
              24.504548320114555
            ],
            [
              -83.46282675921941,
              24.50499904031945
            ],
            [
              -83.46272824142301,
              24.504996729070438
            ],
            [
              -83.46272571543362,
              24.50508687309786
            ],
            [
              -83.46262719757955,
              24.505084561775163
            ],
            [
              -83.46262467150785,
              24.50517470579166
            ],
            [
              -83.46213208207233,
              24.50516314816886
            ],
            [
              -83.46212955563833,
              24.50525329213604
            ],
            [
              -83.46183400191491,
              24.5052463567645
            ],
            [
              -83.4618314752586,
              24.505336500701564
            ],
            [
              -83.46173295730546,
              24.505334188773272
            ],
            [
              -83.4617279038159,
              24.50551447662423
            ],
            [
              -83.46133383156658,
              24.505505228193364
            ],
            [
              -83.46133130452331,
              24.505595372078467
            ],
            [
              -83.4612327864218,
              24.505593059800923
            ],
            [
              -83.46123025929623,
              24.505683203675094
            ],
            [
              -83.4610332229902,
              24.50567857890854
            ],
            [
              -83.4610306957123,
              24.50576872276218
            ]
          ]
        ]
      },
      "properties": {
        "incident_id": "SP-009",
        "type": "AI-detected-slick",
        "source": "Sentinel-1 SAR",
        "method": "U-Net segmentation + radiometric filtering"
      }
    },
    {
      "type": "Feature",
      "geometry": {
        "type": "Polygon",
        "coordinates": [
          [
            [
              -83.5057752508679,
              24.516915414250608
            ],
            [
              -83.50557818758718,
              24.516910845668974
            ],
            [
              -83.50558068437628,
              24.51682069762086
            ],
            [
              -83.50538362128437,
              24.51681612880166
            ],
            [
              -83.50538611820141,
              24.516725980771206
            ],
            [
              -83.50518905529833,
              24.51672141171444
            ],
            [
              -83.50519155234329,
              24.516631263701633
            ],
            [
              -83.50509302098006,
              24.51662897908653
            ],
            [
              -83.5050955180829,
              24.5165388310819
            ],
            [
              -83.50499698680188,
              24.51653654641215
            ],
            [
              -83.5049994839626,
              24.516446398415678
            ],
            [
              -83.50490095276383,
              24.516444113691286
            ],
            [
              -83.50490344998242,
              24.51635396570299
            ],
            [
              -83.50480491886587,
              24.516351680923943
            ],
            [
              -83.50480741614233,
              24.516261532943822
            ],
            [
              -83.50470888510802,
              24.51625924811013
            ],
            [
              -83.50471138244234,
              24.516169100138175
            ],
            [
              -83.50412019691254,
              24.516155389846197
            ],
            [
              -83.5041176991579,
              24.516245537761243
            ],
            [
              -83.50401916820886,
              24.516243252478635
            ],
            [
              -83.50402166603352,
              24.516153104573075
            ],
            [
              -83.5039231351667,
              24.516150819235826
            ],
            [
              -83.50392563304923,
              24.516060671338447
            ],
            [
              -83.50382710226465,
              24.51605838594655
            ],
            [
              -83.50382960020507,
              24.51596823805734
            ],
            [
              -83.5037310695027,
              24.515965952610802
            ],
            [
              -83.50373356750097,
              24.515875804729763
            ],
            [
              -83.50363503688084,
              24.515873519228588
            ],
            [
              -83.50363753493697,
              24.51578337135572
            ],
            [
              -83.50353900439909,
              24.515781085799897
            ],
            [
              -83.50354150251307,
              24.515690937935215
            ],
            [
              -83.50344297205741,
              24.515688652324748
            ],
            [
              -83.50345546279488,
              24.515237913029008
            ],
            [
              -83.50335693270162,
              24.515235627401857
            ],
            [
              -83.50336192905141,
              24.515055331693333
            ],
            [
              -83.50326339911042,
              24.515053046021034
            ],
            [
              -83.50327089375386,
              24.514782602476846
            ],
            [
              -83.50317236403521,
              24.51478031676889
            ],
            [
              -83.5031798587791,
              24.514509873241327
            ],
            [
              -83.50308132928276,
              24.51450758749771
            ],
            [
              -83.50308632585786,
              24.514327291825072
            ],
            [
              -83.50298779651378,
              24.51432500603631
            ],
            [
              -83.50299279318023,
              24.514144710377384
            ],
            [
              -83.50289426398842,
              24.514142424543476
            ],
            [
              -83.50289926074619,
              24.513962128898275
            ],
            [
              -83.50280073170666,
              24.513959843019226
            ],
            [
              -83.50280572855577,
              24.513779547387742
            ],
            [
              -83.50270719966849,
              24.513777261463552
            ],
            [
              -83.50270969814483,
              24.513687113655315
            ],
            [
              -83.50261116933977,
              24.513684827676492
            ],
            [
              -83.50261366787394,
              24.513594679876444
            ],
            [
              -83.50251513915111,
              24.513592393842988
            ],
            [
              -83.50251763774314,
              24.513502246051107
            ],
            [
              -83.50241910910253,
              24.51349995996302
            ],
            [
              -83.50242160775241,
              24.513409812179322
            ],
            [
              -83.50232307919404,
              24.5134075260366
            ],
            [
              -83.50232557790177,
              24.513317378261082
            ],
            [
              -83.50222704942561,
              24.51331509206373
            ],
            [
              -83.5022295481912,
              24.513224944296375
            ],
            [
              -83.50203249141552,
              24.5132203717283
            ],
            [
              -83.502034990309,
              24.513130223978617
            ],
            [
              -83.50183793372214,
              24.513125651173034
            ],
            [
              -83.50184043274349,
              24.513035503441035
            ],
            [
              -83.49967281504733,
              24.51298518586045
            ],
            [
              -83.49967531559729,
              24.512895038336037
            ],
            [
              -83.49937973203338,
              24.51288817447174
            ],
            [
              -83.49938223278123,
              24.512798026974508
            ],
            [
              -83.49918517727302,
              24.512793450763372
            ],
            [
              -83.49918767814874,
              24.512703303283832
            ],
            [
              -83.49899062282938,
              24.512698726835215
            ],
            [
              -83.49899312383299,
              24.512608579373357
            ],
            [
              -83.49889459626164,
              24.512606291062376
            ],
            [
              -83.49889709732308,
              24.5125161436087
            ],
            [
              -83.49879856983395,
              24.512513855243096
            ],
            [
              -83.49880107095323,
              24.51242370779761
            ],
            [
              -83.49860401615166,
              24.512419130893043
            ],
            [
              -83.4986065173988,
              24.512328983465242
            ],
            [
              -83.49850799008635,
              24.512326694926287
            ],
            [
              -83.49851049139133,
              24.51223654750667
            ],
            [
              -83.49821490973726,
              24.512229681533597
            ],
            [
              -83.49821741124013,
              24.512139534141173
            ],
            [
              -83.49802035700516,
              24.512134956524207
            ],
            [
              -83.4980228586359,
              24.512044809149472
            ],
            [
              -83.4978258045898,
              24.51204023129504
            ],
            [
              -83.4978283063484,
              24.511950083937997
            ],
            [
              -83.49772977941366,
              24.51194779492411
            ],
            [
              -83.49773228123009,
              24.51185764757525
            ],
            [
              -83.49753522753733,
              24.511853069374137
            ],
            [
              -83.4975402314137,
              24.511672774710487
            ],
            [
              -83.49734317804986,
              24.51166819629093
            ],
            [
              -83.49734818215752,
              24.511487901660036
            ],
            [
              -83.49715112912263,
              24.51148332302203
            ],
            [
              -83.4971536312982,
              24.511393175723622
            ],
            [
              -83.49695657845218,
              24.511388596848164
            ],
            [
              -83.49695908075562,
              24.511298449567448
            ],
            [
              -83.4966635017882,
              24.511291580801917
            ],
            [
              -83.49666600428952,
              24.511201433548408
            ],
            [
              -83.4965674780615,
              24.511199143841175
            ],
            [
              -83.49656998062063,
              24.511108996595855
            ],
            [
              -83.49637292834124,
              24.511104417008063
            ],
            [
              -83.49637543102823,
              24.511014269780436
            ],
            [
              -83.49627690497687,
              24.511011979899877
            ],
            [
              -83.49627940772169,
              24.510921832680445
            ],
            [
              -83.49598382985093,
              24.51091496268261
            ],
            [
              -83.49598633279362,
              24.510824815490388
            ],
            [
              -83.49578928108087,
              24.510820235190273
            ],
            [
              -83.49579178415141,
              24.510730088015755
            ],
            [
              -83.49490505267866,
              24.510709473577236
            ],
            [
              -83.49490755636721,
              24.510619326487
            ],
            [
              -83.4947105052032,
              24.51061474481444
            ],
            [
              -83.49471300901959,
              24.51052459774191
            ],
            [
              -83.49461448352592,
              24.510522306818974
            ],
            [
              -83.49461698740012,
              24.51043215975464
            ],
            [
              -83.49451846198869,
              24.51042986877711
            ],
            [
              -83.49452096592071,
              24.510339721720968
            ],
            [
              -83.49432391527455,
              24.51033513959259
            ],
            [
              -83.49432641933439,
              24.510244992554153
            ],
            [
              -83.49403084366682,
              24.510238118909292
            ],
            [
              -83.49403334792451,
              24.510147971898093
            ],
            [
              -83.49304809719352,
              24.51012505567649
            ],
            [
              -83.49304559223557,
              24.510215202592537
            ],
            [
              -83.49255296697812,
              24.51020374203
            ],
            [
              -83.49255046165786,
              24.510293888897152
            ],
            [
              -83.49225488643994,
              24.510287011761754
            ],
            [
              -83.4922523808974,
              24.510377158599024
            ],
            [
              -83.49215385577918,
              24.510374866082813
            ],
            [
              -83.49215135015437,
              24.510465012909254
            ],
            [
              -83.49205282497834,
              24.510462720319413
            ],
            [
              -83.4920503192713,
              24.510552867135026
            ],
            [
              -83.4914591680517,
              24.510539110192525
            ],
            [
              -83.4914616741789,
              24.510448963434037
            ],
            [
              -83.4912646240102,
              24.510444377292686
            ],
            [
              -83.49126713026521,
              24.510354230551933
            ],
            [
              -83.49116860526921,
              24.510351937394606
            ],
            [
              -83.49117111158202,
              24.510261790662057
            ],
            [
              -83.49107258666828,
              24.51025949745015
            ],
            [
              -83.49107759939727,
              24.510079204000135
            ],
            [
              -83.4909790746358,
              24.51007691074316
            ],
            [
              -83.49098659384767,
              24.509806470586824
            ],
            [
              -83.49088806930848,
              24.509804177294306
            ],
            [
              -83.490890575758,
              24.509714030582415
            ],
            [
              -83.49079205130106,
              24.50971173723531
            ],
            [
              -83.49079455780839,
              24.509621590531623
            ],
            [
              -83.4906960334337,
              24.509619297129937
            ],
            [
              -83.49070856613702,
              24.509168563639367
            ],
            [
              -83.49061004212464,
              24.509166270221186
            ],
            [
              -83.49062006834728,
              24.508805683443118
            ],
            [
              -83.49052154462723,
              24.508803389998924
            ],
            [
              -83.49052655780523,
              24.508623096621033
            ],
            [
              -83.49042803423741,
              24.508620803131777
            ],
            [
              -83.49043555412277,
              24.50835036308363
            ],
            [
              -83.49033703077723,
              24.50834806955884
            ],
            [
              -83.49034204411304,
              24.508167776205873
            ],
            [
              -83.49024352091975,
              24.508165482636024
            ],
            [
              -83.49024853434668,
              24.507985189296836
            ],
            [
              -83.49015001130564,
              24.50798289568193
            ],
            [
              -83.49015502482368,
              24.507802602356524
            ],
            [
              -83.49005650193492,
              24.507800308696567
            ],
            [
              -83.49005900874562,
              24.507710162041413
            ],
            [
              -83.48996048593908,
              24.50770786832688
            ],
            [
              -83.48996549966381,
              24.507527575031663
            ],
            [
              -83.48986697700951,
              24.50752528127208
            ],
            [
              -83.48986948392356,
              24.50743513463202
            ],
            [
              -83.48977096135151,
              24.507432840817856
            ],
            [
              -83.48977346832334,
              24.507342694186008
            ],
            [
              -83.48967494583354,
              24.507340400317272
            ],
            [
              -83.48967745286313,
              24.507250253693627
            ],
            [
              -83.48957893045556,
              24.50724795977031
            ],
            [
              -83.48958143754295,
              24.507157813154876
            ],
            [
              -83.48938439290454,
              24.507153225134992
            ],
            [
              -83.48938940732266,
              24.506972931938282
            ],
            [
              -83.48929088516182,
              24.50697063785124
            ],
            [
              -83.48929339242254,
              24.506880491260436
            ],
            [
              -83.48919487034394,
              24.506878197118823
            ],
            [
              -83.4891998849687,
              24.50669790395231
            ],
            [
              -83.48910136304235,
              24.50669560976565
            ],
            [
              -83.48910387040641,
              24.506605463189953
            ],
            [
              -83.48900534856229,
              24.506603168948715
            ],
            [
              -83.4890103633937,
              24.50642287581241
            ],
            [
              -83.48891184170185,
              24.506420581526136
            ],
            [
              -83.48891685662436,
              24.506240288403617
            ],
            [
              -83.48881833508473,
              24.506237994072297
            ],
            [
              -83.488830872527,
              24.505787261290592
            ],
            [
              -83.4889293937166,
              24.50578955557427
            ],
            [
              -83.48893440846788,
              24.50560926243331
            ],
            [
              -83.48903292952969,
              24.50561155663384
            ],
            [
              -83.48903794409205,
              24.505431263468555
            ],
            [
              -83.48913646502608,
              24.50543355758594
            ],
            [
              -83.4891665505328,
              24.504351798369274
            ],
            [
              -83.48906803043879,
              24.504349504366218
            ],
            [
              -83.48907805882968,
              24.503988917956622
            ],
            [
              -83.48897953902788,
              24.503986623927585
            ],
            [
              -83.48898455328994,
              24.503806330733937
            ],
            [
              -83.48888603364038,
              24.503804036659858
            ],
            [
              -83.48889104799352,
              24.503623743480002
            ],
            [
              -83.48879252849618,
              24.50362144936089
            ],
            [
              -83.4887950357244,
              24.503531302778512
            ],
            [
              -83.48869651630928,
              24.503529008604833
            ],
            [
              -83.48869902359527,
              24.50343886203067
            ],
            [
              -83.4886005042624,
              24.503436567802435
            ],
            [
              -83.48860301160613,
              24.503346421236476
            ],
            [
              -83.48850449235547,
              24.503344126953678
            ],
            [
              -83.48850699975699,
              24.503253980395936
            ],
            [
              -83.48830996143236,
              24.503249391657132
            ],
            [
              -83.48831246896164,
              24.50315924511712
            ],
            [
              -83.48811543082591,
              24.50315465614102
            ],
            [
              -83.48812044612775,
              24.502974363095174
            ],
            [
              -83.48802192721823,
              24.50297206853005
            ],
            [
              -83.48803697325008,
              24.502431189418083
            ],
            [
              -83.48793845477276,
              24.50242889484604
            ],
            [
              -83.4879459778335,
              24.502158455300872
            ],
            [
              -83.48784745957839,
              24.502156160693335
            ],
            [
              -83.48785247503103,
              24.50197586767569
            ],
            [
              -83.48775395692813,
              24.501973573023133
            ],
            [
              -83.48775646470611,
              24.50188342652187
            ],
            [
              -83.48765794668543,
              24.501881131814752
            ],
            [
              -83.48766296234463,
              24.50170083882733
            ],
            [
              -83.48756444447616,
              24.501698544075197
            ],
            [
              -83.48756946022642,
              24.50151825110156
            ],
            [
              -83.48747094251017,
              24.501515956304406
            ],
            [
              -83.48747345043692,
              24.501425809825143
            ],
            [
              -83.4873749328029,
              24.50142351497344
            ],
            [
              -83.4873799487597,
              24.501243222030027
            ],
            [
              -83.48728143127788,
              24.501240927133296
            ],
            [
              -83.4872864473257,
              24.501060634203675
            ],
            [
              -83.48718792999611,
              24.501058339261927
            ],
            [
              -83.48719043807165,
              24.500968192804674
            ],
            [
              -83.48709192082427,
              24.500965897808378
            ],
            [
              -83.48709442895756,
              24.500875751359338
            ],
            [
              -83.48699591179239,
              24.500873456308494
            ],
            [
              -83.48699841998344,
              24.500783309867668
            ],
            [
              -83.48689990290049,
              24.500781014762268
            ],
            [
              -83.4869024111493,
              24.500690868329666
            ],
            [
              -83.48670537716008,
              24.50068627794569
            ],
            [
              -83.48670788553662,
              24.500596131530827
            ],
            [
              -83.48660936863034,
              24.50059383625225
            ],
            [
              -83.48661187706463,
              24.50050368984561
            ],
            [
              -83.4865133602406,
              24.500501394512483
            ],
            [
              -83.4865183772124,
              24.500321101714313
            ],
            [
              -83.48641986054056,
              24.500318806336175
            ],
            [
              -83.4864223690781,
              24.50022865994465
            ],
            [
              -83.48632385248848,
              24.500226364511963
            ],
            [
              -83.48632636108377,
              24.50013621812866
            ],
            [
              -83.48622784457638,
              24.500133922641435
            ],
            [
              -83.4862303532294,
              24.500043776266335
            ],
            [
              -83.48613183680422,
              24.500041480724562
            ],
            [
              -83.486134345515,
              24.499951334357686
            ],
            [
              -83.48603582917204,
              24.499949038761372
            ],
            [
              -83.48603833794056,
              24.49985889240271
            ],
            [
              -83.48593982167982,
              24.499856596751847
            ],
            [
              -83.48594233050608,
              24.49976645040141
            ],
            [
              -83.48584381432757,
              24.499764154696003
            ],
            [
              -83.48584632321156,
              24.499674008353782
            ],
            [
              -83.48574780711527,
              24.499671712593837
            ],
            [
              -83.48575031605701,
              24.499581566259824
            ],
            [
              -83.48565180004293,
              24.499579270445338
            ],
            [
              -83.48565430904243,
              24.499489124119552
            ],
            [
              -83.48555579311058,
              24.49948682825052
            ],
            [
              -83.48555830216779,
              24.499396681932954
            ],
            [
              -83.48545978631816,
              24.499394386009378
            ],
            [
              -83.48546229543312,
              24.499304239700038
            ],
            [
              -83.48536377966572,
              24.49930194372192
            ],
            [
              -83.4853662888384,
              24.499211797420788
            ],
            [
              -83.48526777315323,
              24.499209501388137
            ],
            [
              -83.48527028238367,
              24.499119355095225
            ],
            [
              -83.48517176678068,
              24.49911705900804
            ],
            [
              -83.48517427606886,
              24.499026912723348
            ],
            [
              -83.4849772450396,
              24.499022320375815
            ],
            [
              -83.48497975445548,
              24.49893217410888
            ],
            [
              -83.4848812390292,
              24.498929877848532
            ],
            [
              -83.48488374850282,
              24.49883973158982
            ],
            [
              -83.48478523315876,
              24.498837435274943
            ],
            [
              -83.48478774269012,
              24.498747289024443
            ],
            [
              -83.48468922742828,
              24.498744992655034
            ],
            [
              -83.48469675615881,
              24.49847455392426
            ],
            [
              -83.48459824111914,
              24.498472257519385
            ],
            [
              -83.48460827953504,
              24.498111672564733
            ],
            [
              -83.4845097647875,
              24.498109376133932
            ],
            [
              -83.48452733203376,
              24.497478352479344
            ],
            [
              -83.48442881778828,
              24.497476056051248
            ],
            [
              -83.48446646091682,
              24.4961238624314
            ],
            [
              -83.48456497411274,
              24.496126158716407
            ],
            [
              -83.48457501153523,
              24.4957655736629
            ],
            [
              -83.48467352446353,
              24.49576786984569
            ],
            [
              -83.48467603371859,
              24.495677723569482
            ],
            [
              -83.48477454658916,
              24.495680019678666
            ],
            [
              -83.48477705576201,
              24.495589873391605
            ],
            [
              -83.48497408139995,
              24.4955944653987
            ],
            [
              -83.48497157236704,
              24.495684611704842
            ],
            [
              -83.48507008527436,
              24.49568690762183
            ],
            [
              -83.48506757629916,
              24.49577705393619
            ],
            [
              -83.48516608928867,
              24.495779349798656
            ],
            [
              -83.4851635803712,
              24.495869496121234
            ],
            [
              -83.48526209344293,
              24.495871791929165
            ],
            [
              -83.48525958458319,
              24.49596193825997
            ],
            [
              -83.48545661090328,
              24.495966529702702
            ],
            [
              -83.48545159342694,
              24.496146822398494
            ],
            [
              -83.4855501067453,
              24.496149118042833
            ],
            [
              -83.48554759805874,
              24.496239264398294
            ],
            [
              -83.48564611145929,
              24.4962415599881
            ],
            [
              -83.48564360283046,
              24.496331706351775
            ],
            [
              -83.4857421163132,
              24.49633400188705
            ],
            [
              -83.48573709915878,
              24.49651429462952
            ],
            [
              -83.48593412644088,
              24.496518885546006
            ],
            [
              -83.48593161798524,
              24.496609031934337
            ],
            [
              -83.48603013171461,
              24.496611327306013
            ],
            [
              -83.48602762331672,
              24.496701473702565
            ],
            [
              -83.4861261371283,
              24.496703769019707
            ],
            [
              -83.4861211204357,
              24.49688406182792
            ],
            [
              -83.48621963439946,
              24.49688635710006
            ],
            [
              -83.48620960114734,
              24.497246942738812
            ],
            [
              -83.48630811540322,
              24.497249237985024
            ],
            [
              -83.48630059054553,
              24.49751967722886
            ],
            [
              -83.48639910502357,
              24.497521972439593
            ],
            [
              -83.48638656369923,
              24.497972704533993
            ],
            [
              -83.48648507853937,
              24.497974999728324
            ],
            [
              -83.48647253725898,
              24.498425731837454
            ],
            [
              -83.48657105246124,
              24.498428027015382
            ],
            [
              -83.48656603600338,
              24.498608319868882
            ],
            [
              -83.48666455135782,
              24.498610615001798
            ],
            [
              -83.48665953499096,
              24.498790907869097
            ],
            [
              -83.4867580504976,
              24.498793202957014
            ],
            [
              -83.48675554236581,
              24.498883349398213
            ],
            [
              -83.48685405795466,
              24.49888564443158
            ],
            [
              -83.4868515498806,
              24.498975790881
            ],
            [
              -83.48695006555167,
              24.49897808585983
            ],
            [
              -83.48694755753534,
              24.499068232317466
            ],
            [
              -83.4872431048319,
              24.49907511689808
            ],
            [
              -83.4872405970133,
              24.499165263383
            ],
            [
              -83.4875361446299,
              24.49917214741552
            ],
            [
              -83.48753363700898,
              24.49926229392771
            ],
            [
              -83.48763215297564,
              24.499264588486596
            ],
            [
              -83.48762964541247,
              24.499354735007
            ],
            [
              -83.48782667752242,
              24.499359323951598
            ],
            [
              -83.48782417008698,
              24.499449470489754
            ],
            [
              -83.48792268623029,
              24.499451764875463
            ],
            [
              -83.4879201788526,
              24.499541911421826
            ],
            [
              -83.48801869507813,
              24.499544205752986
            ],
            [
              -83.48801618775818,
              24.499634352307563
            ],
            [
              -83.48811470406592,
              24.499636646584175
            ],
            [
              -83.48811219680373,
              24.49972679314696
            ],
            [
              -83.48821071319368,
              24.499729087369033
            ],
            [
              -83.48820820598925,
              24.49981923394003
            ],
            [
              -83.4883067224614,
              24.499821528107546
            ],
            [
              -83.48830170815579,
              24.500001821264647
            ],
            [
              -83.48840022478015,
              24.500004115387146
            ],
            [
              -83.48839771767898,
              24.500094261973246
            ],
            [
              -83.48849623438556,
              24.50009655604119
            ],
            [
              -83.48849372734213,
              24.50018670263551
            ],
            [
              -83.48859224413093,
              24.5001889966489
            ],
            [
              -83.48858973714526,
              24.500279143251433
            ],
            [
              -83.48868825401625,
              24.500281437210273
            ],
            [
              -83.48868324014822,
              24.500461730430427
            ],
            [
              -83.48878175717142,
              24.500464024344247
            ],
            [
              -83.48877925028903,
              24.50055417096187
            ],
            [
              -83.48887776739444,
              24.500556464821134
            ],
            [
              -83.48887275373296,
              24.500736758071504
            ],
            [
              -83.48897127099058,
              24.500739051885734
            ],
            [
              -83.48896625742015,
              24.500919345149892
            ],
            [
              -83.48906477482996,
              24.5009216389191
            ],
            [
              -83.48906226809639,
              24.50101178555872
            ],
            [
              -83.48916078558842,
              24.50101407927338
            ],
            [
              -83.48915326552431,
              24.501284519212938
            ],
            [
              -83.48925178323853,
              24.501286812892086
            ],
            [
              -83.4892442632743,
              24.501557252848375
            ],
            [
              -83.48934278121072,
              24.50155954649202
            ],
            [
              -83.4893302480424,
              24.50201027977379
            ],
            [
              -83.489428766341,
              24.502012573400975
            ],
            [
              -83.4894187398662,
              24.502373160040797
            ],
            [
              -83.489517258457,
              24.502375453642
            ],
            [
              -83.48950973868249,
              24.502645893636608
            ],
            [
              -83.48960825749548,
              24.502648187202308
            ],
            [
              -83.48960324439132,
              24.502828480544512
            ],
            [
              -83.48970176335654,
              24.50283077406517
            ],
            [
              -83.4896992568561,
              24.502920920743826
            ],
            [
              -83.48979777590354,
              24.502923214209922
            ],
            [
              -83.48979526946088,
              24.503013360896784
            ],
            [
              -83.48989378859052,
              24.503015654308317
            ],
            [
              -83.48989128220565,
              24.503105801003386
            ],
            [
              -83.48998980141752,
              24.503108094360353
            ],
            [
              -83.4899872950904,
              24.50319824106363
            ],
            [
              -83.49008581438449,
              24.503200534366034
            ],
            [
              -83.49008080183356,
              24.503380827787684
            ],
            [
              -83.49017932127987,
              24.503383121045047
            ],
            [
              -83.49017681505606,
              24.50347326776342
            ],
            [
              -83.49027533458461,
              24.50347556096622
            ],
            [
              -83.49026781604981,
              24.50374600114201
            ],
            [
              -83.49036633580056,
              24.503748294309286
            ],
            [
              -83.4903613235229,
              24.503928587772283
            ],
            [
              -83.49045984342588,
              24.50393088089451
            ],
            [
              -83.49044981900386,
              24.504291467842783
            ],
            [
              -83.49054833919907,
              24.504293760939017
            ],
            [
              -83.49054583313298,
              24.504383907682314
            ],
            [
              -83.49064435341042,
              24.504386200723975
            ],
            [
              -83.49064184740212,
              24.50447634747548
            ],
            [
              -83.49074036776177,
              24.504478640462573
            ],
            [
              -83.4907353558485,
              24.504658933980686
            ],
            [
              -83.49083387636038,
              24.504661226922728
            ],
            [
              -83.49083137045541,
              24.504751373689327
            ],
            [
              -83.49092989104952,
              24.504753666576793
            ],
            [
              -83.49092738520233,
              24.504843813351602
            ],
            [
              -83.49102590587866,
              24.504846106184498
            ],
            [
              -83.49101087095886,
              24.505386986862806
            ],
            [
              -83.49110939206743,
              24.505389279688742
            ],
            [
              -83.49110688627468,
              24.50547942647337
            ],
            [
              -83.49120540746549,
              24.50548171924473
            ],
            [
              -83.49120290173052,
              24.505571866037567
            ],
            [
              -83.49130142300355,
              24.505574158754353
            ],
            [
              -83.49129891732636,
              24.50566430555539
            ],
            [
              -83.49139743868162,
              24.505666598217605
            ],
            [
              -83.49139493306221,
              24.505756745026844
            ],
            [
              -83.4914934544997,
              24.50575903763448
            ],
            [
              -83.49148593777818,
              24.506029478082866
            ],
            [
              -83.4915844594379,
              24.506031770654964
            ],
            [
              -83.49157443725147,
              24.506392357939134
            ],
            [
              -83.49177148116765,
              24.5063969429672
            ],
            [
              -83.49176396481954,
              24.506667383473612
            ],
            [
              -83.49186248700597,
              24.506669675920058
            ],
            [
              -83.49185747618617,
              24.506849969603454
            ],
            [
              -83.49205452087575,
              24.50685455434212
            ],
            [
              -83.49205201558752,
              24.506944701200883
            ],
            [
              -83.49215053802067,
              24.506946993483577
            ],
            [
              -83.49214552754758,
              24.507127287216193
            ],
            [
              -83.49224405013297,
              24.50712957945383
            ],
            [
              -83.49223653454172,
              24.50740002007143
            ],
            [
              -83.49233505734935,
              24.50740231227352
            ],
            [
              -83.4923300470341,
              24.50758260603104
            ],
            [
              -83.49242856999399,
              24.50758489818806
            ],
            [
              -83.4924235597699,
              24.507765191959358
            ],
            [
              -83.49252208288202,
              24.507767484071312
            ],
            [
              -83.49251957782165,
              24.507857630964498
            ],
            [
              -83.492618101016,
              24.50785992302187
            ],
            [
              -83.49261559601345,
              24.507950069923265
            ],
            [
              -83.49271411929004,
              24.50795236192605
            ],
            [
              -83.49271161434527,
              24.508042508835636
            ],
            [
              -83.49281013770408,
              24.508044800783832
            ],
            [
              -83.49280512791793,
              24.508225094618098
            ],
            [
              -83.49300217495228,
              24.50822967836025
            ],
            [
              -83.49299967018091,
              24.50831982529444
            ],
            [
              -83.49309819378642,
              24.508322117078873
            ],
            [
              -83.49309568907286,
              24.508412264021263
            ],
            [
              -83.49417945031001,
              24.50843746952376
            ],
            [
              -83.49418195425342,
              24.508347322476702
            ],
            [
              -83.49457604933511,
              24.508356486152746
            ],
            [
              -83.49457855298623,
              24.508266339066317
            ],
            [
              -83.4948741242157,
              24.508273211121704
            ],
            [
              -83.49487662764454,
              24.50818306400543
            ],
            [
              -83.49507367505187,
              24.50818764503613
            ],
            [
              -83.49507617832849,
              24.50809749789952
            ],
            [
              -83.49517470198045,
              24.508099788309202
            ],
            [
              -83.49517720517484,
              24.508009641161763
            ],
            [
              -83.495275728769,
              24.50801193149783
            ],
            [
              -83.49527823188116,
              24.507921784339555
            ],
            [
              -83.49537675541752,
              24.50792407460201
            ],
            [
              -83.49537925844747,
              24.50783392743292
            ],
            [
              -83.49557630541676,
              24.507838507746484
            ],
            [
              -83.49557880829447,
              24.507748360557052
            ],
            [
              -83.49587437862994,
              24.5077552305181
            ],
            [
              -83.4958768812854,
              24.50766508329882
            ],
            [
              -83.49636949840524,
              24.50767653190427
            ],
            [
              -83.49636699609987,
              24.50776667917109
            ],
            [
              -83.4965640431733,
              24.507771258183553
            ],
            [
              -83.49656154099574,
              24.507861405468077
            ],
            [
              -83.49675858825799,
              24.507865984243136
            ],
            [
              -83.49675608620826,
              24.50795613154535
            ],
            [
              -83.49685460992772,
              24.507958420846226
            ],
            [
              -83.49685210793581,
              24.508048568156635
            ],
            [
              -83.49695063173748,
              24.508050857402917
            ],
            [
              -83.49694812980337,
              24.508141004721505
            ],
            [
              -83.49704665368728,
              24.50814329391319
            ],
            [
              -83.49704164992248,
              24.50832358856544
            ],
            [
              -83.49714017395861,
              24.508325877712025
            ],
            [
              -83.49713767212793,
              24.508416025045683
            ],
            [
              -83.49723619624628,
              24.508418314137668
            ],
            [
              -83.49723369447341,
              24.50850846147952
            ],
            [
              -83.49733221867398,
              24.5085107505169
            ],
            [
              -83.49732971695893,
              24.508600897866934
            ],
            [
              -83.49742824124174,
              24.508603186849715
            ],
            [
              -83.49742573958449,
              24.508693334207944
            ],
            [
              -83.49762278832672,
              24.508697912000194
            ],
            [
              -83.49762028679731,
              24.508788059376116
            ],
            [
              -83.49771881125676,
              24.508790348185585
            ],
            [
              -83.49771630978518,
              24.508880495569684
            ],
            [
              -83.49781483432683,
              24.508882784324555
            ],
            [
              -83.49781233291306,
              24.508972931716844
            ],
            [
              -83.49791085753695,
              24.508975220417096
            ],
            [
              -83.497908356181,
              24.50906536781758
            ],
            [
              -83.4980068808871,
              24.50906765646323
            ],
            [
              -83.49800437958896,
              24.5091578038719
            ],
            [
              -83.49810290437729,
              24.509160092462952
            ],
            [
              -83.49810040313697,
              24.50925023987981
            ],
            [
              -83.49819892800753,
              24.50925252841626
            ],
            [
              -83.49819642682503,
              24.5093426758413
            ],
            [
              -83.49829495177781,
              24.50934496432313
            ],
            [
              -83.49829245065314,
              24.509435111756357
            ],
            [
              -83.49839097568811,
              24.50943740018359
            ],
            [
              -83.49838847462127,
              24.509527547625
            ],
            [
              -83.49848699973847,
              24.509529835997622
            ],
            [
              -83.49848449872945,
              24.50961998344722
            ],
            [
              -83.49858302392889,
              24.509622271765235
            ],
            [
              -83.49858052297768,
              24.50971241922302
            ],
            [
              -83.49877757355318,
              24.509716995685718
            ],
            [
              -83.49877507272983,
              24.509807143161193
            ],
            [
              -83.49916917430728,
              24.509816295355257
            ],
            [
              -83.49916667375184,
              24.509906442867415
            ],
            [
              -83.49936372475379,
              24.509911018598782
            ],
            [
              -83.4993612243262,
              24.510001166128628
            ],
            [
              -83.49955827551697,
              24.510005741622546
            ],
            [
              -83.49955577521723,
              24.51009588917007
            ],
            [
              -83.49975282659685,
              24.51010046442654
            ],
            [
              -83.49975032642496,
              24.51019061199174
            ],
            [
              -83.50004590379592,
              24.510197474424103
            ],
            [
              -83.5000434038219,
              24.510287622016495
            ],
            [
              -83.50043750743401,
              24.51029677106671
            ],
            [
              -83.5004350077279,
              24.51038691869577
            ],
            [
              -83.50092763786749,
              24.510398353613482
            ],
            [
              -83.50092513849931,
              24.51048850128871
            ],
            [
              -83.50112219078053,
              24.510493074825995
            ],
            [
              -83.50111969154024,
              24.510583222518893
            ],
            [
              -83.50151379652908,
              24.51059236886207
            ],
            [
              -83.50151129755669,
              24.51068251659163
            ],
            [
              -83.50190540302066,
              24.510691661946957
            ],
            [
              -83.5019029043162,
              24.510781809713173
            ],
            [
              -83.5023955367705,
              24.51079324001222
            ],
            [
              -83.502393038404,
              24.51088338782458
            ],
            [
              -83.5026886182329,
              24.5108902452631
            ],
            [
              -83.5026861200643,
              24.510980393102624
            ],
            [
              -83.50278464676833,
              24.510982678796722
            ],
            [
              -83.50278714486691,
              24.510892530947714
            ],
            [
              -83.50318125152478,
              24.510901673044994
            ],
            [
              -83.50318374933106,
              24.510811525156708
            ],
            [
              -83.50338080259304,
              24.51081609580168
            ],
            [
              -83.50337830492681,
              24.510906243708945
            ],
            [
              -83.50347683164611,
              24.510908528944746
            ],
            [
              -83.50347433403772,
              24.510998676860183
            ],
            [
              -83.50357286083923,
              24.511000962041358
            ],
            [
              -83.50357036328869,
              24.511091109964973
            ],
            [
              -83.5036688901724,
              24.511093395091518
            ],
            [
              -83.50366639267972,
              24.5111835430233
            ],
            [
              -83.50386344662375,
              24.511188113103017
            ],
            [
              -83.50386094925894,
              24.511278261052468
            ],
            [
              -83.50405800339176,
              24.511282830894697
            ],
            [
              -83.50405550615483,
              24.511372978861804
            ],
            [
              -83.50425256047642,
              24.51137754846654
            ],
            [
              -83.50424756624615,
              24.511557844434744
            ],
            [
              -83.50434609356529,
              24.511560129159907
            ],
            [
              -83.50433860233862,
              24.51183057313082
            ],
            [
              -83.50443712988003,
              24.511832857820327
            ],
            [
              -83.50442714168744,
              24.512193449801064
            ],
            [
              -83.50452566952116,
              24.5121957344644
            ],
            [
              -83.50451318435655,
              24.512646474458155
            ],
            [
              -83.50461171255265,
              24.5126487591048
            ],
            [
              -83.50460671854162,
              24.512829055112057
            ],
            [
              -83.50470524688994,
              24.512831339713546
            ],
            [
              -83.50470025297027,
              24.513011635734525
            ],
            [
              -83.50479878147085,
              24.513013920290863
            ],
            [
              -83.5047962845628,
              24.513104068308863
            ],
            [
              -83.50489481314558,
              24.51310635281057
            ],
            [
              -83.50488732255845,
              24.513376796885133
            ],
            [
              -83.50498585136353,
              24.513379081351168
            ],
            [
              -83.50498335454682,
              24.513469229382874
            ],
            [
              -83.5048848256717,
              24.513466944907353
            ],
            [
              -83.5048823287728,
              24.513557092928266
            ],
            [
              -83.50498085771795,
              24.513559377413266
            ],
            [
              -83.50497087028067,
              24.51391996952168
            ],
            [
              -83.50506939951816,
              24.5139222539805
            ],
            [
              -83.50506690269845,
              24.514012402013805
            ],
            [
              -83.50516543201816,
              24.514014686417983
            ],
            [
              -83.50516293525631,
              24.514104834459452
            ],
            [
              -83.50526146465823,
              24.514107118808994
            ],
            [
              -83.50525647123807,
              24.514287414906953
            ],
            [
              -83.50535500079226,
              24.514289699211332
            ],
            [
              -83.50535250413397,
              24.514379847267826
            ],
            [
              -83.50545103377038,
              24.51438213151756
            ],
            [
              -83.50544853716994,
              24.514472279582215
            ],
            [
              -83.50574412636237,
              24.514479131975126
            ],
            [
              -83.50574162995989,
              24.514569280066922
            ],
            [
              -83.50593868962247,
              24.514573848027187
            ],
            [
              -83.50593619334789,
              24.514663996136626
            ],
            [
              -83.50603472326749,
              24.514666280030056
            ],
            [
              -83.50603222705078,
              24.51475642814767
            ],
            [
              -83.5061307570526,
              24.514758711986442
            ],
            [
              -83.50612826089376,
              24.514848860112224
            ],
            [
              -83.5062267909778,
              24.514851143896358
            ],
            [
              -83.50622179876369,
              24.515031440162925
            ],
            [
              -83.50632032899999,
              24.515033723901897
            ],
            [
              -83.50631533687726,
              24.51521402018217
            ],
            [
              -83.50641386726583,
              24.515216303875967
            ],
            [
              -83.50637892202406,
              24.5164783778233
            ],
            [
              -83.50628039065481,
              24.51647609399676
            ],
            [
              -83.50627539814252,
              24.516656390234946
            ],
            [
              -83.50617686664535,
              24.516654106325305
            ],
            [
              -83.5061743703009,
              24.51674425443294
            ],
            [
              -83.50607583874584,
              24.51674197044969
            ],
            [
              -83.50607334231916,
              24.51683211854653
            ],
            [
              -83.50577774751692,
              24.51682526618353
            ],
            [
              -83.5057752508679,
              24.516915414250608
            ]
          ]
        ]
      },
      "properties": {
        "incident_id": "SP-009",
        "type": "AI-detected-slick",
        "source": "Sentinel-1 SAR",
        "method": "U-Net segmentation + radiometric filtering"
      }
    },
    {
      "type": "Feature",
      "geometry": {
        "type": "Polygon",
        "coordinates": [
          [
            [
              -83.56349200437167,
              24.515536104069454
            ],
            [
              -83.56309785800678,
              24.51552711786346
            ],
            [
              -83.56310031358977,
              24.515436964292523
            ],
            [
              -83.56300177709856,
              24.515434717589994
            ],
            [
              -83.56300423273964,
              24.515344564027075
            ],
            [
              -83.56290569633047,
              24.515342317269727
            ],
            [
              -83.56290815202964,
              24.515252163714823
            ],
            [
              -83.56271107938734,
              24.51524767002636
            ],
            [
              -83.56271599102999,
              24.515067362949956
            ],
            [
              -83.56261745486694,
              24.51506511602816
            ],
            [
              -83.56261991074037,
              24.514974962497337
            ],
            [
              -83.56252137465934,
              24.514972715520734
            ],
            [
              -83.56252383059085,
              24.514882561997915
            ],
            [
              -83.56242529459188,
              24.514880314966497
            ],
            [
              -83.56242775058146,
              24.514790161451707
            ],
            [
              -83.56232921466453,
              24.514787914365485
            ],
            [
              -83.5623316707122,
              24.51469776085871
            ],
            [
              -83.5622331348773,
              24.514695513717673
            ],
            [
              -83.56223559098305,
              24.51460536021892
            ],
            [
              -83.5621370552302,
              24.514603113023075
            ],
            [
              -83.56213951139404,
              24.514512959532343
            ],
            [
              -83.56204097572322,
              24.514510712281687
            ],
            [
              -83.56204343194513,
              24.51442055879899
            ],
            [
              -83.56194489635635,
              24.514418311493518
            ],
            [
              -83.56194735263635,
              24.514328158018838
            ],
            [
              -83.56184881712961,
              24.514325910658556
            ],
            [
              -83.56185372979375,
              24.514145603723932
            ],
            [
              -83.56175519443913,
              24.51414335631818
            ],
            [
              -83.5617576508233,
              24.514053202858236
            ],
            [
              -83.5616591155507,
              24.51405095539767
            ],
            [
              -83.56166157199293,
              24.513960801945757
            ],
            [
              -83.56156303680238,
              24.513958554430385
            ],
            [
              -83.56156794979104,
              24.513778247541286
            ],
            [
              -83.56146941475258,
              24.51377599998044
            ],
            [
              -83.56147432783342,
              24.513595693104776
            ],
            [
              -83.56137579294705,
              24.513593445498454
            ],
            [
              -83.56138070612008,
              24.513413138636228
            ],
            [
              -83.5612821713858,
              24.51341089098443
            ],
            [
              -83.561287084651,
              24.51323058413563
            ],
            [
              -83.56118855006882,
              24.513228336438363
            ],
            [
              -83.5611910067535,
              24.51313818302134
            ],
            [
              -83.56099393776522,
              24.513133687453063
            ],
            [
              -83.56099639457803,
              24.5130435340534
            ],
            [
              -83.56079932577778,
              24.513039038247243
            ],
            [
              -83.5608017827187,
              24.512948884864937
            ],
            [
              -83.56070324840661,
              24.512946636874993
            ],
            [
              -83.56070570540561,
              24.51285648350071
            ],
            [
              -83.56060717117555,
              24.51285423545596
            ],
            [
              -83.56060962823263,
              24.512764082089706
            ],
            [
              -83.5605110940846,
              24.51276183399016
            ],
            [
              -83.56051600830288,
              24.512581527272385
            ],
            [
              -83.56041747430696,
              24.512579279127372
            ],
            [
              -83.56043713126114,
              24.511858052278654
            ],
            [
              -83.56053566469666,
              24.511860300348992
            ],
            [
              -83.56054057867526,
              24.511679993605057
            ],
            [
              -83.56063911198268,
              24.5116822415926
            ],
            [
              -83.56064402577324,
              24.511501934824764
            ],
            [
              -83.56074255895254,
              24.5115041827295
            ],
            [
              -83.56074992933834,
              24.511233722539945
            ],
            [
              -83.56084846231948,
              24.511235970352548
            ],
            [
              -83.56085337571002,
              24.511055663534304
            ],
            [
              -83.56095190856306,
              24.511057911264103
            ],
            [
              -83.56095436517029,
              24.51096775784369
            ],
            [
              -83.56105289796527,
              24.51097000550003
            ],
            [
              -83.56105781100372,
              24.510789698636604
            ],
            [
              -83.56115634367058,
              24.510791946210144
            ],
            [
              -83.561161256521,
              24.51061163932283
            ],
            [
              -83.56125978905975,
              24.510613886813573
            ],
            [
              -83.56126224539695,
              24.510523733358617
            ],
            [
              -83.56136077787764,
              24.510525980775903
            ],
            [
              -83.561365690376,
              24.510345673843407
            ],
            [
              -83.56146422272857,
              24.5103479211779
            ],
            [
              -83.56146913503892,
              24.510167614221512
            ],
            [
              -83.56156766726339,
              24.510169861473212
            ],
            [
              -83.56157257938573,
              24.509989554492925
            ],
            [
              -83.5616711114821,
              24.509991801661833
            ],
            [
              -83.56167602341642,
              24.50981149465765
            ],
            [
              -83.5617745553847,
              24.509813741743773
            ],
            [
              -83.56177701126386,
              24.509723588230393
            ],
            [
              -83.56187554317405,
              24.509725835243056
            ],
            [
              -83.56187799897118,
              24.509635681719033
            ],
            [
              -83.56197653082333,
              24.50963792865824
            ],
            [
              -83.56198144224157,
              24.50945762158761
            ],
            [
              -83.56207997396561,
              24.509459868444033
            ],
            [
              -83.56208242958671,
              24.509369714897428
            ],
            [
              -83.5621809612527,
              24.50937196168039
            ],
            [
              -83.5621858723189,
              24.509191654564596
            ],
            [
              -83.56228440385678,
              24.50919390126477
            ],
            [
              -83.562289314735,
              24.509013594125086
            ],
            [
              -83.56238784614477,
              24.509015840742478
            ],
            [
              -83.56240257807174,
              24.508474919236065
            ],
            [
              -83.56230404708221,
              24.50847267267465
            ],
            [
              -83.56230895776879,
              24.50829236551404
            ],
            [
              -83.56221042693129,
              24.508290118907166
            ],
            [
              -83.56221779308144,
              24.508019658184434
            ],
            [
              -83.56211926246604,
              24.50801741154142
            ],
            [
              -83.5621266287185,
              24.50774695083491
            ],
            [
              -83.56202809832517,
              24.50774470415577
            ],
            [
              -83.56203300924032,
              24.507564397030222
            ],
            [
              -83.56193447899905,
              24.507562150305613
            ],
            [
              -83.56193939000636,
              24.507381843193496
            ],
            [
              -83.56184085991714,
              24.507379596423434
            ],
            [
              -83.56184331547284,
              24.507289442874747
            ],
            [
              -83.56174478546563,
              24.507287196049894
            ],
            [
              -83.5617472410794,
              24.50719704250922
            ],
            [
              -83.56164871115419,
              24.50719479562958
            ],
            [
              -83.56165362248586,
              24.50701448856299
            ],
            [
              -83.5615550927127,
              24.507012241637895
            ],
            [
              -83.56156000413651,
              24.50683193458474
            ],
            [
              -83.56146147451538,
              24.506829687614186
            ],
            [
              -83.56146638603134,
              24.50664938057445
            ],
            [
              -83.56136785656226,
              24.50664713355844
            ],
            [
              -83.56137522395643,
              24.506376673017037
            ],
            [
              -83.56147375321542,
              24.506378920005048
            ],
            [
              -83.5614786646116,
              24.50619861295225
            ],
            [
              -83.56157719374251,
              24.506200859857483
            ],
            [
              -83.56158701611096,
              24.505840245698856
            ],
            [
              -83.56168554497374,
              24.50584249250265
            ],
            [
              -83.56169536687044,
              24.505481878285778
            ],
            [
              -83.56179389546509,
              24.50548412498813
            ],
            [
              -83.56180126155176,
              24.505213664283758
            ],
            [
              -83.56189978994831,
              24.505215910894005
            ],
            [
              -83.56190470047282,
              24.505035603732555
            ],
            [
              -83.56200322874132,
              24.50503785026003
            ],
            [
              -83.56200813907786,
              24.50485754307469
            ],
            [
              -83.56210666721829,
              24.50485978951939
            ],
            [
              -83.56211403242321,
              24.504589328703588
            ],
            [
              -83.56221256036554,
              24.50459157505619
            ],
            [
              -83.562222380191,
              24.504230960579495
            ],
            [
              -83.56232090786521,
              24.504233206830662
            ],
            [
              -83.56233318202749,
              24.50378243865874
            ],
            [
              -83.56223465470336,
              24.503780192454215
            ],
            [
              -83.56223956442449,
              24.503599885194948
            ],
            [
              -83.56233809160857,
              24.50360213138081
            ],
            [
              -83.56235036535168,
              24.503151363163127
            ],
            [
              -83.56244889219764,
              24.50315360923824
            ],
            [
              -83.56246116529128,
              24.502702840941225
            ],
            [
              -83.56255969179915,
              24.502705086905586
            ],
            [
              -83.56257196424333,
              24.502254318529246
            ],
            [
              -83.5626704904131,
              24.50225656438286
            ],
            [
              -83.562672944796,
              24.502166410694347
            ],
            [
              -83.56257441869626,
              24.502164164850065
            ],
            [
              -83.56257687313719,
              24.50207401116956
            ],
            [
              -83.56267539916693,
              24.50207625700452
            ],
            [
              -83.56267785352588,
              24.50198610331339
            ],
            [
              -83.56257932756617,
              24.50198385748776
            ],
            [
              -83.56258178198316,
              24.50189370380465
            ],
            [
              -83.56268030787288,
              24.501895949620952
            ],
            [
              -83.56268767084197,
              24.501625488535787
            ],
            [
              -83.56258914516229,
              24.501623242747474
            ],
            [
              -83.56259159953139,
              24.501533089059134
            ],
            [
              -83.56269012514106,
              24.50153533483812
            ],
            [
              -83.56269257942816,
              24.501445181139147
            ],
            [
              -83.5625940538885,
              24.501442935369486
            ],
            [
              -83.56261859680114,
              24.500541398401122
            ],
            [
              -83.56252007197354,
              24.500539152660643
            ],
            [
              -83.56252988908336,
              24.50017853787401
            ],
            [
              -83.56243136454778,
              24.500176292106744
            ],
            [
              -83.5624338188653,
              24.500086138416144
            ],
            [
              -83.56233529441168,
              24.500083892594116
            ],
            [
              -83.56234265750243,
              24.499813431542464
            ],
            [
              -83.5622441332708,
              24.49981118568432
            ],
            [
              -83.56225149646377,
              24.499540724648885
            ],
            [
              -83.56215297245414,
              24.49953847875463
            ],
            [
              -83.56217260766856,
              24.498817249343944
            ],
            [
              -83.56227113111818,
              24.49881949516356
            ],
            [
              -83.562278493916,
              24.49854903408499
            ],
            [
              -83.56237701716759,
              24.498551279812535
            ],
            [
              -83.56238437964765,
              24.49828081869422
            ],
            [
              -83.56248290270122,
              24.49828306432968
            ],
            [
              -83.56249271889368,
              24.497922449449646
            ],
            [
              -83.56259124167924,
              24.497924694983702
            ],
            [
              -83.56259860348786,
              24.497654233781965
            ],
            [
              -83.5626971260754,
              24.497656479223945
            ],
            [
              -83.56269957991766,
              24.497566325478093
            ],
            [
              -83.56279810244718,
              24.497568570846656
            ],
            [
              -83.56280055620749,
              24.497478417090164
            ],
            [
              -83.56289907867898,
              24.497480662385307
            ],
            [
              -83.5629015323573,
              24.49739050861818
            ],
            [
              -83.56300005477078,
              24.49739275383991
            ],
            [
              -83.56300250836715,
              24.497302600062152
            ],
            [
              -83.56310103072258,
              24.49730484521046
            ],
            [
              -83.56310348423698,
              24.497214691422066
            ],
            [
              -83.5633005288438,
              24.497219181507756
            ],
            [
              -83.56330298220624,
              24.497129027699412
            ],
            [
              -83.5634015044576,
              24.497131272636796
            ],
            [
              -83.56340395773807,
              24.49704111881782
            ],
            [
              -83.56350247993142,
              24.497043363681783
            ],
            [
              -83.56350493312993,
              24.49695320985217
            ],
            [
              -83.56360345526525,
              24.496955454642727
            ],
            [
              -83.5636059083818,
              24.496865300802476
            ],
            [
              -83.5637044304591,
              24.496867545519613
            ],
            [
              -83.56370933651628,
              24.49668723781655
            ],
            [
              -83.56380785846555,
              24.49668948245095
            ],
            [
              -83.5638127643349,
              24.496509174724007
            ],
            [
              -83.56391128615616,
              24.49651141927567
            ],
            [
              -83.56391864466043,
              24.49624095764748
            ],
            [
              -83.56401716628369,
              24.496243202107085
            ],
            [
              -83.56402207175337,
              24.496062894329775
            ],
            [
              -83.56421911475582,
              24.49606738301943
            ],
            [
              -83.56422156733274,
              24.495977229110167
            ],
            [
              -83.56451713171617,
              24.49598396163602
            ],
            [
              -83.56451958407116,
              24.495893807697477
            ],
            [
              -83.56501219126626,
              24.49590502724556
            ],
            [
              -83.56501464325932,
              24.495814873259107
            ],
            [
              -83.56521168608113,
              24.495819360611097
            ],
            [
              -83.56521413792224,
              24.495729206604693
            ],
            [
              -83.56580526625484,
              24.495742667066658
            ],
            [
              -83.56580771766406,
              24.49565251300303
            ],
            [
              -83.56669441034039,
              24.4956726992863
            ],
            [
              -83.56669195956108,
              24.495762853433796
            ],
            [
              -83.5670860457859,
              24.495771823486272
            ],
            [
              -83.5670835952746,
              24.495861977669726
            ],
            [
              -83.56718211693068,
              24.495864220031947
            ],
            [
              -83.56715516128712,
              24.496855916066163
            ],
            [
              -83.5670566388611,
              24.49685367360147
            ],
            [
              -83.56704683617022,
              24.497214290264733
            ],
            [
              -83.56694831347619,
              24.497212047698685
            ],
            [
              -83.56694096112247,
              24.497482510154462
            ],
            [
              -83.5670394840265,
              24.49748475274846
            ],
            [
              -83.56703458253757,
              24.497665061064414
            ],
            [
              -83.56713310559353,
              24.49766730361295
            ],
            [
              -83.56712820419676,
              24.49784761194231
            ],
            [
              -83.56702968100079,
              24.49784536937515
            ],
            [
              -83.5670247794162,
              24.49802567768064
            ],
            [
              -83.56692625609219,
              24.498023435030753
            ],
            [
              -83.56692380521196,
              24.498113589172227
            ],
            [
              -83.5668252818299,
              24.498111346448923
            ],
            [
              -83.56682283086772,
              24.498201500579775
            ],
            [
              -83.56672430742763,
              24.498199257783067
            ],
            [
              -83.56672185638348,
              24.498289411903297
            ],
            [
              -83.56662333288536,
              24.498287169033176
            ],
            [
              -83.56662088175926,
              24.498377323142776
            ],
            [
              -83.56652235820309,
              24.498375080199242
            ],
            [
              -83.56651990699503,
              24.49846523429822
            ],
            [
              -83.5664213833808,
              24.498462991281276
            ],
            [
              -83.5664164807888,
              24.49864329945668
            ],
            [
              -83.56631795704655,
              24.498641056357002
            ],
            [
              -83.5663155056626,
              24.498731210433437
            ],
            [
              -83.5662169818623,
              24.498728967260348
            ],
            [
              -83.56621207891853,
              24.49890927539064
            ],
            [
              -83.56611355499018,
              24.49890703213482
            ],
            [
              -83.56610865185856,
              24.49908734024125
            ],
            [
              -83.56601012780219,
              24.499085096902697
            ],
            [
              -83.56600277280502,
              24.49935555902459
            ],
            [
              -83.5659042485506,
              24.499353315593986
            ],
            [
              -83.56589934501933,
              24.499533623650073
            ],
            [
              -83.56580082063687,
              24.499531380136734
            ],
            [
              -83.56579346504024,
              24.499801842183107
            ],
            [
              -83.56569494045972,
              24.49979959857771
            ],
            [
              -83.56568758454543,
              24.50007006058436
            ],
            [
              -83.56558905976685,
              24.500067816886908
            ],
            [
              -83.56557925143362,
              24.500428432840206
            ],
            [
              -83.56548072638697,
              24.50042618904137
            ],
            [
              -83.56547582200855,
              24.500606496991537
            ],
            [
              -83.56537729683386,
              24.50060425310996
            ],
            [
              -83.56536993996647,
              24.50087471499745
            ],
            [
              -83.56527141459372,
              24.50087247102381
            ],
            [
              -83.56526896221067,
              24.500962624974374
            ],
            [
              -83.56517043677987,
              24.500960380927314
            ],
            [
              -83.56516553183782,
              24.50114068880587
            ],
            [
              -83.56506700627897,
              24.501138444676066
            ],
            [
              -83.56505964856612,
              24.501408906456135
            ],
            [
              -83.56496112280921,
              24.501406662234267
            ],
            [
              -83.56495376477865,
              24.501677123974616
            ],
            [
              -83.56485523882365,
              24.50167487966067
            ],
            [
              -83.56484542766867,
              24.502035495258884
            ],
            [
              -83.5647469014456,
              24.50203325084355
            ],
            [
              -83.56472727800111,
              24.502754481902663
            ],
            [
              -83.56462875122988,
              24.502752237348638
            ],
            [
              -83.56460667330917,
              24.503563622106245
            ],
            [
              -83.56470520071056,
              24.50356586674418
            ],
            [
              -83.56468312245066,
              24.504377251479827
            ],
            [
              -83.56458459441909,
              24.504375006757993
            ],
            [
              -83.56457723457363,
              24.504645468285055
            ],
            [
              -83.56467576281527,
              24.504647713034853
            ],
            [
              -83.56466840307216,
              24.504918174578112
            ],
            [
              -83.56476693153586,
              24.504920419291775
            ],
            [
              -83.56476447833423,
              24.50501057314623
            ],
            [
              -83.5648630068799,
              24.50501281780511
            ],
            [
              -83.56486055373635,
              24.505102971667576
            ],
            [
              -83.56495908236403,
              24.50510521627166
            ],
            [
              -83.56495662927851,
              24.505195370142147
            ],
            [
              -83.56505515798818,
              24.50519761469144
            ],
            [
              -83.56505025192133,
              24.505377922447142
            ],
            [
              -83.56514878078302,
              24.50538016695096
            ],
            [
              -83.56514632780167,
              24.505470320836174
            ],
            [
              -83.56524485674534,
              24.5054725652852
            ],
            [
              -83.56523995088679,
              24.505652873070353
            ],
            [
              -83.56533847998249,
              24.505655117473903
            ],
            [
              -83.56533357421613,
              24.505835425272465
            ],
            [
              -83.56543210346385,
              24.505837669630544
            ],
            [
              -83.56542719778969,
              24.50601797744252
            ],
            [
              -83.56552572718942,
              24.506020221755126
            ],
            [
              -83.56552082160746,
              24.506200529580518
            ],
            [
              -83.56561935115921,
              24.50620277384765
            ],
            [
              -83.56559727607838,
              24.50701415908111
            ],
            [
              -83.56549874589635,
              24.507011914730096
            ],
            [
              -83.56549629297973,
              24.507102068629074
            ],
            [
              -83.56559482323179,
              24.507104312989405
            ],
            [
              -83.56559237037324,
              24.50719446689639
            ],
            [
              -83.56549384005113,
              24.507192222526736
            ],
            [
              -83.56549138711058,
              24.507282376423095
            ],
            [
              -83.56558991750272,
              24.50728462080207
            ],
            [
              -83.56558746462024,
              24.50737477470644
            ],
            [
              -83.56548893415807,
              24.507372530318147
            ],
            [
              -83.56548157522872,
              24.50764299199546
            ],
            [
              -83.56538304456842,
              24.50764074751508
            ],
            [
              -83.565380591498,
              24.50773090139558
            ],
            [
              -83.56528206077962,
              24.507728656841756
            ],
            [
              -83.56527715446282,
              24.507908964580196
            ],
            [
              -83.56517862361635,
              24.50790671994361
            ],
            [
              -83.56517617036995,
              24.50799687380155
            ],
            [
              -83.56507763946541,
              24.507994629091517
            ],
            [
              -83.56507273279665,
              24.508174936784826
            ],
            [
              -83.564974201764,
              24.508172691992026
            ],
            [
              -83.56497174834163,
              24.508262845827403
            ],
            [
              -83.56487321725092,
              24.50826060096116
            ],
            [
              -83.56487076374654,
              24.508350754785905
            ],
            [
              -83.56477223259776,
              24.508348509846215
            ],
            [
              -83.56476487180272,
              24.508618971284633
            ],
            [
              -83.56466634045579,
              24.50861672625285
            ],
            [
              -83.56466143305917,
              24.508797033853277
            ],
            [
              -83.56456290158414,
              24.508794788738726
            ],
            [
              -83.56456044779783,
              24.50888494252765
            ],
            [
              -83.56446191626472,
              24.508882697339654
            ],
            [
              -83.56445700851614,
              24.50906300489495
            ],
            [
              -83.56435847685492,
              24.509060759624177
            ],
            [
              -83.56433639076339,
              24.509872143474357
            ],
            [
              -83.56423785848376,
              24.50986989805554
            ],
            [
              -83.5642255876637,
              24.51032066676882
            ],
            [
              -83.56412705504583,
              24.510318421239255
            ],
            [
              -83.56411969220001,
              24.510588882423555
            ],
            [
              -83.56402115938398,
              24.510586636801882
            ],
            [
              -83.56401870500805,
              24.51067679051805
            ],
            [
              -83.56392017213395,
              24.510674544822923
            ],
            [
              -83.56391526320608,
              24.510854852232672
            ],
            [
              -83.56381673020385,
              24.510852606454765
            ],
            [
              -83.56381182108798,
              24.51103291384064
            ],
            [
              -83.56371328795764,
              24.511030667979952
            ],
            [
              -83.5637083786538,
              24.511210975341942
            ],
            [
              -83.56360984539533,
              24.51120872939847
            ],
            [
              -83.56360002636377,
              24.51156934406945
            ],
            [
              -83.56350149283708,
              24.51156709802454
            ],
            [
              -83.56348921842797,
              24.51201786628722
            ],
            [
              -83.56358775230493,
              24.512020112378753
            ],
            [
              -83.56358284259755,
              24.512200419693322
            ],
            [
              -83.56368137662658,
              24.512202665739387
            ],
            [
              -83.56367646701142,
              24.512382973067385
            ],
            [
              -83.56377500119251,
              24.512385219067962
            ],
            [
              -83.56375045309885,
              24.513286755722728
            ],
            [
              -83.56384898799244,
              24.513289001752426
            ],
            [
              -83.56383671384688,
              24.51373977007741
            ],
            [
              -83.56373817860299,
              24.513737524001083
            ],
            [
              -83.56372835879077,
              24.51409813860023
            ],
            [
              -83.5636298232786,
              24.51409589242245
            ],
            [
              -83.56362000299457,
              24.514456506963374
            ],
            [
              -83.56371853878696,
              24.514458753178452
            ],
            [
              -83.56369644307787,
              24.51527013590295
            ],
            [
              -83.56359790665493,
              24.515267889603937
            ],
            [
              -83.56359299622551,
              24.515448196843018
            ],
            [
              -83.56349445967442,
              24.515445950461203
            ],
            [
              -83.56349200437167,
              24.515536104069454
            ]
          ]
        ]
      },
      "properties": {
        "incident_id": "SP-009",
        "type": "AI-detected-slick",
        "source": "Sentinel-1 SAR",
        "method": "U-Net segmentation + radiometric filtering"
      }
    },
    {
      "type": "Feature",
      "geometry": {
        "type": "Polygon",
        "coordinates": [
          [
            [
              -83.56719436901768,
              24.49541344905504
            ],
            [
              -83.5659135929706,
              24.495384293953048
            ],
            [
              -83.56591604426198,
              24.495294139874872
            ],
            [
              -83.5658175231813,
              24.495291896735438
            ],
            [
              -83.56581997453073,
              24.495201742665273
            ],
            [
              -83.56572145353198,
              24.49519949947108
            ],
            [
              -83.56572390493942,
              24.49510934540893
            ],
            [
              -83.56562538402262,
              24.49510710215997
            ],
            [
              -83.5656302869416,
              24.494926794050386
            ],
            [
              -83.56553176617673,
              24.494924550755975
            ],
            [
              -83.56554402361476,
              24.494473780505757
            ],
            [
              -83.56564254402969,
              24.494476023753563
            ],
            [
              -83.56566460603467,
              24.493664637136984
            ],
            [
              -83.56576312583171,
              24.49366688023683
            ],
            [
              -83.56579989263739,
              24.49231456883424
            ],
            [
              -83.56570137389005,
              24.492312325874185
            ],
            [
              -83.56570872713817,
              24.492041863586344
            ],
            [
              -83.56580724567559,
              24.492044106518453
            ],
            [
              -83.56583665675204,
              24.49096225713771
            ],
            [
              -83.56593517446171,
              24.490964499893913
            ],
            [
              -83.56594007600042,
              24.490784191626865
            ],
            [
              -83.5660385935821,
              24.49078643430036
            ],
            [
              -83.56604104426356,
              24.490696280155557
            ],
            [
              -83.56613956178724,
              24.490698522755665
            ],
            [
              -83.56614201238675,
              24.49060836860024
            ],
            [
              -83.56624052985244,
              24.490610611126954
            ],
            [
              -83.56624298037,
              24.490520456960905
            ],
            [
              -83.56634149777767,
              24.49052269941423
            ],
            [
              -83.56634394821333,
              24.490432545237564
            ],
            [
              -83.56644246556297,
              24.490434787617495
            ],
            [
              -83.5664449159167,
              24.490344633430194
            ],
            [
              -83.566838985155,
              24.490353602271988
            ],
            [
              -83.56683653508117,
              24.490443756496557
            ],
            [
              -83.5669350524906,
              24.49044599855614
            ],
            [
              -83.56692525235553,
              24.490806615478597
            ],
            [
              -83.56702377005682,
              24.49080885751138
            ],
            [
              -83.56702132006313,
              24.49089901174805
            ],
            [
              -83.56711983784633,
              24.49090125372607
            ],
            [
              -83.56711738791067,
              24.490991407970743
            ],
            [
              -83.5672159057758,
              24.490993649894012
            ],
            [
              -83.56721100600855,
              24.491173958398072
            ],
            [
              -83.56730952402559,
              24.491176200275895
            ],
            [
              -83.56730707419399,
              24.491266354535277
            ],
            [
              -83.56740559229296,
              24.491268596358346
            ],
            [
              -83.56740314251938,
              24.491358750625746
            ],
            [
              -83.56750166070027,
              24.491360992394046
            ],
            [
              -83.56749676125723,
              24.491541300943545
            ],
            [
              -83.56759527959002,
              24.491543542666406
            ],
            [
              -83.56759282992053,
              24.491633696948515
            ],
            [
              -83.56769134833525,
              24.491635938616618
            ],
            [
              -83.56768644910038,
              24.491816247195537
            ],
            [
              -83.56778496766701,
              24.49181848881819
            ],
            [
              -83.56778006852427,
              24.491998797410506
            ],
            [
              -83.56787858724279,
              24.492001038987713
            ],
            [
              -83.5678638899476,
              24.49254196478922
            ],
            [
              -83.56796240909794,
              24.492544206358232
            ],
            [
              -83.5679550604989,
              24.492814669269293
            ],
            [
              -83.56805357987113,
              24.492816910802162
            ],
            [
              -83.56804133231694,
              24.49326768234104
            ],
            [
              -83.56813985205102,
              24.493269923856392
            ],
            [
              -83.56811045754156,
              24.494351775528223
            ],
            [
              -83.56801193696768,
              24.49434953390111
            ],
            [
              -83.56800213813544,
              24.494710151046
            ],
            [
              -83.56790361729357,
              24.494707909317555
            ],
            [
              -83.56790116748563,
              24.494798063591197
            ],
            [
              -83.56780264658573,
              24.494795821789353
            ],
            [
              -83.56779774679401,
              24.494976130314093
            ],
            [
              -83.56769922576609,
              24.494973888429534
            ],
            [
              -83.56769677578232,
              24.49506404268064
            ],
            [
              -83.56759825469636,
              24.495061800722677
            ],
            [
              -83.56759580463066,
              24.495151954963163
            ],
            [
              -83.56749728348666,
              24.495149712931806
            ],
            [
              -83.56749483333901,
              24.495239867161658
            ],
            [
              -83.56739631213698,
              24.4952376250569
            ],
            [
              -83.56739386190738,
              24.495327779276145
            ],
            [
              -83.56719681939921,
              24.495323294855744
            ],
            [
              -83.56719436901768,
              24.49541344905504
            ]
          ]
        ]
      },
      "properties": {
        "incident_id": "SP-009",
        "type": "AI-detected-slick",
        "source": "Sentinel-1 SAR",
        "method": "U-Net segmentation + radiometric filtering"
      }
    },
    {
      "type": "Feature",
      "geometry": {
        "type": "Polygon",
        "coordinates": [
          [
            [
              -83.56008691211261,
              24.477660649677382
            ],
            [
              -83.55988989863725,
              24.47765615875365
            ],
            [
              -83.55989235221179,
              24.47756600503625
            ],
            [
              -83.55969533892419,
              24.477561513875063
            ],
            [
              -83.55969779262658,
              24.47747136017502
            ],
            [
              -83.55950077952673,
              24.477466868776382
            ],
            [
              -83.55950323335699,
              24.4773767150937
            ],
            [
              -83.55940472689494,
              24.47737446930767
            ],
            [
              -83.55940718078314,
              24.47728431563301
            ],
            [
              -83.55930867440298,
              24.477282069792295
            ],
            [
              -83.5593135822833,
              24.47710176245774
            ],
            [
              -83.55921507605495,
              24.477099516571656
            ],
            [
              -83.55921998402718,
              24.47691920925055
            ],
            [
              -83.55912147795065,
              24.476916963319102
            ],
            [
              -83.55912393198872,
              24.476826809665923
            ],
            [
              -83.55823737846832,
              24.476806593485684
            ],
            [
              -83.55823492380101,
              24.47689674705483
            ],
            [
              -83.55803791189955,
              24.476892253847346
            ],
            [
              -83.55803545708042,
              24.476982407396505
            ],
            [
              -83.55783844508704,
              24.476977913914222
            ],
            [
              -83.5578359901161,
              24.477068067443394
            ],
            [
              -83.55754047200617,
              24.477061326711745
            ],
            [
              -83.55754292718686,
              24.476971173210593
            ],
            [
              -83.55724740939452,
              24.476964431930696
            ],
            [
              -83.55724986477297,
              24.47687427845625
            ],
            [
              -83.55705285311117,
              24.476869783968198
            ],
            [
              -83.55705530861748,
              24.476779630511135
            ],
            [
              -83.55695680287447,
              24.476777383180405
            ],
            [
              -83.5569592584387,
              24.47668722973138
            ],
            [
              -83.5568607527776,
              24.47668498234597
            ],
            [
              -83.55686320839975,
              24.476594828904968
            ],
            [
              -83.55676470282054,
              24.476592581464867
            ],
            [
              -83.55676961416874,
              24.476412274597642
            ],
            [
              -83.55667110874134,
              24.476410027112202
            ],
            [
              -83.55667602018141,
              24.476229720258438
            ],
            [
              -83.55657751490584,
              24.476227472727647
            ],
            [
              -83.55657997067782,
              24.476137319308144
            ],
            [
              -83.55648146548414,
              24.476135071722684
            ],
            [
              -83.55648637713193,
              24.47595476489844
            ],
            [
              -83.55638787209007,
              24.475952517267633
            ],
            [
              -83.5563903279659,
              24.4758623638629
            ],
            [
              -83.55629182300594,
              24.475860116177408
            ],
            [
              -83.55629427893969,
              24.47576996278071
            ],
            [
              -83.55619577406164,
              24.47576771504054
            ],
            [
              -83.55619823005331,
              24.475677561651878
            ],
            [
              -83.55609972525714,
              24.475675313857025
            ],
            [
              -83.55610218130674,
              24.475585160476395
            ],
            [
              -83.55600367659248,
              24.47558291262687
            ],
            [
              -83.55600858879554,
              24.475402605880376
            ],
            [
              -83.55591008423309,
              24.475400357985514
            ],
            [
              -83.55591254038654,
              24.475310204619653
            ],
            [
              -83.55581403590598,
              24.475307956670108
            ],
            [
              -83.55584350965125,
              24.474226116289998
            ],
            [
              -83.55574500602157,
              24.474223868388563
            ],
            [
              -83.55574746215899,
              24.474133715024408
            ],
            [
              -83.5556489586112,
              24.474131467068297
            ],
            [
              -83.55565141480653,
              24.474041313712178
            ],
            [
              -83.55506039419105,
              24.4740278246872
            ],
            [
              -83.5550579375763,
              24.47411797798725
            ],
            [
              -83.55466392379283,
              24.474108983986156
            ],
            [
              -83.55466638068721,
              24.474018830723505
            ],
            [
              -83.55437087068526,
              24.474012084578522
            ],
            [
              -83.55437332777737,
              24.473921931342606
            ],
            [
              -83.55417632130917,
              24.47391743361122
            ],
            [
              -83.55417877852908,
              24.473827280392687
            ],
            [
              -83.55408027538287,
              24.473825031440317
            ],
            [
              -83.5540827326607,
              24.473734878229827
            ],
            [
              -83.5539842295964,
              24.47373262922279
            ],
            [
              -83.55398914425585,
              24.47355232281659
            ],
            [
              -83.55389064134334,
              24.473550073764237
            ],
            [
              -83.5538980134523,
              24.473279614173187
            ],
            [
              -83.5537995107615,
              24.473277365084858
            ],
            [
              -83.55380688297217,
              24.473006905510097
            ],
            [
              -83.55390538545328,
              24.473009154570374
            ],
            [
              -83.55390784276294,
              24.472919001366822
            ],
            [
              -83.55459735997718,
              24.472934742930867
            ],
            [
              -83.55459490315681,
              24.47302489619986
            ],
            [
              -83.55479190832291,
              24.473029393232135
            ],
            [
              -83.55478945163036,
              24.473119546518515
            ],
            [
              -83.5548879543013,
              24.473121794947982
            ],
            [
              -83.55488549766663,
              24.473211948242405
            ],
            [
              -83.55498400041945,
              24.4732141966172
            ],
            [
              -83.55498154384271,
              24.473304349919662
            ],
            [
              -83.55517854952416,
              24.473308846495886
            ],
            [
              -83.55517363661431,
              24.47348915313428
            ],
            [
              -83.55537064262332,
              24.473493649491825
            ],
            [
              -83.55536818629021,
              24.473583802827747
            ],
            [
              -83.55576219873171,
              24.473592794812
            ],
            [
              -83.55576465478521,
              24.473502641438692
            ],
            [
              -83.55586315785565,
              24.473504889265364
            ],
            [
              -83.55586561382725,
              24.473414735881406
            ],
            [
              -83.55596411683979,
              24.47341698363472
            ],
            [
              -83.5559665727295,
              24.473326830240104
            ],
            [
              -83.55606507568412,
              24.473329077920052
            ],
            [
              -83.55607489884348,
              24.472968464291167
            ],
            [
              -83.55617340153047,
              24.47297071186972
            ],
            [
              -83.55617831289842,
              24.472790405028743
            ],
            [
              -83.55706483636258,
              24.472810630186842
            ],
            [
              -83.55705992625286,
              24.47299093719598
            ],
            [
              -83.55696142345798,
              24.472988690193574
            ],
            [
              -83.5569565131605,
              24.4731689971788
            ],
            [
              -83.5568580102378,
              24.473166750093693
            ],
            [
              -83.55684818921942,
              24.4735273640111
            ],
            [
              -83.55674968602911,
              24.473525116824607
            ],
            [
              -83.55674231992977,
              24.473795577220915
            ],
            [
              -83.55654531316567,
              24.473791082599824
            ],
            [
              -83.55654285763543,
              24.47388123604396
            ],
            [
              -83.55634585077948,
              24.47387674114811
            ],
            [
              -83.55633848369744,
              24.474147201416624
            ],
            [
              -83.55643698732915,
              24.47414944892459
            ],
            [
              -83.55643453168108,
              24.474239602354157
            ],
            [
              -83.55673004285781,
              24.474246344521962
            ],
            [
              -83.55673495372255,
              24.474066037605464
            ],
            [
              -83.55703046458773,
              24.474072779141036
            ],
            [
              -83.55702800937107,
              24.474162932627966
            ],
            [
              -83.55732352055382,
              24.47416967361538
            ],
            [
              -83.5573210655349,
              24.47425982712903
            ],
            [
              -83.55741956935636,
              24.474262074006127
            ],
            [
              -83.55741711439535,
              24.474352227527806
            ],
            [
              -83.5575156182987,
              24.474354474350235
            ],
            [
              -83.55751316339563,
              24.474444627879947
            ],
            [
              -83.55761166738085,
              24.47444687464769
            ],
            [
              -83.55760675767856,
              24.474627181721868
            ],
            [
              -83.5577052618156,
              24.474629428444274
            ],
            [
              -83.55770035220517,
              24.474809735531903
            ],
            [
              -83.55779885649402,
              24.474811982208962
            ],
            [
              -83.55779640174075,
              24.474902135760164
            ],
            [
              -83.55789490611147,
              24.474904382382547
            ],
            [
              -83.55789245141612,
              24.474994535941768
            ],
            [
              -83.55799095586873,
              24.474996782509464
            ],
            [
              -83.55798850123132,
              24.47508693607673
            ],
            [
              -83.55808700576583,
              24.47508918258973
            ],
            [
              -83.55808455118634,
              24.475179336165027
            ],
            [
              -83.55818305580273,
              24.47518158262335
            ],
            [
              -83.55817814674762,
              24.475361889788697
            ],
            [
              -83.55827665151583,
              24.47536413620168
            ],
            [
              -83.5582668335415,
              24.475724750554036
            ],
            [
              -83.55836533860132,
              24.47572699694034
            ],
            [
              -83.55835061169986,
              24.476267918485714
            ],
            [
              -83.55854762269442,
              24.476272411178307
            ],
            [
              -83.55855253142983,
              24.476092103964387
            ],
            [
              -83.55874954219264,
              24.476096596363522
            ],
            [
              -83.55875199640255,
              24.476006442735926
            ],
            [
              -83.55894900707345,
              24.476010934860277
            ],
            [
              -83.55895146113156,
              24.475920781212704
            ],
            [
              -83.55904996641506,
              24.475923027169507
            ],
            [
              -83.55904751242687,
              24.476013180826417
            ],
            [
              -83.55914601779226,
              24.476015426728523
            ],
            [
              -83.55914356386201,
              24.476105580393465
            ],
            [
              -83.55924206930928,
              24.476107826240884
            ],
            [
              -83.55923961543697,
              24.47619797991385
            ],
            [
              -83.55933812096615,
              24.476200225706574
            ],
            [
              -83.55933566715176,
              24.476290379387574
            ],
            [
              -83.55982819532687,
              24.476301607437495
            ],
            [
              -83.55982574185008,
              24.476391761163853
            ],
            [
              -83.55992424759096,
              24.476394006591086
            ],
            [
              -83.55992670099783,
              24.47630385285539
            ],
            [
              -83.56002520668075,
              24.476306098209268
            ],
            [
              -83.56002766000574,
              24.47621594446293
            ],
            [
              -83.55992915439273,
              24.47621369911839
            ],
            [
              -83.55993160777565,
              24.47612354538008
            ],
            [
              -83.56003011331875,
              24.476125790715287
            ],
            [
              -83.5600325666198,
              24.476035636966337
            ],
            [
              -83.5599340611466,
              24.476033391640467
            ],
            [
              -83.55993896785257,
              24.475853084157315
            ],
            [
              -83.5598404625312,
              24.47585083878608
            ],
            [
              -83.5598453693291,
              24.475670531316375
            ],
            [
              -83.55974686415951,
              24.47566828589978
            ],
            [
              -83.55974931761041,
              24.475578132172302
            ],
            [
              -83.55984782271008,
              24.475580377579558
            ],
            [
              -83.55985027607909,
              24.475490223841437
            ],
            [
              -83.55994878112082,
              24.475492469175332
            ],
            [
              -83.55995123440795,
              24.475402315426567
            ],
            [
              -83.56004973939174,
              24.47540456068711
            ],
            [
              -83.56004483294535,
              24.47558486820199
            ],
            [
              -83.56024184322852,
              24.475589358568328
            ],
            [
              -83.56022957760209,
              24.476040127426003
            ],
            [
              -83.56013107210495,
              24.476037882228184
            ],
            [
              -83.56012371237566,
              24.476308343499113
            ],
            [
              -83.56022221808253,
              24.476310588724935
            ],
            [
              -83.56021240522216,
              24.47667120377188
            ],
            [
              -83.56031091122067,
              24.476673448971
            ],
            [
              -83.56029373874343,
              24.47730452531819
            ],
            [
              -83.5601952322555,
              24.47730228005374
            ],
            [
              -83.560187872233,
              24.47757274129779
            ],
            [
              -83.5600893655473,
              24.477570495941308
            ],
            [
              -83.56008691211261,
              24.477660649677382
            ]
          ]
        ]
      },
      "properties": {
        "incident_id": "SP-009",
        "type": "AI-detected-slick",
        "source": "Sentinel-1 SAR",
        "method": "U-Net segmentation + radiometric filtering"
      }
    },
    {
      "type": "Feature",
      "geometry": {
        "type": "Polygon",
        "coordinates": [
          [
            [
              -83.47090190795235,
              24.466490769578783
            ],
            [
              -83.47060644197016,
              24.466483861615536
            ],
            [
              -83.47060895784527,
              24.466393716359345
            ],
            [
              -83.4704119807249,
              24.466389110749788
            ],
            [
              -83.47041449672744,
              24.466298965511424
            ],
            [
              -83.47021751979592,
              24.466294359665113
            ],
            [
              -83.47022758424201,
              24.465933778775096
            ],
            [
              -83.47012909607407,
              24.465931475794278
            ],
            [
              -83.47013664448922,
              24.46566104014165
            ],
            [
              -83.47003815654311,
              24.46565873712559
            ],
            [
              -83.47004570505726,
              24.46538830148982
            ],
            [
              -83.46994721733296,
              24.465385998438514
            ],
            [
              -83.4699572821259,
              24.465025417610683
            ],
            [
              -83.4698587946933,
              24.4650231145337
            ],
            [
              -83.46986885956909,
              24.46466253372309
            ],
            [
              -83.46996734672234,
              24.464664836761763
            ],
            [
              -83.46997237894685,
              24.464484546329402
            ],
            [
              -83.4700708659727,
              24.46448684928496
            ],
            [
              -83.47007841400782,
              24.464216413597793
            ],
            [
              -83.4701769008364,
              24.46421871646065
            ],
            [
              -83.4701970278309,
              24.463497554493628
            ],
            [
              -83.47009854156104,
              24.463495251707375
            ],
            [
              -83.47010357332651,
              24.463314961221595
            ],
            [
              -83.47020205945671,
              24.463317263988706
            ],
            [
              -83.47025237301283,
              24.46151435864942
            ],
            [
              -83.47035085775859,
              24.46151666116107
            ],
            [
              -83.47035840415882,
              24.461246225285983
            ],
            [
              -83.47045688870736,
              24.461248527704946
            ],
            [
              -83.47046695012308,
              24.460887946481428
            ],
            [
              -83.47056543440459,
              24.460890248798133
            ],
            [
              -83.4705754953445,
              24.46052966751523
            ],
            [
              -83.47067397935899,
              24.460531969729683
            ],
            [
              -83.47068403982313,
              24.4601713883874
            ],
            [
              -83.47078252357058,
              24.460173690499598
            ],
            [
              -83.47079258355893,
              24.45981310909794
            ],
            [
              -83.47089106703936,
              24.45981541110789
            ],
            [
              -83.47090112655196,
              24.459454829646862
            ],
            [
              -83.47099960976536,
              24.45945713155456
            ],
            [
              -83.47100966880222,
              24.459096550034154
            ],
            [
              -83.47140360066145,
              24.45910575687225
            ],
            [
              -83.47140108619993,
              24.459195902292624
            ],
            [
              -83.47149956926525,
              24.459198203851827
            ],
            [
              -83.47149705486129,
              24.459288349280445
            ],
            [
              -83.47159553800871,
              24.45929065078527
            ],
            [
              -83.47157290844909,
              24.4601019596697
            ],
            [
              -83.47167139223721,
              24.460104261196705
            ],
            [
              -83.47166887785015,
              24.46019440663129
            ],
            [
              -83.4715703939922,
              24.46019210509471
            ],
            [
              -83.47155279245023,
              24.460823123032924
            ],
            [
              -83.47165127679698,
              24.4608254246365
            ],
            [
              -83.4716236167838,
              24.461817024228534
            ],
            [
              -83.47172210191097,
              24.461819325873428
            ],
            [
              -83.47171707279774,
              24.461999616710354
            ],
            [
              -83.47181555807686,
              24.46200191831043
            ],
            [
              -83.47180801452444,
              24.46227235458466
            ],
            [
              -83.47190650002536,
              24.46227465614948
            ],
            [
              -83.47189644206294,
              24.46263523786828
            ],
            [
              -83.47199492785546,
              24.462637539407417
            ],
            [
              -83.47198235547545,
              24.463088266574115
            ],
            [
              -83.47208084162943,
              24.46309056809714
            ],
            [
              -83.4720607257418,
              24.46381173157191
            ],
            [
              -83.47215921246676,
              24.463814033107532
            ],
            [
              -83.47215166901587,
              24.464084469417536
            ],
            [
              -83.47225015596266,
              24.464086770917895
            ],
            [
              -83.47223506914851,
              24.464627643559755
            ],
            [
              -83.47213658178268,
              24.464625342001966
            ],
            [
              -83.47213155260675,
              24.464805632852904
            ],
            [
              -83.4720330651135,
              24.464803331212018
            ],
            [
              -83.47202300633494,
              24.46516391285979
            ],
            [
              -83.47192451857458,
              24.465161611116653
            ],
            [
              -83.47191948897195,
              24.465341901913497
            ],
            [
              -83.47182100108418,
              24.46533960008724
            ],
            [
              -83.4718184861946,
              24.465429745474104
            ],
            [
              -83.47171999824927,
              24.465427443574306
            ],
            [
              -83.47171748327757,
              24.46551758895029
            ],
            [
              -83.47152050728404,
              24.465512984939632
            ],
            [
              -83.47151799216036,
              24.465603130295158
            ],
            [
              -83.47141950411216,
              24.465600828184293
            ],
            [
              -83.47141447368828,
              24.465781118872243
            ],
            [
              -83.47131598551267,
              24.465778816678263
            ],
            [
              -83.47131095489998,
              24.4659591073418
            ],
            [
              -83.47121246659695,
              24.465956805064696
            ],
            [
              -83.47120492037627,
              24.4662272410214
            ],
            [
              -83.47110643187598,
              24.46622493865161
            ],
            [
              -83.47110391637467,
              24.466315083958303
            ],
            [
              -83.47100542781679,
              24.46631278151496
            ],
            [
              -83.47100291223336,
              24.46640292681076
            ],
            [
              -83.47090442361792,
              24.466400624293875
            ],
            [
              -83.47090190795235,
              24.466490769578783
            ]
          ]
        ]
      },
      "properties": {
        "incident_id": "SP-009",
        "type": "AI-detected-slick",
        "source": "Sentinel-1 SAR",
        "method": "U-Net segmentation + radiometric filtering"
      }
    },
    {
      "type": "Feature",
      "geometry": {
        "type": "Polygon",
        "coordinates": [
          [
            [
              -83.55708202136918,
              24.472179555613696
            ],
            [
              -83.55599849820484,
              24.472154835991233
            ],
            [
              -83.55600095392673,
              24.472064682578328
            ],
            [
              -83.55550844422643,
              24.47205344387246
            ],
            [
              -83.55551090028582,
              24.47196329050497
            ],
            [
              -83.55531389662943,
              24.471958794593217
            ],
            [
              -83.55531635281662,
              24.47186864124311
            ],
            [
              -83.55511934934796,
              24.471864145094
            ],
            [
              -83.55512180566295,
              24.471773991761278
            ],
            [
              -83.5550233040165,
              24.471771743600044
            ],
            [
              -83.5550257603894,
              24.47168159027537
            ],
            [
              -83.55492725882485,
              24.47167934205947
            ],
            [
              -83.55493217167445,
              24.47149903542488
            ],
            [
              -83.55483367026167,
              24.471496787163673
            ],
            [
              -83.55483612673838,
              24.47140663385376
            ],
            [
              -83.5547376254075,
              24.47140438553788
            ],
            [
              -83.55474008194211,
              24.47131423223602
            ],
            [
              -83.5546415806931,
              24.471311983865473
            ],
            [
              -83.55464649386614,
              24.471131677276514
            ],
            [
              -83.55454799276892,
              24.471129428860657
            ],
            [
              -83.55455536264822,
              24.470858968995458
            ],
            [
              -83.55445686177266,
              24.470856720543633
            ],
            [
              -83.55446914501445,
              24.47040595412223
            ],
            [
              -83.55437064450034,
              24.47040370565314
            ],
            [
              -83.55437555785288,
              24.47022339909413
            ],
            [
              -83.55427705749055,
              24.470221150579725
            ],
            [
              -83.5542844276391,
              24.469950690759447
            ],
            [
              -83.55418592749842,
              24.469948442209088
            ],
            [
              -83.5541908410106,
              24.4697681356744
            ],
            [
              -83.5540923410217,
              24.469765887078722
            ],
            [
              -83.55409479782969,
              24.46967573381877
            ],
            [
              -83.55399629792268,
              24.46967348516844
            ],
            [
              -83.55400121164244,
              24.469493178663303
            ],
            [
              -83.55390271188719,
              24.469490929967662
            ],
            [
              -83.55390762569876,
              24.469310623475995
            ],
            [
              -83.55380912609527,
              24.46930837473505
            ],
            [
              -83.55381403999863,
              24.46912806825686
            ],
            [
              -83.55371554054692,
              24.46912581947061
            ],
            [
              -83.55372045454207,
              24.468945513005895
            ],
            [
              -83.55362195524212,
              24.468943264174335
            ],
            [
              -83.55362441229158,
              24.468853110949365
            ],
            [
              -83.55352591307353,
              24.468850862063153
            ],
            [
              -83.55353082727625,
              24.468670555627995
            ],
            [
              -83.55343232820994,
              24.468668306696483
            ],
            [
              -83.5534347853632,
              24.46857815348629
            ],
            [
              -83.55333628637877,
              24.468575904500128
            ],
            [
              -83.5533436579762,
              24.46830544488977
            ],
            [
              -83.55324515921342,
              24.468303195867655
            ],
            [
              -83.55325744531865,
              24.46785242987101
            ],
            [
              -83.55335594373202,
              24.46785467884636
            ],
            [
              -83.55339525613542,
              24.466412227287897
            ],
            [
              -83.55329675884009,
              24.466409978462153
            ],
            [
              -83.55329921583322,
              24.466319825237992
            ],
            [
              -83.55320071861976,
              24.466317576357604
            ],
            [
              -83.5532056327098,
              24.466137269924065
            ],
            [
              -83.55310713564808,
              24.466135020998372
            ],
            [
              -83.55311204982988,
              24.465954714578313
            ],
            [
              -83.55301355291991,
              24.46595246560734
            ],
            [
              -83.55302583851382,
              24.465501699581058
            ],
            [
              -83.55292734196522,
              24.46549945059284
            ],
            [
              -83.55292979911789,
              24.465409297393016
            ],
            [
              -83.55283130265113,
              24.465407048350166
            ],
            [
              -83.55284604573446,
              24.46486612917987
            ],
            [
              -83.55294454178197,
              24.464868378166617
            ],
            [
              -83.55294699885069,
              24.464778224957644
            ],
            [
              -83.55304549484033,
              24.46478047387104
            ],
            [
              -83.55305286576484,
              24.464510014208212
            ],
            [
              -83.55315136155689,
              24.464512263029572
            ],
            [
              -83.55315381843785,
              24.464422109796665
            ],
            [
              -83.55325231417203,
              24.464424358544672
            ],
            [
              -83.55325722775827,
              24.46424405205624
            ],
            [
              -83.5533557233647,
              24.464246300721562
            ],
            [
              -83.55335818006995,
              24.46415614746603
            ],
            [
              -83.5534566756185,
              24.46415839605801
            ],
            [
              -83.55345913224191,
              24.46406824279183
            ],
            [
              -83.55355762773259,
              24.464070491310466
            ],
            [
              -83.55356008427412,
              24.46398033803362
            ],
            [
              -83.55365857970695,
              24.463982586478917
            ],
            [
              -83.55366103616663,
              24.46389243319142
            ],
            [
              -83.55375953154156,
              24.463894681563378
            ],
            [
              -83.55376198791939,
              24.46380452826522
            ],
            [
              -83.55386048323645,
              24.46380677656384
            ],
            [
              -83.55386293953242,
              24.46371662325503
            ],
            [
              -83.5539614347916,
              24.46371887148031
            ],
            [
              -83.55396389100571,
              24.463628718160844
            ],
            [
              -83.55406238620704,
              24.46363096631279
            ],
            [
              -83.55406484233929,
              24.463540812982668
            ],
            [
              -83.55416333748272,
              24.463543061061277
            ],
            [
              -83.55417070559794,
              24.463272601035023
            ],
            [
              -83.55426920054377,
              24.463274849021598
            ],
            [
              -83.5542741124209,
              24.4630945423122
            ],
            [
              -83.554372607239,
              24.463096790216092
            ],
            [
              -83.55437506308972,
              24.463006636850086
            ],
            [
              -83.5547690422026,
              24.463015627788383
            ],
            [
              -83.55477149776188,
              24.462925474383685
            ],
            [
              -83.55496848725052,
              24.462929969450222
            ],
            [
              -83.55497094265807,
              24.46283981602552
            ],
            [
              -83.55506943735053,
              24.462842063453472
            ],
            [
              -83.55507189267624,
              24.462751910018113
            ],
            [
              -83.55526888195736,
              24.46275640466335
            ],
            [
              -83.55527379229338,
              24.462576097751338
            ],
            [
              -83.55537228681219,
              24.462578344959287
            ],
            [
              -83.55538947212163,
              24.461947270660673
            ],
            [
              -83.55548796616341,
              24.461949517739225
            ],
            [
              -83.55549287600422,
              24.461769210766317
            ],
            [
              -83.55559136991828,
              24.461771457762193
            ],
            [
              -83.55559627957145,
              24.461591150765372
            ],
            [
              -83.55569477335776,
              24.461593397678573
            ],
            [
              -83.55570213753803,
              24.461322937145503
            ],
            [
              -83.55580063112677,
              24.461325183966693
            ],
            [
              -83.55581535874458,
              24.460784262809227
            ],
            [
              -83.55591385192616,
              24.46078650951037
            ],
            [
              -83.55592121536371,
              24.460516048885964
            ],
            [
              -83.55601970834772,
              24.460518295495106
            ],
            [
              -83.55602461710647,
              24.460337988386954
            ],
            [
              -83.55612310996275,
              24.460340234913424
            ],
            [
              -83.55612556425429,
              24.460250081348047
            ],
            [
              -83.55622405705272,
              24.460252327801197
            ],
            [
              -83.55622651126242,
              24.460162174225168
            ],
            [
              -83.55632500400297,
              24.460164420604997
            ],
            [
              -83.55632745813084,
              24.460074267018314
            ],
            [
              -83.55652444350818,
              24.46007875956735
            ],
            [
              -83.55652935144856,
              24.45989845235271
            ],
            [
              -83.55672633659442,
              24.459902944608462
            ],
            [
              -83.55673124420748,
              24.459722637351227
            ],
            [
              -83.55692822912187,
              24.45972712931371
            ],
            [
              -83.55693068277073,
              24.459636975664456
            ],
            [
              -83.55702917517603,
              24.45963922154038
            ],
            [
              -83.55703162874305,
              24.45954906788048
            ],
            [
              -83.5571301210905,
              24.45955131368309
            ],
            [
              -83.55713257457568,
              24.459461160012545
            ],
            [
              -83.55723106686526,
              24.45946340574184
            ],
            [
              -83.55723352026861,
              24.459373252060644
            ],
            [
              -83.55733201250032,
              24.459375497716625
            ],
            [
              -83.55733446582185,
              24.459285344024778
            ],
            [
              -83.55743295799569,
              24.459287589607445
            ],
            [
              -83.55743786446311,
              24.45910728220117
            ],
            [
              -83.55753635650922,
              24.459109527701173
            ],
            [
              -83.55753880965511,
              24.459019373986738
            ],
            [
              -83.55763730164337,
              24.45902161941343
            ],
            [
              -83.55764220775954,
              24.45884131196196
            ],
            [
              -83.55774069962006,
              24.458843557306
            ],
            [
              -83.55774315259033,
              24.458753403568966
            ],
            [
              -83.55784164439297,
              24.4587556488397
            ],
            [
              -83.55784409728142,
              24.458665495092017
            ],
            [
              -83.5579425890262,
              24.458667740289435
            ],
            [
              -83.55794504183281,
              24.458577586531106
            ],
            [
              -83.55804353351974,
              24.458579831655214
            ],
            [
              -83.55804598624452,
              24.45848967788625
            ],
            [
              -83.55814447787357,
              24.45849192293704
            ],
            [
              -83.55814693051654,
              24.458401769157433
            ],
            [
              -83.55824542208771,
              24.458404014134913
            ],
            [
              -83.55824787464887,
              24.458313860344653
            ],
            [
              -83.55844485768743,
              24.458318350089023
            ],
            [
              -83.55844731009691,
              24.458228196278792
            ],
            [
              -83.55854580156432,
              24.45823044104568
            ],
            [
              -83.55854825389198,
              24.4581402872248
            ],
            [
              -83.55864674530152,
              24.458142531918373
            ],
            [
              -83.55864919754737,
              24.45805237808686
            ],
            [
              -83.55884618026265,
              24.458056867263423
            ],
            [
              -83.55884863235683,
              24.457966713411928
            ],
            [
              -83.55904561498033,
              24.457971202313928
            ],
            [
              -83.55904806692284,
              24.457881048442452
            ],
            [
              -83.55924504945453,
              24.45788553706989
            ],
            [
              -83.5592425976517,
              24.457975690960033
            ],
            [
              -83.55983354595314,
              24.457989155363
            ],
            [
              -83.55983109455742,
              24.45807930930783
            ],
            [
              -83.56002807756002,
              24.458083796949033
            ],
            [
              -83.560025626292,
              24.458173950911224
            ],
            [
              -83.56012411788112,
              24.458176194645194
            ],
            [
              -83.56012166667098,
              24.45826634861542
            ],
            [
              -83.56022015834189,
              24.458268592294754
            ],
            [
              -83.56021770718964,
              24.458358746272992
            ],
            [
              -83.56031619894237,
              24.458360989897677
            ],
            [
              -83.56031374784799,
              24.45845114388396
            ],
            [
              -83.56041223968253,
              24.458453387454004
            ],
            [
              -83.56040733759757,
              24.458633695441286
            ],
            [
              -83.56050582958378,
              24.45863593896602
            ],
            [
              -83.56050337859318,
              24.458726092967044
            ],
            [
              -83.56060187066122,
              24.458728336437133
            ],
            [
              -83.56059451782718,
              24.45899879846034
            ],
            [
              -83.56069301011674,
              24.459001041894442
            ],
            [
              -83.5606832064499,
              24.459361657944434
            ],
            [
              -83.5607816990308,
              24.459363901351885
            ],
            [
              -83.56075964070901,
              24.46017528747195
            ],
            [
              -83.56066114749943,
              24.46017304398053
            ],
            [
              -83.56064889210808,
              24.460623813954882
            ],
            [
              -83.5605503985612,
              24.460621570352824
            ],
            [
              -83.56054794737717,
              24.46071172433445
            ],
            [
              -83.5606464409939,
              24.460713967945836
            ],
            [
              -83.56064153872967,
              24.460894275923827
            ],
            [
              -83.56074003249807,
              24.4608965194899
            ],
            [
              -83.56071797234526,
              24.461707905410197
            ],
            [
              -83.56061947794812,
              24.461705661760156
            ],
            [
              -83.56061457542057,
              24.461885969709414
            ],
            [
              -83.56041758638277,
              24.46188148218005
            ],
            [
              -83.56041513496132,
              24.461971636134063
            ],
            [
              -83.56021814583167,
              24.461967148330093
            ],
            [
              -83.56021569425853,
              24.462057302264135
            ],
            [
              -83.5601171996418,
              24.462055058256833
            ],
            [
              -83.56011474798683,
              24.462145212180243
            ],
            [
              -83.5600162533122,
              24.46214296809963
            ],
            [
              -83.56001380157541,
              24.4622331220124
            ],
            [
              -83.5599153068429,
              24.462230877858467
            ],
            [
              -83.55991285502427,
              24.46232103176059
            ],
            [
              -83.55981436023386,
              24.46231878753334
            ],
            [
              -83.5598119083334,
              24.462408941424833
            ],
            [
              -83.55961491864878,
              24.46240445275971
            ],
            [
              -83.55961246659662,
              24.462494606631232
            ],
            [
              -83.5595139717024,
              24.462492362193355
            ],
            [
              -83.5595115195684,
              24.46258251605423
            ],
            [
              -83.55931452967617,
              24.462578026967854
            ],
            [
              -83.55931207739049,
              24.462668180808755
            ],
            [
              -83.55921358239246,
              24.462665936160253
            ],
            [
              -83.55921113002493,
              24.462756089990513
            ],
            [
              -83.55911263496903,
              24.462753845268693
            ],
            [
              -83.55911018251966,
              24.46284399908831
            ],
            [
              -83.55901168740587,
              24.462841754293162
            ],
            [
              -83.55900923487465,
              24.462931908102146
            ],
            [
              -83.55891073970297,
              24.46292966323368
            ],
            [
              -83.55890828708993,
              24.463019817032013
            ],
            [
              -83.55880979186036,
              24.463017572090216
            ],
            [
              -83.55880733916548,
              24.46310772587792
            ],
            [
              -83.55870884387801,
              24.4631054808628
            ],
            [
              -83.5587039383126,
              24.463285788415607
            ],
            [
              -83.55860544289737,
              24.46328354331783
            ],
            [
              -83.55860053714434,
              24.46346385084673
            ],
            [
              -83.55850204160136,
              24.463461605666296
            ],
            [
              -83.55849713566069,
              24.4636419131713
            ],
            [
              -83.55839863998996,
              24.463639667908204
            ],
            [
              -83.55837410886933,
              24.4645412052615
            ],
            [
              -83.55847260523875,
              24.46454345061797
            ],
            [
              -83.55846524587862,
              24.464813911826504
            ],
            [
              -83.55856374246963,
              24.464816157146984
            ],
            [
              -83.55854411754129,
              24.465537387053622
            ],
            [
              -83.55864261470325,
              24.46553963238481
            ],
            [
              -83.55864016160318,
              24.465629786126602
            ],
            [
              -83.55873865884698,
              24.465632031403132
            ],
            [
              -83.55873375275067,
              24.46581233890146
            ],
            [
              -83.55883225014621,
              24.465814584132666
            ],
            [
              -83.55882979714997,
              24.465904737889204
            ],
            [
              -83.55892829462734,
              24.465906983065754
            ],
            [
              -83.55890621775114,
              24.466718366899876
            ],
            [
              -83.55880771964488,
              24.466716121639305
            ],
            [
              -83.55880526652888,
              24.466806275382787
            ],
            [
              -83.55870676836471,
              24.466804030048888
            ],
            [
              -83.55870431516686,
              24.466894183781722
            ],
            [
              -83.55860581694478,
              24.466891938374484
            ],
            [
              -83.55860336366507,
              24.466982092096682
            ],
            [
              -83.55840636711712,
              24.466977601071537
            ],
            [
              -83.55840391368567,
              24.467067754773744
            ],
            [
              -83.55810841874391,
              24.46706101772802
            ],
            [
              -83.55810596509085,
              24.467151171400918
            ],
            [
              -83.55741647682355,
              24.467135449322193
            ],
            [
              -83.55741402266936,
              24.46722560292841
            ],
            [
              -83.55702002935782,
              24.467216617438076
            ],
            [
              -83.55701512045444,
              24.46739692457186
            ],
            [
              -83.55691662201676,
              24.4673946780206
            ],
            [
              -83.55691171292568,
              24.467574985130483
            ],
            [
              -83.55681321436022,
              24.467572738496532
            ],
            [
              -83.55681075972683,
              24.467662892040178
            ],
            [
              -83.55690925836218,
              24.467665138683458
            ],
            [
              -83.55690189459976,
              24.467935599334567
            ],
            [
              -83.55700039345673,
              24.467937845941883
            ],
            [
              -83.55699793891519,
              24.468027999498975
            ],
            [
              -83.55709643785403,
              24.46803024605163
            ],
            [
              -83.55709398337036,
              24.468120399616765
            ],
            [
              -83.55729098142376,
              24.468124892548744
            ],
            [
              -83.5572885270679,
              24.46821504613124
            ],
            [
              -83.55738702618244,
              24.46821729251057
            ],
            [
              -83.55738457188447,
              24.468307446101107
            ],
            [
              -83.55758157028929,
              24.46831193868643
            ],
            [
              -83.5575791161191,
              24.468402092294347
            ],
            [
              -83.55767761540936,
              24.468404338500335
            ],
            [
              -83.55767516129708,
              24.46849449211628
            ],
            [
              -83.55777366066921,
              24.468496738267618
            ],
            [
              -83.55776629847014,
              24.46876719913563
            ],
            [
              -83.5578647980639,
              24.468769445250974
            ],
            [
              -83.55786234404346,
              24.46885959888038
            ],
            [
              -83.55796084371909,
              24.468861844941053
            ],
            [
              -83.55795593578206,
              24.46904215221461
            ],
            [
              -83.55805443560944,
              24.46904439822996
            ],
            [
              -83.55805198169284,
              24.469134551874113
            ],
            [
              -83.55815048160208,
              24.4691367978348
            ],
            [
              -83.55814802774339,
              24.469226951486977
            ],
            [
              -83.55824652773451,
              24.469229197393002
            ],
            [
              -83.55824407393372,
              24.469319351053223
            ],
            [
              -83.55844107409168,
              24.46932384269191
            ],
            [
              -83.55843862041868,
              24.4694139963695
            ],
            [
              -83.5586356207643,
              24.469418487770838
            ],
            [
              -83.55863316721911,
              24.46950864146579
            ],
            [
              -83.55883016775243,
              24.469513132629775
            ],
            [
              -83.55882526090568,
              24.469693440053113
            ],
            [
              -83.55892376133006,
              24.469695685557767
            ],
            [
              -83.55891885457518,
              24.469875992994552
            ],
            [
              -83.55901735515134,
              24.46987823845387
            ],
            [
              -83.55901244848833,
              24.4700585459041
            ],
            [
              -83.55911094921623,
              24.47006079131809
            ],
            [
              -83.55910849593667,
              24.470150945050573
            ],
            [
              -83.55920699674644,
              24.47015319040988
            ],
            [
              -83.55920454352479,
              24.470243344150404
            ],
            [
              -83.55930304441642,
              24.470245589455043
            ],
            [
              -83.55929813807695,
              24.470425896950832
            ],
            [
              -83.55939663912037,
              24.470428142210128
            ],
            [
              -83.55939173287278,
              24.47060844971937
            ],
            [
              -83.55949023406794,
              24.470610694933324
            ],
            [
              -83.55948778099606,
              24.470700848695316
            ],
            [
              -83.5595862822731,
              24.470703093854596
            ],
            [
              -83.55958137623324,
              24.470883401393337
            ],
            [
              -83.55967987766203,
              24.47088564650727
            ],
            [
              -83.55967742469403,
              24.470975800284016
            ],
            [
              -83.55977592620471,
              24.470978045343273
            ],
            [
              -83.55977347329461,
              24.471068199128045
            ],
            [
              -83.55987197488714,
              24.471070444132625
            ],
            [
              -83.55986706917086,
              24.471250751716912
            ],
            [
              -83.55996557091515,
              24.471252996676153
            ],
            [
              -83.55995330676436,
              24.47170376566069
            ],
            [
              -83.55985480467058,
              24.471701520654786
            ],
            [
              -83.55985235173459,
              24.47179167443844
            ],
            [
              -83.55975384958289,
              24.471789429359188
            ],
            [
              -83.55974894353521,
              24.47196973690391
            ],
            [
              -83.55955193898815,
              24.471965246516028
            ],
            [
              -83.55954948580656,
              24.472055400267763
            ],
            [
              -83.55925397886607,
              24.47204866417783
            ],
            [
              -83.5592515254628,
              24.47213881790025
            ],
            [
              -83.55816800016771,
              24.472114113872017
            ],
            [
              -83.55817045433986,
              24.472023960252294
            ],
            [
              -83.5577764457806,
              24.472014975086218
            ],
            [
              -83.55777399132886,
              24.47210512866858
            ],
            [
              -83.5570844763222,
              24.472089402098028
            ],
            [
              -83.55708202136918,
              24.472179555613696
            ]
          ]
        ]
      },
      "properties": {
        "incident_id": "SP-009",
        "type": "AI-detected-slick",
        "source": "Sentinel-1 SAR",
        "method": "U-Net segmentation + radiometric filtering"
      }
    },
    {
      "type": "Feature",
      "geometry": {
        "type": "Polygon",
        "coordinates": [
          [
            [
              -83.48137438330677,
              24.465562579371426
            ],
            [
              -83.4809804271212,
              24.46555339624873
            ],
            [
              -83.4809829355026,
              24.465463249971602
            ],
            [
              -83.48078595762298,
              24.465458658045492
            ],
            [
              -83.48079097462843,
              24.465278365525474
            ],
            [
              -83.4806924858467,
              24.46527606948555
            ],
            [
              -83.4806949944009,
              24.46518592323311
            ],
            [
              -83.48059650570126,
              24.465183627138757
            ],
            [
              -83.48059901431307,
              24.465093480894552
            ],
            [
              -83.48050052569553,
              24.46509118474577
            ],
            [
              -83.48050303436494,
              24.465001038509794
            ],
            [
              -83.48030605730627,
              24.464996446039407
            ],
            [
              -83.48030856610313,
              24.464906299821205
            ],
            [
              -83.48021007766202,
              24.464904003499598
            ],
            [
              -83.48021258651649,
              24.46481385728963
            ],
            [
              -83.48001560981069,
              24.464809264473594
            ],
            [
              -83.4800181187926,
              24.46471911828141
            ],
            [
              -83.47962416580741,
              24.46470993191985
            ],
            [
              -83.4796216565461,
              24.464800078073843
            ],
            [
              -83.4794246799873,
              24.46479548449012
            ],
            [
              -83.47942217057407,
              24.46488563062369
            ],
            [
              -83.47912670561821,
              24.464878739739664
            ],
            [
              -83.47912419598316,
              24.464968885843273
            ],
            [
              -83.47882873092803,
              24.464961994354834
            ],
            [
              -83.4788262210712,
              24.46505214042846
            ],
            [
              -83.47862924428934,
              24.465047545763863
            ],
            [
              -83.47863175428586,
              24.46495739970933
            ],
            [
              -83.47843477769271,
              24.46495280480794
            ],
            [
              -83.47843728781667,
              24.464862658771196
            ],
            [
              -83.47833879960832,
              24.4648603612341
            ],
            [
              -83.47834130978988,
              24.464770215205597
            ],
            [
              -83.47824282166364,
              24.464767917614072
            ],
            [
              -83.4782453319028,
              24.464677771593802
            ],
            [
              -83.47814684385864,
              24.464675473947864
            ],
            [
              -83.47815186443987,
              24.464495181922484
            ],
            [
              -83.47805337654768,
              24.464492884231674
            ],
            [
              -83.47805839721958,
              24.464312592220132
            ],
            [
              -83.47795990947932,
              24.464310294484466
            ],
            [
              -83.47797999223549,
              24.463589126462058
            ],
            [
              -83.478078479417,
              24.463591424121297
            ],
            [
              -83.47809103039211,
              24.46314069401672
            ],
            [
              -83.47818951723666,
              24.463142991564226
            ],
            [
              -83.47819704746516,
              24.462872553457018
            ],
            [
              -83.47829553411245,
              24.46287485091189
            ],
            [
              -83.47830055406382,
              24.46269455881473
            ],
            [
              -83.4783990405837,
              24.462696856186525
            ],
            [
              -83.47840406034638,
              24.46251656406499
            ],
            [
              -83.47850254673882,
              24.46251886135372
            ],
            [
              -83.47853015378932,
              24.461527254486057
            ],
            [
              -83.47843166816507,
              24.46152495730241
            ],
            [
              -83.47843919731287,
              24.46125451906678
            ],
            [
              -83.47834071191039,
              24.46125222184783
            ],
            [
              -83.47834824115739,
              24.460981783629006
            ],
            [
              -83.47824975597666,
              24.46097948637475
            ],
            [
              -83.47825477555307,
              24.460799194241396
            ],
            [
              -83.47815629052425,
              24.460796896942284
            ],
            [
              -83.47816131019133,
              24.460616604822764
            ],
            [
              -83.47806282531441,
              24.460614307478796
            ],
            [
              -83.47807537461678,
              24.460163577204728
            ],
            [
              -83.47797689010127,
              24.46016127984457
            ],
            [
              -83.47798441974514,
              24.459890841692992
            ],
            [
              -83.47788593545138,
              24.459888544297534
            ],
            [
              -83.47789848496188,
              24.459437814066334
            ],
            [
              -83.47780000102951,
              24.459435516654693
            ],
            [
              -83.47785270709466,
              24.457542449524837
            ],
            [
              -83.47775422464082,
              24.457540152249873
            ],
            [
              -83.47775673438846,
              24.457450006191152
            ],
            [
              -83.47755976965719,
              24.457445411468484
            ],
            [
              -83.47756227953222,
              24.457355265427545
            ],
            [
              -83.47746379725477,
              24.457352967979837
            ],
            [
              -83.47746630718737,
              24.457262821947136
            ],
            [
              -83.47736782499202,
              24.457260524445037
            ],
            [
              -83.47737033498218,
              24.457170378420578
            ],
            [
              -83.47727185286888,
              24.457168080864083
            ],
            [
              -83.4772743629166,
              24.45707793484786
            ],
            [
              -83.47707739886643,
              24.45707333956213
            ],
            [
              -83.47707990904152,
              24.456983193563705
            ],
            [
              -83.47698142710462,
              24.456980895834473
            ],
            [
              -83.4769839373373,
              24.456890749844277
            ],
            [
              -83.4766884918096,
              24.45688385630156
            ],
            [
              -83.47669100223946,
              24.456793710338722
            ],
            [
              -83.47659252049122,
              24.4567914123728
            ],
            [
              -83.47659503097863,
              24.456701266418204
            ],
            [
              -83.47649654931247,
              24.456698968397898
            ],
            [
              -83.47649905985745,
              24.45660882245155
            ],
            [
              -83.47640057827337,
              24.456606524376852
            ],
            [
              -83.4764030888759,
              24.45651637843873
            ],
            [
              -83.47630460737388,
              24.456514080309645
            ],
            [
              -83.47630711803396,
              24.45642393437977
            ],
            [
              -83.47620863661403,
              24.456421636196293
            ],
            [
              -83.47621114733167,
              24.456331490274664
            ],
            [
              -83.47601418466819,
              24.456326893734982
            ],
            [
              -83.4760166955132,
              24.456236747831145
            ],
            [
              -83.47581973303838,
              24.45623215105479
            ],
            [
              -83.47582224401076,
              24.45614200516877
            ],
            [
              -83.47562528172462,
              24.456137408155744
            ],
            [
              -83.47562779282435,
              24.456047262287516
            ],
            [
              -83.47552931176949,
              24.456044963694648
            ],
            [
              -83.4755318229268,
              24.45595481783466
            ],
            [
              -83.475433341954,
              24.4559525191874
            ],
            [
              -83.47543585316885,
              24.455862373335663
            ],
            [
              -83.47533737227812,
              24.45586007463402
            ],
            [
              -83.47534741729416,
              24.455499491252134
            ],
            [
              -83.47544589790564,
              24.455501789915534
            ],
            [
              -83.47544840905918,
              24.45541164405721
            ],
            [
              -83.47564537017931,
              24.455416241173054
            ],
            [
              -83.47564788118098,
              24.455326095294296
            ],
            [
              -83.47663268681903,
              24.45534907694127
            ],
            [
              -83.47663017651546,
              24.455439222915615
            ],
            [
              -83.47702409939315,
              24.455448413822182
            ],
            [
              -83.47702158935657,
              24.455538559833435
            ],
            [
              -83.47721855100858,
              24.455543154922157
            ],
            [
              -83.47721604109937,
              24.455633300951217
            ],
            [
              -83.47731452201356,
              24.455635598409216
            ],
            [
              -83.47731201216192,
              24.455725744446507
            ],
            [
              -83.47741049315817,
              24.45572804185011
            ],
            [
              -83.47740547355772,
              24.455908333939856
            ],
            [
              -83.47750395470588,
              24.45591063129863
            ],
            [
              -83.47749642542274,
              24.456181069452033
            ],
            [
              -83.47759490679258,
              24.45618336677552
            ],
            [
              -83.47758737760861,
              24.456453804945735
            ],
            [
              -83.47768585920015,
              24.45645610223394
            ],
            [
              -83.47767833011534,
              24.45672654042097
            ],
            [
              -83.47777681192858,
              24.456728837673893
            ],
            [
              -83.47777179261706,
              24.45690912981111
            ],
            [
              -83.47787027458219,
              24.456911427019193
            ],
            [
              -83.4778652553613,
              24.457091719170247
            ],
            [
              -83.4779637374783,
              24.45709401633348
            ],
            [
              -83.47795620876452,
              24.457364454578848
            ],
            [
              -83.47805469110324,
              24.4573667517068
            ],
            [
              -83.4780496720391,
              24.457547043882904
            ],
            [
              -83.47834511954765,
              24.457553934940368
            ],
            [
              -83.47834261020667,
              24.457644081055097
            ],
            [
              -83.47863805803495,
              24.457650971565652
            ],
            [
              -83.47863554889116,
              24.45774111770773
            ],
            [
              -83.47873403159491,
              24.457743414426226
            ],
            [
              -83.47873152250871,
              24.457833560576535
            ],
            [
              -83.47892848809259,
              24.457838153840783
            ],
            [
              -83.47892597913376,
              24.457928300008877
            ],
            [
              -83.4791229449063,
              24.457932893036418
            ],
            [
              -83.47912043607487,
              24.4580230392223
            ],
            [
              -83.47931740203603,
              24.458027632013124
            ],
            [
              -83.479314893332,
              24.458117778216796
            ],
            [
              -83.47941337640077,
              24.458120074525823
            ],
            [
              -83.47941086775431,
              24.45821022073773
            ],
            [
              -83.47950935090518,
              24.458212516992354
            ],
            [
              -83.47950182510176,
              24.458482955648797
            ],
            [
              -83.47960030847432,
              24.45848525186813
            ],
            [
              -83.47959779991852,
              24.458575398093863
            ],
            [
              -83.47969628337316,
              24.45857769425878
            ],
            [
              -83.47969377487492,
              24.45866784049275
            ],
            [
              -83.47979225841162,
              24.45867013660326
            ],
            [
              -83.47978974997096,
              24.45876028284546
            ],
            [
              -83.47988823358975,
              24.458762578901563
            ],
            [
              -83.47988572520667,
              24.458852725151996
            ],
            [
              -83.47998420890752,
              24.458855021153695
            ],
            [
              -83.47998170058202,
              24.458945167412356
            ],
            [
              -83.48008018436494,
              24.45894746335965
            ],
            [
              -83.48007767609703,
              24.45903760962654
            ],
            [
              -83.48017615996201,
              24.459039905519425
            ],
            [
              -83.48017365175167,
              24.459130051794553
            ],
            [
              -83.48027213569873,
              24.45913234763303
            ],
            [
              -83.48025959481245,
              24.459583079036662
            ],
            [
              -83.4803580791209,
              24.45958537485891
            ],
            [
              -83.48034804647077,
              24.45994595999631
            ],
            [
              -83.48044653107077,
              24.459948255792792
            ],
            [
              -83.4804415148119,
              24.46012854837269
            ],
            [
              -83.4805399995638,
              24.46013084412431
            ],
            [
              -83.4805349833956,
              24.460311136718037
            ],
            [
              -83.48063346829942,
              24.460313432424794
            ],
            [
              -83.48062594416477,
              24.460583871334144
            ],
            [
              -83.48072442929032,
              24.460586167005577
            ],
            [
              -83.480719413279,
              24.460766459624327
            ],
            [
              -83.48081789855645,
              24.46076875525089
            ],
            [
              -83.48081288263582,
              24.460949047883464
            ],
            [
              -83.4809113680652,
              24.460951343465165
            ],
            [
              -83.48090635223524,
              24.461131636111563
            ],
            [
              -83.48100483781653,
              24.46113393164839
            ],
            [
              -83.48099229837655,
              24.46158466328909
            ],
            [
              -83.48109078431925,
              24.46158695880968
            ],
            [
              -83.48108326071785,
              24.461857397806938
            ],
            [
              -83.48118174688229,
              24.461859693292197
            ],
            [
              -83.4811717155217,
              24.46222027864163
            ],
            [
              -83.48127020197774,
              24.46222257410111
            ],
            [
              -83.48126017070061,
              24.46258315946766
            ],
            [
              -83.48135865744824,
              24.462585454901355
            ],
            [
              -83.48134611842553,
              24.463036186627647
            ],
            [
              -83.48124763132871,
              24.463033891146228
            ],
            [
              -83.48124010755865,
              24.463304330137575
            ],
            [
              -83.48133859486502,
              24.463306625647625
            ],
            [
              -83.48133107119429,
              24.463577064655762
            ],
            [
              -83.48142955872241,
              24.46357936013048
            ],
            [
              -83.48142705087753,
              24.463669506473437
            ],
            [
              -83.48152553848776,
              24.463671801893735
            ],
            [
              -83.48152303070047,
              24.46376194824491
            ],
            [
              -83.48162151839277,
              24.463764243610775
            ],
            [
              -83.4816190106631,
              24.46385438997019
            ],
            [
              -83.48171749843748,
              24.46385668528163
            ],
            [
              -83.48171248308108,
              24.464036978015596
            ],
            [
              -83.48181097100739,
              24.464039273282154
            ],
            [
              -83.48180595574172,
              24.46421956602994
            ],
            [
              -83.48190444381997,
              24.464221861251612
            ],
            [
              -83.4818893981482,
              24.464762739520644
            ],
            [
              -83.48179090965087,
              24.46476044424171
            ],
            [
              -83.48178338644018,
              24.46503088332982
            ],
            [
              -83.48168489774554,
              24.465028587958283
            ],
            [
              -83.48167988207084,
              24.465208880658018
            ],
            [
              -83.48158139324875,
              24.465206585203415
            ],
            [
              -83.48157637738537,
              24.4653868778788
            ],
            [
              -83.48147788843582,
              24.465384582341134
            ],
            [
              -83.48147538041592,
              24.4654747286673
            ],
            [
              -83.48137689140876,
              24.46547243305611
            ],
            [
              -83.48137438330677,
              24.465562579371426
            ]
          ]
        ]
      },
      "properties": {
        "incident_id": "SP-009",
        "type": "AI-detected-slick",
        "source": "Sentinel-1 SAR",
        "method": "U-Net segmentation + radiometric filtering"
      }
    },
    {
      "type": "Feature",
      "geometry": {
        "type": "Polygon",
        "coordinates": [
          [
            [
              -83.56873830502104,
              24.46396522586542
            ],
            [
              -83.56755634199762,
              24.463938358233847
            ],
            [
              -83.56755878855805,
              24.46384820362545
            ],
            [
              -83.56736179502776,
              24.463843724809585
            ],
            [
              -83.56736424171599,
              24.463753570218504
            ],
            [
              -83.56726574503863,
              24.463751330723895
            ],
            [
              -83.56727063851899,
              24.46357102155645
            ],
            [
              -83.56717214199331,
              24.463568782016477
            ],
            [
              -83.56717458878545,
              24.46347862744011
            ],
            [
              -83.56707609234158,
              24.46347638784545
            ],
            [
              -83.56707853919164,
              24.46338623327709
            ],
            [
              -83.56698004282958,
              24.463383993627765
            ],
            [
              -83.56698248973757,
              24.463293839067415
            ],
            [
              -83.56609602364561,
              24.463273679427694
            ],
            [
              -83.56609847117045,
              24.46318352494987
            ],
            [
              -83.56599997506763,
              24.463181284679262
            ],
            [
              -83.56600242265036,
              24.463091130209456
            ],
            [
              -83.56580543062029,
              24.46308664949492
            ],
            [
              -83.56580787833083,
              24.462996495042432
            ],
            [
              -83.5651184070911,
              24.46298081059108
            ],
            [
              -83.56512085527874,
              24.462890656202518
            ],
            [
              -83.5647268722556,
              24.4628816922884
            ],
            [
              -83.56472932071074,
              24.46279153793581
            ],
            [
              -83.56433533815834,
              24.462782573035156
            ],
            [
              -83.56433288942372,
              24.46287272735046
            ],
            [
              -83.56384041115291,
              24.462861519738297
            ],
            [
              -83.56384286023683,
              24.4627713654696
            ],
            [
              -83.5637443646884,
              24.46276912376452
            ],
            [
              -83.56374681383024,
              24.462678969503838
            ],
            [
              -83.56364831836363,
              24.462676727744096
            ],
            [
              -83.56365076756337,
              24.462586573491425
            ],
            [
              -83.5635522721786,
              24.462584331677025
            ],
            [
              -83.56355472143623,
              24.462494177432376
            ],
            [
              -83.56286525456663,
              24.46247848300514
            ],
            [
              -83.56286770430135,
              24.462388328824453
            ],
            [
              -83.56267071401456,
              24.46238384414515
            ],
            [
              -83.56267316387705,
              24.462293689981813
            ],
            [
              -83.56247617377781,
              24.46228920506521
            ],
            [
              -83.56247862376806,
              24.462199050919217
            ],
            [
              -83.56238012880625,
              24.462196808374266
            ],
            [
              -83.56238257885441,
              24.46210665423629
            ],
            [
              -83.56228408397442,
              24.462104411636677
            ],
            [
              -83.56228653408049,
              24.462014257506723
            ],
            [
              -83.56218803928232,
              24.46201201485245
            ],
            [
              -83.56219048944628,
              24.461921860730516
            ],
            [
              -83.56169801598419,
              24.46191064654601
            ],
            [
              -83.56170046648549,
              24.461820492469414
            ],
            [
              -83.56160197189882,
              24.46181824944988
            ],
            [
              -83.56160442245802,
              24.461728095381307
            ],
            [
              -83.56150592795318,
              24.46172585230712
            ],
            [
              -83.56151082917539,
              24.4615455441847
            ],
            [
              -83.56141233482224,
              24.461543301065188
            ],
            [
              -83.5614343903586,
              24.460731914533614
            ],
            [
              -83.56133589664614,
              24.460729671434077
            ],
            [
              -83.56134079788453,
              24.460549363320254
            ],
            [
              -83.56124230432374,
              24.460547120175395
            ],
            [
              -83.561247205654,
              24.460366812074994
            ],
            [
              -83.56114871224487,
              24.460364568884813
            ],
            [
              -83.56119282332067,
              24.45874179591418
            ],
            [
              -83.56129131547245,
              24.458744038936437
            ],
            [
              -83.56133787163071,
              24.457031111275725
            ],
            [
              -83.5614363624674,
              24.45703335405677
            ],
            [
              -83.56144371283541,
              24.456762891723482
            ],
            [
              -83.56154220347454,
              24.456765134412567
            ],
            [
              -83.56154710352038,
              24.456584826165198
            ],
            [
              -83.5616455940318,
              24.456587068771654
            ],
            [
              -83.56164804396693,
              24.456496914636677
            ],
            [
              -83.56174653442046,
              24.456499157169844
            ],
            [
              -83.5617489842738,
              24.456409003024245
            ],
            [
              -83.56184747466946,
              24.456411245484105
            ],
            [
              -83.56184992444098,
              24.45632109132787
            ],
            [
              -83.56224388586388,
              24.45633006049034
            ],
            [
              -83.56224633534408,
              24.45623990629549
            ],
            [
              -83.56332972947553,
              24.456264566112274
            ],
            [
              -83.56332728076354,
              24.456354720409692
            ],
            [
              -83.56342577128072,
              24.45635696183673
            ],
            [
              -83.56342332262663,
              24.456447116142172
            ],
            [
              -83.56362030383653,
              24.456451598822984
            ],
            [
              -83.56361785531017,
              24.456541753145757
            ],
            [
              -83.56381483670756,
              24.456546235589332
            ],
            [
              -83.56381238830892,
              24.456636389929454
            ],
            [
              -83.56391087909542,
              24.456638631064603
            ],
            [
              -83.56390843075465,
              24.456728785412746
            ],
            [
              -83.56430239429947,
              24.456737749350946
            ],
            [
              -83.56429994622613,
              24.456827903735057
            ],
            [
              -83.5645954192198,
              24.456834626044984
            ],
            [
              -83.56459297134403,
              24.456924780455758
            ],
            [
              -83.56469146243566,
              24.45692702110711
            ],
            [
              -83.56468411894618,
              24.45719748435955
            ],
            [
              -83.5647826102593,
              24.457199724974885
            ],
            [
              -83.56477771467955,
              24.457380033821956
            ],
            [
              -83.56487620614432,
              24.45738227439196
            ],
            [
              -83.56487131065646,
              24.457562583252454
            ],
            [
              -83.56496980227286,
              24.457564823777123
            ],
            [
              -83.56496735458084,
              24.457654978214734
            ],
            [
              -83.56506584627904,
              24.457657218684748
            ],
            [
              -83.56506095099887,
              24.457837527574686
            ],
            [
              -83.5651594428487,
              24.457839767999367
            ],
            [
              -83.56515699526054,
              24.457929922451694
            ],
            [
              -83.56525548719216,
              24.457932162821717
            ],
            [
              -83.56525303966188,
              24.45802231728205
            ],
            [
              -83.56535153167532,
              24.458024557597422
            ],
            [
              -83.56534908420295,
              24.45811471206579
            ],
            [
              -83.56554606840535,
              24.45811919252323
            ],
            [
              -83.56554362106073,
              24.45820934700892
            ],
            [
              -83.56564211324971,
              24.458211587151
            ],
            [
              -83.56563966596296,
              24.45830174164469
            ],
            [
              -83.56583665051646,
              24.458306221755556
            ],
            [
              -83.56583420335747,
              24.458396376266585
            ],
            [
              -83.5661296804869,
              24.458403095981012
            ],
            [
              -83.56612723352549,
              24.45849325051868
            ],
            [
              -83.56622572599572,
              24.458495490304855
            ],
            [
              -83.56622327909223,
              24.45858564485054
            ],
            [
              -83.56632177164424,
              24.45858788458205
            ],
            [
              -83.56631932479864,
              24.458678039135744
            ],
            [
              -83.56641781743247,
              24.458680278812594
            ],
            [
              -83.56641047703356,
              24.45895074249378
            ],
            [
              -83.56650896988887,
              24.4589529821346
            ],
            [
              -83.56650162959198,
              24.459223445831995
            ],
            [
              -83.56660012266879,
              24.459225685436778
            ],
            [
              -83.56659522921751,
              24.459405994580475
            ],
            [
              -83.56669372244596,
              24.459408234139914
            ],
            [
              -83.56669127577226,
              24.45949838871912
            ],
            [
              -83.56678976908253,
              24.45950062822389
            ],
            [
              -83.56678732246672,
              24.45959078281111
            ],
            [
              -83.5682647246018,
              24.459624367844828
            ],
            [
              -83.56826227902187,
              24.45971452257042
            ],
            [
              -83.56845926631594,
              24.45971899950588
            ],
            [
              -83.56845682086377,
              24.459809154248784
            ],
            [
              -83.56855531459857,
              24.459811392629856
            ],
            [
              -83.5685504237981,
              24.45999170213037
            ],
            [
              -83.56864891768456,
              24.459993940466077
            ],
            [
              -83.56864647233627,
              24.46008409522369
            ],
            [
              -83.56874496630452,
              24.460086333504723
            ],
            [
              -83.56874007571184,
              24.460266643034654
            ],
            [
              -83.56883856983174,
              24.460268881270316
            ],
            [
              -83.56883612458735,
              24.460359036042632
            ],
            [
              -83.56893461878906,
              24.460361274223622
            ],
            [
              -83.56893217360256,
              24.460451429003946
            ],
            [
              -83.56903066788607,
              24.460453667130267
            ],
            [
              -83.56902822275752,
              24.46054382191859
            ],
            [
              -83.56922521150003,
              24.4605482979979
            ],
            [
              -83.56922276649925,
              24.46063845280353
            ],
            [
              -83.56981373343244,
              24.46065187956171
            ],
            [
              -83.56981128883888,
              24.460742034421887
            ],
            [
              -83.56990978343939,
              24.460744272000277
            ],
            [
              -83.56990733890373,
              24.460834426868445
            ],
            [
              -83.57000583358602,
              24.46083666439216
            ],
            [
              -83.57000338910831,
              24.460926819268334
            ],
            [
              -83.5701018838724,
              24.460929056737374
            ],
            [
              -83.5700994394526,
              24.461019211621547
            ],
            [
              -83.57019793429849,
              24.461021449035904
            ],
            [
              -83.57019548993662,
              24.461111603928078
            ],
            [
              -83.5702939848643,
              24.46111384128775
            ],
            [
              -83.57028909624448,
              24.4612941510868
            ],
            [
              -83.57038759132381,
              24.4612963884011
            ],
            [
              -83.57038514706586,
              24.461386543307974
            ],
            [
              -83.57048364222699,
              24.46138878056759
            ],
            [
              -83.5704763095911,
              24.461659245308287
            ],
            [
              -83.57057480497376,
              24.461661482531834
            ],
            [
              -83.57056991662988,
              24.46184179237105
            ],
            [
              -83.5706684121642,
              24.461844029549216
            ],
            [
              -83.57066596804422,
              24.461934184476178
            ],
            [
              -83.57076446366032,
              24.46193642159966
            ],
            [
              -83.57076201959829,
              24.46202657653462
            ],
            [
              -83.57086051529619,
              24.462028813603418
            ],
            [
              -83.57084340701682,
              24.462659898176703
            ],
            [
              -83.57074491082987,
              24.462657661042773
            ],
            [
              -83.57074246667236,
              24.462747815967294
            ],
            [
              -83.57044697797349,
              24.462741104153668
            ],
            [
              -83.57044453359445,
              24.462831259048976
            ],
            [
              -83.5703460373155,
              24.46282902164048
            ],
            [
              -83.57034359285466,
              24.462919176525173
            ],
            [
              -83.57024509651777,
              24.46291693904338
            ],
            [
              -83.57023776285403,
              24.463187403661728
            ],
            [
              -83.57013926631947,
              24.46318516608803
            ],
            [
              -83.5701343770109,
              24.463365475808466
            ],
            [
              -83.57003588034854,
              24.46336323815217
            ],
            [
              -83.5700309908525,
              24.46354354784876
            ],
            [
              -83.56993249406233,
              24.463541310109864
            ],
            [
              -83.56993004922653,
              24.4636314649469
            ],
            [
              -83.56983155237845,
              24.463629227134703
            ],
            [
              -83.56982910746085,
              24.46371938196113
            ],
            [
              -83.56973061055481,
              24.46371714407564
            ],
            [
              -83.5697281655554,
              24.463807298891453
            ],
            [
              -83.56953117163943,
              24.463802822909877
            ],
            [
              -83.56952872648834,
              24.463892977705775
            ],
            [
              -83.56874075074305,
              24.46387507114529
            ],
            [
              -83.56873830502104,
              24.46396522586542
            ]
          ]
        ]
      },
      "properties": {
        "incident_id": "SP-009",
        "type": "AI-detected-slick",
        "source": "Sentinel-1 SAR",
        "method": "U-Net segmentation + radiometric filtering"
      }
    },
    {
      "type": "Feature",
      "geometry": {
        "type": "Polygon",
        "coordinates": [
          [
            [
              -83.48389534754605,
              24.445776216575393
            ],
            [
              -83.48350145181735,
              24.445767046964963
            ],
            [
              -83.48350395611021,
              24.445676900207488
            ],
            [
              -83.48340548227839,
              24.44567460765462
            ],
            [
              -83.48341049096697,
              24.445494314154804
            ],
            [
              -83.48331201728693,
              24.445492021557097
            ],
            [
              -83.48332203479646,
              24.445131434579828
            ],
            [
              -83.48322356140774,
              24.445129141956357
            ],
            [
              -83.48323608336833,
              24.44467840825287
            ],
            [
              -83.4831376103407,
              24.444676115613177
            ],
            [
              -83.4831451235796,
              24.444405675403917
            ],
            [
              -83.48304665077353,
              24.44440338272893
            ],
            [
              -83.48305165967784,
              24.44422308926859
            ],
            [
              -83.48295318702354,
              24.444220796548763
            ],
            [
              -83.48295569152712,
              24.444130649826164
            ],
            [
              -83.48285721895482,
              24.44412835705196
            ],
            [
              -83.4828647326015,
              24.443857916904875
            ],
            [
              -83.48276626025074,
              24.44385562409538
            ],
            [
              -83.48278629666181,
              24.443134450388264
            ],
            [
              -83.48288476845444,
              24.44313674312144
            ],
            [
              -83.48290480352458,
              24.44241556925383
            ],
            [
              -83.48280633229008,
              24.442413276596966
            ],
            [
              -83.48280883668856,
              24.44232312986713
            ],
            [
              -83.48271036553606,
              24.442320837155908
            ],
            [
              -83.48271286999208,
              24.442230690434297
            ],
            [
              -83.48261439892156,
              24.4422283976687
            ],
            [
              -83.48261940793644,
              24.442048104240623
            ],
            [
              -83.48252093701768,
              24.4420458114302
            ],
            [
              -83.48253345968962,
              24.44159507788468
            ],
            [
              -83.48263193025957,
              24.441597370647404
            ],
            [
              -83.48263693910322,
              24.44141707720091
            ],
            [
              -83.48273540954587,
              24.44141936988064
            ],
            [
              -83.48274041820105,
              24.441239076409815
            ],
            [
              -83.48283888851644,
              24.441241369006566
            ],
            [
              -83.48284139275592,
              24.441151222259634
            ],
            [
              -83.48293986301377,
              24.441153514782943
            ],
            [
              -83.48294236717128,
              24.441063368025162
            ],
            [
              -83.4830408373716,
              24.44106566047503
            ],
            [
              -83.4830433414471,
              24.44097551370639
            ],
            [
              -83.4831418115899,
              24.440977806082813
            ],
            [
              -83.48314681956471,
              24.44079751252251
            ],
            [
              -83.48324528958022,
              24.440799804815956
            ],
            [
              -83.48325029736661,
              24.440619511231322
            ],
            [
              -83.48334876725482,
              24.440621803441783
            ],
            [
              -83.48335377485277,
              24.44044150983281
            ],
            [
              -83.48345224461372,
              24.440443801960296
            ],
            [
              -83.48345725202324,
              24.440263508326982
            ],
            [
              -83.4835557216569,
              24.4402658003715
            ],
            [
              -83.4835632324702,
              24.439995359883056
            ],
            [
              -83.48366170190683,
              24.43999765183505
            ],
            [
              -83.48366921240083,
              24.439727211306163
            ],
            [
              -83.4837676816404,
              24.439729503165648
            ],
            [
              -83.48377268843576,
              24.43954920945407
            ],
            [
              -83.48387115754807,
              24.43955150123058
            ],
            [
              -83.48387866744014,
              24.439281060624747
            ],
            [
              -83.48397713635542,
              24.43928335230875
            ],
            [
              -83.4839821427495,
              24.43910305854588
            ],
            [
              -83.48417908033771,
              24.439107641684036
            ],
            [
              -83.48418158337691,
              24.43901749478156
            ],
            [
              -83.48428005211962,
              24.439019786245257
            ],
            [
              -83.48428255507682,
              24.438929639331924
            ],
            [
              -83.48438102376201,
              24.438931930722188
            ],
            [
              -83.48438352663725,
              24.438841783798008
            ],
            [
              -83.48448199526489,
              24.43884407511484
            ],
            [
              -83.48448700083921,
              24.438663781243463
            ],
            [
              -83.48458546933958,
              24.43866607247733
            ],
            [
              -83.48458797203865,
              24.438575925530138
            ],
            [
              -83.48478490893656,
              24.4385805077871
            ],
            [
              -83.48478741148391,
              24.43849036081952
            ],
            [
              -83.48488587988145,
              24.438492651842623
            ],
            [
              -83.48489839208612,
              24.438041916937348
            ],
            [
              -83.48479992403732,
              24.438039625961913
            ],
            [
              -83.48480242651134,
              24.437949478986447
            ],
            [
              -83.48470395854451,
              24.437947187956656
            ],
            [
              -83.48470896359535,
              24.437766894020843
            ],
            [
              -83.48461049578025,
              24.43776460294622
            ],
            [
              -83.48462300854219,
              24.437313868131362
            ],
            [
              -83.48452454108804,
              24.437311577040518
            ],
            [
              -83.4845270436735,
              24.43722143008313
            ],
            [
              -83.48442857630131,
              24.437219138937927
            ],
            [
              -83.48443608419359,
              24.436948698086503
            ],
            [
              -83.48433761704284,
              24.43694640690601
            ],
            [
              -83.4843401197189,
              24.436856259962436
            ],
            [
              -83.4844385867999,
              24.436858551133394
            ],
            [
              -83.48444859710291,
              24.43649796330782
            ],
            [
              -83.48435013030088,
              24.436495672175
            ],
            [
              -83.48435513551853,
              24.43631537827339
            ],
            [
              -83.48425666886821,
              24.43631308709576
            ],
            [
              -83.48426667943579,
              24.435952499314904
            ],
            [
              -83.48436514580715,
              24.435954790454396
            ],
            [
              -83.48437015087809,
              24.43577449653702
            ],
            [
              -83.48456708337852,
              24.435779078586204
            ],
            [
              -83.4845695857562,
              24.435688931606474
            ],
            [
              -83.48466805195501,
              24.435691222525705
            ],
            [
              -83.48466554964708,
              24.435781369514974
            ],
            [
              -83.48496094852607,
              24.435788241917926
            ],
            [
              -83.48495844641513,
              24.435878388934476
            ],
            [
              -83.4850569128023,
              24.435880679617217
            ],
            [
              -83.48505441074889,
              24.435970826641988
            ],
            [
              -83.48525134369939,
              24.435975407834867
            ],
            [
              -83.48524633983486,
              24.436155701918597
            ],
            [
              -83.48534480646792,
              24.436157992438265
            ],
            [
              -83.48534230458705,
              24.43624813948769
            ],
            [
              -83.48544077130208,
              24.436250429953
            ],
            [
              -83.48542826206318,
              24.43670116522808
            ],
            [
              -83.48532979499946,
              24.436698874715102
            ],
            [
              -83.48532729304527,
              24.436789021756642
            ],
            [
              -83.48522882592403,
              24.436786731170244
            ],
            [
              -83.48522632388789,
              24.436876878200938
            ],
            [
              -83.4851278567091,
              24.436874587541116
            ],
            [
              -83.48512535459099,
              24.43696473456096
            ],
            [
              -83.48502688735469,
              24.436962443827714
            ],
            [
              -83.4850193807178,
              24.43723288485076
            ],
            [
              -83.48511784816333,
              24.437235175612596
            ],
            [
              -83.48511534599633,
              24.437325322627185
            ],
            [
              -83.48521381352383,
              24.43732761333467
            ],
            [
              -83.48520880929267,
              24.437507907378958
            ],
            [
              -83.48530727697187,
              24.437510198041615
            ],
            [
              -83.4853047749077,
              24.43760034507132
            ],
            [
              -83.48540324266887,
              24.437602635679617
            ],
            [
              -83.48540074066223,
              24.43769278271754
            ],
            [
              -83.48549920850537,
              24.437695073271477
            ],
            [
              -83.48549670655625,
              24.43778522031761
            ],
            [
              -83.48559517448136,
              24.437787510817184
            ],
            [
              -83.48559017068595,
              24.437967804924583
            ],
            [
              -83.48568863876278,
              24.43797009537932
            ],
            [
              -83.48567863130431,
              24.438330683616467
            ],
            [
              -83.48577709967235,
              24.438332974045437
            ],
            [
              -83.48570704394153,
              24.440857091383375
            ],
            [
              -83.48580551427489,
              24.440859382015322
            ],
            [
              -83.48580301217706,
              24.440949529053565
            ],
            [
              -83.48570454177396,
              24.440947238412093
            ],
            [
              -83.48568452399334,
              24.44166841459451
            ],
            [
              -83.48558605304436,
              24.44166612381287
            ],
            [
              -83.48557854596571,
              24.441936564830986
            ],
            [
              -83.48548007481966,
              24.441934273956843
            ],
            [
              -83.48547256742172,
              24.442204714934537
            ],
            [
              -83.48537409607862,
              24.44220242396789
            ],
            [
              -83.48536909094601,
              24.442382717927373
            ],
            [
              -83.4852706194756,
              24.442380426877754
            ],
            [
              -83.48526311147575,
              24.44265086777852
            ],
            [
              -83.48516463980825,
              24.442648576636394
            ],
            [
              -83.48516213704742,
              24.442738723591155
            ],
            [
              -83.4850636653224,
              24.44273643237559
            ],
            [
              -83.48504364223757,
              24.443457607890053
            ],
            [
              -83.48494516996664,
              24.44345531653431
            ],
            [
              -83.48494266695626,
              24.44354546345816
            ],
            [
              -83.48484419462778,
              24.44354317202897
            ],
            [
              -83.48484169153541,
              24.443633318941977
            ],
            [
              -83.4847432191494,
              24.443631027439338
            ],
            [
              -83.48474071597502,
              24.4437211743415
            ],
            [
              -83.48464224353145,
              24.443718882765413
            ],
            [
              -83.4846397402751,
              24.44380902965672
            ],
            [
              -83.48454126777399,
              24.44380673800719
            ],
            [
              -83.48451122690683,
              24.4448885004859
            ],
            [
              -83.48441275358068,
              24.444886208658026
            ],
            [
              -83.48440273928797,
              24.4452467960707
            ],
            [
              -83.48430426569497,
              24.44524450414078
            ],
            [
              -83.4842992583357,
              24.445424797820156
            ],
            [
              -83.48420078461538,
              24.44542250580724
            ],
            [
              -83.48419828084762,
              24.445512652635422
            ],
            [
              -83.48409980706974,
              24.445510360549054
            ],
            [
              -83.48409730321998,
              24.44560050736638
            ],
            [
              -83.48399882938456,
              24.445598215206566
            ],
            [
              -83.4839963254528,
              24.44568836201304
            ],
            [
              -83.48389785155983,
              24.445686069779764
            ],
            [
              -83.48389534754605,
              24.445776216575393
            ]
          ]
        ]
      },
      "properties": {
        "incident_id": "SP-009",
        "type": "AI-detected-slick",
        "source": "Sentinel-1 SAR",
        "method": "U-Net segmentation + radiometric filtering"
      }
    },
    {
      "type": "Feature",
      "geometry": {
        "type": "Polygon",
        "coordinates": [
          [
            [
              -83.48704624794111,
              24.435205302084874
            ],
            [
              -83.48694778186747,
              24.435203012756144
            ],
            [
              -83.48695028248589,
              24.43511286553846
            ],
            [
              -83.48704874848978,
              24.435115154857655
            ],
            [
              -83.48704624794111,
              24.435205302084874
            ]
          ]
        ]
      },
      "properties": {
        "incident_id": "SP-009",
        "type": "AI-detected-slick",
        "source": "Sentinel-1 SAR",
        "method": "U-Net segmentation + radiometric filtering"
      }
    },
    {
      "type": "Feature",
      "geometry": {
        "type": "Polygon",
        "coordinates": [
          [
            [
              -83.447400485304,
              24.440051331720465
            ],
            [
              -83.4469081573714,
              24.440039753272604
            ],
            [
              -83.4469106870209,
              24.43994961001996
            ],
            [
              -83.44671375607383,
              24.439944978212843
            ],
            [
              -83.44671628585044,
              24.439854834978146
            ],
            [
              -83.44651935509228,
              24.439850202934736
            ],
            [
              -83.44652441488742,
              24.439669916499927
            ],
            [
              -83.44642594966636,
              24.439667600401663
            ],
            [
              -83.44642847961515,
              24.43957745719192
            ],
            [
              -83.44633001447619,
              24.4395751410394
            ],
            [
              -83.44633507447617,
              24.439394854635218
            ],
            [
              -83.44574428473877,
              24.439380956494073
            ],
            [
              -83.44574681513866,
              24.43929081334784
            ],
            [
              -83.44564835029541,
              24.439288496777
            ],
            [
              -83.44565594163018,
              24.43901806735928
            ],
            [
              -83.4457544062642,
              24.439020383901195
            ],
            [
              -83.44575946695278,
              24.438840097596845
            ],
            [
              -83.44585793145968,
              24.438842414055586
            ],
            [
              -83.44586299195933,
              24.438662127726673
            ],
            [
              -83.44576452759192,
              24.438659811287202
            ],
            [
              -83.44576199727852,
              24.43874995444268
            ],
            [
              -83.44546660404119,
              24.438743004712027
            ],
            [
              -83.44546407350622,
              24.438833147837276
            ],
            [
              -83.4446763581926,
              24.43881461233402
            ],
            [
              -83.44467382708736,
              24.43890475538081
            ],
            [
              -83.4444768982431,
              24.43890012084683
            ],
            [
              -83.44447436698601,
              24.43899026387302
            ],
            [
              -83.44437590251269,
              24.438987946500554
            ],
            [
              -83.44437337117353,
              24.43907808951578
            ],
            [
              -83.44407797761849,
              24.439071136986133
            ],
            [
              -83.44408050916688,
              24.43898099399984
            ],
            [
              -83.44398204474301,
              24.438978676371825
            ],
            [
              -83.44399470264818,
              24.438527961468775
            ],
            [
              -83.44409316672336,
              24.438530279048567
            ],
            [
              -83.44409822965943,
              24.438349993058818
            ],
            [
              -83.44419669360751,
              24.438352310555445
            ],
            [
              -83.44420175635462,
              24.438172024541128
            ],
            [
              -83.44430022017558,
              24.438174341954575
            ],
            [
              -83.44430528273378,
              24.437994055915684
            ],
            [
              -83.44440374642764,
              24.437996373245966
            ],
            [
              -83.44442652669997,
              24.437185085918845
            ],
            [
              -83.44452498977859,
              24.43718740309845
            ],
            [
              -83.44453258277096,
              24.436916973936714
            ],
            [
              -83.44463104565276,
              24.436919291023514
            ],
            [
              -83.44463357655576,
              24.43682914795732
            ],
            [
              -83.44473203938017,
              24.436831464970588
            ],
            [
              -83.44473710100965,
              24.436651178814962
            ],
            [
              -83.44483556370697,
              24.43665349574507
            ],
            [
              -83.44483809443342,
              24.436563352655625
            ],
            [
              -83.44513348239036,
              24.436570303033744
            ],
            [
              -83.44513601289528,
              24.436480159914062
            ],
            [
              -83.44533293812222,
              24.436484793160787
            ],
            [
              -83.44533546847532,
              24.4363946500205
            ],
            [
              -83.44553239361225,
              24.43639928299242
            ],
            [
              -83.44553492381353,
              24.436309139831533
            ],
            [
              -83.4456333863308,
              24.436311456212035
            ],
            [
              -83.44563844655683,
              24.43613116986703
            ],
            [
              -83.44573690894701,
              24.436133486164366
            ],
            [
              -83.44574449898417,
              24.43586305660804
            ],
            [
              -83.44584296117753,
              24.435865372812582
            ],
            [
              -83.44586067034365,
              24.435234370400813
            ],
            [
              -83.44595913206128,
              24.43523668647401
            ],
            [
              -83.44596672130938,
              24.43496625682025
            ],
            [
              -83.44606518283018,
              24.43496857280065
            ],
            [
              -83.44607024212769,
              24.434788286338932
            ],
            [
              -83.4461687035214,
              24.434790602236184
            ],
            [
              -83.44617123308188,
              24.434700458993703
            ],
            [
              -83.44626969441823,
              24.43470277481744
            ],
            [
              -83.4462747533627,
              24.43452248830925
            ],
            [
              -83.44637321457198,
              24.43452480404984
            ],
            [
              -83.44637574395595,
              24.434434660784124
            ],
            [
              -83.44657266627208,
              24.434439292054385
            ],
            [
              -83.44657519550427,
              24.434349148768085
            ],
            [
              -83.4474613459108,
              24.434369986235726
            ],
            [
              -83.44746387450314,
              24.434279842861383
            ],
            [
              -83.44766079681213,
              24.434284472687846
            ],
            [
              -83.44765826835923,
              24.43437461608146
            ],
            [
              -83.44775672960199,
              24.434376930908517
            ],
            [
              -83.44775420120646,
              24.434467074310447
            ],
            [
              -83.44785266253129,
              24.43446938908326
            ],
            [
              -83.4478450774798,
              24.434739819310018
            ],
            [
              -83.44794353902614,
              24.43474213404786
            ],
            [
              -83.44793848240286,
              24.43492242087836
            ],
            [
              -83.44803694410099,
              24.434924735571595
            ],
            [
              -83.44802683098513,
              24.435285309255303
            ],
            [
              -83.4479283690081,
              24.435282994523543
            ],
            [
              -83.44792331223661,
              24.43546328133822
            ],
            [
              -83.44782485013248,
              24.43546096652332
            ],
            [
              -83.44781979317214,
              24.435641253313438
            ],
            [
              -83.44791825541573,
              24.43564356814761
            ],
            [
              -83.44790814162579,
              24.43600414175056
            ],
            [
              -83.44780967910327,
              24.436001826877856
            ],
            [
              -83.44780209342194,
              24.436272257037313
            ],
            [
              -83.4477036307026,
              24.436269942071824
            ],
            [
              -83.4476985733805,
              24.436450228818934
            ],
            [
              -83.44750164769997,
              24.43644559865778
            ],
            [
              -83.44749659004954,
              24.43662588536107
            ],
            [
              -83.44739812708833,
              24.436623570165406
            ],
            [
              -83.44739559817486,
              24.436713713505437
            ],
            [
              -83.44729713515629,
              24.436711398236252
            ],
            [
              -83.44729460616072,
              24.436801541565334
            ],
            [
              -83.44739306924905,
              24.43680385684415
            ],
            [
              -83.44739054031088,
              24.436894000181535
            ],
            [
              -83.44768592985913,
              24.436900945663595
            ],
            [
              -83.44769098730472,
              24.436720658929694
            ],
            [
              -83.44778945037274,
              24.43672297394334
            ],
            [
              -83.44778692172584,
              24.436813117320597
            ],
            [
              -83.44808231121311,
              24.43682006200716
            ],
            [
              -83.44807978276306,
              24.43691020541198
            ],
            [
              -83.44827670928913,
              24.43691483490288
            ],
            [
              -83.4482741809662,
              24.43700497832565
            ],
            [
              -83.44847110768112,
              24.43700960758028
            ],
            [
              -83.4484685794853,
              24.43709975102099
            ],
            [
              -83.448567042931,
              24.437102065562115
            ],
            [
              -83.44855945847867,
              24.437372495905244
            ],
            [
              -83.44865792214593,
              24.43737481041137
            ],
            [
              -83.44865539404017,
              24.437464953866076
            ],
            [
              -83.44895078532527,
              24.43747189703005
            ],
            [
              -83.44895584110601,
              24.437291610061553
            ],
            [
              -83.44905430475292,
              24.437293924302512
            ],
            [
              -83.44906694364002,
              24.436843206809996
            ],
            [
              -83.44916540695063,
              24.436845520938924
            ],
            [
              -83.44916793462129,
              24.436755377426827
            ],
            [
              -83.44946332441796,
              24.436762319401428
            ],
            [
              -83.44946585186707,
              24.436672175859123
            ],
            [
              -83.4495643150876,
              24.436674489713266
            ],
            [
              -83.44956684245463,
              24.436584346160018
            ],
            [
              -83.44966530561776,
              24.436586659940644
            ],
            [
              -83.44966783290272,
              24.436496516376447
            ],
            [
              -83.44976629600846,
              24.43649883008356
            ],
            [
              -83.44978145904061,
              24.435957968612904
            ],
            [
              -83.44968299635323,
              24.435955654963557
            ],
            [
              -83.44968552355178,
              24.435865511390126
            ],
            [
              -83.4495870609465,
              24.43586319768653
            ],
            [
              -83.44958958820243,
              24.4357730541214
            ],
            [
              -83.4492942006698,
              24.43576611265622
            ],
            [
              -83.44929672812258,
              24.43567596911866
            ],
            [
              -83.44919826570613,
              24.4356736551788
            ],
            [
              -83.44920584819955,
              24.435403224587102
            ],
            [
              -83.44910738600463,
              24.435400910612255
            ],
            [
              -83.44911496859615,
              24.43513048003757
            ],
            [
              -83.44901650662273,
              24.43512816602773
            ],
            [
              -83.44901903419827,
              24.435038022509836
            ],
            [
              -83.44911749610196,
              24.435040336510042
            ],
            [
              -83.44912002359543,
              24.434950192981187
            ],
            [
              -83.44941540917135,
              24.434957134569654
            ],
            [
              -83.44941793644331,
              24.434866991010594
            ],
            [
              -83.44961486008286,
              24.434871618397594
            ],
            [
              -83.44961991431083,
              24.434691331236998
            ],
            [
              -83.44952145262432,
              24.43468901759469
            ],
            [
              -83.44952650694236,
              24.43450873044808
            ],
            [
              -83.44962496848942,
              24.434511044071122
            ],
            [
              -83.4496274955602,
              24.434420900486202
            ],
            [
              -83.44972595704988,
              24.43442321403575
            ],
            [
              -83.44972848403859,
              24.434333070439884
            ],
            [
              -83.44982694547087,
              24.434335383915922
            ],
            [
              -83.44982947237753,
              24.43424524030911
            ],
            [
              -83.44992793375243,
              24.434247553711646
            ],
            [
              -83.44993046057702,
              24.43415741009389
            ],
            [
              -83.45012738322444,
              24.434162036688075
            ],
            [
              -83.45012990989723,
              24.434071893049744
            ],
            [
              -83.45022837116973,
              24.434074206241394
            ],
            [
              -83.45023089776046,
              24.433984062592113
            ],
            [
              -83.45042782020305,
              24.433988688764543
            ],
            [
              -83.45043034664198,
              24.433898545094692
            ],
            [
              -83.45062726899447,
              24.43390317099237
            ],
            [
              -83.45062979528164,
              24.433813027301944
            ],
            [
              -83.45072825640668,
              24.433815340145344
            ],
            [
              -83.45073330880454,
              24.43363505274129
            ],
            [
              -83.45083176980246,
              24.433637365501568
            ],
            [
              -83.45083429591317,
              24.43354722178793
            ],
            [
              -83.45093275685373,
              24.433549534474707
            ],
            [
              -83.45093528288237,
              24.43345939075013
            ],
            [
              -83.45103374376554,
              24.433461703363406
            ],
            [
              -83.45103626971213,
              24.43337155962789
            ],
            [
              -83.4511347305379,
              24.433373872167675
            ],
            [
              -83.45113725640245,
              24.433283728421205
            ],
            [
              -83.45172802119794,
              24.433297602260797
            ],
            [
              -83.45172549575173,
              24.433387746065005
            ],
            [
              -83.45182395666387,
              24.43339005815767
            ],
            [
              -83.45182143127505,
              24.433480201970177
            ],
            [
              -83.45201835327578,
              24.433484825983133
            ],
            [
              -83.45202087852516,
              24.43339468215138
            ],
            [
              -83.45211933947432,
              24.433396994052423
            ],
            [
              -83.45211681429466,
              24.433487137893795
            ],
            [
              -83.45231373636939,
              24.43349176152351
            ],
            [
              -83.45231121131684,
              24.43358190538281
            ],
            [
              -83.45260659473063,
              24.43358884037718
            ],
            [
              -83.4526040698749,
              24.433678984264024
            ],
            [
              -83.45289945360884,
              24.433685918712392
            ],
            [
              -83.45289692894994,
              24.43377606262677
            ],
            [
              -83.45319231300404,
              24.43378299652912
            ],
            [
              -83.45318978854198,
              24.433873140471047
            ],
            [
              -83.45328824998774,
              24.433875451653694
            ],
            [
              -83.45328572558306,
              24.433965595603922
            ],
            [
              -83.45358111020344,
              24.433972528797486
            ],
            [
              -83.45357858599561,
              24.434062672775234
            ],
            [
              -83.45367704763012,
              24.434064983721623
            ],
            [
              -83.45367452347969,
              24.43415512770768
            ],
            [
              -83.45387144692516,
              24.43415974942806
            ],
            [
              -83.45386892290183,
              24.434249893432035
            ],
            [
              -83.45396738471278,
              24.434252204206018
            ],
            [
              -83.45396486074686,
              24.43434234821829
            ],
            [
              -83.45406332263985,
              24.43434465893802
            ],
            [
              -83.45406079873132,
              24.434434802958595
            ],
            [
              -83.45415926070639,
              24.43443711362407
            ],
            [
              -83.45415673685524,
              24.434527257652924
            ],
            [
              -83.45425519891235,
              24.434529568264136
            ],
            [
              -83.45425267511861,
              24.434619712301302
            ],
            [
              -83.45435113725777,
              24.43462202285825
            ],
            [
              -83.45434861352143,
              24.43471216690371
            ],
            [
              -83.45444707574265,
              24.4347144774064
            ],
            [
              -83.45444202837244,
              24.434894765512592
            ],
            [
              -83.45454049074543,
              24.434897075970635
            ],
            [
              -83.45453291980685,
              24.435167508148883
            ],
            [
              -83.45443445722468,
              24.43516519766199
            ],
            [
              -83.45442940973119,
              24.435345485755
            ],
            [
              -83.4543309470219,
              24.435343175185004
            ],
            [
              -83.45432589933966,
              24.4355234632535
            ],
            [
              -83.45422743650323,
              24.43552115260039
            ],
            [
              -83.45422238863222,
              24.435701440644383
            ],
            [
              -83.45412392566865,
              24.435699129908166
            ],
            [
              -83.45411887760888,
              24.435879417927648
            ],
            [
              -83.45402041451817,
              24.43587710710831
            ],
            [
              -83.45401536626962,
              24.436057395103287
            ],
            [
              -83.4539169030518,
              24.436055084200838
            ],
            [
              -83.45390680612782,
              24.43641566013649
            ],
            [
              -83.45380834264338,
              24.436413349131687
            ],
            [
              -83.4537982452432,
              24.436773925007774
            ],
            [
              -83.45369978149219,
              24.43677161390062
            ],
            [
              -83.45368715911586,
              24.437222333667957
            ],
            [
              -83.4535886950285,
              24.43722002244883
            ],
            [
              -83.4535861704465,
              24.437310166388723
            ],
            [
              -83.45348770630174,
              24.43730785509609
            ],
            [
              -83.45348518163769,
              24.43739799902505
            ],
            [
              -83.4533867174355,
              24.437395687658913
            ],
            [
              -83.4533841926894,
              24.437485831576932
            ],
            [
              -83.45269494313135,
              24.437469650157848
            ],
            [
              -83.45269746836563,
              24.437379506307167
            ],
            [
              -83.45230361202559,
              24.437370258414973
            ],
            [
              -83.45230108651238,
              24.437460402227167
            ],
            [
              -83.45200569417766,
              24.43745346560836
            ],
            [
              -83.4520031684429,
              24.437543609390367
            ],
            [
              -83.45131391960554,
              24.437527421643125
            ],
            [
              -83.45131644582844,
              24.43743727792847
            ],
            [
              -83.4511195178397,
              24.437432652302107
            ],
            [
              -83.45112204418974,
              24.437342508605397
            ],
            [
              -83.45033433328629,
              24.43732400362154
            ],
            [
              -83.45033686018186,
              24.4372338600005
            ],
            [
              -83.45023839644419,
              24.437231546599666
            ],
            [
              -83.45024092339716,
              24.437141402986935
            ],
            [
              -83.44994553246744,
              24.437134462430002
            ],
            [
              -83.44994805961726,
              24.437044318844837
            ],
            [
              -83.44975113253194,
              24.43703969150672
            ],
            [
              -83.44974860524266,
              24.43712983507263
            ],
            [
              -83.44955167806727,
              24.43712520745971
            ],
            [
              -83.44954662317272,
              24.437305494549058
            ],
            [
              -83.44944815946405,
              24.437303180627516
            ],
            [
              -83.44944310438068,
              24.437483467692317
            ],
            [
              -83.4495415682288,
              24.43748578163313
            ],
            [
              -83.44953398572034,
              24.437756212249326
            ],
            [
              -83.44963244978999,
              24.437758526155125
            ],
            [
              -83.44962486737963,
              24.438028956788333
            ],
            [
              -83.44972333167085,
              24.43803127065913
            ],
            [
              -83.44971069442204,
              24.438481988402902
            ],
            [
              -83.44961222978213,
              24.43847967448396
            ],
            [
              -83.4496071746567,
              24.438659961552965
            ],
            [
              -83.44950870988967,
              24.438657647550876
            ],
            [
              -83.4495036545754,
              24.43883793459536
            ],
            [
              -83.44940518968122,
              24.43883562051012
            ],
            [
              -83.44940266193582,
              24.438925764020755
            ],
            [
              -83.44930419698426,
              24.438923449862
            ],
            [
              -83.44930166915677,
              24.43901359336168
            ],
            [
              -83.44920320414779,
              24.439011279129407
            ],
            [
              -83.44920067623823,
              24.439101422618133
            ],
            [
              -83.44910221117188,
              24.43909910831234
            ],
            [
              -83.44909968318022,
              24.439189251790125
            ],
            [
              -83.44890275294506,
              24.439184622967606
            ],
            [
              -83.44890022480158,
              24.439274766424806
            ],
            [
              -83.44830943397399,
              24.439260878366106
            ],
            [
              -83.44831196253594,
              24.439170734966694
            ],
            [
              -83.44811503249835,
              24.43916610512194
            ],
            [
              -83.44811250379692,
              24.439256248502087
            ],
            [
              -83.44801403872692,
              24.43925393347424
            ],
            [
              -83.44800898114757,
              24.439434220211307
            ],
            [
              -83.44781205076563,
              24.43942958992541
            ],
            [
              -83.4478069928579,
              24.43960987661867
            ],
            [
              -83.447708527546,
              24.439607561360617
            ],
            [
              -83.44770346944938,
              24.43978784802932
            ],
            [
              -83.44760500401031,
              24.43978553268811
            ],
            [
              -83.44760247487373,
              24.43987567601085
            ],
            [
              -83.4475040093773,
              24.439873360596113
            ],
            [
              -83.4475014801586,
              24.439963503907897
            ],
            [
              -83.44740301460477,
              24.439961188419637
            ],
            [
              -83.447400485304,
              24.440051331720465
            ]
          ]
        ]
      },
      "properties": {
        "incident_id": "SP-009",
        "type": "AI-detected-slick",
        "source": "Sentinel-1 SAR",
        "method": "U-Net segmentation + radiometric filtering"
      }
    },
    {
      "type": "Feature",
      "geometry": {
        "type": "Polygon",
        "coordinates": [
          [
            [
              -83.6806710744862,
              24.446439450756518
            ],
            [
              -83.68047408497837,
              24.44643512224804
            ],
            [
              -83.68047644922862,
              24.446344956900987
            ],
            [
              -83.68037795456186,
              24.44634279255981
            ],
            [
              -83.68038268316741,
              24.446162461879844
            ],
            [
              -83.68028418865187,
              24.446160297492703
            ],
            [
              -83.68029837461035,
              24.4456193054759
            ],
            [
              -83.68039686870688,
              24.445621469809
            ],
            [
              -83.68040159712764,
              24.445441139108404
            ],
            [
              -83.68050009109606,
              24.44544330335953
            ],
            [
              -83.68050954751969,
              24.44508264190684
            ],
            [
              -83.68060804122032,
              24.445084806057974
            ],
            [
              -83.6806198611409,
              24.444633979168056
            ],
            [
              -83.68071835450392,
              24.444636143210204
            ],
            [
              -83.68073962900502,
              24.443824654646075
            ],
            [
              -83.68064113627044,
              24.443822490684987
            ],
            [
              -83.68065768294679,
              24.443191332903716
            ],
            [
              -83.68055919071253,
              24.443189168941696
            ],
            [
              -83.68056628218152,
              24.442918672757404
            ],
            [
              -83.6804677901683,
              24.442916508758444
            ],
            [
              -83.68048197321345,
              24.442375516409072
            ],
            [
              -83.68038348163068,
              24.442373352400196
            ],
            [
              -83.68038820935966,
              24.44219302162477
            ],
            [
              -83.68028971792809,
              24.442190857569948
            ],
            [
              -83.68029444575052,
              24.442010526807373
            ],
            [
              -83.68019595447014,
              24.442008362706616
            ],
            [
              -83.68020541025571,
              24.44164770120202
            ],
            [
              -83.68010691926615,
              24.44164553707333
            ],
            [
              -83.68011401119354,
              24.441375040958363
            ],
            [
              -83.68001552042497,
              24.44137287679274
            ],
            [
              -83.68002261245788,
              24.44110238069319
            ],
            [
              -83.6799241219103,
              24.44110021649064
            ],
            [
              -83.679926485968,
              24.441010051130547
            ],
            [
              -83.6798279955018,
              24.44100788687305
            ],
            [
              -83.67983272372216,
              24.440827556167022
            ],
            [
              -83.67973423340715,
              24.44082539186358
            ],
            [
              -83.6797413258605,
              24.44055489582189
            ],
            [
              -83.67964283576647,
              24.440552731481528
            ],
            [
              -83.6796475641506,
              24.440372400798633
            ],
            [
              -83.67954907420776,
              24.440370236412335
            ],
            [
              -83.67955143845231,
              24.440280071077964
            ],
            [
              -83.67945294859082,
              24.440277906636723
            ],
            [
              -83.67945531289364,
              24.44018774131007
            ],
            [
              -83.67935682311351,
              24.440185576813892
            ],
            [
              -83.67936155182412,
              24.440005246174728
            ],
            [
              -83.67926306219518,
              24.44000308163262
            ],
            [
              -83.67927015538388,
              24.43973258569124
            ],
            [
              -83.67917166597591,
              24.439730421112202
            ],
            [
              -83.6791787592701,
              24.43945992518624
            ],
            [
              -83.6790802700831,
              24.439457760570285
            ],
            [
              -83.67908499902778,
              24.439277429964555
            ],
            [
              -83.67898650999197,
              24.439275265302673
            ],
            [
              -83.67898887451678,
              24.43918510000688
            ],
            [
              -83.67889038556233,
              24.43918293529006
            ],
            [
              -83.6788951147169,
              24.439002604712627
            ],
            [
              -83.67879662591362,
              24.439000439949883
            ],
            [
              -83.6788013551616,
              24.438820109385308
            ],
            [
              -83.6787028665095,
              24.43881794457664
            ],
            [
              -83.67870523118596,
              24.438727779301434
            ],
            [
              -83.6786067426152,
              24.43872561443782
            ],
            [
              -83.67861147207311,
              24.43854528390156
            ],
            [
              -83.67851298365352,
              24.438543118992033
            ],
            [
              -83.67851771320484,
              24.438362788468634
            ],
            [
              -83.6784192249364,
              24.438360623513184
            ],
            [
              -83.67842631938613,
              24.43809012774544
            ],
            [
              -83.67832783133868,
              24.43808796275308
            ],
            [
              -83.67834911469225,
              24.43727647546132
            ],
            [
              -83.67844760211149,
              24.43727864037258
            ],
            [
              -83.678449966801,
              24.43718847510248
            ],
            [
              -83.67864694153452,
              24.43719280471516
            ],
            [
              -83.67864930607287,
              24.43710263942575
            ],
            [
              -83.678846280713,
              24.43710696876464
            ],
            [
              -83.67884391631426,
              24.437197134072065
            ],
            [
              -83.6790408911402,
              24.43720146317322
            ],
            [
              -83.67903852686952,
              24.43729162849738
            ],
            [
              -83.67913701436962,
              24.437293792961057
            ],
            [
              -83.67913465015717,
              24.437383958292937
            ],
            [
              -83.67923313773862,
              24.437386122701675
            ],
            [
              -83.67923077358442,
              24.43747628804128
            ],
            [
              -83.67932926124723,
              24.437478452395094
            ],
            [
              -83.6793268971513,
              24.437568617742407
            ],
            [
              -83.67952387265116,
              24.437572946276216
            ],
            [
              -83.67952150868327,
              24.43766311164027
            ],
            [
              -83.67961999652033,
              24.437665275820272
            ],
            [
              -83.67961763261071,
              24.43775544119203
            ],
            [
              -83.67971612052911,
              24.437757605317103
            ],
            [
              -83.67971375667773,
              24.43784777069659
            ],
            [
              -83.67991073268881,
              24.43785209877291
            ],
            [
              -83.67990836896549,
              24.43794226416912
            ],
            [
              -83.68000685705815,
              24.437944428120375
            ],
            [
              -83.68000449339308,
              24.4380345935243
            ],
            [
              -83.68020146975266,
              24.438038921252993
            ],
            [
              -83.68019910621567,
              24.438129086673648
            ],
            [
              -83.68029759448258,
              24.43813125045109
            ],
            [
              -83.68029523100384,
              24.438221415879454
            ],
            [
              -83.6803937193521,
              24.43822357960195
            ],
            [
              -83.68039135593163,
              24.43831374503803
            ],
            [
              -83.68048984436123,
              24.4383159087056
            ],
            [
              -83.68048748099902,
              24.438406074149402
            ],
            [
              -83.68068445803249,
              24.438410401310705
            ],
            [
              -83.68067973155264,
              24.438590732230463
            ],
            [
              -83.68077822022632,
              24.438592895733205
            ],
            [
              -83.68077349383991,
              24.438773226665813
            ],
            [
              -83.68087198266473,
              24.43877539012262
            ],
            [
              -83.68086725637176,
              24.43895572106808
            ],
            [
              -83.68096574534773,
              24.438957884478956
            ],
            [
              -83.68096338225375,
              24.439048049958753
            ],
            [
              -83.68106187131109,
              24.439050213314683
            ],
            [
              -83.68105478216926,
              24.439320709773366
            ],
            [
              -83.68115327144756,
              24.439322873092365
            ],
            [
              -83.68113673020126,
              24.439954031513853
            ],
            [
              -83.6812352199798,
              24.43995619483192
            ],
            [
              -83.68123049394515,
              24.4401365258159
            ],
            [
              -83.68132898387485,
              24.440138689088037
            ],
            [
              -83.68132662091003,
              24.440228854587094
            ],
            [
              -83.68142511092108,
              24.44023101780428
            ],
            [
              -83.68142274801453,
              24.440321183311045
            ],
            [
              -83.68152123810694,
              24.44032334647329
            ],
            [
              -83.68151651239883,
              24.440503677500967
            ],
            [
              -83.68161500264242,
              24.440505840617266
            ],
            [
              -83.68161027702777,
              24.440686171657788
            ],
            [
              -83.6817087674225,
              24.440688334728137
            ],
            [
              -83.6817064046677,
              24.440778500255476
            ],
            [
              -83.6818048951438,
              24.440780663270875
            ],
            [
              -83.68180253244725,
              24.44087082880592
            ],
            [
              -83.68190102300471,
              24.44087299176637
            ],
            [
              -83.68189866036644,
              24.44096315730913
            ],
            [
              -83.68209564165564,
              24.44096748305618
            ],
            [
              -83.68209327914546,
              24.441057648615654
            ],
            [
              -83.68219176987718,
              24.441059811402248
            ],
            [
              -83.68218940742527,
              24.441149976969438
            ],
            [
              -83.68228789823834,
              24.44115213970108
            ],
            [
              -83.68228553584471,
              24.44124230527598
            ],
            [
              -83.68238402673914,
              24.441244467952675
            ],
            [
              -83.6823793020569,
              24.4414247991166
            ],
            [
              -83.6824777931025,
              24.441426961747347
            ],
            [
              -83.6824683438788,
              24.44178762409573
            ],
            [
              -83.6823698525539,
              24.44178546142898
            ],
            [
              -83.6823627653055,
              24.44205595814974
            ],
            [
              -83.68226427378269,
              24.442053795392038
            ],
            [
              -83.68226191127364,
              24.44214396095405
            ],
            [
              -83.68216341969256,
              24.44214179812339
            ],
            [
              -83.68215869450022,
              24.442322129225527
            ],
            [
              -83.68206020279102,
              24.442319966312915
            ],
            [
              -83.68204130100142,
              24.443041290597893
            ],
            [
              -83.68213979326919,
              24.443043453582526
            ],
            [
              -83.68213034237668,
              24.443404115730075
            ],
            [
              -83.68222883493529,
              24.443406278686755
            ],
            [
              -83.68221229591784,
              24.44403743745835
            ],
            [
              -83.68211380287045,
              24.44403527443867
            ],
            [
              -83.68211144003766,
              24.444125439963297
            ],
            [
              -83.6822099331549,
              24.44412760299199
            ],
            [
              -83.6822028447968,
              24.444398099585186
            ],
            [
              -83.68230133813506,
              24.444400262576913
            ],
            [
              -83.68229424988259,
              24.444670759185506
            ],
            [
              -83.68219575633485,
              24.44466859616678
            ],
            [
              -83.68218866776901,
              24.444939092736757
            ],
            [
              -83.68228716152625,
              24.444941255782492
            ],
            [
              -83.68226589583396,
              24.445752745503835
            ],
            [
              -83.68216740144823,
              24.44575058237708
            ],
            [
              -83.68216267547221,
              24.44593091339409
            ],
            [
              -83.68206418095835,
              24.44592875018537
            ],
            [
              -83.6820618178832,
              24.44601891568293
            ],
            [
              -83.68196332331104,
              24.44601675240125
            ],
            [
              -83.6819609601545,
              24.446106917888518
            ],
            [
              -83.68186246552406,
              24.44610475453386
            ],
            [
              -83.68186010228614,
              24.446194920010843
            ],
            [
              -83.68166311292022,
              24.44619059309162
            ],
            [
              -83.68166074953109,
              24.446280758549314
            ],
            [
              -83.68126677065844,
              24.446272103907244
            ],
            [
              -83.68126913432691,
              24.446181938485566
            ],
            [
              -83.68117063970745,
              24.446179774674135
            ],
            [
              -83.68116827596913,
              24.44626994008681
            ],
            [
              -83.68077429732739,
              24.446261284165384
            ],
            [
              -83.68077193329819,
              24.44635144954074
            ],
            [
              -83.68067343859678,
              24.44634928539146
            ],
            [
              -83.6806710744862,
              24.446439450756518
            ]
          ]
        ]
      },
      "properties": {
        "incident_id": "SP-009",
        "type": "AI-detected-slick",
        "source": "Sentinel-1 SAR",
        "method": "U-Net segmentation + radiometric filtering"
      }
    },
    {
      "type": "Feature",
      "geometry": {
        "type": "Polygon",
        "coordinates": [
          [
            [
              -83.55295007993132,
              24.439339242166447
            ],
            [
              -83.55265465135452,
              24.43933250161048
            ],
            [
              -83.55265710572763,
              24.439242348125322
            ],
            [
              -83.55255862962912,
              24.439240101154848
            ],
            [
              -83.55256844728079,
              24.43887948723853
            ],
            [
              -83.55266692310022,
              24.4388817341716
            ],
            [
              -83.55267428600379,
              24.438611273692597
            ],
            [
              -83.5527727616259,
              24.4386135205337
            ],
            [
              -83.55278012421228,
              24.438343060014894
            ],
            [
              -83.55287859963707,
              24.438345306764038
            ],
            [
              -83.55288841597199,
              24.437984692683283
            ],
            [
              -83.55278994082627,
              24.43798244597155
            ],
            [
              -83.55279239494979,
              24.437892292457445
            ],
            [
              -83.55269391988583,
              24.437890045691148
            ],
            [
              -83.55269882823646,
              24.437709738677732
            ],
            [
              -83.55260035332402,
              24.43770749186622
            ],
            [
              -83.55260280755112,
              24.4376173383669
            ],
            [
              -83.55250433272043,
              24.437615091500835
            ],
            [
              -83.55250924127819,
              24.43743478451698
            ],
            [
              -83.55241076659902,
              24.4374325376057
            ],
            [
              -83.55242058384975,
              24.437071923659733
            ],
            [
              -83.55232210946163,
              24.43706967672195
            ],
            [
              -83.55232701815459,
              24.43688936975984
            ],
            [
              -83.55222854391798,
              24.43688712277685
            ],
            [
              -83.55223590707678,
              24.436616662351934
            ],
            [
              -83.55213743306146,
              24.436614415333093
            ],
            [
              -83.55214234191358,
              24.43643410839533
            ],
            [
              -83.55204386804976,
              24.436431861331286
            ],
            [
              -83.55204877699344,
              24.436251554406997
            ],
            [
              -83.55195030328113,
              24.43624930729775
            ],
            [
              -83.55195521231637,
              24.436069000386947
            ],
            [
              -83.55185673875559,
              24.436066753232495
            ],
            [
              -83.5518641024278,
              24.43579629288455
            ],
            [
              -83.55176562908828,
              24.43579404569426
            ],
            [
              -83.55177299286186,
              24.435523585362624
            ],
            [
              -83.55167451974361,
              24.435521338136475
            ],
            [
              -83.55169906557373,
              24.43461980370634
            ],
            [
              -83.55179753799443,
              24.43462205083896
            ],
            [
              -83.55180735571173,
              24.434261436992934
            ],
            [
              -83.5519058278654,
              24.43426368402423
            ],
            [
              -83.55191319081823,
              24.43399322359794
            ],
            [
              -83.55201166277465,
              24.433995470537287
            ],
            [
              -83.5520190254103,
              24.43372501007119
            ],
            [
              -83.55211749716945,
              24.433727256918573
            ],
            [
              -83.55212731357014,
              24.433366642908094
            ],
            [
              -83.55222578506226,
              24.433368889654172
            ],
            [
              -83.55223069305119,
              24.433188582622396
            ],
            [
              -83.5523291644158,
              24.433190829285877
            ],
            [
              -83.55233161832254,
              24.433100675758674
            ],
            [
              -83.55243008962938,
              24.43310292234891
            ],
            [
              -83.5524374510684,
              24.432832461731422
            ],
            [
              -83.552535922178,
              24.432834708229702
            ],
            [
              -83.55254573698322,
              24.432474094017373
            ],
            [
              -83.55264420782581,
              24.432476340414354
            ],
            [
              -83.5526466614274,
              24.432386186848657
            ],
            [
              -83.55274513221224,
              24.432388433172388
            ],
            [
              -83.55274758573209,
              24.432298279596043
            ],
            [
              -83.55284605645916,
              24.432300525846525
            ],
            [
              -83.55284850989729,
              24.43221037225952
            ],
            [
              -83.55294698056659,
              24.43221261843676
            ],
            [
              -83.55294943392299,
              24.4321224648391
            ],
            [
              -83.55304790453452,
              24.432124710943096
            ],
            [
              -83.5530503578092,
              24.432034557334784
            ],
            [
              -83.55314882836298,
              24.432036803365534
            ],
            [
              -83.55315128155591,
              24.43194664974656
            ],
            [
              -83.55324975205195,
              24.431948895704068
            ],
            [
              -83.55325220516316,
              24.431858742074454
            ],
            [
              -83.55344914605168,
              24.43186323377909
            ],
            [
              -83.55344669307996,
              24.431953387427413
            ],
            [
              -83.5536436341559,
              24.431957878895165
            ],
            [
              -83.55364118131169,
              24.432048032560882
            ],
            [
              -83.55373965193738,
              24.432050278208273
            ],
            [
              -83.55373719915094,
              24.432140431882022
            ],
            [
              -83.55383566985836,
              24.43214267747486
            ],
            [
              -83.55382585887172,
              24.43250329219422
            ],
            [
              -83.55392432987011,
              24.432505537760544
            ],
            [
              -83.55391697171358,
              24.432775998814403
            ],
            [
              -83.55401544293318,
              24.432778244344874
            ],
            [
              -83.55400317944805,
              24.43322901278859
            ],
            [
              -83.5539047078797,
              24.43322676721138
            ],
            [
              -83.55390225507696,
              24.43331692088686
            ],
            [
              -83.55400072671507,
              24.433319166473414
            ],
            [
              -83.55399582121318,
              24.433499473839152
            ],
            [
              -83.55409429300278,
              24.433501719380498
            ],
            [
              -83.55408938759246,
              24.43368202675971
            ],
            [
              -83.55418785953353,
              24.433684272255853
            ],
            [
              -83.5541829542148,
              24.433864579648528
            ],
            [
              -83.55428142630736,
              24.433866825099464
            ],
            [
              -83.55427652108018,
              24.43404713250561
            ],
            [
              -83.55437499332423,
              24.43404937791134
            ],
            [
              -83.55437254076244,
              24.434139531621806
            ],
            [
              -83.55447101308822,
              24.43414177697298
            ],
            [
              -83.55444648750883,
              24.435043314099268
            ],
            [
              -83.55454496054412,
              24.435045559479992
            ],
            [
              -83.55452779241398,
              24.43567663545614
            ],
            [
              -83.55442931889037,
              24.43567439001
            ],
            [
              -83.55441950798767,
              24.436035004787414
            ],
            [
              -83.55432103419699,
              24.436032759239982
            ],
            [
              -83.55431612853423,
              24.43621306660216
            ],
            [
              -83.55421765461601,
              24.436210820972125
            ],
            [
              -83.5542127487658,
              24.436391128310394
            ],
            [
              -83.55411427472005,
              24.43638888259776
            ],
            [
              -83.55411182170721,
              24.436479036255594
            ],
            [
              -83.55401334760366,
              24.436476790469705
            ],
            [
              -83.55400353515343,
              24.436837405050575
            ],
            [
              -83.55390506078282,
              24.436835159163394
            ],
            [
              -83.55390015434627,
              24.437015466427304
            ],
            [
              -83.55380167984812,
              24.437013220457516
            ],
            [
              -83.55379677322411,
              24.437193527697506
            ],
            [
              -83.5536982985984,
              24.437191281645113
            ],
            [
              -83.55369339178694,
              24.437371588861183
            ],
            [
              -83.55359491703369,
              24.43736934272619
            ],
            [
              -83.55358755651729,
              24.43763980351246
            ],
            [
              -83.55348908156675,
              24.43763755728551
            ],
            [
              -83.55348417435636,
              24.43781786445113
            ],
            [
              -83.55338569927825,
              24.437815618141563
            ],
            [
              -83.5533807918804,
              24.43799592528328
            ],
            [
              -83.55318384148107,
              24.437991432435012
            ],
            [
              -83.55317402598337,
              24.438352046627966
            ],
            [
              -83.5532725014561,
              24.438354293121446
            ],
            [
              -83.55326759377488,
              24.43853460022878
            ],
            [
              -83.55336606939913,
              24.438536846677046
            ],
            [
              -83.55335380033516,
              24.438987614469294
            ],
            [
              -83.55325532436204,
              24.438985367974283
            ],
            [
              -83.55325287044352,
              24.43907552151946
            ],
            [
              -83.55315439441262,
              24.439073274951188
            ],
            [
              -83.55315194041233,
              24.439163428485713
            ],
            [
              -83.55305346432365,
              24.439161181844167
            ],
            [
              -83.5530510102416,
              24.439251335368045
            ],
            [
              -83.55295253409513,
              24.439249088653238
            ],
            [
              -83.55295007993132,
              24.439339242166447
            ]
          ]
        ]
      },
      "properties": {
        "incident_id": "SP-009",
        "type": "AI-detected-slick",
        "source": "Sentinel-1 SAR",
        "method": "U-Net segmentation + radiometric filtering"
      }
    },
    {
      "type": "Feature",
      "geometry": {
        "type": "Polygon",
        "coordinates": [
          [
            [
              -83.46867646822894,
              24.436761587364206
            ],
            [
              -83.46828260698256,
              24.436752381292877
            ],
            [
              -83.46828763510672,
              24.43657209052516
            ],
            [
              -83.4681891699653,
              24.436569788866763
            ],
            [
              -83.46819419817982,
              24.43638949811293
            ],
            [
              -83.46809573319015,
              24.43638719640981
            ],
            [
              -83.46810327562905,
              24.436116760297917
            ],
            [
              -83.46800481086086,
              24.436114458559643
            ],
            [
              -83.46801486755308,
              24.435753877097
            ],
            [
              -83.46791640307612,
              24.435751575333168
            ],
            [
              -83.46792394567552,
              24.435481139251088
            ],
            [
              -83.46782548142004,
              24.4354788374521
            ],
            [
              -83.46783302411812,
              24.43520840138691
            ],
            [
              -83.46773456008412,
              24.43520609955278
            ],
            [
              -83.46774461712191,
              24.434845518152404
            ],
            [
              -83.46764615337909,
              24.43484321629271
            ],
            [
              -83.46765118196377,
              24.43466292560378
            ],
            [
              -83.4675527183727,
              24.434660623699365
            ],
            [
              -83.46755774704769,
              24.434480333024332
            ],
            [
              -83.46745928360838,
              24.43447803107519
            ],
            [
              -83.4674643123737,
              24.434297740414046
            ],
            [
              -83.46736584908612,
              24.434295438420186
            ],
            [
              -83.46737087794179,
              24.43411514777294
            ],
            [
              -83.46727241480593,
              24.434112845734358
            ],
            [
              -83.46727744375191,
              24.433932555101002
            ],
            [
              -83.46717898076781,
              24.433930253017706
            ],
            [
              -83.46718652430384,
              24.43365981708654
            ],
            [
              -83.4670880615412,
              24.433657514968107
            ],
            [
              -83.46709057609837,
              24.43356736966467
            ],
            [
              -83.46699211341773,
              24.433565067491944
            ],
            [
              -83.46699965722472,
              24.43329463160246
            ],
            [
              -83.46690119476554,
              24.433292329394593
            ],
            [
              -83.46690622404823,
              24.433112038814183
            ],
            [
              -83.4668077617408,
              24.433109736561608
            ],
            [
              -83.4668127911138,
              24.432929445995093
            ],
            [
              -83.46671432895808,
              24.43292714369781
            ],
            [
              -83.46672438783558,
              24.4325665625873
            ],
            [
              -83.46662592597103,
              24.432564260264467
            ],
            [
              -83.46663598493089,
              24.43220367917122
            ],
            [
              -83.4665375233575,
              24.432201376822842
            ],
            [
              -83.4665475823997,
              24.43184079574685
            ],
            [
              -83.4666460436942,
              24.431843098056895
            ],
            [
              -83.4666535876377,
              24.43157266220733
            ],
            [
              -83.46675204873534,
              24.431574964424755
            ],
            [
              -83.46675707783015,
              24.43139467383262
            ],
            [
              -83.46685553880064,
              24.43139697596702
            ],
            [
              -83.46686559656402,
              24.431036394728626
            ],
            [
              -83.46696405726792,
              24.431038696760826
            ],
            [
              -83.46697160025232,
              24.430768260789456
            ],
            [
              -83.46707006075937,
              24.430770562729034
            ],
            [
              -83.46708011762111,
              24.430409981377117
            ],
            [
              -83.46717857786159,
              24.4304122832145
            ],
            [
              -83.46718863424798,
              24.430051701803198
            ],
            [
              -83.46728709422187,
              24.430054003538395
            ],
            [
              -83.46729212220194,
              24.429873712805676
            ],
            [
              -83.46739058204871,
              24.42987601445784
            ],
            [
              -83.46739560984024,
              24.42969572370069
            ],
            [
              -83.46749406955985,
              24.42969802526983
            ],
            [
              -83.46749909716284,
              24.429517734488257
            ],
            [
              -83.46759755675531,
              24.429520035974367
            ],
            [
              -83.46760007046868,
              24.429429890572028
            ],
            [
              -83.46819082786311,
              24.42944369809004
            ],
            [
              -83.468188314568,
              24.42953384354985
            ],
            [
              -83.46828677424642,
              24.4295361445889
            ],
            [
              -83.46828426100875,
              24.42962629005698
            ],
            [
              -83.46838272076914,
              24.429628591041737
            ],
            [
              -83.46838020758892,
              24.429718736518073
            ],
            [
              -83.46847866743131,
              24.429721037448545
            ],
            [
              -83.4684761543085,
              24.42981118293314
            ],
            [
              -83.46857461423289,
              24.429813483809323
            ],
            [
              -83.46856958808986,
              24.42999377479372
            ],
            [
              -83.46866804816597,
              24.429996075625187
            ],
            [
              -83.4686605090685,
              24.430266512120642
            ],
            [
              -83.468758969366,
              24.430268812916974
            ],
            [
              -83.46874137819691,
              24.430899831427325
            ],
            [
              -83.46864291741142,
              24.43089753056396
            ],
            [
              -83.46863286476585,
              24.431258112502594
            ],
            [
              -83.46853440371376,
              24.431255811537053
            ],
            [
              -83.46852435059292,
              24.43161639341631
            ],
            [
              -83.46862281192388,
              24.431618694420166
            ],
            [
              -83.46861275888546,
              24.43197927631667
            ],
            [
              -83.46871122050757,
              24.431981577294962
            ],
            [
              -83.46869111439922,
              24.432702741101384
            ],
            [
              -83.46859265221933,
              24.432700440046474
            ],
            [
              -83.46858511201697,
              24.432970876423425
            ],
            [
              -83.4684866496402,
              24.432968575275915
            ],
            [
              -83.46848413614512,
              24.433058720722688
            ],
            [
              -83.46838567371091,
              24.433056419501714
            ],
            [
              -83.46837310570277,
              24.433507146667935
            ],
            [
              -83.46847156848561,
              24.433509447936796
            ],
            [
              -83.46846402774257,
              24.433779884249457
            ],
            [
              -83.46856249074688,
              24.433782185483174
            ],
            [
              -83.46855495010252,
              24.434052621812718
            ],
            [
              -83.46865341332827,
              24.43405492301128
            ],
            [
              -83.4686483863101,
              24.434235213910213
            ],
            [
              -83.46874684968759,
              24.43423751506405
            ],
            [
              -83.46873679578282,
              24.43459809688443
            ],
            [
              -83.46883525945151,
              24.434600398012698
            ],
            [
              -83.46882269214295,
              24.435051125306416
            ],
            [
              -83.46892115617257,
              24.435053426418683
            ],
            [
              -83.46890104839835,
              24.43577459009677
            ],
            [
              -83.4689995129981,
              24.435776891221774
            ],
            [
              -83.46898694558888,
              24.436227618525667
            ],
            [
              -83.46888848064044,
              24.436225317352783
            ],
            [
              -83.46888345345134,
              24.436405608245977
            ],
            [
              -83.46878498837573,
              24.436403306990055
            ],
            [
              -83.46877744729078,
              24.436673743291227
            ],
            [
              -83.46867898201822,
              24.43667144194269
            ],
            [
              -83.46867646822894,
              24.436761587364206
            ]
          ]
        ]
      },
      "properties": {
        "incident_id": "SP-009",
        "type": "AI-detected-slick",
        "source": "Sentinel-1 SAR",
        "method": "U-Net segmentation + radiometric filtering"
      }
    },
    {
      "type": "Feature",
      "geometry": {
        "type": "Polygon",
        "coordinates": [
          [
            [
              -83.42956128550215,
              24.436744317112865
            ],
            [
              -83.42936436326272,
              24.436739663289483
            ],
            [
              -83.4293669049984,
              24.436649521723655
            ],
            [
              -83.42848075616307,
              24.436628576443653
            ],
            [
              -83.42848329851384,
              24.436538434963666
            ],
            [
              -83.42828637682648,
              24.436533779773722
            ],
            [
              -83.4282889193043,
              24.436443638311786
            ],
            [
              -83.42819045854894,
              24.43644131063068
            ],
            [
              -83.42819300108408,
              24.43635116917712
            ],
            [
              -83.42799607975012,
              24.436346513642654
            ],
            [
              -83.42799862241226,
              24.436256372207126
            ],
            [
              -83.42790016183362,
              24.436254044353774
            ],
            [
              -83.42790270455308,
              24.43616390292661
            ],
            [
              -83.42741040219482,
              24.436152262750134
            ],
            [
              -83.42741294525048,
              24.436062121370092
            ],
            [
              -83.42623142169435,
              24.436034178547537
            ],
            [
              -83.42623396557424,
              24.435944037282447
            ],
            [
              -83.42603704529493,
              24.43593937927049
            ],
            [
              -83.42603958930185,
              24.43584923802347
            ],
            [
              -83.42584266921169,
              24.4358445797754
            ],
            [
              -83.42584521334561,
              24.43575443854644
            ],
            [
              -83.4256482934446,
              24.435749780062256
            ],
            [
              -83.42565083770555,
              24.43565963885136
            ],
            [
              -83.4255523778434,
              24.435657309523155
            ],
            [
              -83.42555492216164,
              24.435567168320627
            ],
            [
              -83.42535800261406,
              24.43556250949198
            ],
            [
              -83.42536054705933,
              24.435472368307522
            ],
            [
              -83.4252620873739,
              24.43547003880708
            ],
            [
              -83.42526972084424,
              24.435199615274843
            ],
            [
              -83.4251712613804,
              24.435197285739616
            ],
            [
              -83.42518143944575,
              24.434836721050225
            ],
            [
              -83.42508298027322,
              24.4348343914899
            ],
            [
              -83.42509570292387,
              24.43438368564688
            ],
            [
              -83.42519416174783,
              24.434386015158736
            ],
            [
              -83.42519925058166,
              24.43420573279288
            ],
            [
              -83.42529770927861,
              24.434208062221472
            ],
            [
              -83.4253027979233,
              24.434027779830934
            ],
            [
              -83.42540125649325,
              24.434030109176266
            ],
            [
              -83.42540380072724,
              24.433939967969327
            ],
            [
              -83.4255022592399,
              24.433942297241096
            ],
            [
              -83.42550480339175,
              24.433852156023136
            ],
            [
              -83.42560326184712,
              24.433854485221342
            ],
            [
              -83.42560834997411,
              24.433674202762063
            ],
            [
              -83.4257068083025,
              24.433676531877015
            ],
            [
              -83.42571189624034,
              24.433496249393066
            ],
            [
              -83.42581035444174,
              24.433498578424768
            ],
            [
              -83.4258128983223,
              24.43340843717111
            ],
            [
              -83.4259113564664,
              24.433410766129256
            ],
            [
              -83.42591390026485,
              24.43332062486459
            ],
            [
              -83.42601235835164,
              24.43332295374917
            ],
            [
              -83.42601490206796,
              24.43323281247348
            ],
            [
              -83.42611336009746,
              24.433235141284506
            ],
            [
              -83.42611590373163,
              24.433144999997808
            ],
            [
              -83.42631281968852,
              24.433149657408876
            ],
            [
              -83.42631536317084,
              24.433059516101473
            ],
            [
              -83.42661073699021,
              24.43306650171
            ],
            [
              -83.42660819371703,
              24.433156643046477
            ],
            [
              -83.42690356785734,
              24.433163628109288
            ],
            [
              -83.42690865397302,
              24.432983345376865
            ],
            [
              -83.42779477580986,
              24.433004296942094
            ],
            [
              -83.42779223338565,
              24.433094438396164
            ],
            [
              -83.42828452407821,
              24.433106075967746
            ],
            [
              -83.4282870661539,
              24.43301593446524
            ],
            [
              -83.42848398237841,
              24.433020589027432
            ],
            [
              -83.42848652430224,
              24.432930447504237
            ],
            [
              -83.42858498236343,
              24.43293277467985
            ],
            [
              -83.42859006603443,
              24.43275249161012
            ],
            [
              -83.4286885239686,
              24.432754818702495
            ],
            [
              -83.42869614917285,
              24.432484394058935
            ],
            [
              -83.4287946069103,
              24.43248672105839
            ],
            [
              -83.42879969017831,
              24.432306437936703
            ],
            [
              -83.42889814778877,
              24.432308764852923
            ],
            [
              -83.42890068933443,
              24.43221862328041
            ],
            [
              -83.42899914688759,
              24.432220950123085
            ],
            [
              -83.42900422980229,
              24.43204066695473
            ],
            [
              -83.42910268722844,
              24.43204299371417
            ],
            [
              -83.42910522859745,
              24.43195285211832
            ],
            [
              -83.42930214334758,
              24.431957505426244
            ],
            [
              -83.42930468456477,
              24.431867363809715
            ],
            [
              -83.42940314188876,
              24.43186969035819
            ],
            [
              -83.42940568302382,
              24.431779548730653
            ],
            [
              -83.42960259756958,
              24.431784201616665
            ],
            [
              -83.42960513855283,
              24.431694059968436
            ],
            [
              -83.42970359577463,
              24.431696386305966
            ],
            [
              -83.42970613667576,
              24.431606244646733
            ],
            [
              -83.42980459384026,
              24.431608570910715
            ],
            [
              -83.42980713465927,
              24.431518429240487
            ],
            [
              -83.42990559176648,
              24.431520755430924
            ],
            [
              -83.42990813250337,
              24.43143061374968
            ],
            [
              -83.43000658955327,
              24.431432939866575
            ],
            [
              -83.43000913020805,
              24.431342798174338
            ],
            [
              -83.43010758720067,
              24.431345124217692
            ],
            [
              -83.43011012777332,
              24.431254982514442
            ],
            [
              -83.43020858470864,
              24.43125730848425
            ],
            [
              -83.43021112519918,
              24.431167166770003
            ],
            [
              -83.4303095820772,
              24.431169492666275
            ],
            [
              -83.43031212248565,
              24.431079350941022
            ],
            [
              -83.43041057930638,
              24.43108167676375
            ],
            [
              -83.43041311963268,
              24.43099153502749
            ],
            [
              -83.43051157639613,
              24.43099386077668
            ],
            [
              -83.43051411664031,
              24.430903719029423
            ],
            [
              -83.43061257334647,
              24.43090604470507
            ],
            [
              -83.43062019379548,
              24.430635619426337
            ],
            [
              -83.43071865030493,
              24.430637945009078
            ],
            [
              -83.43072373040283,
              24.430457661463954
            ],
            [
              -83.43082218678526,
              24.43045998696348
            ],
            [
              -83.43082472674591,
              24.43036984517926
            ],
            [
              -83.43092318307106,
              24.430372170605246
            ],
            [
              -83.4309257229496,
              24.43028202881002
            ],
            [
              -83.43122109179036,
              24.43028900467579
            ],
            [
              -83.43122363144738,
              24.430198862850215
            ],
            [
              -83.43151900019069,
              24.43020583811222
            ],
            [
              -83.4315215396262,
              24.430115696256284
            ],
            [
              -83.43171845204436,
              24.430120346092313
            ],
            [
              -83.43172099132806,
              24.4300302042157
            ],
            [
              -83.43181944748606,
              24.43003252902825
            ],
            [
              -83.43182198668765,
              24.429942387140642
            ],
            [
              -83.43201889890143,
              24.42994703655481
            ],
            [
              -83.43202143795122,
              24.429856894646523
            ],
            [
              -83.43211989400702,
              24.429859219248147
            ],
            [
              -83.43212243297471,
              24.429769077328867
            ],
            [
              -83.43231934498411,
              24.42977372632118
            ],
            [
              -83.43232188379999,
              24.429683584381234
            ],
            [
              -83.43242033975358,
              24.42968590877193
            ],
            [
              -83.43242287848737,
              24.42959576682098
            ],
            [
              -83.43252133438367,
              24.42959809113814
            ],
            [
              -83.43252387303535,
              24.429507949176205
            ],
            [
              -83.43262232887436,
              24.42951027341984
            ],
            [
              -83.43262740600112,
              24.42932998947264
            ],
            [
              -83.43272586171312,
              24.42933231363307
            ],
            [
              -83.43273601553905,
              24.428971745684116
            ],
            [
              -83.43283447098466,
              24.42897406974199
            ],
            [
              -83.43283954768384,
              24.428793785740243
            ],
            [
              -83.43293800300246,
              24.428796109714916
            ],
            [
              -83.43294054126375,
              24.42870596770239
            ],
            [
              -83.43313745179879,
              24.42871061544082
            ],
            [
              -83.43313998990828,
              24.428620473407626
            ],
            [
              -83.43353381084835,
              24.42862976807955
            ],
            [
              -83.43353634866666,
              24.42853962600635
            ],
            [
              -83.43383171429281,
              24.4285465963108
            ],
            [
              -83.43383425188964,
              24.42845645420726
            ],
            [
              -83.43442498305842,
              24.428470393034083
            ],
            [
              -83.43441229704123,
              24.428921103828674
            ],
            [
              -83.43451075262789,
              24.428923426791336
            ],
            [
              -83.43450060386982,
              24.42928399544191
            ],
            [
              -83.43459905974768,
              24.429286318379386
            ],
            [
              -83.43458891107012,
              24.42964688704749
            ],
            [
              -83.43468736723916,
              24.42964920995978
            ],
            [
              -83.43468229296542,
              24.42982949430525
            ],
            [
              -83.43478074928626,
              24.42983181717302
            ],
            [
              -83.43477567510234,
              24.430012101532537
            ],
            [
              -83.43487413157497,
              24.430014424355782
            ],
            [
              -83.43485129776124,
              24.43082570399521
            ],
            [
              -83.43475284066126,
              24.430823381084952
            ],
            [
              -83.43475030343917,
              24.430913523250833
            ],
            [
              -83.4346518462819,
              24.430911200267037
            ],
            [
              -83.43464930897771,
              24.431001342421933
            ],
            [
              -83.4345508517631,
              24.430999019364606
            ],
            [
              -83.43454831437683,
              24.43108916150851
            ],
            [
              -83.43435139984541,
              24.431084515182942
            ],
            [
              -83.4343488623073,
              24.431174657306183
            ],
            [
              -83.4342504049905,
              24.43117233403793
            ],
            [
              -83.4342478673703,
              24.431262476150184
            ],
            [
              -83.43414940999617,
              24.431260152808406
            ],
            [
              -83.43414687229387,
              24.431350294909663
            ],
            [
              -83.43404841486242,
              24.43134797149435
            ],
            [
              -83.43404587707802,
              24.431438113584623
            ],
            [
              -83.43384896211292,
              24.431433466543062
            ],
            [
              -83.4338464241767,
              24.43152360861267
            ],
            [
              -83.43364950912176,
              24.431518961296312
            ],
            [
              -83.43364697103374,
              24.43160910334526
            ],
            [
              -83.43345005588898,
              24.431604455754105
            ],
            [
              -83.43344751764914,
              24.431694597782386
            ],
            [
              -83.43325060241456,
              24.431689949916432
            ],
            [
              -83.4332480640229,
              24.431780091924043
            ],
            [
              -83.4331496063545,
              24.43177776788561
            ],
            [
              -83.43314706788075,
              24.43186790988222
            ],
            [
              -83.43304861015503,
              24.431865585770243
            ],
            [
              -83.43304607159916,
              24.431955727755867
            ],
            [
              -83.43294761381615,
              24.43195340357035
            ],
            [
              -83.43294507517817,
              24.432043545544975
            ],
            [
              -83.43284661733784,
              24.432041221285925
            ],
            [
              -83.43284407861775,
              24.432131363249557
            ],
            [
              -83.43274562072013,
              24.432129038916965
            ],
            [
              -83.43274308191793,
              24.432219180869602
            ],
            [
              -83.43264462396299,
              24.432216856463466
            ],
            [
              -83.43264208507867,
              24.43230699840511
            ],
            [
              -83.43254362706641,
              24.43230467392544
            ],
            [
              -83.4325410881,
              24.43239481585609
            ],
            [
              -83.43244263003044,
              24.432392491302878
            ],
            [
              -83.4324400909819,
              24.432482633222527
            ],
            [
              -83.43253854912118,
              24.43248495778542
            ],
            [
              -83.43253601012994,
              24.432575099713414
            ],
            [
              -83.43243755192096,
              24.43257277514086
            ],
            [
              -83.43243247376189,
              24.432753058973553
            ],
            [
              -83.4323340154259,
              24.432750734317775
            ],
            [
              -83.43232893707777,
              24.432931018125828
            ],
            [
              -83.43223047861476,
              24.432928693386838
            ],
            [
              -83.43222793935237,
              24.433018835279206
            ],
            [
              -83.43212948083205,
              24.43301651046667
            ],
            [
              -83.43212694148755,
              24.43310665234804
            ],
            [
              -83.43202848290991,
              24.43310432746196
            ],
            [
              -83.43202086459289,
              24.433374753069128
            ],
            [
              -83.43192240581851,
              24.433372428090145
            ],
            [
              -83.4319147871807,
              24.43364285365639
            ],
            [
              -83.43181632820959,
              24.433640528584515
            ],
            [
              -83.43181124891626,
              24.433820812269385
            ],
            [
              -83.43171278981812,
              24.433818487114284
            ],
            [
              -83.43170771033576,
              24.433998770774508
            ],
            [
              -83.43160925111059,
              24.43399644553619
            ],
            [
              -83.43160671128108,
              24.434086587354642
            ],
            [
              -83.43140979272852,
              24.434081936667035
            ],
            [
              -83.43140725274716,
              24.434172078464815
            ],
            [
              -83.4312103341048,
              24.434167427502366
            ],
            [
              -83.43120525382602,
              24.434347711055246
            ],
            [
              -83.43110679438401,
              24.43434538545886
            ],
            [
              -83.43109663339868,
              24.43470595251003
            ],
            [
              -83.43099817369021,
              24.43470362681106
            ],
            [
              -83.43099309298367,
              24.43488391030936
            ],
            [
              -83.43089463314816,
              24.434881584527158
            ],
            [
              -83.43089209270656,
              24.434971726264642
            ],
            [
              -83.43079363281375,
              24.43496940040889
            ],
            [
              -83.43078855175388,
              24.435149683860544
            ],
            [
              -83.43069009173402,
              24.435147357921554
            ],
            [
              -83.43068755111575,
              24.435237499635722
            ],
            [
              -83.43058909103861,
              24.435235173623187
            ],
            [
              -83.43058400962538,
              24.43541545702818
            ],
            [
              -83.4304855494212,
              24.435413130932414
            ],
            [
              -83.43047284532238,
              24.435863839373372
            ],
            [
              -83.43037438478201,
              24.435861513165328
            ],
            [
              -83.43036676196462,
              24.436131938185
            ],
            [
              -83.43026830122747,
              24.436129611884034
            ],
            [
              -83.43026321914772,
              24.436309895204506
            ],
            [
              -83.43016475828355,
              24.436307568820304
            ],
            [
              -83.43016221715533,
              24.436397710468878
            ],
            [
              -83.43006375623384,
              24.43639538401112
            ],
            [
              -83.43005867380072,
              24.43657566728493
            ],
            [
              -83.42986175171606,
              24.43657101413905
            ],
            [
              -83.42985921034142,
              24.43666115575462
            ],
            [
              -83.42956382709836,
              24.43665417552768
            ],
            [
              -83.42956128550215,
              24.436744317112865
            ]
          ]
        ]
      },
      "properties": {
        "incident_id": "SP-009",
        "type": "AI-detected-slick",
        "source": "Sentinel-1 SAR",
        "method": "U-Net segmentation + radiometric filtering"
      }
    },
    {
      "type": "Feature",
      "geometry": {
        "type": "Polygon",
        "coordinates": [
          [
            [
              -83.4871472145059,
              24.435117444112965
            ],
            [
              -83.48704874848978,
              24.435115154857655
            ],
            [
              -83.48705124902627,
              24.435025007629136
            ],
            [
              -83.48695278309211,
              24.435022718319466
            ],
            [
              -83.48695778426787,
              24.434842423877527
            ],
            [
              -83.48685931848541,
              24.43484013452303
            ],
            [
              -83.48686181912471,
              24.434749987309615
            ],
            [
              -83.4867633534242,
              24.43474769790076
            ],
            [
              -83.48676585412102,
              24.434657550695555
            ],
            [
              -83.48666738850245,
              24.434655261232336
            ],
            [
              -83.48667989215201,
              24.43420452523428
            ],
            [
              -83.48677835742191,
              24.434206814649855
            ],
            [
              -83.48678335865677,
              24.434026520222375
            ],
            [
              -83.48688182379941,
              24.43402880955501
            ],
            [
              -83.48688432432877,
              24.43393866232977
            ],
            [
              -83.4869827894139,
              24.433940951588987
            ],
            [
              -83.48699029071953,
              24.433670509876798
            ],
            [
              -83.48708875560767,
              24.433672799043553
            ],
            [
              -83.48709125594873,
              24.433582651794005
            ],
            [
              -83.48718972077934,
              24.433584940887346
            ],
            [
              -83.48719222103846,
              24.433494793626952
            ],
            [
              -83.4874876153944,
              24.43350166049511
            ],
            [
              -83.48749011543211,
              24.433411513204824
            ],
            [
              -83.48758858017212,
              24.433413802023587
            ],
            [
              -83.48759108012788,
              24.433323654722457
            ],
            [
              -83.48768954481038,
              24.43332594346781
            ],
            [
              -83.48769204468418,
              24.43323579615584
            ],
            [
              -83.48779050930915,
              24.43323808482779
            ],
            [
              -83.48779800864816,
              24.432967642855413
            ],
            [
              -83.48789647307615,
              24.4329699314349
            ],
            [
              -83.48790147243496,
              24.432789636761033
            ],
            [
              -83.4879999367357,
              24.432791925257597
            ],
            [
              -83.48801743361884,
              24.43216089379098
            ],
            [
              -83.48791896980617,
              24.4321586053611
            ],
            [
              -83.48792146938179,
              24.432068458012996
            ],
            [
              -83.48782300565107,
              24.432066169528753
            ],
            [
              -83.48782800490513,
              24.43188587484765
            ],
            [
              -83.48772954132606,
              24.431883586318595
            ],
            [
              -83.48773204100449,
              24.431793438985594
            ],
            [
              -83.48763357750737,
              24.43179115040218
            ],
            [
              -83.48763607724332,
              24.431701003077393
            ],
            [
              -83.48753761382814,
              24.431698714439626
            ],
            [
              -83.4875401136216,
              24.43160856712305
            ],
            [
              -83.48744165028836,
              24.431606278430934
            ],
            [
              -83.48744415013932,
              24.431516131122574
            ],
            [
              -83.48754261340285,
              24.431518419805162
            ],
            [
              -83.48754511317189,
              24.43142827248596
            ],
            [
              -83.4876435763779,
              24.43143056109515
            ],
            [
              -83.4876510754026,
              24.43116011910108
            ],
            [
              -83.48774953841165,
              24.43116240761782
            ],
            [
              -83.48775203799241,
              24.43107226027431
            ],
            [
              -83.48785050094396,
              24.431074548717646
            ],
            [
              -83.48786799717928,
              24.430443517209603
            ],
            [
              -83.487966459655,
              24.430445805522393
            ],
            [
              -83.48797145833004,
              24.430265510774927
            ],
            [
              -83.48806992067853,
              24.43026779900479
            ],
            [
              -83.48808491599235,
              24.42972691467373
            ],
            [
              -83.48798645406218,
              24.429724626501013
            ],
            [
              -83.48800144935478,
              24.42918374217979
            ],
            [
              -83.48809991086665,
              24.42918603029536
            ],
            [
              -83.48810490906043,
              24.42900573549206
            ],
            [
              -83.48820337044508,
              24.429008023524705
            ],
            [
              -83.48820586945392,
              24.428917876111562
            ],
            [
              -83.48840279212043,
              24.4289224519662
            ],
            [
              -83.48840529097765,
              24.428832304532694
            ],
            [
              -83.4885037522595,
              24.428834592354686
            ],
            [
              -83.48850874979789,
              24.428654297464686
            ],
            [
              -83.48870567211937,
              24.428658872878966
            ],
            [
              -83.48870817073082,
              24.42856872541295
            ],
            [
              -83.48900355409543,
              24.428575588026796
            ],
            [
              -83.48900855086345,
              24.428395293033685
            ],
            [
              -83.48910701186998,
              24.42839758042485
            ],
            [
              -83.48911200844975,
              24.42821728540744
            ],
            [
              -83.48921046932905,
              24.428219572715697
            ],
            [
              -83.48921546572059,
              24.42803927767399
            ],
            [
              -83.48931392647268,
              24.42804156489934
            ],
            [
              -83.48931892267598,
              24.42786126983333
            ],
            [
              -83.48941738330085,
              24.42786355697577
            ],
            [
              -83.48942487730511,
              24.427593114338347
            ],
            [
              -83.48952333773306,
              24.427595401388352
            ],
            [
              -83.48952833353549,
              24.427415106271127
            ],
            [
              -83.48962679383621,
              24.42741739323823
            ],
            [
              -83.48963178945039,
              24.42723709809671
            ],
            [
              -83.48973024962392,
              24.427239384980904
            ],
            [
              -83.48973524504987,
              24.427059089815092
            ],
            [
              -83.48983370509617,
              24.42706137661638
            ],
            [
              -83.48983620272114,
              24.42697122902199
            ],
            [
              -83.48993466270993,
              24.426973515749896
            ],
            [
              -83.48993965778385,
              24.426793220538123
            ],
            [
              -83.49003811764544,
              24.42679550718313
            ],
            [
              -83.49004061509439,
              24.426705359565755
            ],
            [
              -83.49013907489847,
              24.42670764613738
            ],
            [
              -83.49014406962036,
              24.426527350879645
            ],
            [
              -83.49024252929722,
              24.426529637368365
            ],
            [
              -83.49025002107943,
              24.42625919444336
            ],
            [
              -83.49034848055938,
              24.426261480839674
            ],
            [
              -83.49037594872136,
              24.425269856575472
            ],
            [
              -83.49047440744678,
              24.42527214280322
            ],
            [
              -83.49048189829838,
              24.425001699765936
            ],
            [
              -83.49058035682691,
              24.42500398590127
            ],
            [
              -83.49058285368335,
              24.42491383821003
            ],
            [
              -83.49068131215436,
              24.424916124271988
            ],
            [
              -83.4906838089289,
              24.424825976569924
            ],
            [
              -83.49088072576814,
              24.424830548483236
            ],
            [
              -83.49088322239108,
              24.42474040076082
            ],
            [
              -83.4912770559371,
              24.424749543783086
            ],
            [
              -83.49127955226905,
              24.424659396021294
            ],
            [
              -83.49196876095624,
              24.42467539378513
            ],
            [
              -83.49196626511218,
              24.42476554161352
            ],
            [
              -83.49265547488477,
              24.42478153631491
            ],
            [
              -83.49265297951641,
              24.42487168420858
            ],
            [
              -83.49275143817383,
              24.42487396892
            ],
            [
              -83.49274894286297,
              24.42496411682187
            ],
            [
              -83.49284740160228,
              24.42496640147894
            ],
            [
              -83.49284490634894,
              24.425056549389012
            ],
            [
              -83.49294336517013,
              24.425058833991734
            ],
            [
              -83.4929408699743,
              24.42514898191
            ],
            [
              -83.4930393288774,
              24.42515126645837
            ],
            [
              -83.49303433858857,
              24.42533156230999
            ],
            [
              -83.49323125671013,
              24.4253361312532
            ],
            [
              -83.49322876168684,
              24.425426279196056
            ],
            [
              -83.4933272208356,
              24.42542856358138
            ],
            [
              -83.49332472586981,
              24.42551871153244
            ],
            [
              -83.49342318510047,
              24.425520995863412
            ],
            [
              -83.49341819527176,
              24.4257012917806
            ],
            [
              -83.493516654654,
              24.425703576066738
            ],
            [
              -83.49348671549429,
              24.42678535157369
            ],
            [
              -83.49338825527558,
              24.42678306717344
            ],
            [
              -83.49338326510558,
              24.426963363053858
            ],
            [
              -83.49328480475963,
              24.426961078570724
            ],
            [
              -83.49327981440145,
              24.427141374426867
            ],
            [
              -83.49308289346729,
              24.42713680523096
            ],
            [
              -83.49307790278152,
              24.427317101043815
            ],
            [
              -83.49297944219332,
              24.427314816331037
            ],
            [
              -83.49297445131934,
              24.427495112119622
            ],
            [
              -83.4928759906039,
              24.42749282732396
            ],
            [
              -83.49287099954176,
              24.427673123088258
            ],
            [
              -83.4927725386991,
              24.42767083820971
            ],
            [
              -83.49277004308003,
              24.42776098608038
            ],
            [
              -83.49267158217985,
              24.427758701128454
            ],
            [
              -83.49266908647887,
              24.427848848988294
            ],
            [
              -83.49247216457566,
              24.427844278873806
            ],
            [
              -83.49246966872306,
              24.427934426713318
            ],
            [
              -83.49197736382989,
              24.42792300026186
            ],
            [
              -83.49197986003104,
              24.427832852469923
            ],
            [
              -83.4918813991587,
              24.42783056699754
            ],
            [
              -83.49188389541736,
              24.427740419213794
            ],
            [
              -83.49178543462692,
              24.42773813368706
            ],
            [
              -83.49178793094312,
              24.42764798591152
            ],
            [
              -83.49159100953825,
              24.427643414685484
            ],
            [
              -83.49159350598165,
              24.427553266927656
            ],
            [
              -83.491396584765,
              24.42754869546518
            ],
            [
              -83.49139408818218,
              24.427638843203983
            ],
            [
              -83.49129562752242,
              24.427636557367425
            ],
            [
              -83.4912931308577,
              24.42772670509539
            ],
            [
              -83.49119467014044,
              24.42772441918546
            ],
            [
              -83.4911771926578,
              24.428355453177833
            ],
            [
              -83.49107873146475,
              24.42835316713742
            ],
            [
              -83.49107124072293,
              24.42862361022876
            ],
            [
              -83.49097277933295,
              24.42862132409593
            ],
            [
              -83.49096528827222,
              24.428891767146887
            ],
            [
              -83.49086682668529,
              24.428889480921644
            ],
            [
              -83.49085933530563,
              24.429159923932232
            ],
            [
              -83.49095779710169,
              24.429162210186032
            ],
            [
              -83.49094780870355,
              24.429522800886502
            ],
            [
              -83.4908493466286,
              24.429520514594635
            ],
            [
              -83.49084435221691,
              24.429700809917957
            ],
            [
              -83.49074589001472,
              24.42969852354318
            ],
            [
              -83.49073839809652,
              24.429968966489756
            ],
            [
              -83.49083686050786,
              24.42997125289308
            ],
            [
              -83.49081937942643,
              24.43060228645573
            ],
            [
              -83.49091784233798,
              24.4306045728618
            ],
            [
              -83.49091035047212,
              24.430875015826064
            ],
            [
              -83.49100881360505,
              24.430877302196812
            ],
            [
              -83.49100631636175,
              24.430967449858453
            ],
            [
              -83.49110477957662,
              24.430969736174834
            ],
            [
              -83.49109978519286,
              24.431150031513223
            ],
            [
              -83.49119824855936,
              24.431152317784765
            ],
            [
              -83.49118825992436,
              24.431512908483825
            ],
            [
              -83.49108979627897,
              24.43151062217422
            ],
            [
              -83.49108480174883,
              24.431690917496834
            ],
            [
              -83.49098633797618,
              24.431688631104315
            ],
            [
              -83.4909763484906,
              24.43204922169572
            ],
            [
              -83.49087788445125,
              24.43204693520126
            ],
            [
              -83.49087538697964,
              24.43213708283631
            ],
            [
              -83.49077692288274,
              24.43213479626845
            ],
            [
              -83.4907744253292,
              24.432224943892667
            ],
            [
              -83.4905774970326,
              24.432220370546272
            ],
            [
              -83.4905749993274,
              24.43231051815014
            ],
            [
              -83.48978728607119,
              24.43229222213322
            ],
            [
              -83.48978478779597,
              24.432382369659624
            ],
            [
              -83.4895878594645,
              24.432377794997556
            ],
            [
              -83.48958536103763,
              24.432467942503607
            ],
            [
              -83.48948689682047,
              24.432465655067237
            ],
            [
              -83.48948189979063,
              24.432645950056347
            ],
            [
              -83.48938343544621,
              24.432643662537053
            ],
            [
              -83.48938093684326,
              24.432733810020117
            ],
            [
              -83.48928247244133,
              24.43273152242742
            ],
            [
              -83.48927997375644,
              24.432821669899653
            ],
            [
              -83.489181509297,
              24.432819382233546
            ],
            [
              -83.48917651175114,
              24.432999677155024
            ],
            [
              -83.48907804716444,
              24.432997389405998
            ],
            [
              -83.48907304943029,
              24.43317768430317
            ],
            [
              -83.48897458471633,
              24.433175396471217
            ],
            [
              -83.48896958679391,
              24.433355691344097
            ],
            [
              -83.4888711219527,
              24.433353403429216
            ],
            [
              -83.48886862290344,
              24.433443550854165
            ],
            [
              -83.4887701580047,
              24.433441262865877
            ],
            [
              -83.4887676588735,
              24.43353141027998
            ],
            [
              -83.48866919391723,
              24.433529122218292
            ],
            [
              -83.48866419547876,
              24.433709417023522
            ],
            [
              -83.48856573039525,
              24.4337071288789
            ],
            [
              -83.48856073176847,
              24.433887423659826
            ],
            [
              -83.48846226655769,
              24.433885135432277
            ],
            [
              -83.48845476831677,
              24.43415557756523
            ],
            [
              -83.488356302909,
              24.43415328924523
            ],
            [
              -83.48835130388122,
              24.434333583974915
            ],
            [
              -83.48825283834618,
              24.434331295571976
            ],
            [
              -83.48825033874424,
              24.434421442925323
            ],
            [
              -83.4881518731517,
              24.434419154448975
            ],
            [
              -83.48814937346779,
              24.434509301791486
            ],
            [
              -83.48805090781772,
              24.434507013241728
            ],
            [
              -83.48804840805188,
              24.434597160573396
            ],
            [
              -83.48794994234429,
              24.43459487195022
            ],
            [
              -83.4879474424965,
              24.434685019271054
            ],
            [
              -83.48784897673137,
              24.434682730574472
            ],
            [
              -83.48784397685971,
              24.434863025193142
            ],
            [
              -83.48764704508714,
              24.434858447570214
            ],
            [
              -83.48764454499353,
              24.43494859485853
            ],
            [
              -83.48734914721706,
              24.434941727916407
            ],
            [
              -83.48734664690201,
              24.435031875174825
            ],
            [
              -83.48714971497263,
              24.43502729687492
            ],
            [
              -83.4871472145059,
              24.435117444112965
            ]
          ],
          [
            [
              -83.49189388033008,
              24.427379828065696
            ],
            [
              -83.49190386504769,
              24.427019236896584
            ],
            [
              -83.49180540481493,
              24.427016951445964
            ],
            [
              -83.49180790103355,
              24.426926803659917
            ],
            [
              -83.49170944088269,
              24.426924518154944
            ],
            [
              -83.49171193715883,
              24.426834370377094
            ],
            [
              -83.49161347708987,
              24.426832084817768
            ],
            [
              -83.49161098074403,
              24.426922232586108
            ],
            [
              -83.49151252061756,
              24.426919946953404
            ],
            [
              -83.49151002418981,
              24.427010094710912
            ],
            [
              -83.49160848438599,
              24.42701238035313
            ],
            [
              -83.4916009952387,
              24.4272828236463
            ],
            [
              -83.4916994556562,
              24.427285109253198
            ],
            [
              -83.49169695931909,
              24.427375257024476
            ],
            [
              -83.49189388033008,
              24.427379828065696
            ]
          ]
        ]
      },
      "properties": {
        "incident_id": "SP-009",
        "type": "AI-detected-slick",
        "source": "Sentinel-1 SAR",
        "method": "U-Net segmentation + radiometric filtering"
      }
    },
    {
      "type": "Feature",
      "geometry": {
        "type": "Polygon",
        "coordinates": [
          [
            [
              -83.45702687263623,
              24.423499556600774
            ],
            [
              -83.45653460380206,
              24.423488016800356
            ],
            [
              -83.4565371246738,
              24.423397872407463
            ],
            [
              -83.45634021736572,
              24.423393256059594
            ],
            [
              -83.45634273836453,
              24.4233031116846
            ],
            [
              -83.45624428479863,
              24.423300803424503
            ],
            [
              -83.4562468058548,
              24.4232106590578
            ],
            [
              -83.45614835237092,
              24.42320835074348
            ],
            [
              -83.45615339458567,
              24.423028062025335
            ],
            [
              -83.45605494125347,
              24.423025753666384
            ],
            [
              -83.45609023635282,
              24.421763732626335
            ],
            [
              -83.45618868870952,
              24.42176604085075
            ],
            [
              -83.45619373053015,
              24.42158575209043
            ],
            [
              -83.4562921827598,
              24.421588060231777
            ],
            [
              -83.4562972243918,
              24.421407771446972
            ],
            [
              -83.45639567649441,
              24.42141007950526
            ],
            [
              -83.45639819722227,
              24.421319935101273
            ],
            [
              -83.45649664926754,
              24.42132224308611
            ],
            [
              -83.45651933463692,
              24.420510943304425
            ],
            [
              -83.45661778606743,
              24.420513251138946
            ],
            [
              -83.45662534742654,
              24.42024281782583
            ],
            [
              -83.45672379866033,
              24.42024512556769
            ],
            [
              -83.45672631901908,
              24.420154981117737
            ],
            [
              -83.45682477019552,
              24.420157288786157
            ],
            [
              -83.45683233098883,
              24.419886855399582
            ],
            [
              -83.45693078196858,
              24.419889162975334
            ],
            [
              -83.45693330213872,
              24.419799018500896
            ],
            [
              -83.4570317530611,
              24.419801326003217
            ],
            [
              -83.45703427314928,
              24.419711181517854
            ],
            [
              -83.4571327240143,
              24.419713488946723
            ],
            [
              -83.45713524402046,
              24.41962334445044
            ],
            [
              -83.45723369482815,
              24.41962565180587
            ],
            [
              -83.45723621475234,
              24.41953550729866
            ],
            [
              -83.45743311626528,
              24.41954012179881
            ],
            [
              -83.45743563603781,
              24.41944997727106
            ],
            [
              -83.45753408674308,
              24.419452284415783
            ],
            [
              -83.45753660643365,
              24.419362139877112
            ],
            [
              -83.45763505708156,
              24.41936444694839
            ],
            [
              -83.45764009628641,
              24.41918415784789
            ],
            [
              -83.45773854680729,
              24.419186464836123
            ],
            [
              -83.45774358582358,
              24.419006175711143
            ],
            [
              -83.45784203621744,
              24.419008482616334
            ],
            [
              -83.45784455563745,
              24.41891833804226
            ],
            [
              -83.45794300597395,
              24.418920644874014
            ],
            [
              -83.45794804463769,
              24.418740355702706
            ],
            [
              -83.45804649484717,
              24.41874266245141
            ],
            [
              -83.4580490140909,
              24.418652517854174
            ],
            [
              -83.45814746424304,
              24.418654824529444
            ],
            [
              -83.4581499834048,
              24.418564679921293
            ],
            [
              -83.45824843349956,
              24.41856698652313
            ],
            [
              -83.45825347164683,
              24.41838669728365
            ],
            [
              -83.45835192161458,
              24.418389003802446
            ],
            [
              -83.45835444060009,
              24.41829885917113
            ],
            [
              -83.45845289051047,
              24.41830116561649
            ],
            [
              -83.45845540941401,
              24.41821102097425
            ],
            [
              -83.45855385926704,
              24.418213327346177
            ],
            [
              -83.4585563780886,
              24.418123182693023
            ],
            [
              -83.45865482788429,
              24.418125488991514
            ],
            [
              -83.45865734662387,
              24.418035344327436
            ],
            [
              -83.45875579636218,
              24.4180376505525
            ],
            [
              -83.45875831501981,
              24.417947505877493
            ],
            [
              -83.45895521439402,
              24.417952118116922
            ],
            [
              -83.45896025139369,
              24.417771828724558
            ],
            [
              -83.45905870095994,
              24.417774134729324
            ],
            [
              -83.45907884790911,
              24.417052977030362
            ],
            [
              -83.45917729693036,
              24.417055282894477
            ],
            [
              -83.45917981517397,
              24.416965138166585
            ],
            [
              -83.45927826413788,
              24.41696744395728
            ],
            [
              -83.45928078229953,
              24.416877299218463
            ],
            [
              -83.45937923120606,
              24.41687960493573
            ],
            [
              -83.45938174928574,
              24.416789460185985
            ],
            [
              -83.45948019813493,
              24.416791765829828
            ],
            [
              -83.45948271613265,
              24.416701621069173
            ],
            [
              -83.45967961372861,
              24.41670623214617
            ],
            [
              -83.45968213157471,
              24.416616087364993
            ],
            [
              -83.45987902908057,
              24.416620698167485
            ],
            [
              -83.45988154677505,
              24.416530553365792
            ],
            [
              -83.4601768929171,
              24.41653746906204
            ],
            [
              -83.4601743754316,
              24.416627613892523
            ],
            [
              -83.46056817073854,
              24.416636833965676
            ],
            [
              -83.46056565351938,
              24.416726978833246
            ],
            [
              -83.46076255138595,
              24.41673158850606
            ],
            [
              -83.46076003429381,
              24.4168217333915
            ],
            [
              -83.46085848331522,
              24.416824038141765
            ],
            [
              -83.46085596628043,
              24.416914183035487
            ],
            [
              -83.4609544153838,
              24.416916487731523
            ],
            [
              -83.46095189840638,
              24.41700663263352
            ],
            [
              -83.4610503475917,
              24.41700893727532
            ],
            [
              -83.46104783067163,
              24.417099082185604
            ],
            [
              -83.46114627993892,
              24.417101386773176
            ],
            [
              -83.46113872931393,
              24.417371821524906
            ],
            [
              -83.46123717880249,
              24.417374126077444
            ],
            [
              -83.46112642665152,
              24.421340501496406
            ],
            [
              -83.46102797409749,
              24.421338196521628
            ],
            [
              -83.46101790426073,
              24.42169877594033
            ],
            [
              -83.46091945144029,
              24.42169647086333
            ],
            [
              -83.46091441630875,
              24.421876760545587
            ],
            [
              -83.46081596336126,
              24.421874455385545
            ],
            [
              -83.46081344570734,
              24.421964600215095
            ],
            [
              -83.46071499270246,
              24.42196229498162
            ],
            [
              -83.46071247496658,
              24.422052439800257
            ],
            [
              -83.46051556885436,
              24.422047829122583
            ],
            [
              -83.46051305096682,
              24.422137973920705
            ],
            [
              -83.4604145978595,
              24.4221356684765
            ],
            [
              -83.46041207988998,
              24.422225813263715
            ],
            [
              -83.46021517357283,
              24.422221202164586
            ],
            [
              -83.46021265545166,
              24.422311346931284
            ],
            [
              -83.46011420224185,
              24.422309041276357
            ],
            [
              -83.4601116840387,
              24.42239918603213
            ],
            [
              -83.45991477751666,
              24.42239457451155
            ],
            [
              -83.45991225916183,
              24.422484719246814
            ],
            [
              -83.45981380584958,
              24.42248241338116
            ],
            [
              -83.45980876896364,
              24.422662702828532
            ],
            [
              -83.45971031552435,
              24.42266039687983
            ],
            [
              -83.45970779699323,
              24.422750541591938
            ],
            [
              -83.45960934349655,
              24.422748235569795
            ],
            [
              -83.45960430625806,
              24.422928524970857
            ],
            [
              -83.45950585263431,
              24.422926218865666
            ],
            [
              -83.45950333392693,
              24.42301636355462
            ],
            [
              -83.45940488024581,
              24.42301405737599
            ],
            [
              -83.45940236145643,
              24.423104202054017
            ],
            [
              -83.45920545399176,
              24.42309958948601
            ],
            [
              -83.4592029350507,
              24.423189734143527
            ],
            [
              -83.45871066625594,
              24.423178201558216
            ],
            [
              -83.45871318554542,
              24.423088056948707
            ],
            [
              -83.45861473189308,
              24.42308575024971
            ],
            [
              -83.45861221253392,
              24.423175894849614
            ],
            [
              -83.4585137588242,
              24.42317358807717
            ],
            [
              -83.45851627825304,
              24.42308344348687
            ],
            [
              -83.45841782462531,
              24.423081136660187
            ],
            [
              -83.45841530512679,
              24.423171281240876
            ],
            [
              -83.45782458320085,
              24.4231574388824
            ],
            [
              -83.45782206327192,
              24.423247583404144
            ],
            [
              -83.4575267022661,
              24.423240661334187
            ],
            [
              -83.4575241821158,
              24.42333080582579
            ],
            [
              -83.45732727470079,
              24.423326190774045
            ],
            [
              -83.45732475439881,
              24.42341633524512
            ],
            [
              -83.45702939315957,
              24.423409412159838
            ],
            [
              -83.45702687263623,
              24.423499556600774
            ]
          ]
        ]
      },
      "properties": {
        "incident_id": "SP-009",
        "type": "AI-detected-slick",
        "source": "Sentinel-1 SAR",
        "method": "U-Net segmentation + radiometric filtering"
      }
    }
  ]
}