{
  "type": "FeatureCollection",
  "name": "SP-004_AI_Spill_Footprint",
  "features": [
    {
      "type": "Feature",
      "geometry": {
        "type": "Polygon",
        "coordinates": [
          [
            [
              -90.28242004269504,
              28.329645377103844
            ],
            [
              -90.28231819249568,
              28.3296478297969
            ],
            [
              -90.28162007898997,
              28.306937557376337
            ],
            [
              -90.28172190762174,
              28.3069351069993
            ],
            [
              -90.28172744518717,
              28.30711534759806
            ],
            [
              -90.28182927397727,
              28.30711289712688
            ],
            [
              -90.2818348117648,
              28.3072931377015
            ],
            [
              -90.2819366407132,
              28.307290687136188
            ],
            [
              -90.28194217872283,
              28.307470927686676
            ],
            [
              -90.28204400782955,
              28.30746847702723
            ],
            [
              -90.282055084344,
              28.307828958074165
            ],
            [
              -90.28215691378013,
              28.3078265073022
            ],
            [
              -90.28215968302617,
              28.307916627551148
            ],
            [
              -90.28226151253509,
              28.307914176694233
            ],
            [
              -90.28226982060633,
              28.308184537404873
            ],
            [
              -90.28237165035912,
              28.308182086444614
            ],
            [
              -90.28237441982726,
              28.308272206669425
            ],
            [
              -90.28227258998893,
              28.308274657638865
            ],
            [
              -90.28227535938427,
              28.308364777871432
            ],
            [
              -90.28237718930815,
              28.308362326892798
            ],
            [
              -90.2823799588018,
              28.308452447114735
            ],
            [
              -90.28227812879238,
              28.308454898102553
            ],
            [
              -90.28228089821323,
              28.30854501833224
            ],
            [
              -90.2823827283082,
              28.30854256733522
            ],
            [
              -90.28238549782736,
              28.30863268755428
            ],
            [
              -90.28228366764685,
              28.308635138560483
            ],
            [
              -90.28228643709322,
              28.308725258787288
            ],
            [
              -90.28238826735927,
              28.3087228077719
            ],
            [
              -90.28239103690395,
              28.30881292798807
            ],
            [
              -90.28228920655235,
              28.308815379012653
            ],
            [
              -90.28230582357497,
              28.30935610033463
            ],
            [
              -90.28240765443984,
              28.309353649254895
            ],
            [
              -90.28241319372052,
              28.309533889665662
            ],
            [
              -90.28251502474372,
              28.30953143849179
            ],
            [
              -90.28251779448873,
              28.309621558685816
            ],
            [
              -90.28272145666796,
              28.309616656092384
            ],
            [
              -90.28272699653846,
              28.30979689643936
            ],
            [
              -90.28282882778004,
              28.30979444501061
            ],
            [
              -90.28283436787267,
              28.309974685333444
            ],
            [
              -90.28293619927258,
              28.309972233810544
            ],
            [
              -90.28293896942357,
              28.310062353960618
            ],
            [
              -90.28304080089629,
              28.310059902352755
            ],
            [
              -90.2830435711456,
              28.310150022492188
            ],
            [
              -90.28314540269108,
              28.310147570799366
            ],
            [
              -90.28315094339908,
              28.310327811055537
            ],
            [
              -90.28325277510291,
              28.31032535926856
            ],
            [
              -90.28326108651726,
              28.31059571961444
            ],
            [
              -90.28336291846497,
              28.310593267724112
            ],
            [
              -90.28337400087163,
              28.31095374812836
            ],
            [
              -90.28327216858168,
              28.310956200055458
            ],
            [
              -90.28327770969047,
              28.311136440267333
            ],
            [
              -90.28317587721666,
              28.311138892137055
            ],
            [
              -90.28317864770463,
              28.311229012250024
            ],
            [
              -90.28307681513252,
              28.311231464053158
            ],
            [
              -90.28307958554771,
              28.311321584173882
            ],
            [
              -90.28297775287727,
              28.311324035910445
            ],
            [
              -90.2829832935748,
              28.31150427616596
            ],
            [
              -90.28308512641634,
              28.311501824411017
            ],
            [
              -90.2830878968698,
              28.31159194452742
            ],
            [
              -90.28318972978413,
              28.31158949268751
            ],
            [
              -90.28319250033591,
              28.31167961279329
            ],
            [
              -90.28329433332304,
              28.311677160868406
            ],
            [
              -90.28329710397314,
              28.311767280963554
            ],
            [
              -90.28339893703306,
              28.311764828953706
            ],
            [
              -90.28340170778148,
              28.311854949038224
            ],
            [
              -90.2835035409142,
              28.311852496943413
            ],
            [
              -90.28351185349266,
              28.312122857160716
            ],
            [
              -90.2836136868693,
              28.312120404962556
            ],
            [
              -90.28363031288416,
              28.31266112530313
            ],
            [
              -90.28352847899416,
              28.312663577556464
            ],
            [
              -90.28353679191719,
              28.312933937734908
            ],
            [
              -90.28343495775775,
              28.312936389940045
            ],
            [
              -90.283465438517,
              28.313927710584633
            ],
            [
              -90.28326176827743,
              28.313932614969843
            ],
            [
              -90.28326453916098,
              28.314022735038193
            ],
            [
              -90.28316270393648,
              28.314025187126322
            ],
            [
              -90.28316547474724,
              28.314115307202428
            ],
            [
              -90.28306363942443,
              28.31411775922397
            ],
            [
              -90.28306918091306,
              28.31429799939024
            ],
            [
              -90.28286550988688,
              28.314302903242762
            ],
            [
              -90.28287105108429,
              28.314483143440047
            ],
            [
              -90.28276921538091,
              28.31448559527102
            ],
            [
              -90.28277752701602,
              28.31475595558373
            ],
            [
              -90.2828793629761,
              28.314753503725186
            ],
            [
              -90.28288767498276,
              28.31502386399737
            ],
            [
              -90.28278583876596,
              28.315026315883493
            ],
            [
              -90.2827886093748,
              28.31511643598054
            ],
            [
              -90.28268677305967,
              28.31511888780007
            ],
            [
              -90.28268954359571,
              28.31520900790487
            ],
            [
              -90.28258770718224,
              28.31521145965781
            ],
            [
              -90.28259601861015,
              28.315481819991128
            ],
            [
              -90.28249418192723,
              28.315484271695862
            ],
            [
              -90.28250249321324,
              28.315754632043806
            ],
            [
              -90.28240065626083,
              28.315757083700333
            ],
            [
              -90.28241450823151,
              28.316207684297403
            ],
            [
              -90.28251634561178,
              28.316205232594918
            ],
            [
              -90.28252465720404,
              28.31647559290831
            ],
            [
              -90.28242281956702,
              28.316478044638373
            ],
            [
              -90.28242836052114,
              28.316658284858487
            ],
            [
              -90.28232652270022,
              28.31666073653114
            ],
            [
              -90.28234314535536,
              28.31720145721209
            ],
            [
              -90.28244498368977,
              28.31719900548429
            ],
            [
              -90.28245329544632,
              28.31746936577776
            ],
            [
              -90.28255513402472,
              28.317466913946593
            ],
            [
              -90.28257452916901,
              28.318097754516618
            ],
            [
              -90.28247268999154,
              28.31810020641213
            ],
            [
              -90.2824754606919,
              28.318190326496996
            ],
            [
              -90.28257729995497,
              28.318187874592294
            ],
            [
              -90.28258007075365,
              28.318277994666527
            ],
            [
              -90.28247823140502,
              28.318280446580424
            ],
            [
              -90.2824810021309,
              28.318370566662413
            ],
            [
              -90.28258284156513,
              28.31836811473932
            ],
            [
              -90.28259115407607,
              28.318638474949076
            ],
            [
              -90.2826929937543,
              28.318636022922618
            ],
            [
              -90.28270130663685,
              28.318906383091836
            ],
            [
              -90.28280314655909,
              28.31890393096201
            ],
            [
              -90.28282531549212,
              28.319624891276362
            ],
            [
              -90.28272347488516,
              28.319627343479738
            ],
            [
              -90.28274010160736,
              28.3201680637102
            ],
            [
              -90.28284194272787,
              28.32016561145167
            ],
            [
              -90.28285025651803,
              28.320435971519895
            ],
            [
              -90.28305393923432,
              28.320431066720282
            ],
            [
              -90.28306225365291,
              28.320701426720383
            ],
            [
              -90.28316409524871,
              28.32069897417929
            ],
            [
              -90.28316686683269,
              28.320789094167253
            ],
            [
              -90.28326870850131,
              28.320786641541165
            ],
            [
              -90.28327425187877,
              28.320966881494382
            ],
            [
              -90.2834779355201,
              28.32096197597803
            ],
            [
              -90.28348070739916,
              28.321052095934085
            ],
            [
              -90.28358254928628,
              28.321049643053012
            ],
            [
              -90.28358532126371,
              28.32113976299844
            ],
            [
              -90.28368716322368,
              28.32113731003237
            ],
            [
              -90.28369270738801,
              28.321317549900503
            ],
            [
              -90.2837945495064,
              28.321315096840237
            ],
            [
              -90.28379732169331,
              28.321405216762948
            ],
            [
              -90.28389916388454,
              28.32140276361769
            ],
            [
              -90.28390470846789,
              28.321583003440402
            ],
            [
              -90.28400655081752,
              28.321580550200945
            ],
            [
              -90.28401486804509,
              28.32185090989663
            ],
            [
              -90.28411671063877,
              28.321848456553777
            ],
            [
              -90.28411948315909,
              28.32193857644026
            ],
            [
              -90.28401764047982,
              28.32194102979231
            ],
            [
              -90.28402595786059,
              28.322211389470713
            ],
            [
              -90.28392411491176,
              28.322213842774552
            ],
            [
              -90.28392688731194,
              28.32230396267367
            ],
            [
              -90.28382504426473,
              28.322306415910887
            ],
            [
              -90.28382781659207,
              28.322396535817767
            ],
            [
              -90.28362413028815,
              28.322401442083184
            ],
            [
              -90.28362690245706,
              28.32249156200701
            ],
            [
              -90.28291399939194,
              28.322508731612427
            ],
            [
              -90.2829167709744,
              28.322598851599178
            ],
            [
              -90.2828149275427,
              28.32260130410592
            ],
            [
              -90.28282324210984,
              28.322871664085103
            ],
            [
              -90.28292508579834,
              28.322869211550785
            ],
            [
              -90.28292785743184,
              28.32295933153177
            ],
            [
              -90.28302970119317,
              28.322956878912446
            ],
            [
              -90.28303247292506,
              28.323046998882806
            ],
            [
              -90.28323616058064,
              28.323042093398342
            ],
            [
              -90.28327219648241,
              28.32421365264288
            ],
            [
              -90.28317035154808,
              28.32421610554254
            ],
            [
              -90.28317589555323,
              28.32439634542311
            ],
            [
              -90.2830740504349,
              28.324398798265342
            ],
            [
              -90.28307682237102,
              28.32448891821266
            ],
            [
              -90.28297497715434,
              28.32449137098827
            ],
            [
              -90.28297774901759,
              28.324581490943345
            ],
            [
              -90.28287590370253,
              28.32458394365234
            ],
            [
              -90.2828814472961,
              28.324764183576555
            ],
            [
              -90.28277960179706,
              28.32476663622812
            ],
            [
              -90.28279068879492,
              28.325127116096034
            ],
            [
              -90.28268884294066,
              28.32512956870857
            ],
            [
              -90.282713788662,
              28.325940648409887
            ],
            [
              -90.28281563528682,
              28.325938195714613
            ],
            [
              -90.28281840718307,
              28.326028315665038
            ],
            [
              -90.28292025388076,
              28.326025862884766
            ],
            [
              -90.28292302587539,
              28.32611598282455
            ],
            [
              -90.28312671940371,
              28.32611107701815
            ],
            [
              -90.28313226377375,
              28.326291316856633
            ],
            [
              -90.28323411069002,
              28.32628886382132
            ],
            [
              -90.28323965528236,
              28.32646910363564
            ],
            [
              -90.28334150235709,
              28.326466650506124
            ],
            [
              -90.28334427475802,
              28.32655677040194
            ],
            [
              -90.28344612190561,
              28.326554317187398
            ],
            [
              -90.28345166691705,
              28.32673455695631
            ],
            [
              -90.2835535142231,
              28.326732103647565
            ],
            [
              -90.28355905945685,
              28.32691234339232
            ],
            [
              -90.28366090692138,
              28.32690988998936
            ],
            [
              -90.28366645237745,
              28.32709012970997
            ],
            [
              -90.28376830000046,
              28.327087676212802
            ],
            [
              -90.28377384567885,
              28.327267915909253
            ],
            [
              -90.28387569346033,
              28.327265462317875
            ],
            [
              -90.28388401233055,
              28.327535821824167
            ],
            [
              -90.28378216429218,
              28.327538275443143
            ],
            [
              -90.28379048302044,
              28.327808634964065
            ],
            [
              -90.28368863471242,
              28.32781108853481
            ],
            [
              -90.28369695329872,
              28.328081448070357
            ],
            [
              -90.28359510472104,
              28.328083901592862
            ],
            [
              -90.28359787752306,
              28.32817402144436
            ],
            [
              -90.283496028847,
              28.328176474900236
            ],
            [
              -90.28349880157613,
              28.32826659475949
            ],
            [
              -90.28339695280168,
              28.328269048148737
            ],
            [
              -90.28339972545797,
              28.328359168015748
            ],
            [
              -90.28329787658511,
              28.328361621338363
            ],
            [
              -90.28330342176471,
              28.32854186108645
            ],
            [
              -90.28320157270784,
              28.328544314351632
            ],
            [
              -90.28320711776726,
              28.32872455411236
            ],
            [
              -90.28310526852636,
              28.328727007320097
            ],
            [
              -90.28311358595434,
              28.328997366977962
            ],
            [
              -90.28301173644378,
              28.32899982013746
            ],
            [
              -90.28301450885967,
              28.329089940029736
            ],
            [
              -90.2829126592507,
              28.3290923931226
            ],
            [
              -90.28291543159374,
              28.32918251302262
            ],
            [
              -90.28281358188637,
              28.329184966048853
            ],
            [
              -90.28281635415652,
              28.32927508595663
            ],
            [
              -90.28271450435076,
              28.32927753891623
            ],
            [
              -90.28271727654806,
              28.32936765883176
            ],
            [
              -90.2826154266439,
              28.329370111724725
            ],
            [
              -90.28261819876832,
              28.329460231648007
            ],
            [
              -90.28251634876575,
              28.32946268447433
            ],
            [
              -90.28251912081731,
              28.32955280440537
            ],
            [
              -90.28241727071635,
              28.32955525716506
            ],
            [
              -90.28242004269504,
              28.329645377103844
            ]
          ]
        ]
      },
      "properties": {
        "incident_id": "SP-004",
        "type": "AI-detected-slick",
        "source": "Sentinel-1 SAR",
        "method": "U-Net segmentation + radiometric filtering"
      }
    },
    {
      "type": "Feature",
      "geometry": {
        "type": "Polygon",
        "coordinates": [
          [
            [
              -90.40475057703895,
              28.263247440960885
            ],
            [
              -90.40464880278195,
              28.263249979513464
            ],
            [
              -90.40464593566169,
              28.263159869976263
            ],
            [
              -90.40423883884277,
              28.263170023392583
            ],
            [
              -90.40423597207693,
              28.26307991381581
            ],
            [
              -90.40393064957995,
              28.263087528055816
            ],
            [
              -90.40393351608988,
              28.26317763766117
            ],
            [
              -90.40372996752193,
              28.263182713462292
            ],
            [
              -90.4037271011826,
              28.26309260383789
            ],
            [
              -90.40352355273241,
              28.263097679317614
            ],
            [
              -90.40352068657688,
              28.26300756967271
            ],
            [
              -90.40331713824449,
              28.263012644831047
            ],
            [
              -90.40331140631427,
              28.262832425498768
            ],
            [
              -90.40320963229887,
              28.262834962945508
            ],
            [
              -90.40320103475848,
              28.262564633907605
            ],
            [
              -90.40309926098577,
              28.262567171250183
            ],
            [
              -90.4030935295288,
              28.262386951865256
            ],
            [
              -90.40299175591349,
              28.262389489113204
            ],
            [
              -90.40298602467995,
              28.262209269703412
            ],
            [
              -90.40288425122202,
              28.262211806856726
            ],
            [
              -90.40287565472661,
              28.261941477702543
            ],
            [
              -90.4027738815114,
              28.26194401475172
            ],
            [
              -90.40276242004354,
              28.261583575821003
            ],
            [
              -90.4026606471563,
              28.261586112756504
            ],
            [
              -90.40265491667218,
              28.26140589326337
            ],
            [
              -90.40255314394231,
              28.26140843010424
            ],
            [
              -90.40255027880535,
              28.26131832034597
            ],
            [
              -90.40244850614759,
              28.261320857101737
            ],
            [
              -90.40244564110913,
              28.261230747332487
            ],
            [
              -90.40224209592459,
              28.261235820598245
            ],
            [
              -90.4022392310699,
              28.261145710808496
            ],
            [
              -90.40213745854312,
              28.26114824731848
            ],
            [
              -90.40213459378695,
              28.261058137517754
            ],
            [
              -90.40203282133226,
              28.261060673942637
            ],
            [
              -90.40201849817583,
              28.260610124869583
            ],
            [
              -90.40212027020405,
              28.260607588492306
            ],
            [
              -90.4020944885864,
              28.259796600154807
            ],
            [
              -90.4019927173258,
              28.2597991364464
            ],
            [
              -90.40198698839319,
              28.259618916780795
            ],
            [
              -90.40188521728996,
              28.259621452977775
            ],
            [
              -90.40187948858073,
              28.25944123328731
            ],
            [
              -90.4009635495929,
              28.25946405548791
            ],
            [
              -90.40096068602567,
              28.25937394555483
            ],
            [
              -90.4007571440538,
              28.259379016304592
            ],
            [
              -90.40075428067034,
              28.25928890635103
            ],
            [
              -90.4006525097499,
              28.259291441603036
            ],
            [
              -90.40064964646491,
              28.259201331638486
            ],
            [
              -90.40054787561657,
              28.2592038668054
            ],
            [
              -90.40053642294968,
              28.258843426894614
            ],
            [
              -90.40063819345689,
              28.258840891765765
            ],
            [
              -90.40063246703204,
              28.25866067182067
            ],
            [
              -90.40073423735548,
              28.258658136635276
            ],
            [
              -90.40073137407757,
              28.25856802667007
            ],
            [
              -90.40083314430254,
              28.25856549141862
            ],
            [
              -90.40083028095253,
              28.25847538146147
            ],
            [
              -90.40093205107901,
              28.258472846143963
            ],
            [
              -90.40092918765693,
              28.258382736194875
            ],
            [
              -90.40113272769975,
              28.25837766535218
            ],
            [
              -90.40112986412028,
              28.258287555420672
            ],
            [
              -90.40123163403662,
              28.258285019895485
            ],
            [
              -90.40122877038507,
              28.25819490997204
            ],
            [
              -90.40163584957735,
              28.25818476715365
            ],
            [
              -90.40163298559787,
              28.258094657266824
            ],
            [
              -90.40183652494427,
              28.25808958542324
            ],
            [
              -90.40183366080741,
              28.25799947555399
            ],
            [
              -90.40224073900073,
              28.257989330998047
            ],
            [
              -90.40223787453596,
              28.257899221165424
            ],
            [
              -90.40325556824243,
              28.257873854580833
            ],
            [
              -90.40325270293805,
              28.257783744841976
            ],
            [
              -90.40437216355215,
              28.25775583297536
            ],
            [
              -90.40437502979458,
              28.25784594260944
            ],
            [
              -90.40457856808693,
              28.257840866723143
            ],
            [
              -90.40458143451315,
              28.25793097633672
            ],
            [
              -90.40488674210843,
              28.25792336191192
            ],
            [
              -90.40488960880369,
              28.25801347149546
            ],
            [
              -90.40499137806098,
              28.258010933193198
            ],
            [
              -90.40499711166167,
              28.258191152336845
            ],
            [
              -90.40509888107631,
              28.25818861393995
            ],
            [
              -90.40510174798175,
              28.258278723500066
            ],
            [
              -90.40520351746846,
              28.25827618501807
            ],
            [
              -90.40520925148952,
              28.25845640411487
            ],
            [
              -90.4053110211336,
              28.258453865538254
            ],
            [
              -90.40532248967538,
              28.25881430367627
            ],
            [
              -90.40542425964736,
              28.25881176498596
            ],
            [
              -90.40543286144828,
              28.259082093545604
            ],
            [
              -90.40533109122045,
              28.2590846322645
            ],
            [
              -90.40533395842856,
              28.259174741791
            ],
            [
              -90.40523218810223,
              28.259177280443847
            ],
            [
              -90.40523505523826,
              28.259267389978415
            ],
            [
              -90.40513328481343,
              28.259269928565235
            ],
            [
              -90.40514188604496,
              28.259540257188792
            ],
            [
              -90.40504011535107,
              28.259542795728617
            ],
            [
              -90.40506878612864,
              28.26044389114114
            ],
            [
              -90.4051705576754,
              28.26044135250604
            ],
            [
              -90.4051877612878,
              28.260982009626495
            ],
            [
              -90.40528953333313,
              28.260979470858636
            ],
            [
              -90.40532107546275,
              28.261970675338524
            ],
            [
              -90.4052193024792,
              28.261973214211203
            ],
            [
              -90.4052221699395,
              28.262063323710173
            ],
            [
              -90.40532394300836,
              28.262060784827963
            ],
            [
              -90.40534114855943,
              28.262601441733995
            ],
            [
              -90.40523937497882,
              28.262603980673376
            ],
            [
              -90.40524511009761,
              28.26278419964947
            ],
            [
              -90.40514333633317,
              28.262786738532334
            ],
            [
              -90.40515193885456,
              28.263057067014135
            ],
            [
              -90.40505016482099,
              28.26305960585
            ],
            [
              -90.40505303226925,
              28.263149715350554
            ],
            [
              -90.4047477098334,
              28.263157331433213
            ],
            [
              -90.40475057703895,
              28.263247440960885
            ]
          ],
          [
            [
              -90.40432198732097,
              28.259380344157908
            ],
            [
              -90.40431912093929,
              28.259290234539044
            ],
            [
              -90.40472620298203,
              28.259280082156728
            ],
            [
              -90.40471473622284,
              28.258919643819148
            ],
            [
              -90.4046129660731,
              28.25892218198998
            ],
            [
              -90.40461009950161,
              28.25883207239242
            ],
            [
              -90.40450832942395,
              28.258834610478143
            ],
            [
              -90.40450546295094,
              28.258744500869604
            ],
            [
              -90.40440369294535,
              28.258747038870236
            ],
            [
              -90.40440655933308,
              28.258837148488308
            ],
            [
              -90.40399947883752,
              28.2588472997732
            ],
            [
              -90.40400521097031,
              28.25902751908119
            ],
            [
              -90.40390344064284,
              28.25903005673253
            ],
            [
              -90.40390630664375,
              28.25912016639386
            ],
            [
              -90.40400807705652,
              28.259117628733
            ],
            [
              -90.40401380926855,
              28.259297848032247
            ],
            [
              -90.40421735039558,
              28.259292772445686
            ],
            [
              -90.40422021669197,
              28.25938288207408
            ],
            [
              -90.40432198732097,
              28.259380344157908
            ]
          ]
        ]
      },
      "properties": {
        "incident_id": "SP-004",
        "type": "AI-detected-slick",
        "source": "Sentinel-1 SAR",
        "method": "U-Net segmentation + radiometric filtering"
      }
    },
    {
      "type": "Feature",
      "geometry": {
        "type": "Polygon",
        "coordinates": [
          [
            [
              -90.57076040816325,
              28.22032164093291
            ],
            [
              -90.57015011504832,
              28.220337590690427
            ],
            [
              -90.57014711412045,
              28.220247496513938
            ],
            [
              -90.57004539863794,
              28.220250154532962
            ],
            [
              -90.57004239780896,
              28.22016006034501
            ],
            [
              -90.56983896697257,
              28.22016537613687
            ],
            [
              -90.56983596632752,
              28.220075281927464
            ],
            [
              -90.56973425097364,
              28.220077939700307
            ],
            [
              -90.56973125042747,
              28.21998784547944
            ],
            [
              -90.5695278198483,
              28.219993160778948
            ],
            [
              -90.56952481948609,
              28.219903066536634
            ],
            [
              -90.56932138902171,
              28.219908381514557
            ],
            [
              -90.56931838884344,
              28.2198182872508
            ],
            [
              -90.56911495849386,
              28.21982360190715
            ],
            [
              -90.5691119584995,
              28.21973350762195
            ],
            [
              -90.56890852826473,
              28.219738821956724
            ],
            [
              -90.56890552845431,
              28.219648727650075
            ],
            [
              -90.56870209833433,
              28.219654041663283
            ],
            [
              -90.56869909870784,
              28.219563947335192
            ],
            [
              -90.56849566870265,
              28.219569261026823
            ],
            [
              -90.56849266926011,
              28.2194791666773
            ],
            [
              -90.56839095432184,
              28.21948182340003
            ],
            [
              -90.56838795497816,
              28.219391729039042
            ],
            [
              -90.5682862401111,
              28.219394385676395
            ],
            [
              -90.56828324086631,
              28.219304291303942
            ],
            [
              -90.56807981126086,
              28.219309604332484
            ],
            [
              -90.56807681219998,
              28.219219509938597
            ],
            [
              -90.56787338270932,
              28.219224822645568
            ],
            [
              -90.56787038383239,
              28.219134728230248
            ],
            [
              -90.56766695445654,
              28.219140040615663
            ],
            [
              -90.56766395576352,
              28.219049946178906
            ],
            [
              -90.5674605265025,
              28.219055258242758
            ],
            [
              -90.5674575279934,
              28.218965163784567
            ],
            [
              -90.5672540988472,
              28.218970475526863
            ],
            [
              -90.56725110052201,
              28.21888038104723
            ],
            [
              -90.56684424240399,
              28.218891003587114
            ],
            [
              -90.56684124443282,
              28.218800909066097
            ],
            [
              -90.56673952995381,
              28.218803564502593
            ],
            [
              -90.56673653208152,
              28.21871346997013
            ],
            [
              -90.56663481767376,
              28.218716125321247
            ],
            [
              -90.56663181990032,
              28.218626030777326
            ],
            [
              -90.56642839121344,
              28.21863134123342
            ],
            [
              -90.5664253936239,
              28.21854124666806
            ],
            [
              -90.56622196505185,
              28.218546556802597
            ],
            [
              -90.56621896764625,
              28.218456462215826
            ],
            [
              -90.56601553918902,
              28.21846177202882
            ],
            [
              -90.56601254196732,
              28.218371677420613
            ],
            [
              -90.5654022567744,
              28.218387604990173
            ],
            [
              -90.56539926007682,
              28.218297510320657
            ],
            [
              -90.56509411754904,
              28.21830547305763
            ],
            [
              -90.5650911211204,
              28.218215378356728
            ],
            [
              -90.5649894070019,
              28.218218032441616
            ],
            [
              -90.56498641067212,
              28.218127937729257
            ],
            [
              -90.56488469662486,
              28.218130591728773
            ],
            [
              -90.56488170039394,
              28.21804049700497
            ],
            [
              -90.56477998641792,
              28.21804315091912
            ],
            [
              -90.56477699028586,
              28.217953056183863
            ],
            [
              -90.56457356246247,
              28.217958363766034
            ],
            [
              -90.56457056651432,
              28.217868269009347
            ],
            [
              -90.56446885266695,
              28.21787092267737
            ],
            [
              -90.56446585681765,
              28.21778082790925
            ],
            [
              -90.56416071544787,
              28.217788788431015
            ],
            [
              -90.56415771986751,
              28.2176986936315
            ],
            [
              -90.564056006135,
              28.217701346977996
            ],
            [
              -90.56405301065351,
              28.21761125216704
            ],
            [
              -90.56395129699224,
              28.217613905428166
            ],
            [
              -90.5639483016096,
              28.21752381060577
            ],
            [
              -90.56374487441575,
              28.217529116881888
            ],
            [
              -90.563741879217,
              28.217439022038075
            ],
            [
              -90.56364016568442,
              28.21744167505307
            ],
            [
              -90.56363717058451,
              28.217351580197814
            ],
            [
              -90.56353545712317,
              28.21735423312745
            ],
            [
              -90.56352946713486,
              28.21717404339256
            ],
            [
              -90.5634277538298,
              28.217176696226872
            ],
            [
              -90.56342475894141,
              28.217086601347244
            ],
            [
              -90.56332304570758,
              28.21708925409619
            ],
            [
              -90.56331406138034,
              28.216818969418526
            ],
            [
              -90.56321234838784,
              28.216821622062177
            ],
            [
              -90.56320635907547,
              28.21664143224975
            ],
            [
              -90.56310464623924,
              28.216644084798077
            ],
            [
              -90.56310165168878,
              28.21655398987968
            ],
            [
              -90.56299993892381,
              28.21655664234265
            ],
            [
              -90.5629939500344,
              28.216376452481484
            ],
            [
              -90.5628922374257,
              28.216379104849132
            ],
            [
              -90.56288924308674,
              28.21628900990636
            ],
            [
              -90.56278753054927,
              28.216291662188656
            ],
            [
              -90.56278154208285,
              28.216111472278754
            ],
            [
              -90.56267982970166,
              28.216114124465722
            ],
            [
              -90.56267384146051,
              28.215933934529982
            ],
            [
              -90.5625721292356,
              28.21593658662163
            ],
            [
              -90.56256314723251,
              28.21566630167703
            ],
            [
              -90.5624614352489,
              28.2156689536634
            ],
            [
              -90.56245245362511,
              28.215398668675604
            ],
            [
              -90.56235074188284,
              28.21540132055669
            ],
            [
              -90.56234774812087,
              28.21531122554784
            ],
            [
              -90.56224603644984,
              28.215313877343572
            ],
            [
              -90.56224004913737,
              28.215133687301506
            ],
            [
              -90.5621383376226,
              28.215136339001926
            ],
            [
              -90.5621353440721,
              28.21504624396871
            ],
            [
              -90.56203363262858,
              28.21504889558378
            ],
            [
              -90.56202764573906,
              28.21486870549299
            ],
            [
              -90.5619259344518,
              28.214871357012743
            ],
            [
              -90.56192294111277,
              28.21478126195517
            ],
            [
              -90.56182122989675,
              28.214783913389578
            ],
            [
              -90.56181823665655,
              28.214693818320555
            ],
            [
              -90.56171652551176,
              28.21469646966961
            ],
            [
              -90.56171053924282,
              28.214516279507222
            ],
            [
              -90.56160882825431,
              28.214518930760967
            ],
            [
              -90.56160583522556,
              28.214428835667594
            ],
            [
              -90.56150412430829,
              28.214431486835995
            ],
            [
              -90.56150113137836,
              28.21434139173118
            ],
            [
              -90.56139942053233,
              28.21434404281423
            ],
            [
              -90.56139642770124,
              28.214253947697976
            ],
            [
              -90.56129471692644,
              28.21425659869567
            ],
            [
              -90.56129172419418,
              28.214166503567988
            ],
            [
              -90.56119001349062,
              28.214169154480338
            ],
            [
              -90.56118702085718,
              28.21407905934121
            ],
            [
              -90.56108531022484,
              28.214081710168216
            ],
            [
              -90.56107932516942,
              28.213901519865612
            ],
            [
              -90.56097761469336,
              28.213904170597313
            ],
            [
              -90.56097462227137,
              28.213814075433827
            ],
            [
              -90.56087291186654,
              28.213816726080186
            ],
            [
              -90.560866927234,
              28.213636535728877
            ],
            [
              -90.56076521698546,
              28.213639186279927
            ],
            [
              -90.56075923257814,
              28.213458995902783
            ],
            [
              -90.56065752248584,
              28.213461646358535
            ],
            [
              -90.56065453038791,
              28.213371551157785
            ],
            [
              -90.56045111033201,
              28.213376851823217
            ],
            [
              -90.56044811841792,
              28.21328675660107
            ],
            [
              -90.56014298848572,
              28.21329470700396
            ],
            [
              -90.5601399968405,
              28.213204611750474
            ],
            [
              -90.55993657698681,
              28.213209911622233
            ],
            [
              -90.55993358552544,
              28.213119816347348
            ],
            [
              -90.55983187566295,
              28.213122466160197
            ],
            [
              -90.55982888430039,
              28.213032370873883
            ],
            [
              -90.55972717450912,
              28.213035020601385
            ],
            [
              -90.5597241832454,
              28.212944925303635
            ],
            [
              -90.55962247352537,
              28.212947574945808
            ],
            [
              -90.55961948236045,
              28.21285747963662
            ],
            [
              -90.55951777271166,
              28.21286012919345
            ],
            [
              -90.55951478164555,
              28.212770033872836
            ],
            [
              -90.55941307206801,
              28.21277268334433
            ],
            [
              -90.5594070901472,
              28.212592492678755
            ],
            [
              -90.55930538072592,
              28.212595142054955
            ],
            [
              -90.55930238987122,
              28.21250504670999
            ],
            [
              -90.55920068052119,
              28.212507696000856
            ],
            [
              -90.55918273619265,
              28.211967123840342
            ],
            [
              -90.55908102733896,
              28.211969772996103
            ],
            [
              -90.5590600935114,
              28.211339105338563
            ],
            [
              -90.5589583852391,
              28.211341754349274
            ],
            [
              -90.55895539483247,
              28.21125165895376
            ],
            [
              -90.55885368663137,
              28.211254307879134
            ],
            [
              -90.55884471574925,
              28.210984021653868
            ],
            [
              -90.55874300778943,
              28.210986670474007
            ],
            [
              -90.55872506690741,
              28.210446097923843
            ],
            [
              -90.55862335944394,
              28.210448746608893
            ],
            [
              -90.55859047005079,
              28.209457696685913
            ],
            [
              -90.55869217657911,
              28.209455048110335
            ],
            [
              -90.55868918663197,
              28.209364952663876
            ],
            [
              -90.5587908930615,
              28.20936230402287
            ],
            [
              -90.55878790304313,
              28.209272208584885
            ],
            [
              -90.55888960937386,
              28.209269559878457
            ],
            [
              -90.55888661928425,
              28.209179464448955
            ],
            [
              -90.55909003173436,
              28.20917416682989
            ],
            [
              -90.55908704148851,
              28.20908407141881
            ],
            [
              -90.55990069005745,
              28.209062878007334
            ],
            [
              -90.55990368098337,
              28.20915297333878
            ],
            [
              -90.56010709315775,
              28.20914767421228
            ],
            [
              -90.56011008426749,
              28.209237769522346
            ],
            [
              -90.56021179041902,
              28.20923511983608
            ],
            [
              -90.56021478162755,
              28.20932521513471
            ],
            [
              -90.56041819405925,
              28.209319915516158
            ],
            [
              -90.56042118545159,
              28.209410010793395
            ],
            [
              -90.56062459799816,
              28.20940471085344
            ],
            [
              -90.56062758957432,
              28.209494806109284
            ],
            [
              -90.56083100223576,
              28.20948950584792
            ],
            [
              -90.56083399399573,
              28.209579601082368
            ],
            [
              -90.56103740677202,
              28.2095743004996
            ],
            [
              -90.5610403987158,
              28.20966439571266
            ],
            [
              -90.56134551803183,
              28.209656444243326
            ],
            [
              -90.56134851024444,
              28.209746539425026
            ],
            [
              -90.56195874901417,
              28.209730634391533
            ],
            [
              -90.56196174175064,
              28.209820729511993
            ],
            [
              -90.56216515473355,
              28.20981542721125
            ],
            [
              -90.56216814765385,
              28.209905522310315
            ],
            [
              -90.56226985420963,
              28.209902871036924
            ],
            [
              -90.56227284722873,
              28.209992966124545
            ],
            [
              -90.56237455385572,
              28.209990314765818
            ],
            [
              -90.56238054010537,
              28.210170504916704
            ],
            [
              -90.56248224688858,
              28.210167853462675
            ],
            [
              -90.56248524011912,
              28.210257948525932
            ],
            [
              -90.56268865381418,
              28.21025264537183
            ],
            [
              -90.56269164722853,
              28.21034274041369
            ],
            [
              -90.5627933541404,
              28.21034008871361
            ],
            [
              -90.56279634765356,
              28.210430183744027
            ],
            [
              -90.56289805463662,
              28.210427531958615
            ],
            [
              -90.56290404187439,
              28.21060772199508
            ],
            [
              -90.5630057490137,
              28.21060507011436
            ],
            [
              -90.56301173647668,
              28.210785260124982
            ],
            [
              -90.56311344377222,
              28.210782608148964
            ],
            [
              -90.56311943146045,
              28.21096279813374
            ],
            [
              -90.56322113891221,
              28.21096014606242
            ],
            [
              -90.56322413286205,
              28.21105024104262
            ],
            [
              -90.56342754789421,
              28.21104493665391
            ],
            [
              -90.56343054202787,
              28.21113503161271
            ],
            [
              -90.56353224960826,
              28.21113237929532
            ],
            [
              -90.56353524384076,
              28.21122247424267
            ],
            [
              -90.56373865913018,
              28.211217169361838
            ],
            [
              -90.5637416535465,
              28.211307264287782
            ],
            [
              -90.56394506895076,
              28.2113019590855
            ],
            [
              -90.56394806355091,
              28.211392053990032
            ],
            [
              -90.56404977131736,
              28.21138940126586
            ],
            [
              -90.56405276601633,
              28.211479496158947
            ],
            [
              -90.56415447385399,
              28.21147684334943
            ],
            [
              -90.56416046346341,
              28.211657033111226
            ],
            [
              -90.5642621714573,
              28.211654380206397
            ],
            [
              -90.56426516636773,
              28.211744475075108
            ],
            [
              -90.56446858248414,
              28.211739169019374
            ],
            [
              -90.56447157757842,
              28.21182926386668
            ],
            [
              -90.56467499380963,
              28.211823957489493
            ],
            [
              -90.56467798908776,
              28.21191405231537
            ],
            [
              -90.56477969726768,
              28.211911399003743
            ],
            [
              -90.56478269264463,
              28.21200149381818
            ],
            [
              -90.56488440089576,
              28.2119988404212
            ],
            [
              -90.56488739637155,
              28.212088935224187
            ],
            [
              -90.5649891046939,
              28.212086281741854
            ],
            [
              -90.56499210026851,
              28.2121763765334
            ],
            [
              -90.56509380866207,
              28.212173722965723
            ],
            [
              -90.56509680433551,
              28.212263817745814
            ],
            [
              -90.56519851280028,
              28.21226116409278
            ],
            [
              -90.56520450435866,
              28.212441353628577
            ],
            [
              -90.56530621297965,
              28.212438699880234
            ],
            [
              -90.5653122047633,
              28.21261888939018
            ],
            [
              -90.56541391354054,
              28.21261623554651
            ],
            [
              -90.56542589761365,
              28.21297661450875
            ],
            [
              -90.56552760671718,
              28.212973960549817
            ],
            [
              -90.56553359900663,
              28.213154150002122
            ],
            [
              -90.56563530826641,
              28.21315149594786
            ],
            [
              -90.56563830451688,
              28.213241590661823
            ],
            [
              -90.56574001384787,
              28.21323893652221
            ],
            [
              -90.56574301019718,
              28.213329031224728
            ],
            [
              -90.56584471959937,
              28.21332637699975
            ],
            [
              -90.56585071250949,
              28.21350656638039
            ],
            [
              -90.56595242206792,
              28.21350391206009
            ],
            [
              -90.56595841520334,
              28.213684101414866
            ],
            [
              -90.56606012491802,
              28.21368144699924
            ],
            [
              -90.56606611827873,
              28.213861636328158
            ],
            [
              -90.56616782814966,
              28.2138589818172
            ],
            [
              -90.56617382173569,
              28.214039171120255
            ],
            [
              -90.56627553176286,
              28.214036516513964
            ],
            [
              -90.56627852866163,
              28.214126611153294
            ],
            [
              -90.56638023876,
              28.214123956461645
            ],
            [
              -90.56638323575761,
              28.214214051089527
            ],
            [
              -90.56648494592721,
              28.214211396312525
            ],
            [
              -90.56649094013393,
              28.214391585543893
            ],
            [
              -90.56679607107003,
              28.214383620700712
            ],
            [
              -90.5667990684492,
              28.214473715284257
            ],
            [
              -90.56690077881863,
              28.21447106017578
            ],
            [
              -90.56690377629666,
              28.214561154747866
            ],
            [
              -90.56710719716413,
              28.214555844284803
            ],
            [
              -90.56711019482603,
              28.214645938835467
            ],
            [
              -90.56721190532407,
              28.214643283480875
            ],
            [
              -90.56721490308482,
              28.214733378020078
            ],
            [
              -90.56731661365409,
              28.214730722580132
            ],
            [
              -90.5673226093871,
              28.214910911634146
            ],
            [
              -90.5674243201126,
              28.214908256098855
            ],
            [
              -90.56743031607095,
              28.215088445126987
            ],
            [
              -90.5675320269527,
              28.215085789496356
            ],
            [
              -90.56753502503764,
              28.21517588399824
            ],
            [
              -90.56763673599062,
              28.21517322828224
            ],
            [
              -90.5676397341744,
              28.215263322772653
            ],
            [
              -90.56774144519859,
              28.21526066697129
            ],
            [
              -90.5677474417777,
              28.215440855927735
            ],
            [
              -90.56784915295812,
              28.215438200031024
            ],
            [
              -90.56785514976258,
              28.215618388961587
            ],
            [
              -90.56795686109926,
              28.215615732969543
            ],
            [
              -90.56796885521418,
              28.215976110772996
            ],
            [
              -90.56807056687718,
              28.215973454665637
            ],
            [
              -90.5680735655255,
              28.216063549102827
            ],
            [
              -90.56817527725971,
              28.216060892910097
            ],
            [
              -90.5681812747679,
              28.21624108176008
            ],
            [
              -90.56828298665837,
              28.216238425472007
            ],
            [
              -90.56828898439191,
              28.2164186142961
            ],
            [
              -90.56839069643864,
              28.216415957912677
            ],
            [
              -90.56839969339774,
              28.216686241107787
            ],
            [
              -90.56850140568577,
              28.21668358461903
            ],
            [
              -90.56853739578675,
              28.217764717146512
            ],
            [
              -90.56863910908146,
              28.217762060462604
            ],
            [
              -90.56864510779526,
              28.217942249176506
            ],
            [
              -90.56874682124624,
              28.21793959239724
            ],
            [
              -90.56874982070892,
              28.21802968674199
            ],
            [
              -90.5688515342311,
              28.218027029877344
            ],
            [
              -90.56885453379265,
              28.218117124210632
            ],
            [
              -90.56895624738605,
              28.218114467260612
            ],
            [
              -90.5689592470465,
              28.21820456158243
            ],
            [
              -90.56906096071113,
              28.218201904547023
            ],
            [
              -90.5690639604704,
              28.218291998857396
            ],
            [
              -90.56916567420626,
              28.218289341736607
            ],
            [
              -90.56916867406443,
              28.218379436035516
            ],
            [
              -90.5692703878715,
              28.218376778829352
            ],
            [
              -90.56927338782855,
              28.218466873116792
            ],
            [
              -90.56937510170684,
              28.218464215825247
            ],
            [
              -90.56937810176275,
              28.218554310101233
            ],
            [
              -90.56947981571227,
              28.218551652724308
            ],
            [
              -90.56948581603567,
              28.218731841251863
            ],
            [
              -90.56968924423342,
              28.21872652623188
            ],
            [
              -90.56969224458595,
              28.218816620473472
            ],
            [
              -90.56979395874913,
              28.2188139628404
            ],
            [
              -90.56979695920054,
              28.218904057070525
            ],
            [
              -90.56989867343495,
              28.21890139935207
            ],
            [
              -90.56990167398524,
              28.218991493570734
            ],
            [
              -90.57000338829086,
              28.218988835766897
            ],
            [
              -90.57000638894003,
              28.219078929974092
            ],
            [
              -90.57010810331687,
              28.21907627208487
            ],
            [
              -90.57011110406492,
              28.2191663662806
            ],
            [
              -90.57021281851297,
              28.219163708306
            ],
            [
              -90.57021581935992,
              28.219253802490265
            ],
            [
              -90.57031753387919,
              28.219251144430274
            ],
            [
              -90.57032353578465,
              28.2194313327744
            ],
            [
              -90.57052696512191,
              28.219426016388272
            ],
            [
              -90.57053296742292,
              28.21960620468653
            ],
            [
              -90.57063468224091,
              28.219603546360396
            ],
            [
              -90.57063768349721,
              28.21969364049732
            ],
            [
              -90.57073939838641,
              28.219690982085794
            ],
            [
              -90.57074840249348,
              28.219961264457723
            ],
            [
              -90.570850117624,
              28.21995860594084
            ],
            [
              -90.57085612060133,
              28.220138794161418
            ],
            [
              -90.5707544053007,
              28.22014145269828
            ],
            [
              -90.57076040816325,
              28.22032164093291
            ]
          ]
        ]
      },
      "properties": {
        "incident_id": "SP-004",
        "type": "AI-detected-slick",
        "source": "Sentinel-1 SAR",
        "method": "U-Net segmentation + radiometric filtering"
      }
    },
    {
      "type": "Feature",
      "geometry": {
        "type": "Polygon",
        "coordinates": [
          [
            [
              -90.3454225861429,
              28.203028283315152
            ],
            [
              -90.34521913938548,
              28.203033262263325
            ],
            [
              -90.34521632934201,
              28.2029431463992
            ],
            [
              -90.34511460602891,
              28.202945635750808
            ],
            [
              -90.34511179608347,
              28.20285551987587
            ],
            [
              -90.34501007284248,
              28.202858009142716
            ],
            [
              -90.34500445316058,
              28.202677777369793
            ],
            [
              -90.34490273007675,
              28.20268026654251
            ],
            [
              -90.3448999203403,
              28.202590150644525
            ],
            [
              -90.34479819732857,
              28.202592639732476
            ],
            [
              -90.34478976845212,
              28.20232229200179
            ],
            [
              -90.34468804568262,
              28.202324780986256
            ],
            [
              -90.34467961717795,
              28.202054433214514
            ],
            [
              -90.34457789465066,
              28.202056922095498
            ],
            [
              -90.34454137358335,
              28.200885414812742
            ],
            [
              -90.34443965214882,
              28.200887903496703
            ],
            [
              -90.34443684301168,
              28.20079778753241
            ],
            [
              -90.34433512164924,
              28.200800276131613
            ],
            [
              -90.3443323126101,
              28.200710160156518
            ],
            [
              -90.34412887001649,
              28.20071513711
            ],
            [
              -90.34412606116041,
              28.200625021114757
            ],
            [
              -90.34392261868507,
              28.2006299977479
            ],
            [
              -90.34391700135195,
              28.20044976571566
            ],
            [
              -90.34381528026498,
              28.20045225390042
            ],
            [
              -90.3438068546176,
              28.200181905813167
            ],
            [
              -90.3437051337728,
              28.20018439389446
            ],
            [
              -90.34368828333801,
              28.199643697624857
            ],
            [
              -90.34379000367252,
              28.19964120959967
            ],
            [
              -90.34378438679444,
              28.19946097751696
            ],
            [
              -90.3438861069459,
              28.199458489435084
            ],
            [
              -90.34388329844123,
              28.19936837340091
            ],
            [
              -90.3439850184947,
              28.199365885252988
            ],
            [
              -90.34398220991794,
              28.19927576922673
            ],
            [
              -90.3442873697455,
              28.19926830435861
            ],
            [
              -90.34428456092657,
              28.199178188358964
            ],
            [
              -90.34458972038243,
              28.1991707228403
            ],
            [
              -90.3445869113213,
              28.19908060686727
            ],
            [
              -90.34468863102897,
              28.199078118219596
            ],
            [
              -90.34468582189575,
              28.19898800225448
            ],
            [
              -90.34478754150543,
              28.19898551354077
            ],
            [
              -90.34478473230013,
              28.19889539758356
            ],
            [
              -90.3448864518118,
              28.1988929088038
            ],
            [
              -90.34488364253441,
              28.1988027928545
            ],
            [
              -90.34518880073658,
              28.198795326090888
            ],
            [
              -90.34518599121701,
              28.19870521016822
            ],
            [
              -90.34569458753631,
              28.19869276410098
            ],
            [
              -90.34569739748108,
              28.19878287997686
            ],
            [
              -90.3460025553723,
              28.19877541140365
            ],
            [
              -90.34600817581098,
              28.198955643094926
            ],
            [
              -90.34610989525221,
              28.198953153401003
            ],
            [
              -90.34611270557603,
              28.199043269235116
            ],
            [
              -90.34621442508936,
              28.199040779456432
            ],
            [
              -90.34621723551119,
              28.199130895279747
            ],
            [
              -90.34642067466903,
              28.19912591547746
            ],
            [
              -90.34642348527392,
              28.1992160312806
            ],
            [
              -90.34652520491845,
              28.199213541257002
            ],
            [
              -90.34652801562132,
              28.199303657049338
            ],
            [
              -90.34673145504158,
              28.199298676757202
            ],
            [
              -90.34673426592751,
              28.19938879252938
            ],
            [
              -90.34683598570324,
              28.19938630226085
            ],
            [
              -90.34683879668718,
              28.19947641802222
            ],
            [
              -90.346940516535,
              28.199473927668926
            ],
            [
              -90.34694332761693,
              28.19956404341949
            ],
            [
              -90.34704504753684,
              28.199561552981432
            ],
            [
              -90.34704785871678,
              28.199651668721188
            ],
            [
              -90.34735301865385,
              28.199644196926524
            ],
            [
              -90.34735583010189,
              28.19973431263674
            ],
            [
              -90.34745755014004,
              28.199731821878355
            ],
            [
              -90.34746036168609,
              28.19982193757777
            ],
            [
              -90.34766380189356,
              28.19981695581606
            ],
            [
              -90.34766942536474,
              28.199997187173103
            ],
            [
              -90.34777114561913,
              28.199994696160413
            ],
            [
              -90.34777395745922,
              28.200084811827406
            ],
            [
              -90.3476722371198,
              28.200087302849457
            ],
            [
              -90.34768348426962,
              28.200447765540424
            ],
            [
              -90.34758176357704,
              28.200450256524523
            ],
            [
              -90.34758738705965,
              28.200630487880073
            ],
            [
              -90.347485666184,
              28.200632978807487
            ],
            [
              -90.34748847785971,
              28.200723094492457
            ],
            [
              -90.34738675688604,
              28.200725585353844
            ],
            [
              -90.34738956848966,
              28.200815701046725
            ],
            [
              -90.34728784741797,
              28.200818191842068
            ],
            [
              -90.3472906589495,
              28.200908307542875
            ],
            [
              -90.3471889377798,
              28.20091079827217
            ],
            [
              -90.34719456071167,
              28.201091029688165
            ],
            [
              -90.34709283935891,
              28.20109352036078
            ],
            [
              -90.34709565075923,
              28.201183636075978
            ],
            [
              -90.34719737219704,
              28.201181145394006
            ],
            [
              -90.3472226761488,
              28.201992186681466
            ],
            [
              -90.34701923172923,
              28.20199716813854
            ],
            [
              -90.34702204317415,
              28.20208728384864
            ],
            [
              -90.34692032085985,
              28.20208977447342
            ],
            [
              -90.34692313223266,
              28.202179890191452
            ],
            [
              -90.34641452004152,
              28.202192342231022
            ],
            [
              -90.34641733100202,
              28.202282457994407
            ],
            [
              -90.34621388586471,
              28.20228743830108
            ],
            [
              -90.34621669666804,
              28.20237755408175
            ],
            [
              -90.34611497399489,
              28.202380044131328
            ],
            [
              -90.34611778472612,
              28.202470159919898
            ],
            [
              -90.34601606195496,
              28.202472649903434
            ],
            [
              -90.34601887261411,
              28.20256276569992
            ],
            [
              -90.34591714974492,
              28.202565255617397
            ],
            [
              -90.34591996033195,
              28.20265537142181
            ],
            [
              -90.34581823736475,
              28.202657861273238
            ],
            [
              -90.3458238584076,
              28.202838092896428
            ],
            [
              -90.34572213525732,
              28.202840582691156
            ],
            [
              -90.34572494571312,
              28.20293069850994
            ],
            [
              -90.34541977592933,
              28.202938167469735
            ],
            [
              -90.3454225861429,
              28.203028283315152
            ]
          ]
        ]
      },
      "properties": {
        "incident_id": "SP-004",
        "type": "AI-detected-slick",
        "source": "Sentinel-1 SAR",
        "method": "U-Net segmentation + radiometric filtering"
      }
    },
    {
      "type": "Feature",
      "geometry": {
        "type": "Polygon",
        "coordinates": [
          [
            [
              -90.35205366969511,
              28.164357075033045
            ],
            [
              -90.3513418667962,
              28.164374512656394
            ],
            [
              -90.35133905616901,
              28.164284396849744
            ],
            [
              -90.35032219463173,
              28.164309301246885
            ],
            [
              -90.35031938486641,
              28.164219185345107
            ],
            [
              -90.35011601257318,
              28.164224165302315
            ],
            [
              -90.35011320299061,
              28.16413404938035
            ],
            [
              -90.35001151690945,
              28.16413653923666
            ],
            [
              -90.35000870742472,
              28.164046423303883
            ],
            [
              -90.34980533539328,
              28.16405140277189
            ],
            [
              -90.34980252609131,
              28.163961286818935
            ],
            [
              -90.34970084014104,
              28.16396377643064
            ],
            [
              -90.3496980309369,
              28.163873660466873
            ],
            [
              -90.34959634505856,
              28.163876149993918
            ],
            [
              -90.34959353595228,
              28.16378603401935
            ],
            [
              -90.34949185014587,
              28.163788523461747
            ],
            [
              -90.34948904113745,
              28.16369840747636
            ],
            [
              -90.34938735540297,
              28.163700896834094
            ],
            [
              -90.34938454649237,
              28.163610780837903
            ],
            [
              -90.34928286082982,
              28.163613270110986
            ],
            [
              -90.34927443443044,
              28.163342922085654
            ],
            [
              -90.34896937812906,
              28.163350389368897
            ],
            [
              -90.34896656960984,
              28.16326027332947
            ],
            [
              -90.34845814260619,
              28.163272717248972
            ],
            [
              -90.34845533452436,
              28.163182601161285
            ],
            [
              -90.34835364916965,
              28.16318508970996
            ],
            [
              -90.34835084118565,
              28.163094973611464
            ],
            [
              -90.34824915590288,
              28.163097462075495
            ],
            [
              -90.34824354014354,
              28.16291722985545
            ],
            [
              -90.34814185501757,
              28.162919718225464
            ],
            [
              -90.34811658550568,
              28.162108673079555
            ],
            [
              -90.34801490113072,
              28.162111161290028
            ],
            [
              -90.34800928599586,
              28.161930929000786
            ],
            [
              -90.3479076017777,
              28.161933417117243
            ],
            [
              -90.3479047943146,
              28.161843300961095
            ],
            [
              -90.34780311016837,
              28.161845788992913
            ],
            [
              -90.34779188078495,
              28.161485324316438
            ],
            [
              -90.34789356459164,
              28.161482836322055
            ],
            [
              -90.34789075719328,
              28.161392720158688
            ],
            [
              -90.34799244090216,
              28.16139023209839
            ],
            [
              -90.34798963343185,
              28.161300115942947
            ],
            [
              -90.34809131704289,
              28.161297627816722
            ],
            [
              -90.34808850950068,
              28.161207511669186
            ],
            [
              -90.34829187651414,
              28.161202535209632
            ],
            [
              -90.34828626112906,
              28.16102230294769
            ],
            [
              -90.3483879444466,
              28.161019814623714
            ],
            [
              -90.34838513668862,
              28.160929698499935
            ],
            [
              -90.34848681990833,
              28.160927210110042
            ],
            [
              -90.34848401207842,
              28.160837093994186
            ],
            [
              -90.3485856952003,
              28.160834605538376
            ],
            [
              -90.34858007940959,
              28.16065437332105
            ],
            [
              -90.34868176234876,
              28.160651884808694
            ],
            [
              -90.3486761464401,
              28.160471652604333
            ],
            [
              -90.34877782919659,
              28.160469164035415
            ],
            [
              -90.34877221317,
              28.160288931844004
            ],
            [
              -90.34887389574376,
              28.160286443218535
            ],
            [
              -90.34886827959924,
              28.160106211040077
            ],
            [
              -90.34896996199032,
              28.16010372235806
            ],
            [
              -90.34896434572788,
              28.159923490192547
            ],
            [
              -90.34906602793625,
              28.159921001453984
            ],
            [
              -90.34904917895058,
              28.15938030497901
            ],
            [
              -90.34915086063678,
              28.159377816221358
            ],
            [
              -90.34914805243298,
              28.1592877001465
            ],
            [
              -90.34924973402134,
              28.159285211322935
            ],
            [
              -90.34924692574563,
              28.15919509525601
            ],
            [
              -90.34934860723618,
              28.15919260636653
            ],
            [
              -90.34934579888854,
              28.15910249030753
            ],
            [
              -90.34944748028127,
              28.15910000135214
            ],
            [
              -90.34944467186172,
              28.15900988530105
            ],
            [
              -90.34964803443854,
              28.159004907183196
            ],
            [
              -90.34964522586223,
              28.158914791149396
            ],
            [
              -90.35066203712023,
              28.158889896137367
            ],
            [
              -90.35066484654523,
              28.158980012077496
            ],
            [
              -90.35096988992451,
              28.15897254207795
            ],
            [
              -90.35097269961707,
              28.159062657988525
            ],
            [
              -90.35107438080244,
              28.159060167828766
            ],
            [
              -90.35107719059283,
              28.15915028372853
            ],
            [
              -90.35117887185011,
              28.159147793484124
            ],
            [
              -90.35118168173834,
              28.159237909373072
            ],
            [
              -90.35108000039618,
              28.159240399626846
            ],
            [
              -90.3510828102125,
              28.159330515523724
            ],
            [
              -90.35098112877253,
              28.159333005711595
            ],
            [
              -90.35098393851695,
              28.159423121616395
            ],
            [
              -90.35088225697913,
              28.159425611738364
            ],
            [
              -90.35088506665163,
              28.159515727651087
            ],
            [
              -90.35078338501599,
              28.159518217707152
            ],
            [
              -90.35078619461659,
              28.159608333627805
            ],
            [
              -90.3508878763371,
              28.159605843562368
            ],
            [
              -90.35089068603551,
              28.15969595947221
            ],
            [
              -90.35099236782794,
              28.15969346932213
            ],
            [
              -90.35099798743342,
              28.15987370111874
            ],
            [
              -90.35120135131885,
              28.159868720555288
            ],
            [
              -90.35120697131566,
              28.16004895230864
            ],
            [
              -90.35130865340868,
              28.160046461895256
            ],
            [
              -90.35131146351141,
              28.160136577760394
            ],
            [
              -90.35141314567633,
              28.160134087262367
            ],
            [
              -90.3514187660904,
              28.160314318969576
            ],
            [
              -90.35152044841212,
              28.160311828377523
            ],
            [
              -90.35152606904781,
              28.160492060060218
            ],
            [
              -90.3516277515263,
              28.16048956937415
            ],
            [
              -90.35163899329275,
              28.160850032684717
            ],
            [
              -90.35174067609778,
              28.160847541885882
            ],
            [
              -90.35174348665667,
              28.160937657700543
            ],
            [
              -90.3518451695336,
              28.16093516681706
            ],
            [
              -90.35184798019034,
              28.1610252826209
            ],
            [
              -90.35205134607506,
              28.161020300609355
            ],
            [
              -90.35205415691452,
              28.16111041639301
            ],
            [
              -90.3522575229171,
              28.161105434061607
            ],
            [
              -90.3522603339393,
              28.16119554982507
            ],
            [
              -90.35236201700602,
              28.161193058537073
            ],
            [
              -90.35236482812603,
              28.161283174289718
            ],
            [
              -90.35246651126467,
              28.161280682917067
            ],
            [
              -90.35247213371339,
              28.161460914399285
            ],
            [
              -90.3525738170088,
              28.161458422932608
            ],
            [
              -90.35257943967913,
              28.1616386543903
            ],
            [
              -90.35247775621397,
              28.161641145875723
            ],
            [
              -90.35248619006214,
              28.16191149307955
            ],
            [
              -90.35238450632936,
              28.16191398451782
            ],
            [
              -90.35239012878986,
              28.162094215998565
            ],
            [
              -90.35228844487436,
              28.162096707380297
            ],
            [
              -90.352294067217,
              28.162276938874015
            ],
            [
              -90.35219238311878,
              28.162279430199206
            ],
            [
              -90.352214872329,
              28.16300035619129
            ],
            [
              -90.35231655710629,
              28.162997864791112
            ],
            [
              -90.3523221797083,
              28.163178096255944
            ],
            [
              -90.35242386464239,
              28.163175604761726
            ],
            [
              -90.35243229889733,
              28.16344595192003
            ],
            [
              -90.35253398407312,
              28.163443460322398
            ],
            [
              -90.3525480418485,
              28.163894038843814
            ],
            [
              -90.35244635624828,
              28.163896530488312
            ],
            [
              -90.35245197927944,
              28.164076761905513
            ],
            [
              -90.35235029349647,
              28.164079253493465
            ],
            [
              -90.35235310494662,
              28.164169369209276
            ],
            [
              -90.3522514190658,
              28.164171860731315
            ],
            [
              -90.35225423044402,
              28.16426197645505
            ],
            [
              -90.35205085847369,
              28.16426695929201
            ],
            [
              -90.35205366969511,
              28.164357075033045
            ]
          ]
        ]
      },
      "properties": {
        "incident_id": "SP-004",
        "type": "AI-detected-slick",
        "source": "Sentinel-1 SAR",
        "method": "U-Net segmentation + radiometric filtering"
      }
    },
    {
      "type": "Feature",
      "geometry": {
        "type": "Polygon",
        "coordinates": [
          [
            [
              -90.27757754274882,
              28.16823582588558
            ],
            [
              -90.27737414784899,
              28.168240698467944
            ],
            [
              -90.27667628218315,
              28.145349532146636
            ],
            [
              -90.27677795807904,
              28.145347098220675
            ],
            [
              -90.27678070406316,
              28.145437221094774
            ],
            [
              -90.27688238003121,
              28.1454347870844
            ],
            [
              -90.27688512611283,
              28.14552490994791
            ],
            [
              -90.27698680215305,
              28.145522475853127
            ],
            [
              -90.27699229452399,
              28.145702721557516
            ],
            [
              -90.27709397072121,
              28.145700287369156
            ],
            [
              -90.27709946331251,
              28.145880533049493
            ],
            [
              -90.27720113966672,
              28.145878098767554
            ],
            [
              -90.27720663247838,
              28.146058344423842
            ],
            [
              -90.27730830898959,
              28.14605591004832
            ],
            [
              -90.27731105549927,
              28.14614603286515
            ],
            [
              -90.27741273208264,
              28.146143598405224
            ],
            [
              -90.27742097194223,
              28.146413966819622
            ],
            [
              -90.27752264876744,
              28.146411532256952
            ],
            [
              -90.27752539549749,
              28.146501655049722
            ],
            [
              -90.27742371858743,
              28.146504089621562
            ],
            [
              -90.27742646524531,
              28.146594212422062
            ],
            [
              -90.27752814224021,
              28.146591777841063
            ],
            [
              -90.2775308889956,
              28.146681900630977
            ],
            [
              -90.27763256606266,
              28.146679465965555
            ],
            [
              -90.27763531291558,
              28.146769588744863
            ],
            [
              -90.27783866718133,
              28.146764719169926
            ],
            [
              -90.27783592015874,
              28.146674596408946
            ],
            [
              -90.27793759718776,
              28.146672161517763
            ],
            [
              -90.27794034429519,
              28.14676228426958
            ],
            [
              -90.27804202139639,
              28.146759849293975
            ],
            [
              -90.27804476860133,
              28.14684997203519
            ],
            [
              -90.27814644577468,
              28.14684753697517
            ],
            [
              -90.27815194039228,
              28.14702778243498
            ],
            [
              -90.27825361772263,
              28.14702534728137
            ],
            [
              -90.27826735491269,
              28.147475960859996
            ],
            [
              -90.27816567715814,
              28.147478396059437
            ],
            [
              -90.2781711719532,
              28.147658641499188
            ],
            [
              -90.2780694940163,
              28.147661076641704
            ],
            [
              -90.278072241348,
              28.147751199368596
            ],
            [
              -90.27797056331356,
              28.14775363444502
            ],
            [
              -90.27797331057309,
              28.147843757179647
            ],
            [
              -90.27787163244113,
              28.14784619218998
            ],
            [
              -90.27787437962851,
              28.147936314932338
            ],
            [
              -90.27767102315686,
              28.147941184745555
            ],
            [
              -90.27767377018722,
              28.14803130750481
            ],
            [
              -90.27757209184753,
              28.148033742307703
            ],
            [
              -90.27757483880573,
              28.148123865074684
            ],
            [
              -90.27737148191866,
              28.14812873447301
            ],
            [
              -90.27737972236021,
              28.14839910282037
            ],
            [
              -90.27748140106463,
              28.148396668131344
            ],
            [
              -90.27748414798869,
              28.14848679090177
            ],
            [
              -90.27758582676526,
              28.14848435612832
            ],
            [
              -90.27758857378684,
              28.14857447888815
            ],
            [
              -90.27769025263561,
              28.14857204403028
            ],
            [
              -90.27769574688648,
              28.14875228952731
            ],
            [
              -90.27779742589225,
              28.148749854575843
            ],
            [
              -90.27780292036351,
              28.148930100048812
            ],
            [
              -90.27790459952631,
              28.14892766500376
            ],
            [
              -90.27790734686583,
              28.14901778772893
            ],
            [
              -90.27800902610079,
              28.14901535259945
            ],
            [
              -90.27801452098753,
              28.149195598027166
            ],
            [
              -90.27811620037951,
              28.14919316280409
            ],
            [
              -90.27814092876098,
              28.150004267075396
            ],
            [
              -90.27803924860531,
              28.15000670238096
            ],
            [
              -90.27805023898729,
              28.150367193167625
            ],
            [
              -90.27794855847954,
              28.150369628434593
            ],
            [
              -90.27795954872494,
              28.150730119235
            ],
            [
              -90.2780612295721,
              28.150727683931372
            ],
            [
              -90.27807222035977,
              28.151088174672196
            ],
            [
              -90.27797053917317,
              28.15109061001248
            ],
            [
              -90.27797603447335,
              28.151270855392628
            ],
            [
              -90.27787435310435,
              28.15127329067598
            ],
            [
              -90.27787984828552,
              28.151453536068736
            ],
            [
              -90.27777816673412,
              28.151455971295146
            ],
            [
              -90.27778091425887,
              28.151546093998537
            ],
            [
              -90.27767923260994,
              28.151548529158852
            ],
            [
              -90.27768472752774,
              28.15172877457966
            ],
            [
              -90.2775830456964,
              28.15173120968303
            ],
            [
              -90.27758854049519,
              28.151911455116448
            ],
            [
              -90.27748685848147,
              28.151913890162874
            ],
            [
              -90.277489605815,
              28.152004012886593
            ],
            [
              -90.27759128791361,
              28.152001577831
            ],
            [
              -90.27759678278845,
              28.152181823255823
            ],
            [
              -90.27769846504411,
              28.152179388106628
            ],
            [
              -90.27770396013939,
              28.152359633507384
            ],
            [
              -90.27780564255208,
              28.152357198264596
            ],
            [
              -90.27782762411924,
              28.153078179737005
            ],
            [
              -90.27772594102763,
              28.153080615053113
            ],
            [
              -90.27774242722627,
              28.153621351152243
            ],
            [
              -90.27784411082709,
              28.153618915781134
            ],
            [
              -90.27784685865612,
              28.153709038450142
            ],
            [
              -90.27774517497042,
              28.153711473830413
            ],
            [
              -90.27775067049674,
              28.153891719182468
            ],
            [
              -90.27764898662863,
              28.1538941545058
            ],
            [
              -90.27765173432594,
              28.153984277188833
            ],
            [
              -90.27755005036028,
              28.153986712446052
            ],
            [
              -90.27755829327366,
              28.154257080514075
            ],
            [
              -90.2774566090407,
              28.154259515723506
            ],
            [
              -90.27745935661898,
              28.154349638419156
            ],
            [
              -90.2775610409368,
              28.154347203200544
            ],
            [
              -90.27758027493383,
              28.154978061965764
            ],
            [
              -90.27747859002189,
              28.154980497248516
            ],
            [
              -90.27748133770157,
              28.155070619932694
            ],
            [
              -90.2775830226984,
              28.15506818464078
            ],
            [
              -90.27758577047564,
              28.15515830731436
            ],
            [
              -90.27748408539395,
              28.15516074261544
            ],
            [
              -90.277486833099,
              28.15525086529675
            ],
            [
              -90.27758851826557,
              28.155248429986507
            ],
            [
              -90.27759676171142,
              28.155518797994354
            ],
            [
              -90.27769844711995,
              28.15551636258134
            ],
            [
              -90.27770669093454,
              28.155786730548797
            ],
            [
              -90.27780837658501,
              28.155784295032998
            ],
            [
              -90.2778358576399,
              28.156685521406423
            ],
            [
              -90.27793754412652,
              28.156683085723678
            ],
            [
              -90.2779705240847,
              28.15776455707266
            ],
            [
              -90.27807221157724,
              28.15776212120464
            ],
            [
              -90.2780749600744,
              28.157852243798583
            ],
            [
              -90.27817664763916,
              28.1578498078461
            ],
            [
              -90.27818214484128,
              28.15803005301134
            ],
            [
              -90.27828383256313,
              28.158027616965242
            ],
            [
              -90.2782865812681,
              28.158117739536547
            ],
            [
              -90.27818489346137,
              28.15812017559181
            ],
            [
              -90.27818764209415,
              28.15821029817085
            ],
            [
              -90.27828932998578,
              28.158207862106416
            ],
            [
              -90.27829207871612,
              28.158297984674856
            ],
            [
              -90.27819039073961,
              28.158300420748457
            ],
            [
              -90.27819313939773,
              28.15839054332463
            ],
            [
              -90.27829482745913,
              28.158388107241862
            ],
            [
              -90.27829757621485,
              28.158478229807436
            ],
            [
              -90.27809419990957,
              28.158483101916012
            ],
            [
              -90.27809694850818,
              28.158573224498493
            ],
            [
              -90.27819863675204,
              28.158570788472677
            ],
            [
              -90.2782041341571,
              28.158751033614994
            ],
            [
              -90.27830582255805,
              28.158748597495553
            ],
            [
              -90.27830857136448,
              28.158838720055396
            ],
            [
              -90.27841025983766,
              28.1588362838515
            ],
            [
              -90.27841850658773,
              28.15910665149492
            ],
            [
              -90.2785201953029,
              28.159104215188226
            ],
            [
              -90.27853668965484,
              28.159644950381377
            ],
            [
              -90.27843500043032,
              28.159647386743075
            ],
            [
              -90.27844324752282,
              28.159917754347813
            ],
            [
              -90.27834155803092,
              28.15992019066172
            ],
            [
              -90.2783470559862,
              28.16010043574271
            ],
            [
              -90.27824536631182,
              28.16010287199965
            ],
            [
              -90.2782536130852,
              28.1603732396379
            ],
            [
              -90.27815192314344,
              28.16037567584705
            ],
            [
              -90.27815742088596,
              28.16055592095038
            ],
            [
              -90.27805573076174,
              28.16055835710257
            ],
            [
              -90.27805847956712,
              28.160648479661248
            ],
            [
              -90.27795678934531,
              28.160650915747308
            ],
            [
              -90.27795953807848,
              28.160741038313724
            ],
            [
              -90.27806122838518,
              28.1607386022185
            ],
            [
              -90.27806397721594,
              28.160828724774316
            ],
            [
              -90.27796228682432,
              28.160831160878708
            ],
            [
              -90.27798702610765,
              28.161642263899072
            ],
            [
              -90.2780887172634,
              28.161639827712186
            ],
            [
              -90.2780832193863,
              28.161459582624914
            ],
            [
              -90.27818491035956,
              28.161457146381057
            ],
            [
              -90.27817941236337,
              28.161276901306387
            ],
            [
              -90.27838279393222,
              28.161272028629444
            ],
            [
              -90.27839379065452,
              28.161632518699722
            ],
            [
              -90.27829209953683,
              28.16163495511251
            ],
            [
              -90.27829484866422,
              28.161725077635662
            ],
            [
              -90.27819315744894,
              28.16172751398232
            ],
            [
              -90.27819865557194,
              28.16190775904266
            ],
            [
              -90.27809696417417,
              28.161910195332357
            ],
            [
              -90.2781024621781,
              28.1620904404053
            ],
            [
              -90.27800077059783,
              28.162092876638017
            ],
            [
              -90.27800351953391,
              28.16218299918151
            ],
            [
              -90.27780013616552,
              28.16218787143937
            ],
            [
              -90.27780563373611,
              28.16236811655872
            ],
            [
              -90.27770394186308,
              28.162370552593032
            ],
            [
              -90.27771218805934,
              28.16264092028881
            ],
            [
              -90.27781388018708,
              28.162638484226996
            ],
            [
              -90.27781937788448,
              28.16281872933201
            ],
            [
              -90.27792107016938,
              28.16281629317656
            ],
            [
              -90.27792656808732,
              28.162996538257516
            ],
            [
              -90.27802826052934,
              28.162994102008433
            ],
            [
              -90.27803100959225,
              28.163084224537585
            ],
            [
              -90.27792931706531,
              28.163086660795837
            ],
            [
              -90.277932066056,
              28.163176783332734
            ],
            [
              -90.27783037343146,
              28.163179219524846
            ],
            [
              -90.2778331223499,
              28.163269342069476
            ],
            [
              -90.27762973689298,
              28.16327421424611
            ],
            [
              -90.27763523442829,
              28.16345445936773
            ],
            [
              -90.27753354151098,
              28.163456895361414
            ],
            [
              -90.27755278268958,
              28.164087753306102
            ],
            [
              -90.27765447620129,
              28.164085317248247
            ],
            [
              -90.27765997396484,
              28.164265562344074
            ],
            [
              -90.2777616676337,
              28.164263126192587
            ],
            [
              -90.27777541268914,
              28.164713738861238
            ],
            [
              -90.27767371859571,
              28.164716175058555
            ],
            [
              -90.27769571066452,
              28.165437155327208
            ],
            [
              -90.27759401587905,
              28.165439591522546
            ],
            [
              -90.2775967648598,
              28.16552971405884
            ],
            [
              -90.27769845973019,
              28.165527277854338
            ],
            [
              -90.27770120880854,
              28.16561740038004
            ],
            [
              -90.27759951385323,
              28.16561983659371
            ],
            [
              -90.27760226285935,
              28.165709959127142
            ],
            [
              -90.27770395789959,
              28.165707522904313
            ],
            [
              -90.2777067070033,
              28.165797645427137
            ],
            [
              -90.27760501187815,
              28.165800081659143
            ],
            [
              -90.27760776090963,
              28.165890204189708
            ],
            [
              -90.27770945611971,
              28.16588776794854
            ],
            [
              -90.27771220524879,
              28.16597789046851
            ],
            [
              -90.27761050995379,
              28.165980326718845
            ],
            [
              -90.27761875716237,
              28.16625069429764
            ],
            [
              -90.27772045271213,
              28.16624825801981
            ],
            [
              -90.2777314495075,
              28.166608748068153
            ],
            [
              -90.27783314538429,
              28.16660631167834
            ],
            [
              -90.27783589469976,
              28.166696434177677
            ],
            [
              -90.27773419873805,
              28.16669887057666
            ],
            [
              -90.27774794508103,
              28.16714948309767
            ],
            [
              -90.27784964146738,
              28.167147046652868
            ],
            [
              -90.27785514026321,
              28.167327291632905
            ],
            [
              -90.27795683680674,
              28.167324855094442
            ],
            [
              -90.27797333400822,
              28.167865589945173
            ],
            [
              -90.27787163695511,
              28.167868026538635
            ],
            [
              -90.27787438644816,
              28.167958149017903
            ],
            [
              -90.27777268929745,
              28.16796058554521
            ],
            [
              -90.27777818815173,
              28.168140830517792
            ],
            [
              -90.27757479347251,
              28.168145703383114
            ],
            [
              -90.27757754274882,
              28.16823582588558
            ]
          ]
        ]
      },
      "properties": {
        "incident_id": "SP-004",
        "type": "AI-detected-slick",
        "source": "Sentinel-1 SAR",
        "method": "U-Net segmentation + radiometric filtering"
      }
    }
  ]
}