{
  "type": "FeatureCollection",
  "name": "SP-021_AI_Spill_Footprint",
  "features": [
    {
      "type": "Feature",
      "geometry": {
        "type": "Polygon",
        "coordinates": [
          [
            [
              -89.00111187739573,
              28.99536547335747
            ],
            [
              -89.00039366292725,
              28.995376165966146
            ],
            [
              -89.00039192578784,
              28.995285961437176
            ],
            [
              -89.00028932377806,
              28.995287488634144
            ],
            [
              -89.00028758673557,
              28.995197284098225
            ],
            [
              -89.00008238287006,
              28.995200338246175
            ],
            [
              -89.00008064601342,
              28.995110133697654
            ],
            [
              -88.9999780441577,
              28.995111660648657
            ],
            [
              -88.99997630739796,
              28.9950214560932
            ],
            [
              -88.99987370562323,
              28.99502298296031
            ],
            [
              -88.99987196896039,
              28.99493277839791
            ],
            [
              -88.9997693672667,
              28.994934305181157
            ],
            [
              -88.99976763070075,
              28.994844100611807
            ],
            [
              -88.99966502908804,
              28.994845627311193
            ],
            [
              -88.9996615561579,
              28.994665218157277
            ],
            [
              -88.99945635326446,
              28.99466827129878
            ],
            [
              -88.99945288072192,
              28.994487862117083
            ],
            [
              -88.9992476781525,
              28.99449091492312
            ],
            [
              -88.99924594207106,
              28.994400710319038
            ],
            [
              -88.99914334086337,
              28.994402236599075
            ],
            [
              -88.99914160487883,
              28.994312031988045
            ],
            [
              -88.99893640261755,
              28.994315084302166
            ],
            [
              -88.99893466681883,
              28.994224879678534
            ],
            [
              -88.99883206576521,
              28.99422640571262
            ],
            [
              -88.9988303300634,
              28.994136201082053
            ],
            [
              -88.99862512811025,
              28.99413925290426
            ],
            [
              -88.99862165708625,
              28.993958843616653
            ],
            [
              -88.99851905627565,
              28.993960369399144
            ],
            [
              -88.99851558546133,
              28.993779960095033
            ],
            [
              -88.99841298482069,
              28.99378148578801
            ],
            [
              -88.99840951421604,
              28.993601076467396
            ],
            [
              -88.99830691374534,
              28.993602602070887
            ],
            [
              -88.99830344335035,
              28.993422192733775
            ],
            [
              -88.99820084304962,
              28.993423718247765
            ],
            [
              -88.99819737286428,
              28.993243308894144
            ],
            [
              -88.9980947727335,
              28.99324483431863
            ],
            [
              -88.99809303774168,
              28.993154629634226
            ],
            [
              -88.99799043769191,
              28.993156154974862
            ],
            [
              -88.99798870279699,
              28.99306595028352
            ],
            [
              -88.9978861028282,
              28.99306747554029
            ],
            [
              -88.99788436803017,
              28.992977270842005
            ],
            [
              -88.99778176814239,
              28.992978796014917
            ],
            [
              -88.99778003344124,
              28.992888591309693
            ],
            [
              -88.99767743363446,
              28.992890116398748
            ],
            [
              -88.9976756990302,
              28.99279991168656
            ],
            [
              -88.99757309930445,
              28.992801436691757
            ],
            [
              -88.9975696302976,
              28.99262102725223
            ],
            [
              -88.99746703074179,
              28.992622552167933
            ],
            [
              -88.99746529633923,
              28.99253234744057
            ],
            [
              -88.99736269686441,
              28.99253387227242
            ],
            [
              -88.99736096255873,
              28.992443667538126
            ],
            [
              -88.99725836316493,
              28.992445192286116
            ],
            [
              -88.99725662895611,
              28.99235498754486
            ],
            [
              -88.99715402964333,
              28.992356512209007
            ],
            [
              -88.9971522955314,
              28.992266307460817
            ],
            [
              -88.9970496962996,
              28.992267832041097
            ],
            [
              -88.99704796228454,
              28.992177627285976
            ],
            [
              -88.99684276397502,
              28.99218067620063
            ],
            [
              -88.99683929632451,
              28.992000266663922
            ],
            [
              -88.99673669733573,
              28.99200179099266
            ],
            [
              -88.99673496361132,
              28.9919115862167
            ],
            [
              -88.99663236470353,
              28.99191311046157
            ],
            [
              -88.99663063107599,
              28.99182290567869
            ],
            [
              -88.99652803224922,
              28.991824429839717
            ],
            [
              -88.99652629871855,
              28.991734225049893
            ],
            [
              -88.99642369997278,
              28.991735749127066
            ],
            [
              -88.99642196653899,
              28.991645544330307
            ],
            [
              -88.99631936787422,
              28.991647068323633
            ],
            [
              -88.9963176345373,
              28.99155686351994
            ],
            [
              -88.99621503595355,
              28.991558387429407
            ],
            [
              -88.9962133027135,
              28.991468182618767
            ],
            [
              -88.99600810570006,
              28.9914712301918
            ],
            [
              -88.99600637264582,
              28.991381025368582
            ],
            [
              -88.99590377421615,
              28.991382549032142
            ],
            [
              -88.99590204125879,
              28.991292344202012
            ],
            [
              -88.9956968445535,
              28.991295391283206
            ],
            [
              -88.99569511178194,
              28.9912051864405
            ],
            [
              -88.99559251350634,
              28.991206709858147
            ],
            [
              -88.99559078083165,
              28.991116505008506
            ],
            [
              -88.99548818263705,
              28.991118028342296
            ],
            [
              -88.99548645005922,
              28.991027823485727
            ],
            [
              -88.99538385194565,
              28.99102934673567
            ],
            [
              -88.99538211946467,
              28.990939141872154
            ],
            [
              -88.9952795214321,
              28.990940665038263
            ],
            [
              -88.99527605667183,
              28.990760255296056
            ],
            [
              -88.99517345880919,
              28.99076177837269
            ],
            [
              -88.99517172652989,
              28.990671573493998
            ],
            [
              -88.99506912874826,
              28.990673096486795
            ],
            [
              -88.99506739656582,
              28.990582891601168
            ],
            [
              -88.9949647988652,
              28.99058441451011
            ],
            [
              -88.99496306677962,
              28.99049420961755
            ],
            [
              -88.99486046916,
              28.99049573244265
            ],
            [
              -88.99485873717127,
              28.990405527543167
            ],
            [
              -88.99475613963267,
              28.990407050284425
            ],
            [
              -88.99475267585689,
              28.990226640470276
            ],
            [
              -88.99465007848822,
              28.990228163122065
            ],
            [
              -88.99463795614518,
              28.98959672869199
            ],
            [
              -88.99453535939111,
              28.98959825122618
            ],
            [
              -88.99452323805896,
              28.988966816692734
            ],
            [
              -88.99462583419054,
              28.98896529419794
            ],
            [
              -88.99462063918602,
              28.988694679395184
            ],
            [
              -88.9947232350429,
              28.988693156839062
            ],
            [
              -88.99472150330165,
              28.98860295190782
            ],
            [
              -88.99482409906166,
              28.988601429279107
            ],
            [
              -88.99482236723942,
              28.988511224352205
            ],
            [
              -88.99492496290257,
              28.988509701650912
            ],
            [
              -88.99492149910402,
              28.988329291804433
            ],
            [
              -88.99502409458141,
              28.988327769036193
            ],
            [
              -88.99501889867625,
              28.98805715427356
            ],
            [
              -88.99491630346564,
              28.98805867702492
            ],
            [
              -88.99490591240288,
              28.987517447430637
            ],
            [
              -88.99480331771787,
              28.98751897007002
            ],
            [
              -88.99479812256027,
              28.987248355238364
            ],
            [
              -88.9946955281341,
              28.98724987778267
            ],
            [
              -88.99469206491317,
              28.987069467877124
            ],
            [
              -88.99458947065689,
              28.987070990331958
            ],
            [
              -88.99458773914724,
              28.986980785371603
            ],
            [
              -88.99448514497196,
              28.98698230774261
            ],
            [
              -88.99448168215426,
              28.98680189780672
            ],
            [
              -88.99437908814889,
              28.98680342008827
            ],
            [
              -88.99437562554073,
              28.986623010135908
            ],
            [
              -88.99427303170528,
              28.986624532328012
            ],
            [
              -88.99426956930664,
              28.98644412235917
            ],
            [
              -88.99416697564108,
              28.986445644461813
            ],
            [
              -88.99416351345198,
              28.986265234476495
            ],
            [
              -88.99406091995634,
              28.986266756489687
            ],
            [
              -88.99405745797675,
              28.9860863464879
            ],
            [
              -88.99395486465102,
              28.98608786841164
            ],
            [
              -88.99395140288097,
              28.98590745839338
            ],
            [
              -88.99384880972512,
              28.985908980227673
            ],
            [
              -88.99384534816458,
              28.985728570192936
            ],
            [
              -88.99374275517864,
              28.985730091937782
            ],
            [
              -88.99374102449919,
              28.985639886912836
            ],
            [
              -88.99363843159425,
              28.98564140857385
            ],
            [
              -88.99363497043689,
              28.985460998508792
            ],
            [
              -88.99353237770184,
              28.98546252008035
            ],
            [
              -88.99352026452297,
              28.984831084772168
            ],
            [
              -88.99362285663562,
              28.98482956323996
            ],
            [
              -88.99361766512534,
              28.984558948105175
            ],
            [
              -88.99382284879344,
              28.98455590483994
            ],
            [
              -88.99382111812804,
              28.984465699803643
            ],
            [
              -88.9946418517723,
              28.98445352365985
            ],
            [
              -88.99464358314896,
              28.98454372865115
            ],
            [
              -88.9948487666586,
              28.984540683821997
            ],
            [
              -88.99485049822101,
              28.984630888800723
            ],
            [
              -88.99495309005285,
              28.984629366263224
            ],
            [
              -88.99495482171207,
              28.98471957123501
            ],
            [
              -88.99505741362489,
              28.984718048613686
            ],
            [
              -88.99505914538095,
              28.984808253578546
            ],
            [
              -88.99516173737476,
              28.9848067308734
            ],
            [
              -88.99516346922766,
              28.984896935831326
            ],
            [
              -88.99526606130244,
              28.98489541304236
            ],
            [
              -88.99526779325218,
              28.984985617993352
            ],
            [
              -88.99537038540795,
              28.98498409512056
            ],
            [
              -88.99537211745452,
              28.985074300064607
            ],
            [
              -88.99547470969127,
              28.985072777107998
            ],
            [
              -88.99547644183468,
              28.985162982045107
            ],
            [
              -88.9955790341524,
              28.985161459004665
            ],
            [
              -88.99558076639265,
              28.985251663934854
            ],
            [
              -88.99568335879137,
              28.985250140810585
            ],
            [
              -88.99568682347348,
              28.985430550655767
            ],
            [
              -88.99578941604207,
              28.985429027442038
            ],
            [
              -88.99579114848393,
              28.985519232357053
            ],
            [
              -88.99589374113351,
              28.9855177090595
            ],
            [
              -88.99589547367222,
              28.98560791396757
            ],
            [
              -88.99599806640278,
              28.985606390586174
            ],
            [
              -88.99599979903833,
              28.985696595487315
            ],
            [
              -88.99610239184986,
              28.9856950720221
            ],
            [
              -88.99610412458226,
              28.9857852769163
            ],
            [
              -88.99620671747478,
              28.98578375336725
            ],
            [
              -88.99620845030401,
              28.985873958254512
            ],
            [
              -88.99631104327752,
              28.985872434621637
            ],
            [
              -88.9963127762036,
              28.98596263950196
            ],
            [
              -88.99641536925809,
              28.985961115785248
            ],
            [
              -88.996417102281,
              28.986051320658643
            ],
            [
              -88.99651969541647,
              28.9860497968581
            ],
            [
              -88.99652142853624,
              28.986140001724554
            ],
            [
              -88.99662402175268,
              28.986138477840168
            ],
            [
              -88.9966257549693,
              28.986228682699682
            ],
            [
              -88.99672834826673,
              28.98622715873148
            ],
            [
              -88.9967300815802,
              28.986317363584053
            ],
            [
              -88.99693526832908,
              28.986314315401767
            ],
            [
              -88.99693700182831,
              28.986404520241773
            ],
            [
              -88.99703959527976,
              28.986402996027696
            ],
            [
              -88.99704132887584,
              28.986493200860767
            ],
            [
              -88.99714392240827,
              28.98649167656285
            ],
            [
              -88.9971456561012,
              28.98658188138898
            ],
            [
              -88.99724824971462,
              28.986580357007234
            ],
            [
              -88.9972499835044,
              28.986670561826408
            ],
            [
              -88.9973525771988,
              28.98666903736083
            ],
            [
              -88.99735431108543,
              28.98675924217307
            ],
            [
              -88.9974569048608,
              28.986757717623647
            ],
            [
              -88.99746210683507,
              28.98702833203565
            ],
            [
              -88.99756470086926,
              28.987026807391107
            ],
            [
              -88.99756816906964,
              28.98720721698131
            ],
            [
              -88.99767076327372,
              28.987205692247308
            ],
            [
              -88.99767423168367,
              28.98738610182101
            ],
            [
              -88.99777682605766,
              28.98738457699754
            ],
            [
              -88.99778029467721,
              28.987564986554737
            ],
            [
              -88.9978828892211,
              28.98756346164179
            ],
            [
              -88.99788635805025,
              28.9877438711825
            ],
            [
              -88.99798895276405,
              28.98774234618007
            ],
            [
              -88.99799242180279,
              28.98792275570429
            ],
            [
              -88.99809501668649,
              28.98792123061238
            ],
            [
              -88.99809675130669,
              28.988011435366897
            ],
            [
              -88.99819934627136,
              28.98800991019113
            ],
            [
              -88.99820281571343,
              28.988190319684964
            ],
            [
              -88.998305410848,
              28.988188794419727
            ],
            [
              -88.99830714566988,
              28.98827899915906
            ],
            [
              -88.99840974088545,
              28.988277473809987
            ],
            [
              -88.99841321073085,
              28.988457883273426
            ],
            [
              -88.99851580611632,
              28.988456357834867
            ],
            [
              -88.99851927617134,
              28.988636767281818
            ],
            [
              -88.99862187172671,
              28.98863524175377
            ],
            [
              -88.99862534199136,
              28.988815651184222
            ],
            [
              -88.99872793771664,
              28.98881412556669
            ],
            [
              -88.99872967294979,
              28.98890433027432
            ],
            [
              -88.99883226875606,
              28.988902804572945
            ],
            [
              -88.99883400408609,
              28.98899300927363
            ],
            [
              -88.99893659997335,
              28.9889914834884
            ],
            [
              -88.99894007083508,
              28.989171892874573
            ],
            [
              -88.99904266689225,
              28.989170366999865
            ],
            [
              -88.99904440242395,
              28.989260571685346
            ],
            [
              -88.9991469985621,
              28.989259045726783
            ],
            [
              -88.99914873419068,
              28.989349250405322
            ],
            [
              -88.9992513304098,
              28.98934772436291
            ],
            [
              -88.99925480186866,
              28.989528133704788
            ],
            [
              -88.9993573982577,
              28.989526607572895
            ],
            [
              -88.99936260577235,
              28.989797221558998
            ],
            [
              -88.99946520242024,
              28.989795695331964
            ],
            [
              -88.99947388221489,
              28.990246718587812
            ],
            [
              -88.99957647929946,
              28.990245192254356
            ],
            [
              -88.99957821537117,
              28.990335396895972
            ],
            [
              -88.99947561819764,
              28.99033692323506
            ],
            [
              -88.99947735418836,
              28.990427127881002
            ],
            [
              -88.99957995145081,
              28.990425601536277
            ],
            [
              -88.99958515973742,
              28.99069621544935
            ],
            [
              -88.99948256220816,
              28.990697741811
            ],
            [
              -88.99949297846231,
              28.991238969635738
            ],
            [
              -88.9993903803915,
              28.991240495953022
            ],
            [
              -88.99939385236192,
              28.991420905228768
            ],
            [
              -88.99929125410529,
              28.99142243147912
            ],
            [
              -88.99930340562945,
              28.992053863942566
            ],
            [
              -88.99940600450866,
              28.992052337652737
            ],
            [
              -88.9994094766221,
              28.99223274690496
            ],
            [
              -88.99951207567123,
              28.992231220525632
            ],
            [
              -88.99951381182882,
              28.992321425144148
            ],
            [
              -88.99961641095895,
              28.992319898680954
            ],
            [
              -88.99961988347583,
              28.99250030790279
            ],
            [
              -88.99972248277591,
              28.99249878135009
            ],
            [
              -88.9997242191352,
              28.99258898595341
            ],
            [
              -88.99982681851628,
              28.99258745931685
            ],
            [
              -88.99983029143661,
              28.992767868508274
            ],
            [
              -89.00003549053068,
              28.992764814977924
            ],
            [
              -89.00003722718066,
              28.9928550195604
            ],
            [
              -89.0001398268047,
              28.992853492672264
            ],
            [
              -89.00014156355157,
              28.992943697247775
            ],
            [
              -89.00024416325661,
              28.992942170275768
            ],
            [
              -89.00024590010037,
              28.993032374844336
            ],
            [
              -89.00034849988641,
              28.993030847788457
            ],
            [
              -89.00035023682707,
              28.993121052350087
            ],
            [
              -89.0004528366941,
              28.99311952521034
            ],
            [
              -89.00045631077715,
              28.993299934318383
            ],
            [
              -89.00055891081412,
              28.993298407089128
            ],
            [
              -89.00056064795653,
              28.993388611635552
            ],
            [
              -89.0006632480745,
              28.993387084322432
            ],
            [
              -89.00066672256104,
              28.99356749340005
            ],
            [
              -89.00076932284894,
              28.993565965997423
            ],
            [
              -89.00077279754518,
              28.99374637505854
            ],
            [
              -89.00087539800303,
              28.993744847566397
            ],
            [
              -89.00087713545203,
              28.993835052089352
            ],
            [
              -89.00097973599088,
              28.993833524513338
            ],
            [
              -89.00098321109061,
              28.994013933544018
            ],
            [
              -89.00108581179941,
              28.994012405878504
            ],
            [
              -89.00108928710887,
              28.99419281489267
            ],
            [
              -89.0011918879876,
              28.994191287137625
            ],
            [
              -89.00119883905774,
              28.994552105127728
            ],
            [
              -89.00130144028431,
              28.99455057727188
            ],
            [
              -89.00131186766185,
              28.995091804183957
            ],
            [
              -89.00120926590155,
              28.995093332073694
            ],
            [
              -89.00121274157979,
              28.995273741045217
            ],
            [
              -89.00111013963362,
              28.995275268868014
            ],
            [
              -89.00111187739573,
              28.99536547335747
            ]
          ]
        ]
      },
      "properties": {
        "incident_id": "SP-021",
        "type": "AI-detected-slick",
        "source": "Sentinel-1 SAR",
        "method": "U-Net segmentation + radiometric filtering"
      }
    },
    {
      "type": "Feature",
      "geometry": {
        "type": "Polygon",
        "coordinates": [
          [
            [
              -88.99349603932954,
              28.9835682139639
            ],
            [
              -88.99288049395537,
              28.983577341042654
            ],
            [
              -88.99287876417723,
              28.983487135941385
            ],
            [
              -88.99277617334273,
              28.983488656841878
            ],
            [
              -88.99277444366142,
              28.983398451733695
            ],
            [
              -88.99267185290789,
              28.983399972550384
            ],
            [
              -88.99267012332339,
              28.983309767435266
            ],
            [
              -88.99256753265087,
              28.98331128816814
            ],
            [
              -88.99256580316317,
              28.983221083046093
            ],
            [
              -88.99246321257162,
              28.98322260369515
            ],
            [
              -88.99246148318076,
              28.98313239856618
            ],
            [
              -88.9923588926702,
              28.98313391913142
            ],
            [
              -88.99235716337616,
              28.98304371399553
            ],
            [
              -88.99225457294658,
              28.98304523447696
            ],
            [
              -88.99225284374936,
              28.982955029334157
            ],
            [
              -88.99215025340077,
              28.98295654973177
            ],
            [
              -88.99214852430035,
              28.982866344582025
            ],
            [
              -88.99204593403273,
              28.982867864895834
            ],
            [
              -88.99204420502915,
              28.982777659739174
            ],
            [
              -88.99194161484252,
              28.98277917996918
            ],
            [
              -88.99193988593572,
              28.98268897480558
            ],
            [
              -88.9918372958301,
              28.982690494951772
            ],
            [
              -88.99183556702013,
              28.982600289781253
            ],
            [
              -88.99173297699548,
              28.982601809843644
            ],
            [
              -88.99173124828232,
              28.9825116046662
            ],
            [
              -88.99162865833866,
              28.982513124644772
            ],
            [
              -88.99162520111388,
              28.98233271427474
            ],
            [
              -88.99152261134009,
              28.98233423416389
            ],
            [
              -88.99152088282848,
              28.982244028971294
            ],
            [
              -88.99141829313568,
              28.98224554877664
            ],
            [
              -88.99141656472086,
              28.982155343577123
            ],
            [
              -88.99131397510905,
              28.982156863298663
            ],
            [
              -88.99131224679105,
              28.98206665809222
            ],
            [
              -88.99110706772147,
              28.982069697289496
            ],
            [
              -88.99110533958918,
              28.981979492070522
            ],
            [
              -88.99100275013143,
              28.981981011546253
            ],
            [
              -88.99100102209594,
              28.981890806320358
            ],
            [
              -88.99089843271918,
              28.981892325712288
            ],
            [
              -88.99089497684972,
              28.98171191524534
            ],
            [
              -88.99079238764284,
              28.981713434547853
            ],
            [
              -88.99079065980887,
              28.981623229306813
            ],
            [
              -88.99068807068296,
              28.981624748525523
            ],
            [
              -88.99068461521654,
              28.98144433802828
            ],
            [
              -88.9904794372966,
              28.981447376208674
            ],
            [
              -88.99047598221738,
              28.981266965683755
            ],
            [
              -88.99037339342334,
              28.981268484645454
            ],
            [
              -88.99037166598448,
              28.981178279375413
            ],
            [
              -88.99026907727144,
              28.981179798253294
            ],
            [
              -88.99026734992937,
              28.981089592976353
            ],
            [
              -88.99006217265732,
              28.981092630486344
            ],
            [
              -88.9900587183525,
              28.980912219906067
            ],
            [
              -88.98985354140439,
              28.980915257080873
            ],
            [
              -88.98985181444164,
              28.980825051777543
            ],
            [
              -88.98964663763968,
              28.980828088628385
            ],
            [
              -88.9896449108626,
              28.980737883312536
            ],
            [
              -88.98954232253865,
              28.980739401615065
            ],
            [
              -88.98954059585839,
              28.98064919629229
            ],
            [
              -88.98933541936458,
              28.980652232651575
            ],
            [
              -88.98933369286996,
              28.980562027316275
            ],
            [
              -88.98912851652233,
              28.98056506335161
            ],
            [
              -88.98912679021342,
              28.980474858003774
            ],
            [
              -88.98902420211664,
              28.980476375898554
            ],
            [
              -88.98902247590452,
              28.980386170543802
            ],
            [
              -88.98891988788873,
              28.980387688354785
            ],
            [
              -88.98891816177338,
              28.980297482993127
            ],
            [
              -88.98881557383858,
              28.980299000720315
            ],
            [
              -88.98881384782004,
              28.980208795351736
            ],
            [
              -88.98871125996622,
              28.980210312995137
            ],
            [
              -88.98870953404447,
              28.980120107619648
            ],
            [
              -88.98860694627164,
              28.980121625179248
            ],
            [
              -88.98860522044669,
              28.980031419796845
            ],
            [
              -88.9884000450551,
              28.98003445467029
            ],
            [
              -88.98839659378443,
              28.979854043879122
            ],
            [
              -88.9881914187168,
              28.979857078417396
            ],
            [
              -88.98818796783328,
              28.97967666759859
            ],
            [
              -88.9879827930896,
              28.97967970180171
            ],
            [
              -88.98798106783745,
              28.97958949637913
            ],
            [
              -88.98787848054266,
              28.979591013357815
            ],
            [
              -88.9878767553873,
              28.97950080792831
            ],
            [
              -88.98767158095178,
              28.979503841639918
            ],
            [
              -88.9876698559821,
              28.979413636197904
            ],
            [
              -88.98756726884137,
              28.979415152930834
            ],
            [
              -88.98756554396847,
              28.979324947481906
            ],
            [
              -88.98746295690874,
              28.979326464131045
            ],
            [
              -88.98746123213262,
              28.979236258675204
            ],
            [
              -88.98735864515389,
              28.979237775240556
            ],
            [
              -88.98735692047454,
              28.979147569777812
            ],
            [
              -88.98715174667115,
              28.979150602662763
            ],
            [
              -88.98715002217746,
              28.9790603971875
            ],
            [
              -88.9870474353528,
              28.979061913507103
            ],
            [
              -88.98704571095591,
              28.97897170802492
            ],
            [
              -88.98694312421225,
              28.978973224260734
            ],
            [
              -88.98694139991213,
              28.97888301877166
            ],
            [
              -88.98683881324945,
              28.978884534923694
            ],
            [
              -88.98683536485065,
              28.978704123930402
            ],
            [
              -88.98673277835785,
              28.978705639993056
            ],
            [
              -88.98673105425917,
              28.978615434488844
            ],
            [
              -88.98662846784735,
              28.978616950467707
            ],
            [
              -88.98662674384545,
              28.978526744956586
            ],
            [
              -88.98652415751462,
              28.978528260851675
            ],
            [
              -88.9865224336095,
              28.978438055333648
            ],
            [
              -88.98631726110195,
              28.978441086878075
            ],
            [
              -88.98631553738247,
              28.97835088134755
            ],
            [
              -88.98621295120573,
              28.978352396996893
            ],
            [
              -88.98621122758303,
              28.97826219145945
            ],
            [
              -88.98610864148729,
              28.978263707025015
            ],
            [
              -88.98610691796135,
              28.978173501480665
            ],
            [
              -88.98590174592398,
              28.97817653236605
            ],
            [
              -88.98590002258368,
              28.978086326809194
            ],
            [
              -88.98579743664203,
              28.97808784212902
            ],
            [
              -88.98579571339852,
              28.977997636565256
            ],
            [
              -88.98569312753787,
              28.97799915180131
            ],
            [
              -88.98569140439112,
              28.977908946230635
            ],
            [
              -88.98558881861145,
              28.977910461382912
            ],
            [
              -88.98558709556146,
              28.977820255805337
            ],
            [
              -88.98548450986279,
              28.97782177087383
            ],
            [
              -88.98548278690959,
              28.977731565289353
            ],
            [
              -88.98527761566633,
              28.977734595180628
            ],
            [
              -88.98527589289876,
              28.97764438958363
            ],
            [
              -88.98517330735419,
              28.977645904406415
            ],
            [
              -88.98517158468337,
              28.977555698802526
            ],
            [
              -88.98506899921979,
              28.977557213541512
            ],
            [
              -88.98506727664575,
              28.97746700793072
            ],
            [
              -88.98496469126316,
              28.977468522585948
            ],
            [
              -88.98496296878588,
              28.977378316968252
            ],
            [
              -88.98486038348427,
              28.9773798315397
            ],
            [
              -88.98485866110376,
              28.977289625915088
            ],
            [
              -88.98475607588315,
              28.977291140402766
            ],
            [
              -88.9847543535994,
              28.97720093477125
            ],
            [
              -88.98465176845977,
              28.97720244917516
            ],
            [
              -88.98465004627278,
              28.977112243536748
            ],
            [
              -88.98454746121416,
              28.97711375785689
            ],
            [
              -88.98454573912392,
              28.977023552211573
            ],
            [
              -88.98444315414628,
              28.97702506644793
            ],
            [
              -88.98443971016721,
              28.976844655142212
            ],
            [
              -88.98433712535945,
              28.97684616928921
            ],
            [
              -88.98433540347061,
              28.97675596362877
            ],
            [
              -88.98423281874383,
              28.976757477691997
            ],
            [
              -88.98422937516754,
              28.976577066356047
            ],
            [
              -88.98412679061065,
              28.976578580329907
            ],
            [
              -88.98412334724362,
              28.97639816897755
            ],
            [
              -88.98402076285659,
              28.976399682862038
            ],
            [
              -88.98401904127378,
              28.976309477178305
            ],
            [
              -88.98391645696773,
              28.976310990979023
            ],
            [
              -88.98391301400349,
              28.976130579596457
            ],
            [
              -88.9838104298673,
              28.976132093307815
            ],
            [
              -88.98380870848588,
              28.976041887608975
            ],
            [
              -88.98370612443068,
              28.976043401236577
            ],
            [
              -88.98370268186922,
              28.975862989823792
            ],
            [
              -88.98360009798388,
              28.975864503362025
            ],
            [
              -88.98359837680384,
              28.97577429764808
            ],
            [
              -88.98349579299949,
              28.97577581110255
            ],
            [
              -88.98349235084078,
              28.975595399659568
            ],
            [
              -88.9833897672063,
              28.975596913024678
            ],
            [
              -88.98338804622763,
              28.975506707295633
            ],
            [
              -88.98328546267415,
              28.97550822057698
            ],
            [
              -88.98328374179222,
              28.975418014841036
            ],
            [
              -88.98318115831972,
              28.97541952803862
            ],
            [
              -88.98317943753456,
              28.975329322295767
            ],
            [
              -88.98307685414305,
              28.975330835409594
            ],
            [
              -88.98307513345462,
              28.975240629659854
            ],
            [
              -88.9829725501441,
              28.97524214268992
            ],
            [
              -88.9829691089686,
              28.975061731175334
            ],
            [
              -88.98286652582794,
              28.975063244116043
            ],
            [
              -88.98286308486169,
              28.974882832585052
            ],
            [
              -88.9827605018909,
              28.974884345436408
            ],
            [
              -88.98275878150844,
              28.97479413966337
            ],
            [
              -88.98265619861864,
              28.974795652430956
            ],
            [
              -88.98265275805508,
              28.974615240869788
            ],
            [
              -88.98255017533513,
              28.974616753548027
            ],
            [
              -88.98254673498083,
              28.974436341970442
            ],
            [
              -88.98244415243073,
              28.97443785455933
            ],
            [
              -88.98244243235425,
              28.97434764876299
            ],
            [
              -88.98233984988514,
              28.974349161268123
            ],
            [
              -88.9823381299054,
              28.974258955464894
            ],
            [
              -88.98223554751728,
              28.97426046788629
            ],
            [
              -88.98223382763429,
              28.97417026207614
            ],
            [
              -88.98202866301214,
              28.974173286673224
            ],
            [
              -88.98202694331474,
              28.974083080850615
            ],
            [
              -88.98182177883885,
              28.974086105123856
            ],
            [
              -88.98182005932703,
              28.973995899288745
            ],
            [
              -88.98151231282074,
              28.97400043509561
            ],
            [
              -88.9815105935834,
              28.973910229242435
            ],
            [
              -88.98130542938424,
              28.973913252711686
            ],
            [
              -88.98130371033248,
              28.97382304684603
            ],
            [
              -88.98120112830996,
              28.973824558457824
            ],
            [
              -88.98119940935496,
              28.97373435258527
            ],
            [
              -88.98109682741342,
              28.9737358641133
            ],
            [
              -88.98109510855512,
              28.97364565823386
            ],
            [
              -88.98099252669459,
              28.973647169678145
            ],
            [
              -88.98098908917933,
              28.973466757904173
            ],
            [
              -88.98088650748865,
              28.973468269259126
            ],
            [
              -88.98088307018259,
              28.97328785746876
            ],
            [
              -88.98078048866175,
              28.973289368734378
            ],
            [
              -88.98077189597858,
              28.9728383392077
            ],
            [
              -88.98138738231978,
              28.972829270609253
            ],
            [
              -88.9813856632736,
              28.972739064733545
            ],
            [
              -88.9816934060714,
              28.97273452939593
            ],
            [
              -88.98169512538415,
              28.972824735254875
            ],
            [
              -88.98190028738772,
              28.972821711294486
            ],
            [
              -88.98190200688605,
              28.97291191714095
            ],
            [
              -88.98210716903583,
              28.972908892856744
            ],
            [
              -88.98210888871975,
              28.972999098690714
            ],
            [
              -88.98241663215195,
              28.97299456166142
            ],
            [
              -88.98241835211032,
              28.973084767477328
            ],
            [
              -88.9828286769318,
              28.973078716988326
            ],
            [
              -88.98282007544155,
              28.972627688007645
            ],
            [
              -88.98271749469228,
              28.972629200719176
            ],
            [
              -88.9827088938432,
              28.97217817167793
            ],
            [
              -88.98260631353033,
              28.972179684283326
            ],
            [
              -88.98259083329775,
              28.971367831876606
            ],
            [
              -88.9824882537767,
              28.97136934435352
            ],
            [
              -88.98248309410744,
              28.971098726844364
            ],
            [
              -88.98238051484505,
              28.971100239226345
            ],
            [
              -88.98237707528261,
              28.970919827535877
            ],
            [
              -88.98227449619004,
              28.97092133982853
            ],
            [
              -88.982269337172,
              28.970650722266264
            ],
            [
              -88.9821667583381,
              28.970652234463984
            ],
            [
              -88.98216159965745,
              28.970381616873215
            ],
            [
              -88.98205902108221,
              28.970383128976
            ],
            [
              -88.98205386273894,
              28.97011251135672
            ],
            [
              -88.98195128442238,
              28.970114023364594
            ],
            [
              -88.98194440709693,
              28.969753199831604
            ],
            [
              -88.98204698505812,
              28.9697516878461
            ],
            [
              -88.98204010750324,
              28.969390864314605
            ],
            [
              -88.98214268510121,
              28.969389352273307
            ],
            [
              -88.98212377149747,
              28.968397087515655
            ],
            [
              -88.98202119487674,
              28.968398599495448
            ],
            [
              -88.98201431779414,
              28.968037775885747
            ],
            [
              -88.98211689405953,
              28.96803626392832
            ],
            [
              -88.98211001674753,
              28.967675440320097
            ],
            [
              -88.98221259264969,
              28.967673928306887
            ],
            [
              -88.98221431205472,
              28.967764134205304
            ],
            [
              -88.98262461593998,
              28.967758085348652
            ],
            [
              -88.98262633570822,
              28.967848291223394
            ],
            [
              -88.98283148778128,
              28.96784526631502
            ],
            [
              -88.98283320773506,
              28.96793547217728
            ],
            [
              -88.98293578384862,
              28.96793395960029
            ],
            [
              -88.98293750389911,
              28.968024165455663
            ],
            [
              -88.98304008009363,
              28.968022652794925
            ],
            [
              -88.98304180024083,
              28.968112858643387
            ],
            [
              -88.98314437651631,
              28.96811134589892
            ],
            [
              -88.98314609676021,
              28.96820155174048
            ],
            [
              -88.98324867311665,
              28.968200038912272
            ],
            [
              -88.98325211380576,
              28.968380450580298
            ],
            [
              -88.98335469033199,
              28.96837893766277
            ],
            [
              -88.9833564107772,
              28.96846914348923
            ],
            [
              -88.98345898738441,
              28.96846763048795
            ],
            [
              -88.98346242847612,
              28.96864804212579
            ],
            [
              -88.98356500525311,
              28.968646529035166
            ],
            [
              -88.98356672589962,
              28.96873673484653
            ],
            [
              -88.98366930275759,
              28.96873522167217
            ],
            [
              -88.98367274425192,
              28.968915633279806
            ],
            [
              -88.98387789829955,
              28.968912606674262
            ],
            [
              -88.98388306113318,
              28.969183224042354
            ],
            [
              -88.98398563841171,
              28.96918171060558
            ],
            [
              -88.98399080158276,
              28.96945232794514
            ],
            [
              -88.98409337911993,
              28.969450814413428
            ],
            [
              -88.98410198500683,
              28.969901843258643
            ],
            [
              -88.98420456298032,
              28.969900329620796
            ],
            [
              -88.98420628427019,
              28.969990535380337
            ],
            [
              -88.98430886232464,
              28.969989021658744
            ],
            [
              -88.98431058371123,
              28.970079227411375
            ],
            [
              -88.98441316184665,
              28.970077713606027
            ],
            [
              -88.98441488332996,
              28.970167919351752
            ],
            [
              -88.98451746154635,
              28.97016640546267
            ],
            [
              -88.98451918312638,
              28.9702566112015
            ],
            [
              -88.98462176142372,
              28.970255097228662
            ],
            [
              -88.98462348310049,
              28.970345302960595
            ],
            [
              -88.98482863984923,
              28.97034227476926
            ],
            [
              -88.98483036171156,
              28.970432480488686
            ],
            [
              -88.98493294016295,
              28.970430966270197
            ],
            [
              -88.98493466212201,
              28.97052117198272
            ],
            [
              -88.98503724065438,
              28.97051965768048
            ],
            [
              -88.98504068477385,
              28.97070006909042
            ],
            [
              -88.985143263476,
              28.970698554698828
            ],
            [
              -88.98514498563642,
              28.970788760396246
            ],
            [
              -88.98524756441954,
              28.9707872459209
            ],
            [
              -88.9852510089417,
              28.970967657300612
            ],
            [
              -88.98535358789465,
              28.970966142735918
            ],
            [
              -88.98535703262606,
              28.971146554099214
            ],
            [
              -88.9854596117488,
              28.971145039445165
            ],
            [
              -88.98546133421519,
              28.971235245119264
            ],
            [
              -88.98556391341889,
              28.97123373038146
            ],
            [
              -88.985567358553,
              28.971414141714536
            ],
            [
              -88.98566993792653,
              28.971412626887368
            ],
            [
              -88.98567338326988,
              28.971593038204013
            ],
            [
              -88.98577596281322,
              28.9715915232875
            ],
            [
              -88.98577940836583,
              28.97177193458774
            ],
            [
              -88.98588198807897,
              28.971770419581873
            ],
            [
              -88.98588371095597,
              28.97186062522442
            ],
            [
              -88.98598629075008,
              28.97185911013478
            ],
            [
              -88.98598973670542,
              28.972039521404792
            ],
            [
              -88.98609231666936,
              28.972038006225795
            ],
            [
              -88.98609576283394,
              28.972218417479386
            ],
            [
              -88.9861983429677,
              28.972216902211027
            ],
            [
              -88.98620006615069,
              28.97230710783026
            ],
            [
              -88.9863026463654,
              28.972305592478136
            ],
            [
              -88.98630436964513,
              28.972395798090457
            ],
            [
              -88.9864069499408,
              28.972394282654584
            ],
            [
              -88.98641039670164,
              28.972574693864114
            ],
            [
              -88.98651297716714,
              28.972573178338873
            ],
            [
              -88.98651642413724,
              28.972753589531987
            ],
            [
              -88.98661900477256,
              28.97275207391737
            ],
            [
              -88.9866207283583,
              28.97284227950637
            ],
            [
              -88.98672330907459,
              28.972840763808
            ],
            [
              -88.98672503275708,
              28.972930969390084
            ],
            [
              -88.98682761355433,
              28.972929453607957
            ],
            [
              -88.9868310611207,
              28.973109864757
            ],
            [
              -88.98693364208776,
              28.9731083488855
            ],
            [
              -88.98693708986342,
              28.973288760018125
            ],
            [
              -88.9870396710003,
              28.97328724405725
            ],
            [
              -88.98704139498882,
              28.973377449615995
            ],
            [
              -88.9871439762067,
              28.97337593357136
            ],
            [
              -88.98714742438513,
              28.973556344673735
            ],
            [
              -88.98725000577281,
              28.973554828539736
            ],
            [
              -88.98725172996272,
              28.97364503408336
            ],
            [
              -88.98735431143139,
              28.97364351786558
            ],
            [
              -88.9873577600126,
              28.973823928937705
            ],
            [
              -88.98746034165109,
              28.97382241263055
            ],
            [
              -88.98746206604241,
              28.973912618159062
            ],
            [
              -88.98756464776186,
              28.973911101768138
            ],
            [
              -88.98756637224993,
              28.974001307289733
            ],
            [
              -88.98766895405033,
              28.973999790815046
            ],
            [
              -88.98767240322789,
              28.974180201843094
            ],
            [
              -88.98777498519813,
              28.974178685279036
            ],
            [
              -88.98777670988761,
              28.974268890785485
            ],
            [
              -88.98787929193882,
              28.974267374137654
            ],
            [
              -88.98788101672505,
              28.97435757963721
            ],
            [
              -88.98798359885724,
              28.9743560629056
            ],
            [
              -88.98798532374023,
              28.97444626839824
            ],
            [
              -88.98808790595338,
              28.974444751582865
            ],
            [
              -88.98808963093313,
              28.97453495706859
            ],
            [
              -88.98819221322724,
              28.974533440169445
            ],
            [
              -88.98819393830375,
              28.97462364564825
            ],
            [
              -88.98829652067883,
              28.97462212866533
            ],
            [
              -88.9882982458521,
              28.974712334137227
            ],
            [
              -88.98850341075631,
              28.974709299925674
            ],
            [
              -88.9885051361152,
              28.974799505385054
            ],
            [
              -88.98860771864432,
              28.97479798815642
            ],
            [
              -88.98860944409998,
              28.974888193608887
            ],
            [
              -88.98881460931223,
              28.974885158905906
            ],
            [
              -88.98881633495353,
              28.97497536434585
            ],
            [
              -88.98891891763667,
              28.974973846871492
            ],
            [
              -88.98892064337473,
              28.97506405230451
            ],
            [
              -88.98902322613884,
              28.975062534746392
            ],
            [
              -88.9890266778164,
              28.975242945597305
            ],
            [
              -88.98912926075033,
              28.975241427949786
            ],
            [
              -88.98913098668983,
              28.97533163336769
            ],
            [
              -88.98923356970474,
              28.9753301156364
            ],
            [
              -88.989235295741,
              28.97542032104737
            ],
            [
              -88.98933787883688,
              28.975418803232294
            ],
            [
              -88.9893396049699,
              28.97550900863635
            ],
            [
              -88.98944218814675,
              28.9755074907375
            ],
            [
              -88.98944391437654,
              28.975597696134656
            ],
            [
              -88.98954649763435,
              28.975596178152028
            ],
            [
              -88.98954822396091,
              28.975686383542243
            ],
            [
              -88.98965080729968,
              28.975684865475827
            ],
            [
              -88.98965426015428,
              28.97586527624115
            ],
            [
              -88.98975684366287,
              28.97586375808535
            ],
            [
              -88.9897585701909,
              28.975953963460444
            ],
            [
              -88.98986115378047,
              28.97595244522085
            ],
            [
              -88.98986460703796,
              28.97613285595588
            ],
            [
              -88.98996719079736,
              28.976131337626907
            ],
            [
              -88.98996891752684,
              28.97622154298685
            ],
            [
              -88.99007150136721,
              28.97622002457409
            ],
            [
              -88.99007322819344,
              28.976310229927126
            ],
            [
              -88.99017581211479,
              28.976308711430583
            ],
            [
              -88.99017926596873,
              28.97648912212149
            ],
            [
              -88.9902818500599,
              28.97648760353555
            ],
            [
              -88.99028530412322,
              28.97666801421001
            ],
            [
              -88.99038788838425,
              28.97666649553467
            ],
            [
              -88.99038961551662,
              28.976756700864335
            ],
            [
              -88.99049219985861,
              28.976755182105208
            ],
            [
              -88.99049565432485,
              28.976935592749395
            ],
            [
              -88.99059823883668,
              28.976934073900853
            ],
            [
              -88.99060342086197,
              28.977204689840494
            ],
            [
              -88.9907060056325,
              28.977203170896953
            ],
            [
              -88.99070946053331,
              28.97738358150562
            ],
            [
              -88.9908120454737,
              28.977382062472667
            ],
            [
              -88.99081722815086,
              28.977652678359053
            ],
            [
              -88.99091981334996,
              28.977651159231076
            ],
            [
              -88.99092499636494,
              28.977921775088863
            ],
            [
              -88.99102758182275,
              28.977920255865858
            ],
            [
              -88.99103276517553,
              28.978190871695052
            ],
            [
              -88.9911353508921,
              28.978189352377044
            ],
            [
              -88.99113707878105,
              28.9782795576452
            ],
            [
              -88.99123966457857,
              28.978278038243392
            ],
            [
              -88.99124484855956,
              28.978548654023218
            ],
            [
              -88.9913474346158,
              28.97854713452638
            ],
            [
              -88.99134916271416,
              28.9786373397781
            ],
            [
              -88.99145174885138,
              28.97863582019746
            ],
            [
              -88.99145520524961,
              28.978816230685748
            ],
            [
              -88.99155779155667,
              28.978814711015698
            ],
            [
              -88.9915612481643,
              28.978995121487525
            ],
            [
              -88.99166383464123,
              28.978993601728064
            ],
            [
              -88.99166729145827,
              28.979174012183435
            ],
            [
              -88.99176987810505,
              28.97917249233456
            ],
            [
              -88.99177333513151,
              28.979352902773474
            ],
            [
              -88.99187592194815,
              28.97935138283518
            ],
            [
              -88.99187937918403,
              28.97953179325764
            ],
            [
              -88.99198196617051,
              28.979530273229937
            ],
            [
              -88.99198542361583,
              28.97971068363592
            ],
            [
              -88.99208801077216,
              28.9797091635188
            ],
            [
              -88.9920914684269,
              28.97988957390834
            ],
            [
              -88.99219405575312,
              28.979888053701796
            ],
            [
              -88.99219751361727,
              28.980068464074872
            ],
            [
              -88.99230010111334,
              28.9800669437789
            ],
            [
              -88.99230183014618,
              28.980157148957865
            ],
            [
              -88.99240441772321,
              28.980155628578096
            ],
            [
              -88.99240614685286,
              28.980245833750132
            ],
            [
              -88.99250873451088,
              28.98024431328656
            ],
            [
              -88.99251219297167,
              28.980424723615485
            ],
            [
              -88.99261478079956,
              28.980423203062486
            ],
            [
              -88.9926182394698,
              28.980603613374935
            ],
            [
              -88.99272082746755,
              28.980602092732518
            ],
            [
              -88.99272428634724,
              28.980782503028504
            ],
            [
              -88.99282687451483,
              28.980780982296658
            ],
            [
              -88.99282860405545,
              28.980871187437078
            ],
            [
              -88.99293119230403,
              28.98086966662143
            ],
            [
              -88.9929346515868,
              28.981050076887104
            ],
            [
              -88.99303724000524,
              28.981048555982028
            ],
            [
              -88.99304069949744,
              28.981228966231228
            ],
            [
              -88.99314328808576,
              28.981227445236723
            ],
            [
              -88.99314847765014,
              28.981498060583878
            ],
            [
              -88.99325106649721,
              28.98149653949432
            ],
            [
              -88.99325452642418,
              28.981676949707975
            ],
            [
              -88.99335711544113,
              28.98167542852898
            ],
            [
              -88.99336057557755,
              28.981855838726187
            ],
            [
              -88.99346316476438,
              28.98185431745776
            ],
            [
              -88.99346489493337,
              28.98194452254878
            ],
            [
              -88.99356748420115,
              28.98194300119654
            ],
            [
              -88.99357094474068,
              28.98212341136341
            ],
            [
              -88.99367353417836,
              28.98212188992174
            ],
            [
              -88.99367872531374,
              28.98239250514539
            ],
            [
              -88.99378131501018,
              28.98239098360866
            ],
            [
              -88.99378650648356,
              28.982661598803677
            ],
            [
              -88.99388909643876,
              28.982660077171886
            ],
            [
              -88.99389601886978,
              28.98302089739115
            ],
            [
              -88.99379342855896,
              28.983022419045447
            ],
            [
              -88.9937986201987,
              28.98329303421306
            ],
            [
              -88.99369602961328,
              28.98329455580604
            ],
            [
              -88.99369776008677,
              28.98338476086492
            ],
            [
              -88.99359516940454,
              28.983386282385332
            ],
            [
              -88.99359689979707,
              28.983476487448534
            ],
            [
              -88.99349430901799,
              28.983478008896377
            ],
            [
              -88.99349603932954,
              28.9835682139639
            ]
          ]
        ]
      },
      "properties": {
        "incident_id": "SP-021",
        "type": "AI-detected-slick",
        "source": "Sentinel-1 SAR",
        "method": "U-Net segmentation + radiometric filtering"
      }
    },
    {
      "type": "Feature",
      "geometry": {
        "type": "Polygon",
        "coordinates": [
          [
            [
              -88.97922974453415,
              28.972680586406224
            ],
            [
              -88.97851167719654,
              28.97269115459646
            ],
            [
              -88.97850996065408,
              28.97260094856176
            ],
            [
              -88.9783047986646,
              28.972603967330084
            ],
            [
              -88.97830308230772,
              28.97251376128291
            ],
            [
              -88.97820050139005,
              28.97251527054426
            ],
            [
              -88.97819878512988,
              28.972425064490213
            ],
            [
              -88.97799362344868,
              28.972428082767255
            ],
            [
              -88.97799019130736,
              28.972247670632928
            ],
            [
              -88.97778502995014,
              28.972250688575013
            ],
            [
              -88.97778159819565,
              28.972070276413156
            ],
            [
              -88.97767901768297,
              28.972071785255803
            ],
            [
              -88.97767730190637,
              28.97198157916733
            ],
            [
              -88.9775747214747,
              28.97198308792625
            ],
            [
              -88.9775730057948,
              28.971892881830907
            ],
            [
              -88.97747042544412,
              28.971894390506087
            ],
            [
              -88.97746699428559,
              28.97171397830032
            ],
            [
              -88.97736441410477,
              28.971715486886172
            ],
            [
              -88.97735755223736,
              28.971354662436706
            ],
            [
              -88.97725497240411,
              28.97135617092211
            ],
            [
              -88.97724811101776,
              28.970995346429458
            ],
            [
              -88.97714553153203,
              28.9709968548144
            ],
            [
              -88.97713867062673,
              28.970636030278587
            ],
            [
              -88.97703609148856,
              28.97063753856306
            ],
            [
              -88.97702580089924,
              28.970096301686798
            ],
            [
              -88.9769232222863,
              28.970097809859645
            ],
            [
              -88.97691636240586,
              28.969736985227094
            ],
            [
              -88.97681378414043,
              28.969738493299495
            ],
            [
              -88.9768120692788,
              28.969648287132518
            ],
            [
              -88.97670949109437,
              28.969649795121192
            ],
            [
              -88.97670777632943,
              28.969559588947348
            ],
            [
              -88.97660519822601,
              28.969561096852296
            ],
            [
              -88.97660176889734,
              28.96938068448953
            ],
            [
              -88.97649919096376,
              28.969382192305176
            ],
            [
              -88.97649747640004,
              28.969291986116264
            ],
            [
              -88.97639489854745,
              28.969293493848188
            ],
            [
              -88.97639318408044,
              28.969203287652388
            ],
            [
              -88.97629060630884,
              28.969204795300584
            ],
            [
              -88.97628717757603,
              28.969024382893956
            ],
            [
              -88.97618459997426,
              28.96902589045286
            ],
            [
              -88.97618117145052,
              28.96884547802984
            ],
            [
              -88.97607859401859,
              28.96884698549945
            ],
            [
              -88.97607687985735,
              28.968756779280422
            ],
            [
              -88.97597430250639,
              28.968758286666304
            ],
            [
              -88.97597258844182,
              28.968668080440406
            ],
            [
              -88.97587001117188,
              28.968669587742564
            ],
            [
              -88.97586658324396,
              28.968489175275682
            ],
            [
              -88.97576400614385,
              28.96849068248855
            ],
            [
              -88.975760578425,
              28.968310270005322
            ],
            [
              -88.97565800149471,
              28.968311777128893
            ],
            [
              -88.97565286024181,
              28.968041158377552
            ],
            [
              -88.97555028357019,
              28.968042665406266
            ],
            [
              -88.97554171541643,
              28.967591634100117
            ],
            [
              -88.97543913918115,
              28.96759314102282
            ],
            [
              -88.97543742566275,
              28.9675029347521
            ],
            [
              -88.97523227334632,
              28.96750594835193
            ],
            [
              -88.97523056001344,
              28.96741574206878
            ],
            [
              -88.97492283174647,
              28.967420261865723
            ],
            [
              -88.97492111868794,
              28.967330055564553
            ],
            [
              -88.97481854267211,
              28.967331562001675
            ],
            [
              -88.97481682971026,
              28.967241355693623
            ],
            [
              -88.97461167783271,
              28.967244368322305
            ],
            [
              -88.97460996505637,
              28.967154162001812
            ],
            [
              -88.97450738919467,
              28.967155668193364
            ],
            [
              -88.97450567651501,
              28.967065461866007
            ],
            [
              -88.97430052494575,
              28.96706847400355
            ],
            [
              -88.9742988124516,
              28.966978267663748
            ],
            [
              -88.97419623674404,
              28.966979773609737
            ],
            [
              -88.97419452434656,
              28.966889567263053
            ],
            [
              -88.97398937308557,
              28.966892578909466
            ],
            [
              -88.97398766087359,
              28.966802372550355
            ],
            [
              -88.97388508532018,
              28.966803878250786
            ],
            [
              -88.97388337320487,
              28.96671367188479
            ],
            [
              -88.97367822225219,
              28.966716683040087
            ],
            [
              -88.97367651032238,
              28.96662647666166
            ],
            [
              -88.97357393492312,
              28.966627982116517
            ],
            [
              -88.97357222308999,
              28.966537775731233
            ],
            [
              -88.97346964777171,
              28.96653928110239
            ],
            [
              -88.97346793603523,
              28.966449074710226
            ],
            [
              -88.97336536079796,
              28.966450579997684
            ],
            [
              -88.97336364915814,
              28.966360373598647
            ],
            [
              -88.97326107400187,
              28.966361878802385
            ],
            [
              -88.97325936245873,
              28.966271672396484
            ],
            [
              -88.97315678738343,
              28.96627317751652
            ],
            [
              -88.97315336449832,
              28.966092764689677
            ],
            [
              -88.97305078959285,
              28.966094269720443
            ],
            [
              -88.97304907825088,
              28.9660040632995
            ],
            [
              -88.97294650342641,
              28.966005568246565
            ],
            [
              -88.97294479218108,
              28.96591536181875
            ],
            [
              -88.9728422174376,
              28.965916866682118
            ],
            [
              -88.97284050628896,
              28.965826660247437
            ],
            [
              -88.97263535695615,
              28.965829669728606
            ],
            [
              -88.97263364599299,
              28.965739463281498
            ],
            [
              -88.97253107140367,
              28.965740967899293
            ],
            [
              -88.97252936053715,
              28.96565076144533
            ],
            [
              -88.97242678602882,
              28.965652265979447
            ],
            [
              -88.97242507525898,
              28.965562059518593
            ],
            [
              -88.97232250083165,
              28.96556356396899
            ],
            [
              -88.97232079015846,
              28.965473357501292
            ],
            [
              -88.97221821581212,
              28.965474861868007
            ],
            [
              -88.9722165052356,
              28.965384655393432
            ],
            [
              -88.97211393097025,
              28.965386159676438
            ],
            [
              -88.97211222049039,
              28.965295953194993
            ],
            [
              -88.97190707211384,
              28.96529896151547
            ],
            [
              -88.97190536181944,
              28.965208755021596
            ],
            [
              -88.97170021358924,
              28.965211763018395
            ],
            [
              -88.97169850348033,
              28.965121556512102
            ],
            [
              -88.97149335539645,
              28.965124564185235
            ],
            [
              -88.97149164547302,
              28.96503435766652
            ],
            [
              -88.97128649753547,
              28.965037365015974
            ],
            [
              -88.97128478779752,
              28.964947158484833
            ],
            [
              -88.97118221390583,
              28.964948662036797
            ],
            [
              -88.97118050426452,
              28.964858455498792
            ],
            [
              -88.97097535663532,
              28.96486146235719
            ],
            [
              -88.97097364717949,
              28.964771255806767
            ],
            [
              -88.97066592594344,
              28.96477576549167
            ],
            [
              -88.9706642167619,
              28.964685558923257
            ],
            [
              -88.97035649572189,
              28.964690067888267
            ],
            [
              -88.97035478681465,
              28.964599861301895
            ],
            [
              -88.97025221320783,
              28.964601364128395
            ],
            [
              -88.97024708679952,
              28.964330744344764
            ],
            [
              -88.97014451345133,
              28.964332247076456
            ],
            [
              -88.97014109606256,
              28.964151833869742
            ],
            [
              -88.9700385228842,
              28.964153336512197
            ],
            [
              -88.97003510570434,
              28.963972923289152
            ],
            [
              -88.9699325326958,
              28.963974425842355
            ],
            [
              -88.96993082420643,
              28.96388421922332
            ],
            [
              -88.96982825127888,
              28.963885721692836
            ],
            [
              -88.96982483450124,
              28.963705308439767
            ],
            [
              -88.9697222617435,
              28.963706810820035
            ],
            [
              -88.9697188451748,
              28.963526397550623
            ],
            [
              -88.96961627258688,
              28.963527899841655
            ],
            [
              -88.96961114805892,
              28.963257279911115
            ],
            [
              -88.96950857572963,
              28.96325878210734
            ],
            [
              -88.96950003545021,
              28.962807748835957
            ],
            [
              -88.96939746355716,
              28.962809250926274
            ],
            [
              -88.96939233974979,
              28.962538630931146
            ],
            [
              -88.96928976811537,
              28.962540132926677
            ],
            [
              -88.96928635246053,
              28.962359719578966
            ],
            [
              -88.96918378099592,
              28.96236122148525
            ],
            [
              -88.96917524243968,
              28.961910188065428
            ],
            [
              -88.96927781346021,
              28.961908686186906
            ],
            [
              -88.9692761056836,
              28.96181847950459
            ],
            [
              -88.96937867660752,
              28.961816977553497
            ],
            [
              -88.96937696874993,
              28.961726770875433
            ],
            [
              -88.96968468120832,
              28.96172226457007
            ],
            [
              -88.96968297309212,
              28.961632057907362
            ],
            [
              -88.97173438590598,
              28.961601998013716
            ],
            [
              -88.97173609579836,
              28.96169220456526
            ],
            [
              -88.97214637834071,
              28.961686188814245
            ],
            [
              -88.97214808859616,
              28.961776395342227
            ],
            [
              -88.97235322999796,
              28.96177338698684
            ],
            [
              -88.97235494043886,
              28.9618635935024
            ],
            [
              -88.97245751121683,
              28.96186208920195
            ],
            [
              -88.97245922175436,
              28.961952295710642
            ],
            [
              -88.97256179261332,
              28.961950791326508
            ],
            [
              -88.97256521388954,
              28.96213120432885
            ],
            [
              -88.97266778491826,
              28.962129699855463
            ],
            [
              -88.97267120640342,
              28.96231011284147
            ],
            [
              -88.97277377760194,
              28.96230860827882
            ],
            [
              -88.97277719929605,
              28.962489021248498
            ],
            [
              -88.97287977066436,
              28.9624875165966
            ],
            [
              -88.97288148161199,
              28.962577723073913
            ],
            [
              -88.97298405306128,
              28.96257621833831
            ],
            [
              -88.97298747515765,
              28.962756631277912
            ],
            [
              -88.97309004677673,
              28.962755126453054
            ],
            [
              -88.97309175792547,
              28.962845332915332
            ],
            [
              -88.97319432962554,
              28.962843828006783
            ],
            [
              -88.97319604087093,
              28.96293403446219
            ],
            [
              -88.97329861265197,
              28.96293252946995
            ],
            [
              -88.9733020353439,
              28.963112942365733
            ],
            [
              -88.97340460729474,
              28.963111437284233
            ],
            [
              -88.97340803019564,
              28.963291850163667
            ],
            [
              -88.97330545806717,
              28.963293355256308
            ],
            [
              -88.97330716944056,
              28.96338356169963
            ],
            [
              -88.97310202498248,
              28.963386571661644
            ],
            [
              -88.97310715861676,
              28.96365719101722
            ],
            [
              -88.97300458610951,
              28.963658695897717
            ],
            [
              -88.97300629724779,
              28.96374890235253
            ],
            [
              -88.97310886984384,
              28.963747397466456
            ],
            [
              -88.97311229232155,
              28.963927810361053
            ],
            [
              -88.9732148650874,
              28.963926305385723
            ],
            [
              -88.97321828777407,
              28.96410671826397
            ],
            [
              -88.97342343363756,
              28.964103708056644
            ],
            [
              -88.9734251451703,
              28.96419391448268
            ],
            [
              -88.97363029118007,
              28.964190903951696
            ],
            [
              -88.97362857946972,
              28.964100697536775
            ],
            [
              -88.97383372527051,
              28.964097686704385
            ],
            [
              -88.97383030151802,
              28.96391727389293
            ],
            [
              -88.97393287422902,
              28.96391576837068
            ],
            [
              -88.97393116227572,
              28.96382556196856
            ],
            [
              -88.97434145268609,
              28.963819539120454
            ],
            [
              -88.97434316499466,
              28.963909745500292
            ],
            [
              -88.97444573766649,
              28.963908239587372
            ],
            [
              -88.97444745007174,
              28.963998445960343
            ],
            [
              -88.97455002282453,
              28.963996939963717
            ],
            [
              -88.97455344783617,
              28.964177352694605
            ],
            [
              -88.97465602075876,
              28.964175846608704
            ],
            [
              -88.97466115860148,
              28.964446465678563
            ],
            [
              -88.9747637317827,
              28.964444959497822
            ],
            [
              -88.97476715722803,
              28.9646253721934
            ],
            [
              -88.97466458386918,
              28.964626878385275
            ],
            [
              -88.97466972182953,
              28.96489749743559
            ],
            [
              -88.97446457455537,
              28.964900509618367
            ],
            [
              -88.97446628704685,
              28.964990715977002
            ],
            [
              -88.97436371330919,
              28.964992221956756
            ],
            [
              -88.9743654257197,
              28.965082428319647
            ],
            [
              -88.97426285188536,
              28.965083934226847
            ],
            [
              -88.97426456421488,
              28.965174140594
            ],
            [
              -88.97436713813804,
              28.96517263468125
            ],
            [
              -88.97437056299823,
              28.965353047400544
            ],
            [
              -88.9744731370912,
              28.965351541398515
            ],
            [
              -88.9744765621604,
              28.96553195410145
            ],
            [
              -88.97457913642319,
              28.965530448010142
            ],
            [
              -88.97458256170141,
              28.965710860696735
            ],
            [
              -88.97478771055874,
              28.965707848257434
            ],
            [
              -88.97478942338728,
              28.965798054587637
            ],
            [
              -88.974891997893,
              28.96579654824521
            ],
            [
              -88.9748937108182,
              28.965886754568537
            ],
            [
              -88.97499628540491,
              28.965885248142396
            ],
            [
              -88.97499799842677,
              28.965975454458846
            ],
            [
              -88.97510057309448,
              28.965973947948996
            ],
            [
              -88.97510228621302,
              28.966064154258575
            ],
            [
              -88.97520486096171,
              28.96606264766502
            ],
            [
              -88.97520657417691,
              28.966152853967724
            ],
            [
              -88.9754117238284,
              28.966149840535046
            ],
            [
              -88.97541343722911,
              28.966240046825313
            ],
            [
              -88.97561858702687,
              28.966237033068925
            ],
            [
              -88.9756203006131,
              28.966327239346732
            ],
            [
              -88.97582545055714,
              28.966324225266646
            ],
            [
              -88.97582716432885,
              28.966414431532016
            ],
            [
              -88.97613488945257,
              28.966409909809116
            ],
            [
              -88.97613660349862,
              28.96650011605645
            ],
            [
              -88.97634175371952,
              28.96649710117267
            ],
            [
              -88.97634003949581,
              28.96640689493648
            ],
            [
              -88.97654518950765,
              28.966403879751276
            ],
            [
              -88.97654347511413,
              28.966313673524933
            ],
            [
              -88.97664605001944,
              28.966312165820707
            ],
            [
              -88.97663919216853,
              28.965951340924605
            ],
            [
              -88.97653661761852,
              28.965952848606527
            ],
            [
              -88.97653490326424,
              28.965862642373676
            ],
            [
              -88.97643232879523,
              28.965864149971893
            ],
            [
              -88.97642890028786,
              28.965683737491105
            ],
            [
              -88.97632632598864,
              28.96568524500004
            ],
            [
              -88.97632289769032,
              28.96550483250289
            ],
            [
              -88.9764254718119,
              28.96550332500511
            ],
            [
              -88.97642375758569,
              28.965413118760164
            ],
            [
              -88.97652633161059,
              28.965411611189822
            ],
            [
              -88.9765246173034,
              28.965321404949147
            ],
            [
              -88.97683233906453,
              28.96531688178601
            ],
            [
              -88.97683062449872,
              28.965226675560757
            ],
            [
              -88.97713834592273,
              28.965222151711128
            ],
            [
              -88.9771366310983,
              28.965131945501295
            ],
            [
              -88.97805979414692,
              28.965118369783248
            ],
            [
              -88.97806150977077,
              28.96520857594287
            ],
            [
              -88.97847180461012,
              28.965202540236557
            ],
            [
              -88.97847352059712,
              28.96529274637257
            ],
            [
              -88.97857609437615,
              28.965291237245058
            ],
            [
              -88.97857781045983,
              28.965381443374188
            ],
            [
              -88.97868038431982,
              28.965379934162964
            ],
            [
              -88.97868210050018,
              28.965470140285202
            ],
            [
              -88.97878467444114,
              28.965468630990266
            ],
            [
              -88.97878639071817,
              28.965558837105622
            ],
            [
              -88.9788889647401,
              28.965557327726962
            ],
            [
              -88.97889068111382,
              28.96564753383543
            ],
            [
              -88.97899325521672,
              28.965646024373065
            ],
            [
              -88.97899497168711,
              28.965736230474647
            ],
            [
              -88.97909754587099,
              28.965734720928552
            ],
            [
              -88.97909926243807,
              28.965824927023252
            ],
            [
              -88.9792018367029,
              28.965823417393434
            ],
            [
              -88.97920355336667,
              28.96591362348125
            ],
            [
              -88.97930612771246,
              28.965912113767715
            ],
            [
              -88.97931127801742,
              28.966182732006583
            ],
            [
              -88.97941385262185,
              28.966181222198156
            ],
            [
              -88.97941728637544,
              28.966361634339723
            ],
            [
              -88.97951986114965,
              28.966360124441994
            ],
            [
              -88.97952501210548,
              28.966630742627807
            ],
            [
              -88.97962758713832,
              28.966629232635192
            ],
            [
              -88.97973406157445,
              28.972222005502523
            ],
            [
              -88.9796314810334,
              28.972223515841343
            ],
            [
              -88.97963491601811,
              28.972403927797057
            ],
            [
              -88.97953233529147,
              28.9724054380689
            ],
            [
              -88.97953405270677,
              28.972495644050372
            ],
            [
              -88.9794314718834,
              28.97249715424963
            ],
            [
              -88.97943318921772,
              28.97258736023539
            ],
            [
              -88.9792280273697,
              28.972590380410583
            ],
            [
              -88.97922974453415,
              28.972680586406224
            ]
          ],
          [
            [
              -88.97393287422902,
              28.96391576837068
            ],
            [
              -88.97393458619018,
              28.964005974771485
            ],
            [
              -88.97403715898216,
              28.964004469165527
            ],
            [
              -88.97403544693219,
              28.963914262770277
            ],
            [
              -88.97393287422902,
              28.96391576837068
            ]
          ]
        ]
      },
      "properties": {
        "incident_id": "SP-021",
        "type": "AI-detected-slick",
        "source": "Sentinel-1 SAR",
        "method": "U-Net segmentation + radiometric filtering"
      }
    },
    {
      "type": "Feature",
      "geometry": {
        "type": "Polygon",
        "coordinates": [
          [
            [
              -88.97173096614469,
              28.96142158490674
            ],
            [
              -88.9687564216947,
              28.96146516123477
            ],
            [
              -88.96875471440124,
              28.961374954518167
            ],
            [
              -88.96844700279746,
              28.9613794586475
            ],
            [
              -88.96844529577824,
              28.961289251912934
            ],
            [
              -88.96834272531683,
              28.961290753127567
            ],
            [
              -88.96834101839423,
              28.961200546386152
            ],
            [
              -88.96813587762556,
              28.961203548569944
            ],
            [
              -88.96813417088838,
              28.961113341816137
            ],
            [
              -88.96803160058114,
              28.96111484278529
            ],
            [
              -88.96802989394058,
              28.961024636024618
            ],
            [
              -88.96782475348027,
              28.961027637717468
            ],
            [
              -88.96782304702515,
              28.960937430944398
            ],
            [
              -88.96761790671118,
              28.960940432313638
            ],
            [
              -88.9676162004415,
              28.960850225528166
            ],
            [
              -88.96741106027389,
              28.960853226573818
            ],
            [
              -88.96740935418961,
              28.960763019775925
            ],
            [
              -88.96730678418291,
              28.960764520176014
            ],
            [
              -88.96730337221541,
              28.96058410656527
            ],
            [
              -88.96709823253379,
              28.960587107108886
            ],
            [
              -88.96709652673937,
              28.960496900290444
            ],
            [
              -88.96668624763763,
              28.960502900418007
            ],
            [
              -88.96668454220622,
              28.960412693576092
            ],
            [
              -88.96658197250007,
              28.960414193407125
            ],
            [
              -88.9665785618383,
              28.960233779708282
            ],
            [
              -88.96647599230195,
              28.960235279450092
            ],
            [
              -88.96647258184903,
              28.960054865734957
            ],
            [
              -88.96637001248247,
              28.96005636538756
            ],
            [
              -88.96636660223838,
              28.95987595165612
            ],
            [
              -88.96626403304163,
              28.959877451219512
            ],
            [
              -88.9662623280201,
              28.959787244346288
            ],
            [
              -88.96615975890433,
              28.959788743826007
            ],
            [
              -88.96615805397941,
              28.959698536945936
            ],
            [
              -88.96605548494465,
              28.959700036342007
            ],
            [
              -88.96605378011633,
              28.959609829455086
            ],
            [
              -88.96595121116255,
              28.959611328767476
            ],
            [
              -88.96594950643085,
              28.959521121873717
            ],
            [
              -88.96584693755807,
              28.959522621102444
            ],
            [
              -88.96584523292297,
              28.959432414201835
            ],
            [
              -88.96574266413118,
              28.9594339133469
            ],
            [
              -88.96574095959268,
              28.959343706439427
            ],
            [
              -88.9656383908819,
              28.95934520550083
            ],
            [
              -88.96563498200591,
              28.959164791670926
            ],
            [
              -88.96553241346493,
              28.95916629064312
            ],
            [
              -88.96552730047587,
              28.95889566987185
            ],
            [
              -88.96542473219347,
              28.958897168749303
            ],
            [
              -88.96541961954104,
              28.95862654794969
            ],
            [
              -88.96531705151723,
              28.95862804673238
            ],
            [
              -88.9653136432989,
              28.958447632848376
            ],
            [
              -88.96521107544487,
              28.958449131541876
            ],
            [
              -88.96520937143619,
              28.958358924592375
            ],
            [
              -88.96510680366316,
              28.958360423202212
            ],
            [
              -88.9651050997511,
              28.95827021624587
            ],
            [
              -88.96500253205906,
              28.958271714772053
            ],
            [
              -88.9649991244359,
              28.958091300844377
            ],
            [
              -88.96489655691366,
              28.95809279928135
            ],
            [
              -88.96489485320257,
              28.95800259231001
            ],
            [
              -88.96479228576133,
              28.958004090663334
            ],
            [
              -88.96478887854015,
              28.957823676705676
            ],
            [
              -88.96468631126868,
              28.9578251749698
            ],
            [
              -88.96468460775858,
              28.957734967983473
            ],
            [
              -88.96458204056812,
              28.95773646616394
            ],
            [
              -88.96457693035101,
              28.957465845180543
            ],
            [
              -88.96447436341911,
              28.957467343266277
            ],
            [
              -88.96447095682429,
              28.95728692925975
            ],
            [
              -88.96436839006218,
              28.957288427256284
            ],
            [
              -88.96436498367613,
              28.957108013233462
            ],
            [
              -88.9642624170838,
              28.95710951114081
            ],
            [
              -88.96426071399125,
              28.957019304121904
            ],
            [
              -88.96415814747992,
              28.9570208019456
            ],
            [
              -88.96415644448398,
              28.95693059491986
            ],
            [
              -88.96405387805363,
              28.956932092659894
            ],
            [
              -88.96405217515427,
              28.95684188562731
            ],
            [
              -88.96394960880491,
              28.956843383283697
            ],
            [
              -88.96394620320716,
              28.956662969203556
            ],
            [
              -88.9638436370276,
              28.95666446677075
            ],
            [
              -88.96383682628077,
              28.956303638572685
            ],
            [
              -88.96352912876074,
              28.956308130739142
            ],
            [
              -88.96353083116938,
              28.956398337807222
            ],
            [
              -88.96291543538614,
              28.956407320064386
            ],
            [
              -88.9629137335102,
              28.956317112963077
            ],
            [
              -88.96270860169767,
              28.95632010641284
            ],
            [
              -88.96270690000712,
              28.956229899299164
            ],
            [
              -88.96260433417795,
              28.95623139590133
            ],
            [
              -88.96260263258398,
              28.956141188780826
            ],
            [
              -88.96239750107985,
              28.956144181739777
            ],
            [
              -88.96239579967123,
              28.956053974606895
            ],
            [
              -88.96229323399626,
              28.95605547096368
            ],
            [
              -88.96228983137996,
              28.955875056682927
            ],
            [
              -88.96218726587479,
              28.955876552950528
            ],
            [
              -88.96218556466711,
              28.955786345802675
            ],
            [
              -88.96208299924292,
              28.95578784198663
            ],
            [
              -88.96207789593298,
              28.955517220518633
            ],
            [
              -88.96197533076734,
              28.955518716607887
            ],
            [
              -88.96197022779386,
              28.955248095111568
            ],
            [
              -88.96186766288679,
              28.95524959110611
            ],
            [
              -88.96186596199998,
              28.955159383932532
            ],
            [
              -88.9617633971739,
              28.95516087984344
            ],
            [
              -88.96176169638366,
              28.955070672663037
            ],
            [
              -88.96165913163858,
              28.955072168490297
            ],
            [
              -88.96165743094492,
              28.954981961303048
            ],
            [
              -88.96155486628084,
              28.954983457046684
            ],
            [
              -88.96155316568374,
              28.954893249852603
            ],
            [
              -88.96145060110065,
              28.95489474551259
            ],
            [
              -88.96144720010737,
              28.95471433110947
            ],
            [
              -88.96134463569405,
              28.954715826680285
            ],
            [
              -88.96134293529786,
              28.95462561947124
            ],
            [
              -88.96144549962241,
              28.95462412390596
            ],
            [
              -88.96144039821424,
              28.954353502287606
            ],
            [
              -88.96154296226464,
              28.95435200666081
            ],
            [
              -88.96153786066021,
              28.954081385047335
            ],
            [
              -88.96174298820502,
              28.954078393592635
            ],
            [
              -88.96174128750823,
              28.953988186396604
            ],
            [
              -88.96184385118016,
              28.953986690557628
            ],
            [
              -88.96184215040239,
              28.95389648336583
            ],
            [
              -88.96276522230038,
              28.953883017350247
            ],
            [
              -88.96275671453343,
              28.953431981620785
            ],
            [
              -88.96265415146424,
              28.95343347812947
            ],
            [
              -88.96265074858954,
              28.953253063817506
            ],
            [
              -88.96254818569011,
              28.953254560237028
            ],
            [
              -88.96254648435321,
              28.953164353073557
            ],
            [
              -88.96244392153477,
              28.953165849409437
            ],
            [
              -88.96244222029445,
              28.953075642239128
            ],
            [
              -88.96233965755698,
              28.953077138491384
            ],
            [
              -88.96233795641322,
              28.952986931314232
            ],
            [
              -88.9620302684204,
              28.95299141958578
            ],
            [
              -88.96202856755075,
              28.952901212390724
            ],
            [
              -88.96192600495966,
              28.952902708319506
            ],
            [
              -88.96192430418657,
              28.952812501117624
            ],
            [
              -88.96182174167647,
              28.952813996962774
            ],
            [
              -88.96181834033118,
              28.95263358254405
            ],
            [
              -88.96171577799083,
              28.952635078300034
            ],
            [
              -88.96170557467447,
              28.952093834979404
            ],
            [
              -88.96191069828213,
              28.952090843455743
            ],
            [
              -88.96190899757912,
              28.952000636242147
            ],
            [
              -88.96211412097809,
              28.951997644417155
            ],
            [
              -88.96211242010533,
              28.951907437213322
            ],
            [
              -88.96242010487907,
              28.95190294890672
            ],
            [
              -88.96242180601813,
              28.951993156093938
            ],
            [
              -88.96262692933921,
              28.951990163487984
            ],
            [
              -88.9626286306636,
              28.952080370662852
            ],
            [
              -88.96273119240122,
              28.952078874237188
            ],
            [
              -88.96273289382218,
              28.95216908140521
            ],
            [
              -88.96293801745158,
              28.952166088308534
            ],
            [
              -88.96293971905784,
              28.95225629546418
            ],
            [
              -88.96304228094965,
              28.95225479879316
            ],
            [
              -88.96304398265248,
              28.95234500594196
            ],
            [
              -88.96314654462525,
              28.952343509187315
            ],
            [
              -88.96314824642464,
              28.952433716329278
            ],
            [
              -88.96335337052432,
              28.952430722574604
            ],
            [
              -88.96335507250903,
              28.9525209297042
            ],
            [
              -88.96345763463597,
              28.952519432704182
            ],
            [
              -88.96346103880634,
              28.952699846948384
            ],
            [
              -88.963563601103,
              28.952698349859194
            ],
            [
              -88.96356530328865,
              28.952788556973804
            ],
            [
              -88.9636678656663,
              28.952787059800976
            ],
            [
              -88.9636712702385,
              28.952967474015228
            ],
            [
              -88.9637738327859,
              28.952965976753216
            ],
            [
              -88.96377553517247,
              28.95305618385285
            ],
            [
              -88.96387809780084,
              28.95305468650721
            ],
            [
              -88.96387980028398,
              28.953144893599994
            ],
            [
              -88.96398236299333,
              28.95314339617071
            ],
            [
              -88.96398406557303,
              28.953233603256663
            ],
            [
              -88.96418919114588,
              28.953230608152726
            ],
            [
              -88.96419089391092,
              28.953320815226295
            ],
            [
              -88.96429345677444,
              28.95331931755163
            ],
            [
              -88.96429515963605,
              28.953409524618365
            ],
            [
              -88.96450028551722,
              28.953406529023663
            ],
            [
              -88.96450198856418,
              28.95349673607801
            ],
            [
              -88.96460455158183,
              28.95349523815797
            ],
            [
              -88.96460625472537,
              28.953585445205473
            ],
            [
              -88.96481138091484,
              28.953582449120002
            ],
            [
              -88.96481308424372,
              28.953672656155113
            ],
            [
              -88.96501821057953,
              28.95366965974617
            ],
            [
              -88.96501991409376,
              28.953759866768905
            ],
            [
              -88.96522504057593,
              28.953756870036457
            ],
            [
              -88.96522674427551,
              28.953847077046806
            ],
            [
              -88.96532930759366,
              28.95384557855789
            ],
            [
              -88.96533101138982,
              28.953935785561388
            ],
            [
              -88.96543357478895,
              28.953934286988822
            ],
            [
              -88.96543527868168,
              28.954024493985493
            ],
            [
              -88.96553784216178,
              28.954022995329282
            ],
            [
              -88.96553954615109,
              28.954113202319093
            ],
            [
              -88.96564210971218,
              28.954111703579237
            ],
            [
              -88.96564381379807,
              28.954201910562205
            ],
            [
              -88.96574637744011,
              28.954200411738704
            ],
            [
              -88.96574808162258,
              28.954290618714833
            ],
            [
              -88.96585064534561,
              28.954289119807672
            ],
            [
              -88.96585234962465,
              28.954379326776962
            ],
            [
              -88.96595491342866,
              28.954377827786164
            ],
            [
              -88.9659566178043,
              28.95446803474859
            ],
            [
              -88.96605918168926,
              28.954466535674147
            ],
            [
              -88.96606088616149,
              28.954556742629734
            ],
            [
              -88.96616345012742,
              28.954555243471642
            ],
            [
              -88.96616515469621,
              28.95464545042038
            ],
            [
              -88.96626771874314,
              28.954643951178635
            ],
            [
              -88.96626942340852,
              28.954734158120523
            ],
            [
              -88.96637198753642,
              28.95473265879512
            ],
            [
              -88.96637369229838,
              28.95482286573017
            ],
            [
              -88.96647625650724,
              28.954821366321127
            ],
            [
              -88.9664779613658,
              28.954911573249326
            ],
            [
              -88.96658052565563,
              28.95491007375663
            ],
            [
              -88.96658223061077,
              28.95500028067797
            ],
            [
              -88.96668479498157,
              28.954998781101622
            ],
            [
              -88.96668650003329,
              28.955088988016122
            ],
            [
              -88.96678906448508,
              28.955087488356117
            ],
            [
              -88.9667907696334,
              28.95517769526377
            ],
            [
              -88.96689333416616,
              28.95517619552012
            ],
            [
              -88.96689503941106,
              28.95526640242093
            ],
            [
              -88.96699760402478,
              28.955264902593623
            ],
            [
              -88.96699930936627,
              28.955355109487563
            ],
            [
              -88.96710187406099,
              28.95535360957661
            ],
            [
              -88.96710357949905,
              28.955443816463713
            ],
            [
              -88.96720614427474,
              28.955442316469107
            ],
            [
              -88.96720955535189,
              28.955622730228285
            ],
            [
              -88.96731212029731,
              28.955621230144477
            ],
            [
              -88.96731382593639,
              28.95571143701658
            ],
            [
              -88.9674163909628,
              28.955709936849107
            ],
            [
              -88.96741980244194,
              28.955890350578294
            ],
            [
              -88.9675223676381,
              28.955888850321617
            ],
            [
              -88.96752407347817,
              28.955979057178716
            ],
            [
              -88.9676266387553,
              28.95597755683838
            ],
            [
              -88.96762834469196,
              28.956067763688623
            ],
            [
              -88.96773091005008,
              28.956066263264628
            ],
            [
              -88.96773432212441,
              28.956246676950112
            ],
            [
              -88.96783688765227,
              28.956245176436905
            ],
            [
              -88.96783859378995,
              28.95633538327214
            ],
            [
              -88.96794115939879,
              28.956333882675285
            ],
            [
              -88.96794286563305,
              28.95642408950367
            ],
            [
              -88.96804543132288,
              28.95642258882314
            ],
            [
              -88.96804713765373,
              28.95651279564468
            ],
            [
              -88.9682522691875,
              28.95650979403821
            ],
            [
              -88.96825397570375,
              28.95660000084734
            ],
            [
              -88.9683565415477,
              28.95659849992139
            ],
            [
              -88.96835824816056,
              28.95668870672366
            ],
            [
              -88.96846081408547,
              28.95668720571405
            ],
            [
              -88.96846252079493,
              28.956777412509467
            ],
            [
              -88.96856508680082,
              28.956775911416184
            ],
            [
              -88.96856679360688,
              28.956866118204754
            ],
            [
              -88.96866935969375,
              28.956864617027808
            ],
            [
              -88.9686710665964,
              28.95695482380952
            ],
            [
              -88.96877363276425,
              28.956953322548923
            ],
            [
              -88.96877533976351,
              28.957043529323766
            ],
            [
              -88.96887790601232,
              28.957042027979504
            ],
            [
              -88.96888132021188,
              28.95722244151422
            ],
            [
              -88.96898388663045,
              28.95722094008073
            ],
            [
              -88.96898559383075,
              28.95731114684057
            ],
            [
              -88.96908816033029,
              28.95730964532342
            ],
            [
              -88.96909157493191,
              28.957490058828085
            ],
            [
              -88.96919414160122,
              28.95748855722172
            ],
            [
              -88.96919755641169,
              28.95766897071009
            ],
            [
              -88.96930012325076,
              28.957667469014496
            ],
            [
              -88.9693018307565,
              28.957757675751168
            ],
            [
              -88.96940439767656,
              28.95775617397191
            ],
            [
              -88.96940610527892,
              28.957846380701714
            ],
            [
              -88.96950867227994,
              28.957844878838788
            ],
            [
              -88.96951208768571,
              28.958025292283416
            ],
            [
              -88.96961465485649,
              28.95802379033126
            ],
            [
              -88.96961636265989,
              28.958113997046055
            ],
            [
              -88.96971892991166,
              28.958112495010234
            ],
            [
              -88.96972234571952,
              28.958292908424813
            ],
            [
              -88.96982491314104,
              28.958291406299765
            ],
            [
              -88.9698266211455,
              28.958381612999535
            ],
            [
              -88.969929188648,
              28.958380110790824
            ],
            [
              -88.96993089674906,
              28.958470317483755
            ],
            [
              -88.97003346433254,
              28.95846881519136
            ],
            [
              -88.97003688073573,
              28.958649228562184
            ],
            [
              -88.97013944848898,
              28.958647726180555
            ],
            [
              -88.9701411567911,
              28.958737932858455
            ],
            [
              -88.97024372462532,
              28.95873643039317
            ],
            [
              -88.97024543302406,
              28.95882663706422
            ],
            [
              -88.97034800093925,
              28.958825134515248
            ],
            [
              -88.97034970943461,
              28.958915341179434
            ],
            [
              -88.97045227743078,
              28.958913838546792
            ],
            [
              -88.97045569462256,
              28.959094251860133
            ],
            [
              -88.9705582627885,
              28.95909274913826
            ],
            [
              -88.97055997148493,
              28.95918295578742
            ],
            [
              -88.97066253973185,
              28.959181452981866
            ],
            [
              -88.97066424852488,
              28.95927165962417
            ],
            [
              -88.97076681685277,
              28.95927015673494
            ],
            [
              -88.97076852574244,
              28.959360363370397
            ],
            [
              -88.9708710941513,
              28.959358860397494
            ],
            [
              -88.9708728031376,
              28.95944906702607
            ],
            [
              -88.97097537162743,
              28.959447563969494
            ],
            [
              -88.9709787898011,
              28.959627977211614
            ],
            [
              -88.9710813584607,
              28.959626474065807
            ],
            [
              -88.97108306764807,
              28.959716680679357
            ],
            [
              -88.97118563638865,
              28.959715177449862
            ],
            [
              -88.97118905496446,
              28.959895590661947
            ],
            [
              -88.97129162387482,
              28.95989408734321
            ],
            [
              -88.97129333326326,
              28.95998429394173
            ],
            [
              -88.97139590225461,
              28.959982790539318
            ],
            [
              -88.97139932123257,
              28.960163203721336
            ],
            [
              -88.9715018903937,
              28.960161700229683
            ],
            [
              -88.97150359998322,
              28.960251906813173
            ],
            [
              -88.97160616922531,
              28.960250403237843
            ],
            [
              -88.97160787891147,
              28.960340609814473
            ],
            [
              -88.97171044823453,
              28.960339106155455
            ],
            [
              -88.97171215801733,
              28.960429312725225
            ],
            [
              -88.97181472742136,
              28.960427808982512
            ],
            [
              -88.97181814718803,
              28.96060822210703
            ],
            [
              -88.97192071676184,
              28.96060671827508
            ],
            [
              -88.97192242674573,
              28.96069692482982
            ],
            [
              -88.97202499640053,
              28.960695420914185
            ],
            [
              -88.97203012666557,
              28.960966040553906
            ],
            [
              -88.97213269657895,
              28.960964536543468
            ],
            [
              -88.97213611697241,
              28.961144949618973
            ],
            [
              -88.97203354688142,
              28.961146453640538
            ],
            [
              -88.97203696712857,
              28.961326866721972
            ],
            [
              -88.97172925627578,
              28.961331378351293
            ],
            [
              -88.97173096614469,
              28.96142158490674
            ]
          ],
          [
            [
              -88.96381128709118,
              28.954950532644432
            ],
            [
              -88.9638095845409,
              28.954860325572135
            ],
            [
              -88.96391214894479,
              28.954858828115714
            ],
            [
              -88.96391044631353,
              28.95476862104765
            ],
            [
              -88.96360275334482,
              28.954773113165974
            ],
            [
              -88.96360445570973,
              28.954863320250652
            ],
            [
              -88.9637070201292,
              28.95486182295044
            ],
            [
              -88.96370872259071,
              28.954952030028284
            ],
            [
              -88.96381128709118,
              28.954950532644432
            ]
          ],
          [
            [
              -88.96434624911043,
              28.956115736014937
            ],
            [
              -88.96434454601489,
              28.956025528987265
            ],
            [
              -88.96444711153396,
              28.956024031068303
            ],
            [
              -88.96444540835742,
              28.955933824044855
            ],
            [
              -88.96434284292714,
              28.95593532195829
            ],
            [
              -88.96433943677502,
              28.955754907896424
            ],
            [
              -88.96403174097007,
              28.955759401134816
            ],
            [
              -88.96403344377586,
              28.955849608183016
            ],
            [
              -88.96393087840316,
              28.95585110577846
            ],
            [
              -88.96393258112798,
              28.955941312830902
            ],
            [
              -88.96403514658947,
              28.955939815229907
            ],
            [
              -88.96403855224005,
              28.956120229319804
            ],
            [
              -88.96434624911043,
              28.956115736014937
            ]
          ]
        ]
      },
      "properties": {
        "incident_id": "SP-021",
        "type": "AI-detected-slick",
        "source": "Sentinel-1 SAR",
        "method": "U-Net segmentation + radiometric filtering"
      }
    }
  ]
}