{
  "type": "FeatureCollection",
  "name": "SP-015_AI_Spill_Footprint",
  "features": [
    {
      "type": "Feature",
      "geometry": {
        "type": "Polygon",
        "coordinates": [
          [
            [
              -88.93533068156047,
              28.939074406971102
            ],
            [
              -88.93451027650335,
              28.9390862043035
            ],
            [
              -88.9345086004411,
              28.93899599544234
            ],
            [
              -88.93440604986314,
              28.938997469752174
            ],
            [
              -88.93440269793909,
              28.93881705201506
            ],
            [
              -88.93430014753088,
              28.938818526235917
            ],
            [
              -88.93429847166907,
              28.938728317359953
            ],
            [
              -88.9341959213419,
              28.9387297914973
            ],
            [
              -88.93419424557649,
              28.938639582614584
            ],
            [
              -88.93409169533035,
              28.938641056668416
            ],
            [
              -88.93409001966133,
              28.93855084777895
            ],
            [
              -88.93398746949623,
              28.938552321749267
            ],
            [
              -88.9339857939236,
              28.93846211285304
            ],
            [
              -88.9337806937478,
              28.938465060548605
            ],
            [
              -88.93377901836027,
              28.938374851640177
            ],
            [
              -88.93326626823007,
              28.9383822194858
            ],
            [
              -88.93326459329377,
              28.93829201054882
            ],
            [
              -88.9328543934064,
              28.938297903398475
            ],
            [
              -88.93285271883262,
              28.938207694438383
            ],
            [
              -88.93264761902033,
              28.938210640383968
            ],
            [
              -88.93264594463164,
              28.93812043141168
            ],
            [
              -88.9324408449661,
              28.93812337703413
            ],
            [
              -88.93243917076249,
              28.938033168049646
            ],
            [
              -88.93233662100694,
              28.938034640738344
            ],
            [
              -88.93233494689973,
              28.937944431747106
            ],
            [
              -88.93212984754302,
              28.937947376879425
            ],
            [
              -88.9321281736209,
              28.937857167875993
            ],
            [
              -88.93192307441096,
              28.937860112685193
            ],
            [
              -88.9319214006739,
              28.937769903669572
            ],
            [
              -88.93171630161072,
              28.937772848155642
            ],
            [
              -88.93171462805876,
              28.937682639127814
            ],
            [
              -88.93161207860439,
              28.937684111248323
            ],
            [
              -88.93161040514879,
              28.93759390221376
            ],
            [
              -88.93130275700581,
              28.937598318090608
            ],
            [
              -88.93130108382401,
              28.937508109038408
            ],
            [
              -88.9311985345164,
              28.9375095808358
            ],
            [
              -88.93120020760949,
              28.93759978989345
            ],
            [
              -88.93068746051297,
              28.937607147736813
            ],
            [
              -88.93068578786342,
              28.93751693865194
            ],
            [
              -88.93037813977972,
              28.937521352404964
            ],
            [
              -88.93037646740395,
              28.937431143302454
            ],
            [
              -88.9302739181161,
              28.93743261439192
            ],
            [
              -88.93027057356495,
              28.937252196172114
            ],
            [
              -88.93016802444687,
              28.93725366717263
            ],
            [
              -88.93016468010379,
              28.93707324893676
            ],
            [
              -88.93006213115545,
              28.937074719848326
            ],
            [
              -88.93003872285341,
              28.93581179197564
            ],
            [
              -88.92993617513929,
              28.935813262732967
            ],
            [
              -88.92991444135575,
              28.934640543695494
            ],
            [
              -88.9300169879168,
              28.93463907300893
            ],
            [
              -88.93000862867035,
              28.934188027194082
            ],
            [
              -88.93011117478028,
              28.934186556456687
            ],
            [
              -88.9300860968591,
              28.93283341889909
            ],
            [
              -88.93018864163099,
              28.932831948165283
            ],
            [
              -88.93018529786096,
              28.932651529813104
            ],
            [
              -88.93028784244783,
              28.932650059012133
            ],
            [
              -88.9302861704856,
              28.932559849839528
            ],
            [
              -88.93038871497612,
              28.93255837896597
            ],
            [
              -88.93038704293288,
              28.932468169797527
            ],
            [
              -88.93059213171357,
              28.932465227827173
            ],
            [
              -88.9305904595006,
              28.932375018668324
            ],
            [
              -88.93089809234814,
              28.93237060514384
            ],
            [
              -88.93089976482716,
              28.93246081428637
            ],
            [
              -88.93110485353125,
              28.93245787153563
            ],
            [
              -88.93110652619531,
              28.932548080665978
            ],
            [
              -88.93120907062456,
              28.932546609168106
            ],
            [
              -88.93121074338495,
              28.932636818291705
            ],
            [
              -88.93131328789522,
              28.932635346710356
            ],
            [
              -88.93131496075196,
              28.932725555827204
            ],
            [
              -88.93141750534326,
              28.932724084162363
            ],
            [
              -88.93142085125712,
              28.932904502381284
            ],
            [
              -88.93172848551714,
              28.932900086885837
            ],
            [
              -88.93172179265585,
              28.932539250508153
            ],
            [
              -88.93161924826492,
              28.93254072239623
            ],
            [
              -88.93161255588096,
              28.93217988597599
            ],
            [
              -88.93171509991716,
              28.932178414109707
            ],
            [
              -88.93171175359379,
              28.931997995902694
            ],
            [
              -88.93181429744496,
              28.93199652396927
            ],
            [
              -88.93181095097488,
              28.931816105767965
            ],
            [
              -88.93191349464101,
              28.931814633767395
            ],
            [
              -88.93191014802422,
              28.93163421557178
            ],
            [
              -88.93201269150532,
              28.93163274350408
            ],
            [
              -88.93200767137155,
              28.931362116217276
            ],
            [
              -88.93211021457896,
              28.931360644087878
            ],
            [
              -88.93210686768408,
              28.931180225901088
            ],
            [
              -88.93220941070645,
              28.93117875370455
            ],
            [
              -88.93220606366486,
              28.930998335523448
            ],
            [
              -88.9323086065022,
              28.93099686325977
            ],
            [
              -88.93230693290424,
              28.93090665417273
            ],
            [
              -88.93240947564523,
              28.930905181836476
            ],
            [
              -88.93240780196625,
              28.93081497275358
            ],
            [
              -88.9325103446109,
              28.930813500344733
            ],
            [
              -88.93250867085091,
              28.93072329126599
            ],
            [
              -88.93271375593987,
              28.930720346225105
            ],
            [
              -88.93271208201018,
              28.930630137155955
            ],
            [
              -88.93301970932008,
              28.93062571902573
            ],
            [
              -88.93301803513202,
              28.930535509971637
            ],
            [
              -88.93394091584955,
              28.930522251416242
            ],
            [
              -88.93394259083568,
              28.930612460421273
            ],
            [
              -88.93404513318796,
              28.930610986852827
            ],
            [
              -88.93404345811314,
              28.93052077785326
            ],
            [
              -88.93445362709079,
              28.930514882821008
            ],
            [
              -88.93445195166892,
              28.930424673841955
            ],
            [
              -88.93455449380548,
              28.930423199894275
            ],
            [
              -88.93455281830262,
              28.93033299091938
            ],
            [
              -88.93475790237535,
              28.930330042800815
            ],
            [
              -88.93475622670282,
              28.93023983383553
            ],
            [
              -88.934858768639,
              28.93023835966466
            ],
            [
              -88.93485709288547,
              28.930148150703538
            ],
            [
              -88.93495963472529,
              28.930146676460087
            ],
            [
              -88.93495795889076,
              28.930056467503118
            ],
            [
              -88.93506050063424,
              28.930054993187102
            ],
            [
              -88.93505714881084,
              28.929874575280188
            ],
            [
              -88.9351596903693,
              28.929873100897048
            ],
            [
              -88.93515801438043,
              28.929782891947106
            ],
            [
              -88.93526055584255,
              28.929781417491387
            ],
            [
              -88.93525720371052,
              28.929600999598513
            ],
            [
              -88.93535974498761,
              28.92959952507568
            ],
            [
              -88.93535639270894,
              28.92941910718853
            ],
            [
              -88.935458933801,
              28.92941763259859
            ],
            [
              -88.93545390517457,
              28.929147005774492
            ],
            [
              -88.93555644599293,
              28.92914553112289
            ],
            [
              -88.93554303595087,
              28.9284238595785
            ],
            [
              -88.93544049584186,
              28.928425334186436
            ],
            [
              -88.9354153546673,
              28.927072199734866
            ],
            [
              -88.93531281588056,
              28.927073674182925
            ],
            [
              -88.93530946403177,
              28.926893256223067
            ],
            [
              -88.93520692541468,
              28.926894730582184
            ],
            [
              -88.93520357377392,
              28.926714312606215
            ],
            [
              -88.93510103532645,
              28.926715786876404
            ],
            [
              -88.93509433249169,
              28.92635495088706
            ],
            [
              -88.93519687058449,
              28.92635347663871
            ],
            [
              -88.93519016751789,
              28.925992640650428
            ],
            [
              -88.93529270524841,
              28.925991166345867
            ],
            [
              -88.93528767776307,
              28.9257205393574
            ],
            [
              -88.93518514029853,
              28.92572201364559
            ],
            [
              -88.93518178885732,
              28.925541595635863
            ],
            [
              -88.93507925156241,
              28.92554306983511
            ],
            [
              -88.93507757594196,
              28.92545286082285
            ],
            [
              -88.93497503872803,
              28.92545433493863
            ],
            [
              -88.93497336320392,
              28.925364125919607
            ],
            [
              -88.93487082607098,
              28.92536559995191
            ],
            [
              -88.93486915064318,
              28.92527539092615
            ],
            [
              -88.93476661359122,
              28.925276864874988
            ],
            [
              -88.93476326293597,
              28.925096446808627
            ],
            [
              -88.93466072605364,
              28.925097920668538
            ],
            [
              -88.9346557003943,
              28.92482729354291
            ],
            [
              -88.93455316377022,
              28.92482876730845
            ],
            [
              -88.9345481384459,
              28.92455814015477
            ],
            [
              -88.9344456020801,
              28.924559613825927
            ],
            [
              -88.93444057709078,
              28.92428898664421
            ],
            [
              -88.93433804098326,
              28.924290460220988
            ],
            [
              -88.93433301632892,
              28.92401983301123
            ],
            [
              -88.93423048047968,
              28.92402130649363
            ],
            [
              -88.93422545616033,
              28.923750679255818
            ],
            [
              -88.93412292056935,
              28.92375215264385
            ],
            [
              -88.93411957123877,
              28.92357173446791
            ],
            [
              -88.93401703581742,
              28.92357320776702
            ],
            [
              -88.934012012145,
              28.92330258047702
            ],
            [
              -88.93390947698191,
              28.923304053681765
            ],
            [
              -88.93390612808261,
              28.923123635471025
            ],
            [
              -88.93380359308912,
              28.923125108586856
            ],
            [
              -88.93379857006362,
              28.92285448124468
            ],
            [
              -88.93369603532841,
              28.92285595426614
            ],
            [
              -88.93368933842298,
              28.922495117769902
            ],
            [
              -88.93379187280364,
              28.92249364477025
            ],
            [
              -88.9337751301905,
              28.921591553493332
            ],
            [
              -88.93387766367708,
              28.9215900804702
            ],
            [
              -88.9338743150692,
              28.92140966221014
            ],
            [
              -88.93397684837086,
              28.921408189119905
            ],
            [
              -88.93397349961639,
              28.921227770865567
            ],
            [
              -88.9340760327331,
              28.921226297708234
            ],
            [
              -88.93407435827874,
              28.921136088584582
            ],
            [
              -88.93417689129915,
              28.921134615354696
            ],
            [
              -88.93417521676382,
              28.92104440623519
            ],
            [
              -88.93427774968791,
              28.92104293293276
            ],
            [
              -88.93427272586204,
              28.92077230558281
            ],
            [
              -88.93437525851257,
              28.920770832218732
            ],
            [
              -88.93437190915643,
              28.920590413989856
            ],
            [
              -88.93447444162202,
              28.920588940558705
            ],
            [
              -88.93447109211928,
              28.92040852233552
            ],
            [
              -88.93457362439993,
              28.92040704883728
            ],
            [
              -88.93457027475063,
              28.920226630619826
            ],
            [
              -88.93467280684635,
              28.92022515705448
            ],
            [
              -88.93467113194457,
              28.920134947949276
            ],
            [
              -88.93477366394399,
              28.920133474311385
            ],
            [
              -88.93477198896126,
              28.920043265210328
            ],
            [
              -88.93497705275983,
              28.92004031771147
            ],
            [
              -88.9349753776075,
              28.919950108620014
            ],
            [
              -88.93528297298192,
              28.9199456868031
            ],
            [
              -88.93528464840013,
              28.92003589587819
            ],
            [
              -88.9356947758131,
              28.92002999900852
            ],
            [
              -88.93569645159351,
              28.92012020806046
            ],
            [
              -88.9359015154312,
              28.920117259146718
            ],
            [
              -88.93590486736956,
              28.92029767722489
            ],
            [
              -88.93610993153105,
              28.92029472797732
            ],
            [
              -88.93611160768901,
              28.920384937003533
            ],
            [
              -88.93631667199706,
              28.920381987433046
            ],
            [
              -88.93631834833994,
              28.920472196447058
            ],
            [
              -88.93652341279456,
              28.92046924655365
            ],
            [
              -88.93652508932239,
              28.920559455555438
            ],
            [
              -88.93673015392353,
              28.920556505339114
            ],
            [
              -88.93673183063629,
              28.920646714328686
            ],
            [
              -88.93683436301399,
              28.920645239098054
            ],
            [
              -88.93683603982308,
              28.92073544808087
            ],
            [
              -88.9369385722817,
              28.920733972766783
            ],
            [
              -88.9369402491871,
              28.92082418174283
            ],
            [
              -88.93704278172669,
              28.920822706345295
            ],
            [
              -88.93704445872841,
              28.920912915314595
            ],
            [
              -88.93714699134894,
              28.920911439833578
            ],
            [
              -88.93714866844697,
              28.92100164879611
            ],
            [
              -88.93725120114846,
              28.92100017323164
            ],
            [
              -88.93725287834279,
              28.921090382187415
            ],
            [
              -88.93745794389999,
              28.921087430813536
            ],
            [
              -88.93746129866626,
              28.92126784869933
            ],
            [
              -88.93766636454725,
              28.9212648969916
            ],
            [
              -88.93766804211918,
              28.921355105921634
            ],
            [
              -88.9378731081467,
              28.921352153890957
            ],
            [
              -88.93787478590359,
              28.92144236280877
            ],
            [
              -88.93807985207766,
              28.921439410455164
            ],
            [
              -88.9380815300195,
              28.921529619360733
            ],
            [
              -88.93828659634008,
              28.921526666684194
            ],
            [
              -88.93828827446687,
              28.92161687557753
            ],
            [
              -88.93839080770428,
              28.921615399116785
            ],
            [
              -88.9383924859274,
              28.921705608003382
            ],
            [
              -88.93849501924575,
              28.921704131459165
            ],
            [
              -88.93849669756517,
              28.921794340338984
            ],
            [
              -88.93859923096447,
              28.921792863711303
            ],
            [
              -88.93860090938024,
              28.921883072584365
            ],
            [
              -88.93870344286049,
              28.921881595873213
            ],
            [
              -88.93870512137256,
              28.921971804739506
            ],
            [
              -88.93860258780369,
              28.92197328145612
            ],
            [
              -88.93860426623483,
              28.92206349032658
            ],
            [
              -88.93880933354218,
              28.922060536804413
            ],
            [
              -88.93880765493377,
              28.921970327944887
            ],
            [
              -88.93891018848728,
              28.921968851072265
            ],
            [
              -88.93891186718433,
              28.92205905992632
            ],
            [
              -88.93911693444555,
              28.922056105936118
            ],
            [
              -88.93911861332757,
              28.922146314777944
            ],
            [
              -88.93922114703527,
              28.922144837660376
            ],
            [
              -88.93922282601362,
              28.92223504649543
            ],
            [
              -88.93912029221727,
              28.922236523618476
            ],
            [
              -88.93912365001975,
              28.92241694129564
            ],
            [
              -88.93902111603843,
              28.922418418351608
            ],
            [
              -88.93902615253391,
              28.922689044874012
            ],
            [
              -88.93892361827898,
              28.922690521868372
            ],
            [
              -88.9389269758038,
              28.92287093955443
            ],
            [
              -88.9388244413639,
              28.92287241648171
            ],
            [
              -88.93882947744288,
              28.92314304301744
            ],
            [
              -88.93872694272936,
              28.92314451988312
            ],
            [
              -88.93873029997651,
              28.92332493757805
            ],
            [
              -88.93862776507802,
              28.923326414376664
            ],
            [
              -88.93862944362448,
              28.923416623227645
            ],
            [
              -88.93852690862967,
              28.923418099953714
            ],
            [
              -88.93852858709516,
              28.923508308808856
            ],
            [
              -88.93842605200402,
              28.923509785462382
            ],
            [
              -88.93842773038855,
              28.923599994321698
            ],
            [
              -88.93832519520107,
              28.923601470902675
            ],
            [
              -88.93832687350468,
              28.923691679766172
            ],
            [
              -88.93822433822086,
              28.923693156274606
            ],
            [
              -88.9382260164435,
              28.92378336514226
            ],
            [
              -88.93812348106334,
              28.923784841578144
            ],
            [
              -88.93812515920503,
              28.923875050449958
            ],
            [
              -88.93802262372853,
              28.923876526813302
            ],
            [
              -88.93802430178926,
              28.92396673568929
            ],
            [
              -88.93792176621643,
              28.923968211980092
            ],
            [
              -88.9379234441962,
              28.924058420860234
            ],
            [
              -88.93782090852706,
              28.92405989707849
            ],
            [
              -88.93782258642584,
              28.924150105962813
            ],
            [
              -88.93772005066036,
              28.924151582108525
            ],
            [
              -88.93772340630372,
              28.92433199988418
            ],
            [
              -88.93762087035326,
              28.924333475962797
            ],
            [
              -88.93762254809782,
              28.924423684854148
            ],
            [
              -88.93752001205102,
              28.924425160860217
            ],
            [
              -88.9375233673859,
              28.924605578649953
            ],
            [
              -88.93742083115411,
              28.924607054588936
            ],
            [
              -88.93742586394809,
              28.92487768128017
            ],
            [
              -88.93732332744268,
              28.924879157157537
            ],
            [
              -88.93732500496739,
              28.924969366057475
            ],
            [
              -88.93722246836566,
              28.924970841862294
            ],
            [
              -88.93722582326082,
              28.92515125966921
            ],
            [
              -88.93712328647409,
              28.925152735406943
            ],
            [
              -88.93712496384454,
              28.925242944313915
            ],
            [
              -88.93702242696149,
              28.925244419979084
            ],
            [
              -88.93702410425098,
              28.925334628890216
            ],
            [
              -88.93692156727157,
              28.92533610448283
            ],
            [
              -88.93692324448008,
              28.925426313398138
            ],
            [
              -88.93682070740437,
              28.925427788918203
            ],
            [
              -88.93682238453191,
              28.925517997837648
            ],
            [
              -88.93671984735985,
              28.92551947328516
            ],
            [
              -88.93672152440641,
              28.9256096822088
            ],
            [
              -88.936618987138,
              28.92561115758375
            ],
            [
              -88.93662066410361,
              28.925701366511543
            ],
            [
              -88.93651812673889,
              28.925702841813944
            ],
            [
              -88.9365198036235,
              28.92579305074589
            ],
            [
              -88.93641726616244,
              28.92579452597573
            ],
            [
              -88.93641894296609,
              28.925884734911836
            ],
            [
              -88.93631640540868,
              28.925886210069123
            ],
            [
              -88.93633149618924,
              28.926698090484877
            ],
            [
              -88.93643403454455,
              28.926696615278452
            ],
            [
              -88.93643906520896,
              28.926967242043943
            ],
            [
              -88.93654160382258,
              28.926965766743134
            ],
            [
              -88.93654328081473,
              28.927055975656895
            ],
            [
              -88.93664581950934,
              28.927054500272586
            ],
            [
              -88.93664749659783,
              28.92714470917962
            ],
            [
              -88.93675003537341,
              28.92714323371182
            ],
            [
              -88.93675171255826,
              28.927233442612078
            ],
            [
              -88.93685425141481,
              28.927231967060806
            ],
            [
              -88.93685592869599,
              28.927322175954306
            ],
            [
              -88.93695846763353,
              28.927320700319555
            ],
            [
              -88.93696014501106,
              28.92741090920631
            ],
            [
              -88.93716522304041,
              28.927407957691816
            ],
            [
              -88.93716690060295,
              28.927498166566327
            ],
            [
              -88.93737197877888,
              28.927495214728822
            ],
            [
              -88.93737365652643,
              28.927585423591115
            ],
            [
              -88.93747619569152,
              28.927583947549863
            ],
            [
              -88.93747787353543,
              28.927674156405402
            ],
            [
              -88.93768295201991,
              28.927671204077903
            ],
            [
              -88.9376846300488,
              28.927761412921214
            ],
            [
              -88.93778716936818,
              28.927759936634967
            ],
            [
              -88.93778884749344,
              28.927850145471513
            ],
            [
              -88.93789138689378,
              28.927848669101788
            ],
            [
              -88.93789306511539,
              28.927938877931563
            ],
            [
              -88.93809814407037,
              28.92793592494711
            ],
            [
              -88.93809982247699,
              28.928026133764657
            ],
            [
              -88.9382023620316,
              28.92802465714993
            ],
            [
              -88.93820404053457,
              28.928114865960723
            ],
            [
              -88.93840911979808,
              28.92811191248626
            ],
            [
              -88.93841079848606,
              28.92820212128482
            ],
            [
              -88.93851333819495,
              28.9282006444251
            ],
            [
              -88.9385150169793,
              28.928290853216886
            ],
            [
              -88.93882263632581,
              28.928286422153146
            ],
            [
              -88.93882431538385,
              28.928376630927254
            ],
            [
              -88.93913193492715,
              28.928372199144892
            ],
            [
              -88.93913361425886,
              28.928462407901286
            ],
            [
              -88.93933869409328,
              28.92845945297865
            ],
            [
              -88.93934037361002,
              28.92854966172282
            ],
            [
              -88.93944291360435,
              28.928548184138986
            ],
            [
              -88.93944459321746,
              28.928638392876387
            ],
            [
              -88.93954713329276,
              28.928636915209076
            ],
            [
              -88.93954881300223,
              28.9287271239397
            ],
            [
              -88.93965135315851,
              28.92872564618889
            ],
            [
              -88.93965303296433,
              28.928815854912745
            ],
            [
              -88.9397555732016,
              28.928814377078446
            ],
            [
              -88.93975893301365,
              28.928994794511322
            ],
            [
              -88.93986147342055,
              28.928993316588052
            ],
            [
              -88.93986315342678,
              28.929083525297084
            ],
            [
              -88.93996569391466,
              28.929082047290315
            ],
            [
              -88.93997073424556,
              28.929352673393183
            ],
            [
              -88.94007327499175,
              28.92935119529198
            ],
            [
              -88.94007999589537,
              28.929712030055732
            ],
            [
              -88.94018253698854,
              28.92971055185462
            ],
            [
              -88.94018589766385,
              28.929890969217766
            ],
            [
              -88.94028843892669,
              28.929889490927685
            ],
            [
              -88.94029179981014,
              28.93006990827468
            ],
            [
              -88.94039434124261,
              28.93006842989563
            ],
            [
              -88.94039602178457,
              28.930158638561714
            ],
            [
              -88.94049856329801,
              28.930157160099153
            ],
            [
              -88.94050024393633,
              28.930247368758476
            ],
            [
              -88.94060278553076,
              28.93024589021241
            ],
            [
              -88.94060446626544,
              28.930336098864945
            ],
            [
              -88.94070700794084,
              28.930334620235392
            ],
            [
              -88.94071373131128,
              28.930695454810696
            ],
            [
              -88.94061118928117,
              28.93069693346213
            ],
            [
              -88.94061455083522,
              28.93087735075294
            ],
            [
              -88.94051200862008,
              28.930878829337303
            ],
            [
              -88.94051368931997,
              28.930969037986227
            ],
            [
              -88.94041114700845,
              28.930970516498018
            ],
            [
              -88.94041282762737,
              28.93106072515113
            ],
            [
              -88.94031028521945,
              28.931062203590372
            ],
            [
              -88.9403119657574,
              28.93115241224764
            ],
            [
              -88.94020942325312,
              28.931153890614315
            ],
            [
              -88.94021110371007,
              28.931244099275762
            ],
            [
              -88.94010856110943,
              28.931245577569868
            ],
            [
              -88.94011360226042,
              28.93151620356281
            ],
            [
              -88.94001105938604,
              28.93151768179531
            ],
            [
              -88.94001442001449,
              28.93169809912839
            ],
            [
              -88.93991187695505,
              28.93169957729379
            ],
            [
              -88.93992027821747,
              28.9321506206311
            ],
            [
              -88.9398177347069,
              28.93215209874582
            ],
            [
              -88.93982277529066,
              28.93242272474903
            ],
            [
              -88.93972023150637,
              28.93242420280212
            ],
            [
              -88.93972863218976,
              28.93287524614218
            ],
            [
              -88.93962608795435,
              28.932876724144585
            ],
            [
              -88.93963112819065,
              28.933147350149447
            ],
            [
              -88.93952858368148,
              28.933148828090207
            ],
            [
              -88.93953026368696,
              28.933239036761368
            ],
            [
              -88.93942771908142,
              28.933240514629567
            ],
            [
              -88.93943107893806,
              28.93342093197893
            ],
            [
              -88.93922598934913,
              28.933423887503086
            ],
            [
              -88.93922934888181,
              28.93360430486912
            ],
            [
              -88.93912680389842,
              28.933605782525067
            ],
            [
              -88.93912848358761,
              28.93369599121161
            ],
            [
              -88.93902593850784,
              28.93369746879499
            ],
            [
              -88.93902761811601,
              28.93378767748569
            ],
            [
              -88.93892507293988,
              28.93378915499649
            ],
            [
              -88.93892675246707,
              28.93387936369138
            ],
            [
              -88.93882420719453,
              28.933880841129604
            ],
            [
              -88.93882588664073,
              28.933971049828646
            ],
            [
              -88.9387233412718,
              28.933972527194303
            ],
            [
              -88.93872502063701,
              28.93406273589752
            ],
            [
              -88.9386224751717,
              28.93406421319059
            ],
            [
              -88.93862583374778,
              28.934244630604063
            ],
            [
              -88.9385232880974,
              28.93424610783003
            ],
            [
              -88.93852496730828,
              28.93433631654027
            ],
            [
              -88.93842242156153,
              28.93433779369367
            ],
            [
              -88.9384241006914,
              28.93442800240809
            ],
            [
              -88.93832155484826,
              28.934429479488905
            ],
            [
              -88.93832491295369,
              28.93460989692478
            ],
            [
              -88.93822236692549,
              28.93461137393847
            ],
            [
              -88.93822572488429,
              28.934791791380082
            ],
            [
              -88.93812317867099,
              28.934793268326672
            ],
            [
              -88.93812485757324,
              28.93488347705099
            ],
            [
              -88.93802231126357,
              28.934884953925
            ],
            [
              -88.9380239900848,
              28.934975162653487
            ],
            [
              -88.93792144367873,
              28.93497663945491
            ],
            [
              -88.93792480116687,
              28.935157056918925
            ],
            [
              -88.93782225457574,
              28.93515853365323
            ],
            [
              -88.93782561191723,
              28.935338951122983
            ],
            [
              -88.93772306514101,
              28.935340427790173
            ],
            [
              -88.93772642233587,
              28.935520845265646
            ],
            [
              -88.93762387537456,
              28.93552232186572
            ],
            [
              -88.93762723242277,
              28.93570273934693
            ],
            [
              -88.93752468527637,
              28.935704215879888
            ],
            [
              -88.93752804217795,
              28.935884633366822
            ],
            [
              -88.93742549484647,
              28.935886109832662
            ],
            [
              -88.93742885160138,
              28.936066527325334
            ],
            [
              -88.9373263040848,
              28.936068003724046
            ],
            [
              -88.93732966069305,
              28.93624842122246
            ],
            [
              -88.9372271129914,
              28.936249897554042
            ],
            [
              -88.93723214769531,
              28.936520523808298
            ],
            [
              -88.93712959971987,
              28.93652200007823
            ],
            [
              -88.93713295605016,
              28.9367024175855
            ],
            [
              -88.93703040788962,
              28.936703893788298
            ],
            [
              -88.93703376407326,
              28.936884311301295
            ],
            [
              -88.93693121572763,
              28.93688578743696
            ],
            [
              -88.93693289374227,
              28.93697599619698
            ],
            [
              -88.93683034530024,
              28.93697747226006
            ],
            [
              -88.93683370117517,
              28.937157889787123
            ],
            [
              -88.93673115254805,
              28.937159365783074
            ],
            [
              -88.93673283040833,
              28.93724957455012
            ],
            [
              -88.93663028168481,
              28.937251050473478
            ],
            [
              -88.93663195946408,
              28.937341259244693
            ],
            [
              -88.93652941064417,
              28.937342735095452
            ],
            [
              -88.9365310883424,
              28.937432943870814
            ],
            [
              -88.93642853942612,
              28.937434419648987
            ],
            [
              -88.93643021704334,
              28.937524628428516
            ],
            [
              -88.93632766803064,
              28.937526104134097
            ],
            [
              -88.93632934556683,
              28.937616312917786
            ],
            [
              -88.93622679645776,
              28.937617788550774
            ],
            [
              -88.93622847391292,
              28.937707997338634
            ],
            [
              -88.93612592470745,
              28.937709472899023
            ],
            [
              -88.93612760208158,
              28.93779968169104
            ],
            [
              -88.93602505277974,
              28.937801157178836
            ],
            [
              -88.93602840737363,
              28.937981574769893
            ],
            [
              -88.93592585788669,
              28.937983050190553
            ],
            [
              -88.93592921233389,
              28.938163467787327
            ],
            [
              -88.93582666266182,
              28.93816494314085
            ],
            [
              -88.93583169412412,
              28.938435569542648
            ],
            [
              -88.93572914417824,
              28.938437044834494
            ],
            [
              -88.93573417544351,
              28.93870767124099
            ],
            [
              -88.93563162522382,
              28.938709146471155
            ],
            [
              -88.93563497926165,
              28.938889564079904
            ],
            [
              -88.93553242885686,
              28.93889103924293
            ],
            [
              -88.93553410579857,
              28.93898124805081
            ],
            [
              -88.9353290047885,
              28.93898419815359
            ],
            [
              -88.93533068156047,
              28.939074406971102
            ]
          ]
        ]
      },
      "properties": {
        "incident_id": "SP-015",
        "type": "AI-detected-slick",
        "source": "Sentinel-1 SAR",
        "method": "U-Net segmentation + radiometric filtering"
      }
    },
    {
      "type": "Feature",
      "geometry": {
        "type": "Polygon",
        "coordinates": [
          [
            [
              -88.98812771189691,
              28.937492587963025
            ],
            [
              -88.98751243698727,
              28.937501677314714
            ],
            [
              -88.98751071513415,
              28.937411471300813
            ],
            [
              -88.98566489029888,
              28.93743872239715
            ],
            [
              -88.98566317005017,
              28.937348516281112
            ],
            [
              -88.98556062423984,
              28.937350029483873
            ],
            [
              -88.98556234439982,
              28.937440235605504
            ],
            [
              -88.9854597984929,
              28.937441748735825
            ],
            [
              -88.9854580784216,
              28.937351542608592
            ],
            [
              -88.98453516570314,
              28.937365157218977
            ],
            [
              -88.98453344643798,
              28.93727495104007
            ],
            [
              -88.9839181714702,
              28.937284023901352
            ],
            [
              -88.98391645274509,
              28.937193817687575
            ],
            [
              -88.98309608639018,
              28.93720591042065
            ],
            [
              -88.98309436838252,
              28.937115704160817
            ],
            [
              -88.9828892768925,
              28.93711872655245
            ],
            [
              -88.98288240565007,
              28.93675790145535
            ],
            [
              -88.98308749643053,
              28.936754879108467
            ],
            [
              -88.98308577846221,
              28.93666467284212
            ],
            [
              -88.98318832375195,
              28.936663161557195
            ],
            [
              -88.9831866057028,
              28.936572955295134
            ],
            [
              -88.98339169608127,
              28.936569932502344
            ],
            [
              -88.9833899778626,
              28.936479726250173
            ],
            [
              -88.98369761310522,
              28.936475191492452
            ],
            [
              -88.98369589462834,
              28.93638498525573
            ],
            [
              -88.98379843960478,
              28.93638347351933
            ],
            [
              -88.98379672104707,
              28.936293267286917
            ],
            [
              -88.98400181079896,
              28.936290243591184
            ],
            [
              -88.98400009207174,
              28.93620003736866
            ],
            [
              -88.9841026368472,
              28.93619852540931
            ],
            [
              -88.98410091803916,
              28.93610831919109
            ],
            [
              -88.98420346271804,
              28.9361068071593
            ],
            [
              -88.98420174382917,
              28.936016600945354
            ],
            [
              -88.9843042884115,
              28.936015088841117
            ],
            [
              -88.98430256944182,
              28.935924882631475
            ],
            [
              -88.98440511392758,
              28.935923370454788
            ],
            [
              -88.98440339487709,
              28.93583316424944
            ],
            [
              -88.98450593926628,
              28.935831652000303
            ],
            [
              -88.98450422013497,
              28.935741445799245
            ],
            [
              -88.9846067644276,
              28.93573993347767
            ],
            [
              -88.98460504521547,
              28.93564972728091
            ],
            [
              -88.98470758941154,
              28.935648214886893
            ],
            [
              -88.98470415083354,
              28.935467802500632
            ],
            [
              -88.9849092388473,
              28.93546477750087
            ],
            [
              -88.98490751939272,
              28.935374571316984
            ],
            [
              -88.9850100632991,
              28.93537305870564
            ],
            [
              -88.98500834376372,
              28.935282852526043
            ],
            [
              -88.98511088757354,
              28.935281339842252
            ],
            [
              -88.98510744834903,
              28.935100927490357
            ],
            [
              -88.98520999197359,
              28.93509941473972
            ],
            [
              -88.98519795431507,
              28.93446797150622
            ],
            [
              -88.98509541131129,
              28.934469484217665
            ],
            [
              -88.9850730578364,
              28.933296803684694
            ],
            [
              -88.98517559968732,
              28.93329529104603
            ],
            [
              -88.98516528261571,
              28.932754053836263
            ],
            [
              -88.98526782392669,
              28.93275254115314
            ],
            [
              -88.98525578708073,
              28.93212109772167
            ],
            [
              -88.98515324639047,
              28.932122610365607
            ],
            [
              -88.98514980753984,
              28.931942197933697
            ],
            [
              -88.98504726701904,
              28.93194371048841
            ],
            [
              -88.98504554769423,
              28.931853504264907
            ],
            [
              -88.98494300725423,
              28.93185501673599
            ],
            [
              -88.98494128802595,
              28.931764810505577
            ],
            [
              -88.98463366692474,
              28.93176934743389
            ],
            [
              -88.98463194797034,
              28.931679141185395
            ],
            [
              -88.9845294076762,
              28.931680653333185
            ],
            [
              -88.98452596996837,
              28.931500240821077
            ],
            [
              -88.98442342984369,
              28.931501752879647
            ],
            [
              -88.98441483615522,
              28.931050721548605
            ],
            [
              -88.98451737583655,
              28.931049209518022
            ],
            [
              -88.98451393823893,
              28.930868796987664
            ],
            [
              -88.98461647773505,
              28.93086728489024
            ],
            [
              -88.98461475885938,
              28.93077707862871
            ],
            [
              -88.98471729825896,
              28.930775566458866
            ],
            [
              -88.98471557930249,
              28.93068536020163
            ],
            [
              -88.98481811860553,
              28.930683847959354
            ],
            [
              -88.98481639956827,
              28.930593641706395
            ],
            [
              -88.98491893877478,
              28.930592129391695
            ],
            [
              -88.98491721965672,
              28.930501923143055
            ],
            [
              -88.98501975876668,
              28.930500410755915
            ],
            [
              -88.98501803956783,
              28.93041020451156
            ],
            [
              -88.98512057858126,
              28.930408692052
            ],
            [
              -88.98511885930162,
              28.930318485811934
            ],
            [
              -88.98532393712752,
              28.930315460669924
            ],
            [
              -88.98532221767842,
              28.930225254439755
            ],
            [
              -88.9855272952955,
              28.930222228996872
            ],
            [
              -88.98552557567695,
              28.9301320227766
            ],
            [
              -88.98573065308517,
              28.930128997032806
            ],
            [
              -88.98572893329717,
              28.930038790822422
            ],
            [
              -88.98593401049658,
              28.93003576477774
            ],
            [
              -88.98593229053913,
              28.929945558577263
            ],
            [
              -88.9861373675297,
              28.929942532231685
            ],
            [
              -88.98613564740279,
              28.929852326041104
            ],
            [
              -88.98644326256355,
              28.92984778595438
            ],
            [
              -88.98644154217855,
              28.92975757977929
            ],
            [
              -88.98664661873568,
              28.92975455267591
            ],
            [
              -88.98664489818123,
              28.92966434651073
            ],
            [
              -88.98695251269183,
              28.9296598052873
            ],
            [
              -88.98695079187928,
              28.92956959913761
            ],
            [
              -88.98715586800294,
              28.92956657127644
            ],
            [
              -88.98715414702096,
              28.92947636513665
            ],
            [
              -88.98735922293577,
              28.929473336974596
            ],
            [
              -88.98735750178433,
              28.929383130844702
            ],
            [
              -88.98766511533147,
              28.929378588033288
            ],
            [
              -88.98766339392193,
              28.929288381918923
            ],
            [
              -88.9880735448531,
              28.929282323767165
            ],
            [
              -88.9880718230968,
              28.929192117673914
            ],
            [
              -88.9883794359464,
              28.92918757325771
            ],
            [
              -88.98837771393202,
              28.929097367179974
            ],
            [
              -88.9887878639331,
              28.929091306888527
            ],
            [
              -88.98878614157196,
              28.92900110083192
            ],
            [
              -88.98909375372396,
              28.928996554810965
            ],
            [
              -88.98909203110476,
              28.928906348769868
            ],
            [
              -88.98939964291978,
              28.928901802063585
            ],
            [
              -88.98939792004249,
              28.92881159603801
            ],
            [
              -88.98960299436908,
              28.928808564521614
            ],
            [
              -88.98960127132236,
              28.92871835850596
            ],
            [
              -88.99011395655742,
              28.928710778377717
            ],
            [
              -88.99011223307531,
              28.928620572388812
            ],
            [
              -88.99072745456495,
              28.92861147369402
            ],
            [
              -88.9907257305588,
              28.928521267737487
            ],
            [
              -88.99113587770601,
              28.928515200403073
            ],
            [
              -88.99113415335314,
              28.928424994467694
            ],
            [
              -88.99133922670207,
              28.928421960343613
            ],
            [
              -88.99133750217977,
              28.928331754418167
            ],
            [
              -88.9917476484282,
              28.928325685256283
            ],
            [
              -88.99174592355921,
              28.92823547935198
            ],
            [
              -88.99205353289662,
              28.928230926678257
            ],
            [
              -88.99205180776954,
              28.928140720789504
            ],
            [
              -88.99266702569912,
              28.92813161336934
            ],
            [
              -88.99266530004803,
              28.928041407513
            ],
            [
              -88.99287037245068,
              28.92803837109339
            ],
            [
              -88.9928686466302,
              28.92794816524697
            ],
            [
              -88.99307371882395,
              28.92794512852655
            ],
            [
              -88.99307199283405,
              28.927854922690067
            ],
            [
              -88.99317452883041,
              28.92785340421846
            ],
            [
              -88.99317280275977,
              28.9277631983863
            ],
            [
              -88.99348041043547,
              28.927758642520228
            ],
            [
              -88.99347868410678,
              28.927668436703627
            ],
            [
              -88.99388882720906,
              28.92766236114584
            ],
            [
              -88.99389055389236,
              28.92775256693995
            ],
            [
              -88.99399308973679,
              28.927751047849856
            ],
            [
              -88.99399654330439,
              28.927931459422936
            ],
            [
              -88.99409907931825,
              28.927929940243583
            ],
            [
              -88.99410598690297,
              28.92829076335163
            ],
            [
              -88.99420852326352,
              28.928289244071763
            ],
            [
              -88.99421543132942,
              28.928650067136452
            ],
            [
              -88.99431796803668,
              28.928648547756072
            ],
            [
              -88.9943214222944,
              28.928828959269353
            ],
            [
              -88.99442395917106,
              28.928827439799722
            ],
            [
              -88.99442568640045,
              28.928917645548786
            ],
            [
              -88.99452822335785,
              28.928916125995507
            ],
            [
              -88.99453167801767,
              28.929096537478475
            ],
            [
              -88.99463421514446,
              28.929095017835923
            ],
            [
              -88.99463594257489,
              28.929185223569824
            ],
            [
              -88.99514862853354,
              28.929177624158726
            ],
            [
              -88.99515035641517,
              28.9292678298632
            ],
            [
              -88.99525289367182,
              28.9292663097413
            ],
            [
              -88.99525116570153,
              28.929176104042458
            ],
            [
              -88.9953537028616,
              28.929174583848162
            ],
            [
              -88.99535024676747,
              28.928994172457816
            ],
            [
              -88.99545278374231,
              28.928992652196754
            ],
            [
              -88.99544759939448,
              28.928722035118316
            ],
            [
              -88.9953450626856,
              28.928723555362495
            ],
            [
              -88.9953416066706,
              28.928543143959114
            ],
            [
              -88.99523907013112,
              28.92854466411403
            ],
            [
              -88.99523561432508,
              28.928364252694163
            ],
            [
              -88.99513307795499,
              28.928365772759797
            ],
            [
              -88.99512962235791,
              28.92818536132347
            ],
            [
              -88.99502708615721,
              28.928186881299847
            ],
            [
              -88.9950253584592,
              28.92809667557411
            ],
            [
              -88.99492282233923,
              28.928098195466845
            ],
            [
              -88.9949210947378,
              28.928007989734173
            ],
            [
              -88.99481855869858,
              28.928009509543273
            ],
            [
              -88.9948168311937,
              28.927919303803666
            ],
            [
              -88.99471429523521,
              28.92792082352913
            ],
            [
              -88.9947125678269,
              28.927830617782597
            ],
            [
              -88.99461003194916,
              28.92783213742441
            ],
            [
              -88.99460657733357,
              28.9276517259162
            ],
            [
              -88.99450404162522,
              28.927653245468754
            ],
            [
              -88.99450058721855,
              28.927472833944076
            ],
            [
              -88.99439805167961,
              28.927474353407376
            ],
            [
              -88.9943963245768,
              28.927384147637454
            ],
            [
              -88.9944988600271,
              28.92738262817979
            ],
            [
              -88.99449713284355,
              28.927292422414187
            ],
            [
              -88.99439459748189,
              28.927293941866235
            ],
            [
              -88.99439287039489,
              28.927203736093713
            ],
            [
              -88.99418779982516,
              28.927206774752538
            ],
            [
              -88.99418607292337,
              28.92711656896747
            ],
            [
              -88.9939810024993,
              28.927119607302988
            ],
            [
              -88.9939792757827,
              28.927029401505358
            ],
            [
              -88.99387674064745,
              28.927030920550486
            ],
            [
              -88.99387156081112,
              28.926760303132923
            ],
            [
              -88.99376902593389,
              28.926761822083176
            ],
            [
              -88.99376729942624,
              28.92667161626909
            ],
            [
              -88.99386983421482,
              28.92667009732446
            ],
            [
              -88.9938629279087,
              28.92630927407759
            ],
            [
              -88.99396546233477,
              28.92630775507743
            ],
            [
              -88.99396373568936,
              28.926217549268078
            ],
            [
              -88.99406627001889,
              28.926216030195537
            ],
            [
              -88.99406281657451,
              28.926035618584155
            ],
            [
              -88.99416535071884,
              28.926034099444855
            ],
            [
              -88.99416189712882,
              28.925853687839513
            ],
            [
              -88.99426443108796,
              28.925852168633448
            ],
            [
              -88.99426270421615,
              28.925761962834443
            ],
            [
              -88.99436523807874,
              28.925760443555994
            ],
            [
              -88.9943617841816,
              28.925580031965303
            ],
            [
              -88.99446431785898,
              28.925578512620103
            ],
            [
              -88.99446259083363,
              28.92548830682843
            ],
            [
              -88.99456512441448,
              28.92548678741084
            ],
            [
              -88.99456167021023,
              28.925306375834833
            ],
            [
              -88.99466420360588,
              28.925304856350483
            ],
            [
              -88.99465729493774,
              28.924944033205318
            ],
            [
              -88.99475982797091,
              28.92494251366546
            ],
            [
              -88.99475637350704,
              28.92476210209631
            ],
            [
              -88.99485890635503,
              28.924760582489697
            ],
            [
              -88.99485717904632,
              28.924670376708782
            ],
            [
              -88.99495971179776,
              28.92466885702979
            ],
            [
              -88.9949562570268,
              28.92448844547531
            ],
            [
              -88.99505878959306,
              28.92448692572956
            ],
            [
              -88.99505706213081,
              28.924396719955993
            ],
            [
              -88.99515959460052,
              28.924395200137873
            ],
            [
              -88.99515786705753,
              28.924304994368626
            ],
            [
              -88.99526039943069,
              28.924303474478123
            ],
            [
              -88.99525867180701,
              28.92421326871319
            ],
            [
              -88.99536120408361,
              28.92421174875031
            ],
            [
              -88.99535947637919,
              28.924121542989713
            ],
            [
              -88.9955645407314,
              28.924118502841203
            ],
            [
              -88.99556281285763,
              28.924028297090548
            ],
            [
              -88.99566534493323,
              28.92402677690493
            ],
            [
              -88.99566361697873,
              28.923936571158578
            ],
            [
              -88.99576614895778,
              28.923935050900575
            ],
            [
              -88.99576442092257,
              28.92384484515857
            ],
            [
              -88.99586695280506,
              28.923843324828198
            ],
            [
              -88.99586522468914,
              28.923753119090513
            ],
            [
              -88.9959677564751,
              28.92375159868776
            ],
            [
              -88.99596602827845,
              28.9236613929544
            ],
            [
              -88.99606855996784,
              28.92365987247927
            ],
            [
              -88.99606683169048,
              28.92356966675023
            ],
            [
              -88.99616936328334,
              28.923568146202733
            ],
            [
              -88.99616763492526,
              28.92347794047802
            ],
            [
              -88.99627016642157,
              28.923476419858158
            ],
            [
              -88.99626843798276,
              28.923386214137764
            ],
            [
              -88.99637096938253,
              28.923384693445534
            ],
            [
              -88.99636924086302,
              28.923294487729464
            ],
            [
              -88.99647177216623,
              28.92329296696485
            ],
            [
              -88.996470043566,
              28.92320276125311
            ],
            [
              -88.99657257477266,
              28.92320124041613
            ],
            [
              -88.99656911741869,
              28.923020829000002
            ],
            [
              -88.9966716484402,
              28.92301930809628
            ],
            [
              -88.99666819094064,
              28.922838896686194
            ],
            [
              -88.99677072177695,
              28.92283737571574
            ],
            [
              -88.99676553532112,
              28.92256675860772
            ],
            [
              -88.99686806588363,
              28.922565237576155
            ],
            [
              -88.99686633699224,
              28.922475031876495
            ],
            [
              -88.9969688674582,
              28.922473510772562
            ],
            [
              -88.99696368056563,
              28.922202893682673
            ],
            [
              -88.9970662107578,
              28.92220137251764
            ],
            [
              -88.99706102367062,
              28.921930755432925
            ],
            [
              -88.99695849374434,
              28.92193227658106
            ],
            [
              -88.99695676481976,
              28.921842070877904
            ],
            [
              -88.99685423497417,
              28.921843591942427
            ],
            [
              -88.99685250614611,
              28.92175338623235
            ],
            [
              -88.99664744660843,
              28.921756428116144
            ],
            [
              -88.99664571796555,
              28.921666222393497
            ],
            [
              -88.99644065857346,
              28.92166926395406
            ],
            [
              -88.99643893011573,
              28.921579058218857
            ],
            [
              -88.99633640049645,
              28.92158057887651
            ],
            [
              -88.99633467213525,
              28.921490373134375
            ],
            [
              -88.99623214259667,
              28.921491893708417
            ],
            [
              -88.99623041433202,
              28.921401687959335
            ],
            [
              -88.99602535540832,
              28.92140472886219
            ],
            [
              -88.99602362732885,
              28.92131452310055
            ],
            [
              -88.99592109794376,
              28.921316043429364
            ],
            [
              -88.99591936996082,
              28.921225837660806
            ],
            [
              -88.99581684065642,
              28.92122735790599
            ],
            [
              -88.99581511277002,
              28.92113715213049
            ],
            [
              -88.99571258354634,
              28.92113867229206
            ],
            [
              -88.99571085575646,
              28.921048466509635
            ],
            [
              -88.99560832661349,
              28.921049986587587
            ],
            [
              -88.99560659892015,
              28.920959780798224
            ],
            [
              -88.99550406985789,
              28.92096130079256
            ],
            [
              -88.99550234226108,
              28.920871094996272
            ],
            [
              -88.99539981327952,
              28.92087261490698
            ],
            [
              -88.99539290332591,
              28.920511791686316
            ],
            [
              -88.995495431953,
              28.92051027179811
            ],
            [
              -88.99549370439576,
              28.9204200659953
            ],
            [
              -88.9955962329263,
              28.920418546034735
            ],
            [
              -88.99559277765833,
              28.920238134436474
            ],
            [
              -88.99569530600374,
              28.92023661440917
            ],
            [
              -88.995693578293,
              28.920146408613697
            ],
            [
              -88.99589863478282,
              28.920143368336376
            ],
            [
              -88.99589690690277,
              28.92005316255086
            ],
            [
              -88.9959994350472,
              28.92005164230084
            ],
            [
              -88.99599770708643,
              28.919961436519653
            ],
            [
              -88.99620276317432,
              28.9199583957969
            ],
            [
              -88.99620103504424,
              28.919868190025664
            ],
            [
              -88.99630356298769,
              28.919866669552935
            ],
            [
              -88.99630010657405,
              28.919686258017816
            ],
            [
              -88.99640263433237,
              28.919684737478356
            ],
            [
              -88.99639917777316,
              28.919504325949273
            ],
            [
              -88.99650170534632,
              28.919502805343082
            ],
            [
              -88.99649824864156,
              28.91932239382004
            ],
            [
              -88.99660077602957,
              28.91932087314712
            ],
            [
              -88.99657830706855,
              28.91814819819346
            ],
            [
              -88.99668083329671,
              28.918146677515725
            ],
            [
              -88.99666873455931,
              28.917515237104222
            ],
            [
              -88.99656620895139,
              28.91751675774255
            ],
            [
              -88.99656275241774,
              28.917336346173407
            ],
            [
              -88.99666527784845,
              28.917334825546344
            ],
            [
              -88.99666354950489,
              28.917244619765448
            ],
            [
              -88.99676607483909,
              28.917243099066038
            ],
            [
              -88.99676434641484,
              28.91715289328947
            ],
            [
              -88.99686687165251,
              28.917151372517704
            ],
            [
              -88.99686514314757,
              28.917061166745455
            ],
            [
              -88.99778786913286,
              28.917047476341196
            ],
            [
              -88.99778959843522,
              28.917137682062762
            ],
            [
              -88.99789212359369,
              28.917136160511216
            ],
            [
              -88.9979007706673,
              28.917587189071313
            ],
            [
              -88.99800329626088,
              28.91758566741361
            ],
            [
              -88.99800675532299,
              28.91776607881726
            ],
            [
              -88.99810928108585,
              28.917764557070313
            ],
            [
              -88.99811101071738,
              28.91785476276455
            ],
            [
              -88.99821353656094,
              28.917853240933994
            ],
            [
              -88.99821526628901,
              28.91794344662129
            ],
            [
              -88.99831779221324,
              28.917941924707122
            ],
            [
              -88.99832125187037,
              28.918122336066528
            ],
            [
              -88.9984237779639,
              28.9181208140631
            ],
            [
              -88.99842723782992,
              28.918301225406044
            ],
            [
              -88.99852976409272,
              28.918299703313373
            ],
            [
              -88.99853322416767,
              28.91848011463982
            ],
            [
              -88.99863575059977,
              28.918478592457895
            ],
            [
              -88.99863748073776,
              28.918568798113526
            ],
            [
              -88.99874000725053,
              28.918567275847984
            ],
            [
              -88.99874173748505,
              28.918657481496677
            ],
            [
              -88.99884426407851,
              28.91865595914752
            ],
            [
              -88.99884599440955,
              28.91874616478927
            ],
            [
              -88.9989485210837,
              28.918744642356494
            ],
            [
              -88.99895025151127,
              28.918834847991313
            ],
            [
              -88.99905277826612,
              28.918833325474914
            ],
            [
              -88.99905623932227,
              28.919013736729354
            ],
            [
              -88.9991587662464,
              28.9190122141237
            ],
            [
              -88.99916049687498,
              28.91910241974335
            ],
            [
              -88.99926302387979,
              28.91910089705406
            ],
            [
              -88.99926994682781,
              28.919461719497008
            ],
            [
              -88.99937247417915,
              28.91946019670719
            ],
            [
              -88.99937766673924,
              28.919730813508814
            ],
            [
              -88.9994801943485,
              28.919729290624105
            ],
            [
              -88.99948192530633,
              28.919819496216387
            ],
            [
              -88.99958445299627,
              28.919817973248055
            ],
            [
              -88.99958618405064,
              28.91990817883341
            ],
            [
              -88.99979123958397,
              28.91990513265151
            ],
            [
              -88.9997929708235,
              28.91999533822429
            ],
            [
              -88.99989549866689,
              28.919993815010713
            ],
            [
              -88.99989723000297,
              28.92008402057653
            ],
            [
              -89.00010228584317,
              28.92008097390415
            ],
            [
              -89.00010401736442,
              28.920171179457405
            ],
            [
              -89.00020654536124,
              28.920169655998595
            ],
            [
              -89.00020827697904,
              28.9202598615449
            ],
            [
              -89.00051586118775,
              28.92025529068362
            ],
            [
              -89.00051759307932,
              28.920345496211684
            ],
            [
              -89.0008251774825,
              28.920340924631585
            ],
            [
              -89.00082344532508,
              28.920250719120435
            ],
            [
              -89.00102850137696,
              28.920247671021702
            ],
            [
              -89.00102676905026,
              28.92015746552053
            ],
            [
              -89.00123182489315,
              28.920154417121125
            ],
            [
              -89.00123009239715,
              28.920064211629924
            ],
            [
              -89.00133262021808,
              28.92006268731889
            ],
            [
              -89.00133088764139,
              28.91997248183203
            ],
            [
              -89.00163847079075,
              28.91996790844792
            ],
            [
              -89.00163673795615,
              28.919877702976677
            ],
            [
              -89.00235443107319,
              28.91986702905704
            ],
            [
              -89.0023561645281,
              28.919957234488763
            ],
            [
              -89.00256121981016,
              28.919954184084276
            ],
            [
              -89.00256295345025,
              28.920044389503396
            ],
            [
              -89.0027680088778,
              28.920041338775654
            ],
            [
              -89.00276974270304,
              28.920131544182198
            ],
            [
              -89.00287227049351,
              28.920130018695694
            ],
            [
              -89.00287573834505,
              28.920310429493554
            ],
            [
              -89.00297826630482,
              28.92030890391778
            ],
            [
              -89.00298867058177,
              28.92085013624618
            ],
            [
              -89.0030911990653,
              28.920848610558526
            ],
            [
              -89.00329241491124,
              28.9313124256893
            ],
            [
              -89.00318987614524,
              28.931313952032102
            ],
            [
              -89.00319334614419,
              28.93149436249516
            ],
            [
              -89.0030908071929,
              28.931495888771252
            ],
            [
              -89.00309254211562,
              28.931586094006484
            ],
            [
              -89.00299000306774,
              28.931587620210184
            ],
            [
              -89.00299347275968,
              28.931768030688016
            ],
            [
              -89.00289093352652,
              28.931769556824985
            ],
            [
              -89.00289266829573,
              28.931859762067596
            ],
            [
              -89.00279012896596,
              28.931861288132197
            ],
            [
              -89.00279186365445,
              28.93195149337914
            ],
            [
              -89.00268932422807,
              28.93195301937136
            ],
            [
              -89.00269279345156,
              28.932133429872646
            ],
            [
              -89.00259025383988,
              28.93213495579814
            ],
            [
              -89.00259372291781,
              28.932315366305488
            ],
            [
              -89.00249118312085,
              28.932316892164238
            ],
            [
              -89.00249812101735,
              28.932677713185885
            ],
            [
              -89.00239558085775,
              28.93267923898921
            ],
            [
              -89.00239731526307,
              28.932769444246993
            ],
            [
              -89.00229477500687,
              28.932770969977927
            ],
            [
              -89.00229650933144,
              28.932861175240056
            ],
            [
              -89.00219396897864,
              28.9328627008986
            ],
            [
              -89.0021957032225,
              28.93295290616509
            ],
            [
              -89.00199062231569,
              28.93295595725939
            ],
            [
              -89.00199235639015,
              28.933046162535856
            ],
            [
              -89.00178727527424,
              28.933049213329326
            ],
            [
              -89.00178900917928,
              28.93313941861578
            ],
            [
              -89.00158392785426,
              28.933142469108432
            ],
            [
              -89.00158566158989,
              28.933232674404866
            ],
            [
              -89.00127803927678,
              28.933237249575544
            ],
            [
              -89.00127977275434,
              28.933327454887614
            ],
            [
              -89.00117723187874,
              28.93332897979409
            ],
            [
              -89.00117896527556,
              28.933419185110484
            ],
            [
              -89.00107642430335,
              28.933420709944567
            ],
            [
              -89.00107815761943,
              28.933510915265312
            ],
            [
              -89.00087307547386,
              28.933513964710684
            ],
            [
              -89.00087480862052,
              28.9336041700414
            ],
            [
              -89.0000544790114,
              28.933616364746797
            ],
            [
              -89.00005621145657,
              28.933706570121327
            ],
            [
              -88.99985112879759,
              28.93370961802864
            ],
            [
              -88.99985286107335,
              28.933799823413143
            ],
            [
              -88.99964777820527,
              28.93380287101961
            ],
            [
              -88.99964951031163,
              28.93389307641409
            ],
            [
              -88.99954696877701,
              28.933894600105923
            ],
            [
              -88.99954870080259,
              28.93398480550474
            ],
            [
              -88.99934361753222,
              28.933987852665563
            ],
            [
              -88.99934534938839,
              28.934078058074352
            ],
            [
              -88.99924280765264,
              28.934079581543354
            ],
            [
              -88.99924453942805,
              28.934169786956467
            ],
            [
              -88.99903945575537,
              28.93417283367166
            ],
            [
              -88.99904118736136,
              28.93426303909474
            ],
            [
              -88.99873356152683,
              28.934267608599168
            ],
            [
              -88.99873529287471,
              28.93435781403786
            ],
            [
              -88.9983251246296,
              28.9343639056405
            ],
            [
              -88.99832685563071,
              28.934454111100436
            ],
            [
              -88.99822431346092,
              28.934455633811652
            ],
            [
              -88.99822604438127,
              28.93454583927591
            ],
            [
              -88.99802095984057,
              28.934548884475497
            ],
            [
              -88.99802269059147,
              28.93463908994973
            ],
            [
              -88.99792014822054,
              28.934640612438102
            ],
            [
              -88.9979218788907,
              28.93473081791666
            ],
            [
              -88.99771679394772,
              28.934733862670562
            ],
            [
              -88.99771852444843,
              28.934824068159088
            ],
            [
              -88.9975134392964,
              28.934827112612123
            ],
            [
              -88.99751516962765,
              28.934917318110603
            ],
            [
              -88.99720754157411,
              28.934921884221783
            ],
            [
              -88.99720927164725,
              28.935012089735856
            ],
            [
              -88.99700418606123,
              28.935015133431065
            ],
            [
              -88.99700591596493,
              28.935105338955097
            ],
            [
              -88.99669828726046,
              28.935109903929522
            ],
            [
              -88.99670001690602,
              28.93520010946914
            ],
            [
              -88.99639238786419,
              28.935204673758125
            ],
            [
              -88.99639411725163,
              28.935294879313332
            ],
            [
              -88.99598394473024,
              28.935300963961975
            ],
            [
              -88.99598567377086,
              28.935391169538413
            ],
            [
              -88.99526787093278,
              28.935401814708484
            ],
            [
              -88.99526959936051,
              28.935492020322993
            ],
            [
              -88.99485942578127,
              28.93549810158299
            ],
            [
              -88.99486115386219,
              28.935588307218687
            ],
            [
              -88.99475861035891,
              28.935589827344213
            ],
            [
              -88.99476033835904,
              28.935680032984244
            ],
            [
              -88.99445270753567,
              28.935684592909475
            ],
            [
              -88.99445443527765,
              28.93577479856507
            ],
            [
              -88.99424934784513,
              28.93577783813628
            ],
            [
              -88.99425107541765,
              28.935868043801815
            ],
            [
              -88.99384090010292,
              28.93587412203026
            ],
            [
              -88.9938426273286,
              28.935964327716984
            ],
            [
              -88.99353499549343,
              28.935968885585755
            ],
            [
              -88.99353672246096,
              28.93605909128804
            ],
            [
              -88.99302400213406,
              28.936066686203315
            ],
            [
              -88.99302572866604,
              28.93615689193239
            ],
            [
              -88.99271809610896,
              28.936161447961933
            ],
            [
              -88.99271982238277,
              28.936251653706577
            ],
            [
              -88.99241218948846,
              28.9362562090506
            ],
            [
              -88.99241391550412,
              28.93634641481079
            ],
            [
              -88.99220882669101,
              28.936349451327843
            ],
            [
              -88.99221055253719,
              28.936439657097957
            ],
            [
              -88.99180037446136,
              28.936445729218036
            ],
            [
              -88.99180209996068,
              28.936535935009328
            ],
            [
              -88.99149446605476,
              28.936540488296785
            ],
            [
              -88.99149619129591,
              28.936630694103613
            ],
            [
              -88.99129110180841,
              28.936633729249614
            ],
            [
              -88.99129282688008,
              28.936723935066365
            ],
            [
              -88.99108773718359,
              28.936726969911422
            ],
            [
              -88.99108946208577,
              28.936817175738103
            ],
            [
              -88.99078182721571,
              28.936821727437213
            ],
            [
              -88.9907835518597,
              28.936911933279454
            ],
            [
              -88.99068100679854,
              28.936913450362002
            ],
            [
              -88.99068273136174,
              28.93700365620854
            ],
            [
              -88.99047764103831,
              28.93700669015076
            ],
            [
              -88.99047936543202,
              28.937096896007212
            ],
            [
              -88.99037682016977,
              28.937098412866874
            ],
            [
              -88.9903785444827,
              28.937188618727642
            ],
            [
              -88.9898658176095,
              28.937196201883317
            ],
            [
              -88.98986754148684,
              28.937286407770845
            ],
            [
              -88.98955990500211,
              28.93729095674455
            ],
            [
              -88.98956162862126,
              28.937381162647608
            ],
            [
              -88.98812598951162,
              28.93740238198276
            ],
            [
              -88.98812771189691,
              28.937492587963025
            ]
          ]
        ]
      },
      "properties": {
        "incident_id": "SP-015",
        "type": "AI-detected-slick",
        "source": "Sentinel-1 SAR",
        "method": "U-Net segmentation + radiometric filtering"
      }
    },
    {
      "type": "Feature",
      "geometry": {
        "type": "Polygon",
        "coordinates": [
          [
            [
              -89.05146394839878,
              28.93473728769297
            ],
            [
              -89.05115633115523,
              28.93474197705704
            ],
            [
              -89.05115455438994,
              28.934651774553
            ],
            [
              -89.05094947636422,
              28.93465490039401
            ],
            [
              -89.05094769978439,
              28.9345646978771
            ],
            [
              -89.05084516084801,
              28.934566260674785
            ],
            [
              -89.050843384365,
              28.934476058150764
            ],
            [
              -89.05074084550914,
              28.93447762086464
            ],
            [
              -89.05073906912291,
              28.934387418333543
            ],
            [
              -89.0506365303476,
              28.93438898096361
            ],
            [
              -89.05063120150375,
              28.93411837334512
            ],
            [
              -89.0505286629863,
              28.934119935879814
            ],
            [
              -89.05052333448167,
              28.933849328232185
            ],
            [
              -89.05042079622208,
              28.93385089067151
            ],
            [
              -89.05037994882447,
              28.931776231515286
            ],
            [
              -89.05027741259599,
              28.931777793743628
            ],
            [
              -89.05027386102901,
              28.93159738855531
            ],
            [
              -89.0501713249697,
              28.931598950694067
            ],
            [
              -89.05016777361257,
              28.931418545488967
            ],
            [
              -89.05006523772244,
              28.931420107538152
            ],
            [
              -89.05005991101369,
              28.931149499703327
            ],
            [
              -89.0499573753814,
              28.93115106165716
            ],
            [
              -89.04995559991673,
              28.931060859037146
            ],
            [
              -89.04985306436497,
              28.93106242090718
            ],
            [
              -89.04985128899709,
              28.93097221828009
            ],
            [
              -89.04974875352583,
              28.930973780066328
            ],
            [
              -89.04974697825473,
              28.93088357743215
            ],
            [
              -89.04964444286401,
              28.930885139134595
            ],
            [
              -89.04964621804646,
              28.930975341774552
            ],
            [
              -89.04933861155953,
              28.930980026431136
            ],
            [
              -89.04934038648416,
              28.931070229087123
            ],
            [
              -89.04893024403319,
              28.93107647422681
            ],
            [
              -89.04893201861131,
              28.93116667690461
            ],
            [
              -89.04872694715975,
              28.931169799017923
            ],
            [
              -89.04872872156868,
              28.93126000170595
            ],
            [
              -89.04852364990731,
              28.931263123518757
            ],
            [
              -89.04852542414707,
              28.93135332621703
            ],
            [
              -89.04811528037219,
              28.931359568929548
            ],
            [
              -89.04811705426545,
              28.931449771649625
            ],
            [
              -89.04791198215196,
              28.931452892549338
            ],
            [
              -89.04791375587602,
              28.931543095279643
            ],
            [
              -89.04770868355273,
              28.93154621587884
            ],
            [
              -89.0477104571076,
              28.93163641861939
            ],
            [
              -89.04750538457449,
              28.93163953891807
            ],
            [
              -89.04750715796018,
              28.931729741668857
            ],
            [
              -89.04730208521728,
              28.93173286166701
            ],
            [
              -89.04730385843376,
              28.931823064428034
            ],
            [
              -89.04648356642811,
              28.931835541346135
            ],
            [
              -89.04648179392089,
              28.93174533853894
            ],
            [
              -89.0461741845508,
              28.93175001607862
            ],
            [
              -89.04617064009264,
              28.931569610425683
            ],
            [
              -89.04606810379701,
              28.931571169438005
            ],
            [
              -89.04606455954865,
              28.9313907637683
            ],
            [
              -89.04596202342223,
              28.931392322691064
            ],
            [
              -89.04593190012886,
              28.929858874189115
            ],
            [
              -89.04582936550143,
              28.929860432935808
            ],
            [
              -89.04582759370469,
              28.92977023006521
            ],
            [
              -89.04551999003965,
              28.929774905819897
            ],
            [
              -89.04552176157046,
              28.929865108707798
            ],
            [
              -89.04541922691057,
              28.92986666714244
            ],
            [
              -89.04542099836084,
              28.929956870034804
            ],
            [
              -89.04531846360419,
              28.9299584283972
            ],
            [
              -89.04532023497391,
              28.930048631294017
            ],
            [
              -89.04521770012049,
              28.93005018958417
            ],
            [
              -89.04521947140968,
              28.930140392485455
            ],
            [
              -89.04511693645951,
              28.93014195070336
            ],
            [
              -89.04511870766815,
              28.930232153609094
            ],
            [
              -89.04501617262122,
              28.930233711754756
            ],
            [
              -89.04501794374933,
              28.930323914664946
            ],
            [
              -89.04491540860562,
              28.93032547273836
            ],
            [
              -89.04491717965318,
              28.930415675653013
            ],
            [
              -89.04481464441271,
              28.93041723365418
            ],
            [
              -89.04481641537974,
              28.930507436573293
            ],
            [
              -89.04471388004251,
              28.930508994502212
            ],
            [
              -89.04471742182359,
              28.930689400348037
            ],
            [
              -89.04461488630095,
              28.930690958210462
            ],
            [
              -89.04461842793715,
              28.930871364062583
            ],
            [
              -89.0445158922291,
              28.930872921858523
            ],
            [
              -89.04452297524422,
              28.93123373357014
            ],
            [
              -89.0446255113069,
              28.931232175751123
            ],
            [
              -89.04462728216961,
              28.93132237866999
            ],
            [
              -89.04472981831285,
              28.931320820767194
            ],
            [
              -89.0447333602399,
              28.93150122658948
            ],
            [
              -89.04483589655234,
              28.93149966859714
            ],
            [
              -89.04483943868915,
              28.931680074402642
            ],
            [
              -89.04494197517079,
              28.931678516320765
            ],
            [
              -89.04494551751739,
              28.931858922109512
            ],
            [
              -89.04504805416822,
              28.931857363938075
            ],
            [
              -89.04505159672456,
              28.93203776971005
            ],
            [
              -89.04525667035655,
              28.932034653110062
            ],
            [
              -89.04525844182422,
              28.93212485598255
            ],
            [
              -89.04546351560107,
              28.93212173905896
            ],
            [
              -89.04546528725416,
              28.932211941918606
            ],
            [
              -89.04556782421908,
              28.93221038333401
            ],
            [
              -89.04556959596894,
              28.932300586186596
            ],
            [
              -89.04546705891538,
              28.932302144776948
            ],
            [
              -89.04547237394767,
              28.932572753344107
            ],
            [
              -89.04536983662,
              28.932574311873754
            ],
            [
              -89.04537337983811,
              28.93275471759019
            ],
            [
              -89.045270842325,
              28.932756276053357
            ],
            [
              -89.04527261385755,
              28.932846478915373
            ],
            [
              -89.04517007624767,
              28.93284803730628
            ],
            [
              -89.04517184769968,
              28.932938240172763
            ],
            [
              -89.04506930999301,
              28.932939798491407
            ],
            [
              -89.04507108136447,
              28.933030001362336
            ],
            [
              -89.04476346792981,
              28.93303467586745
            ],
            [
              -89.0447652390434,
              28.933124878754377
            ],
            [
              -89.044047473458,
              28.933135783242555
            ],
            [
              -89.04404570296508,
              28.933045580315273
            ],
            [
              -89.04384062718788,
              28.9330486951696
            ],
            [
              -89.04383885688038,
              28.932958492229492
            ],
            [
              -89.04373631906829,
              28.932960049533857
            ],
            [
              -89.04373454885757,
              28.93286984658667
            ],
            [
              -89.04363201112604,
              28.932871403807255
            ],
            [
              -89.04363024101208,
              28.932781200852993
            ],
            [
              -89.04352770336111,
              28.932782757989795
            ],
            [
              -89.04352593334393,
              28.932692555028467
            ],
            [
              -89.0434233957735,
              28.932694112081485
            ],
            [
              -89.04341808603657,
              28.93242350317237
            ],
            [
              -89.04331554872404,
              28.932425060130086
            ],
            [
              -89.0433031602422,
              28.931793639256025
            ],
            [
              -89.04320062354218,
              28.931795196095386
            ],
            [
              -89.0431970842262,
              28.93161479010807
            ],
            [
              -89.04309454769539,
              28.931616346857894
            ],
            [
              -89.0430927781382,
              28.93152614385652
            ],
            [
              -89.04288770522959,
              28.931529257110586
            ],
            [
              -89.04288593585784,
              28.931439054096373
            ],
            [
              -89.04237325388777,
              28.93144683583745
            ],
            [
              -89.04237502281626,
              28.93153703888046
            ],
            [
              -89.0421699497942,
              28.93154015104229
            ],
            [
              -89.04216818104305,
              28.931449947987762
            ],
            [
              -89.04206564460853,
              28.931451503945887
            ],
            [
              -89.04206387595414,
              28.9313613008843
            ],
            [
              -89.04185880323811,
              28.931364412554988
            ],
            [
              -89.04185703476915,
              28.93127420948058
            ],
            [
              -89.04165196219805,
              28.93127732082769
            ],
            [
              -89.04165019391446,
              28.931187117740457
            ],
            [
              -89.04113751278828,
              28.93119489471416
            ],
            [
              -89.0411357449561,
              28.93110469159684
            ],
            [
              -89.04093067262627,
              28.931107801828695
            ],
            [
              -89.0409289049795,
              28.931017598698563
            ],
            [
              -89.04072383279458,
              28.93102070860684
            ],
            [
              -89.04072206533321,
              28.930930505463877
            ],
            [
              -89.04051699329324,
              28.930933615048584
            ],
            [
              -89.04051522601728,
              28.930843411892816
            ],
            [
              -89.04020761816258,
              28.93084807566751
            ],
            [
              -89.04020938517259,
              28.930938278840532
            ],
            [
              -89.04010684911617,
              28.930939833281823
            ],
            [
              -89.04010861604561,
              28.931030036459298
            ],
            [
              -89.03969847138445,
              28.931036253467283
            ],
            [
              -89.03969670480964,
              28.93094605026679
            ],
            [
              -89.0393890964948,
              28.93095071218636
            ],
            [
              -89.03938733019405,
              28.93086050896732
            ],
            [
              -89.03897718601561,
              28.930866723744852
            ],
            [
              -89.03897542007758,
              28.930776520501517
            ],
            [
              -89.03877034811715,
              28.930779627410676
            ],
            [
              -89.0387685823645,
              28.93068942415452
            ],
            [
              -89.0386660464608,
              28.93069097748634
            ],
            [
              -89.03866251515709,
              28.93051057095861
            ],
            [
              -89.03855997942262,
              28.93051212420091
            ],
            [
              -89.03855644832855,
              28.930331717656458
            ],
            [
              -89.0384539127633,
              28.93033327080925
            ],
            [
              -89.03845038187889,
              28.930152864248075
            ],
            [
              -89.03834784648285,
              28.930154417311353
            ],
            [
              -89.03834608114141,
              28.930064214023048
            ],
            [
              -89.03824354582596,
              28.93006576700257
            ],
            [
              -89.03824001534466,
              28.929885360410562
            ],
            [
              -89.03813748019843,
              28.929886913300578
            ],
            [
              -89.03813571505854,
              28.92979670999685
            ],
            [
              -89.03803317999288,
              28.92979826280311
            ],
            [
              -89.03802964991469,
              28.929617856180272
            ],
            [
              -89.03792711501822,
              28.92961940889702
            ],
            [
              -89.03792182022751,
              28.929348798935685
            ],
            [
              -89.03781928558892,
              28.929350351557193
            ],
            [
              -89.03781752076351,
              28.929260148228384
            ],
            [
              -89.03771498620549,
              28.929261700766126
            ],
            [
              -89.03771322147679,
              28.929171497430286
            ],
            [
              -89.03761068699934,
              28.929173049884266
            ],
            [
              -89.03760892236737,
              28.92908284654135
            ],
            [
              -89.0375063879705,
              28.929084398911584
            ],
            [
              -89.03750462343525,
              28.928994195561618
            ],
            [
              -89.03740208911893,
              28.92899574784809
            ],
            [
              -89.03740032468043,
              28.928905544491087
            ],
            [
              -89.03729779044467,
              28.92890709669381
            ],
            [
              -89.03729955479453,
              28.92899730005657
            ],
            [
              -89.03719702046206,
              28.92899885218702
            ],
            [
              -89.03719878473133,
              28.929089055554225
            ],
            [
              -89.03699371586484,
              28.9290921595926
            ],
            [
              -89.03699724407306,
              28.929272566346032
            ],
            [
              -89.0368947094504,
              28.929274118259695
            ],
            [
              -89.03689647347798,
              28.9293643216402
            ],
            [
              -89.03679393875859,
              28.929365873481586
            ],
            [
              -89.03679746666069,
              28.929546280250147
            ],
            [
              -89.03669493175592,
              28.929547832025015
            ],
            [
              -89.03669669563044,
              28.929638035413085
            ],
            [
              -89.03649162561936,
              28.929641138740262
            ],
            [
              -89.03649338932466,
              28.9297313421385
            ],
            [
              -89.03628831910396,
              28.9297344451651
            ],
            [
              -89.03629008264004,
              28.929824648573526
            ],
            [
              -89.03618754742892,
              28.92982619997555
            ],
            [
              -89.03618931088441,
              28.9299164033884
            ],
            [
              -89.03598424026066,
              28.929919505969895
            ],
            [
              -89.03598600354692,
              28.93000970939292
            ],
            [
              -89.03588346813429,
              28.930011260572385
            ],
            [
              -89.03588523133998,
              28.930101463999844
            ],
            [
              -89.0357826958306,
              28.930103015107036
            ],
            [
              -89.03578445895572,
              28.930193218538935
            ],
            [
              -89.03557938773544,
              28.93019632053076
            ],
            [
              -89.03558115069133,
              28.93028652397282
            ],
            [
              -89.03537607926144,
              28.930289625664066
            ],
            [
              -89.03537784204808,
              28.930379829116298
            ],
            [
              -89.03527530623238,
              28.930381379850637
            ],
            [
              -89.0352735435344,
              28.930291176392664
            ],
            [
              -89.03506847205608,
              28.930294277615832
            ],
            [
              -89.03506670954347,
              28.93020407414507
            ],
            [
              -89.03486163821017,
              28.9302071750447
            ],
            [
              -89.03485987588294,
              28.93011697156115
            ],
            [
              -89.03475734029286,
              28.930118521888208
            ],
            [
              -89.03475557806233,
              28.93002831839762
            ],
            [
              -89.03455050703523,
              28.930031418806212
            ],
            [
              -89.0345487449901,
              28.92994121530285
            ],
            [
              -89.0344462095531,
              28.929942765384386
            ],
            [
              -89.03444444760468,
              28.92985256187398
            ],
            [
              -89.03434191224825,
              28.92985411187176
            ],
            [
              -89.03434015039657,
              28.929763908354317
            ],
            [
              -89.03413507983683,
              28.92976700810438
            ],
            [
              -89.0341333181705,
              28.929676804574154
            ],
            [
              -89.03321050105019,
              28.929690749536178
            ],
            [
              -89.0332087401898,
              28.92960054595303
            ],
            [
              -89.03259352894524,
              28.929609839049395
            ],
            [
              -89.03259528927373,
              28.92970004266694
            ],
            [
              -89.03228768327665,
              28.92970468817915
            ],
            [
              -89.03228592321413,
              28.929614484544416
            ],
            [
              -89.03177324683439,
              28.92962222547584
            ],
            [
              -89.03177148722318,
              28.929532021811163
            ],
            [
              -89.03136134632894,
              28.929538213129153
            ],
            [
              -89.03136310558554,
              28.92962841681674
            ],
            [
              -89.03126057025318,
              28.92962996445694
            ],
            [
              -89.03126232942918,
              28.92972016814896
            ],
            [
              -89.03003190374878,
              28.929738733814943
            ],
            [
              -89.03002838753247,
              28.92955832629219
            ],
            [
              -89.02992585218406,
              28.92955987291249
            ],
            [
              -89.02992233617726,
              28.929379465373056
            ],
            [
              -89.02981980099811,
              28.92938101190389
            ],
            [
              -89.02980925370285,
              28.92883978921991
            ],
            [
              -89.02970671904754,
              28.928841335638392
            ],
            [
              -89.02950287191254,
              28.918377687169667
            ],
            [
              -89.02960539628734,
              28.918376141414985
            ],
            [
              -89.02958782744268,
              28.917474101987814
            ],
            [
              -89.02948530395386,
              28.91747564768529
            ],
            [
              -89.02946773679986,
              28.91657360807023
            ],
            [
              -89.0295702594027,
              28.916572062429978
            ],
            [
              -89.02956498914763,
              28.916301450537155
            ],
            [
              -89.02966751147667,
              28.9162999048361
            ],
            [
              -89.02966575465247,
              28.91620970087493
            ],
            [
              -89.03007584353375,
              28.916203517313892
            ],
            [
              -89.03007408636324,
              28.91611331337431
            ],
            [
              -89.03304722433043,
              28.91606844541409
            ],
            [
              -89.03304898407008,
              28.916158649187576
            ],
            [
              -89.03540698726204,
              28.916123017495917
            ],
            [
              -89.03540522548481,
              28.916032813854326
            ],
            [
              -89.03960860825633,
              28.91596919443091
            ],
            [
              -89.03961037366572,
              28.91605939783698
            ],
            [
              -89.03991793799116,
              28.91605473759406
            ],
            [
              -89.0399197036744,
              28.916144940981578
            ],
            [
              -89.04002222518862,
              28.916143387405583
            ],
            [
              -89.04002399096855,
              28.916233590786053
            ],
            [
              -89.04022903414992,
              28.916230483388645
            ],
            [
              -89.04023256608838,
              28.916410890122638
            ],
            [
              -89.0403350878441,
              28.91640933629548
            ],
            [
              -89.0403509827649,
              28.917221166481955
            ],
            [
              -89.04045350530988,
              28.917219612525052
            ],
            [
              -89.04045527154123,
              28.91730981586682
            ],
            [
              -89.0405577941667,
              28.917308261826193
            ],
            [
              -89.04055956049474,
              28.917398465160904
            ],
            [
              -89.04066208320071,
              28.917396911036548
            ],
            [
              -89.04066384962545,
              28.917487114364185
            ],
            [
              -89.04076637241194,
              28.917485560156116
            ],
            [
              -89.04076813893333,
              28.917575763476705
            ],
            [
              -89.04087066180033,
              28.917574209184906
            ],
            [
              -89.04087596167889,
              28.91784481912153
            ],
            [
              -89.04097848480357,
              28.9178432647345
            ],
            [
              -89.04099438567361,
              28.91865509442198
            ],
            [
              -89.04089186175155,
              28.918656648860804
            ],
            [
              -89.04089539519002,
              28.91883705545515
            ],
            [
              -89.04079287108266,
              28.918838609827493
            ],
            [
              -89.04080347106073,
              28.919379829613657
            ],
            [
              -89.04070094641365,
              28.919381383942557
            ],
            [
              -89.04070271301637,
              28.919471587241425
            ],
            [
              -89.0406001882726,
              28.919473141498084
            ],
            [
              -89.04060195479482,
              28.919563344801404
            ],
            [
              -89.04049942995437,
              28.91956489898585
            ],
            [
              -89.0405064957697,
              28.91992571220904
            ],
            [
              -89.0406090209646,
              28.919924158001592
            ],
            [
              -89.04061078752726,
              28.920014361298364
            ],
            [
              -89.04071331280267,
              28.920012807007176
            ],
            [
              -89.04071507946203,
              28.920103010296888
            ],
            [
              -89.04081760481795,
              28.920101455921966
            ],
            [
              -89.04081937157402,
              28.92019165920462
            ],
            [
              -89.04133199867523,
              28.920183886131536
            ],
            [
              -89.04133553309771,
              28.920364292635373
            ],
            [
              -89.04174563534185,
              28.92035807272719
            ],
            [
              -89.04174740291967,
              28.920448275954133
            ],
            [
              -89.04184992854907,
              28.920446720776376
            ],
            [
              -89.0418516962236,
              28.920536923996245
            ],
            [
              -89.04205674763533,
              28.920533813395274
            ],
            [
              -89.04205851549517,
              28.920624016602318
            ],
            [
              -89.0421610412775,
              28.9206224611791
            ],
            [
              -89.04216280923404,
              28.92071266437909
            ],
            [
              -89.04226533509687,
              28.92071110887213
            ],
            [
              -89.04226710315012,
              28.920801312065052
            ],
            [
              -89.04308731047017,
              28.920788865155956
            ],
            [
              -89.04308554170805,
              28.920698662009105
            ],
            [
              -89.043188067498,
              28.9206971058003
            ],
            [
              -89.04318629865537,
              28.920606902657898
            ],
            [
              -89.0432888243486,
              28.920605346376878
            ],
            [
              -89.04328705542547,
              28.920515143238934
            ],
            [
              -89.04338958102198,
              28.920513586885697
            ],
            [
              -89.0433860430228,
              28.920333180617405
            ],
            [
              -89.04348856843401,
              28.92033162419771
            ],
            [
              -89.0434744160525,
              28.91960999911831
            ],
            [
              -89.04357694074677,
              28.91960844266672
            ],
            [
              -89.04357163347159,
              28.91933783325765
            ],
            [
              -89.04346910904316,
              28.91933938969197
            ],
            [
              -89.04346734005624,
              28.919249186547226
            ],
            [
              -89.04356986439608,
              28.91924763011867
            ],
            [
              -89.04356809532867,
              28.919157426978387
            ],
            [
              -89.0436706195718,
              28.919155870477628
            ],
            [
              -89.04366885042388,
              28.91906566734181
            ],
            [
              -89.04387389870865,
              28.91906255411786
            ],
            [
              -89.04387212939163,
              28.918972350992245
            ],
            [
              -89.04407717746678,
              28.91896923746792
            ],
            [
              -89.04407540798069,
              28.918879034352525
            ],
            [
              -89.0442804558462,
              28.918875920527814
            ],
            [
              -89.04427868619099,
              28.918785717422644
            ],
            [
              -89.0444837338469,
              28.918782603297547
            ],
            [
              -89.0444819640226,
              28.918692400202595
            ],
            [
              -89.04499458257749,
              28.918684613554113
            ],
            [
              -89.0449928123183,
              28.918594410486662
            ],
            [
              -89.04530038308815,
              28.91858973757916
            ],
            [
              -89.04529861257126,
              28.91849953452771
            ],
            [
              -89.0459137533604,
              28.918490186641975
            ],
            [
              -89.04591198232004,
              28.91839998362381
            ],
            [
              -89.0462195523393,
              28.91839530864559
            ],
            [
              -89.04621778104125,
              28.918305105643412
            ],
            [
              -89.04632030427618,
              28.91830354716716
            ],
            [
              -89.04632207566283,
              28.918393750163567
            ],
            [
              -89.04642459897825,
              28.918392191603566
            ],
            [
              -89.04642814195307,
              28.91857259758088
            ],
            [
              -89.04653066543756,
              28.918571038931375
            ],
            [
              -89.04654306672523,
              28.919202459770414
            ],
            [
              -89.04664559082183,
              28.91920090100253
            ],
            [
              -89.0466491342971,
              28.919381306933225
            ],
            [
              -89.04685418282034,
              28.919378189140453
            ],
            [
              -89.04685772668249,
              28.91955859504284
            ],
            [
              -89.04706277552766,
              28.919555476915082
            ],
            [
              -89.04706454764812,
              28.91964567985276
            ],
            [
              -89.04716707214715,
              28.919644120666142
            ],
            [
              -89.04716884436432,
              28.91973432359675
            ],
            [
              -89.04737389351521,
              28.919731204978035
            ],
            [
              -89.04737566591771,
              28.919821407895796
            ],
            [
              -89.04747819056958,
              28.91981984846369
            ],
            [
              -89.04747996306881,
              28.919910051374355
            ],
            [
              -89.04758248780118,
              28.919908491858507
            ],
            [
              -89.04758780561338,
              28.920179100565363
            ],
            [
              -89.04769033060343,
              28.920177540954207
            ],
            [
              -89.04769210331234,
              28.920267743848104
            ],
            [
              -89.0478971534453,
              28.92026462438032
            ],
            [
              -89.04789892633954,
              28.920354827261363
            ],
            [
              -89.04830902686244,
              28.920348587366927
            ],
            [
              -89.04831080011924,
              28.92043879022356
            ],
            [
              -89.04861837569196,
              28.920434109466612
            ],
            [
              -89.04862014922269,
              28.92052431230461
            ],
            [
              -89.04872267448596,
              28.920522751890548
            ],
            [
              -89.04872444811342,
              28.920612954721474
            ],
            [
              -89.04882697345717,
              28.92061139422366
            ],
            [
              -89.04883052091368,
              28.920791799870017
            ],
            [
              -89.04893304642651,
              28.92079023928267
            ],
            [
              -89.04893659409274,
              28.920970644912238
            ],
            [
              -89.04903911977468,
              28.92096908423536
            ],
            [
              -89.0490408937086,
              28.921059287042397
            ],
            [
              -89.04914341947101,
              28.921057726281756
            ],
            [
              -89.04914519350164,
              28.921147929081727
            ],
            [
              -89.04924771934456,
              28.921146368237324
            ],
            [
              -89.04925126760743,
              28.92132677382175
            ],
            [
              -89.04935379361943,
              28.92132521288782
            ],
            [
              -89.04935734209204,
              28.921505618455466
            ],
            [
              -89.04945986827313,
              28.92150405743198
            ],
            [
              -89.04946164261024,
              28.921594260208074
            ],
            [
              -89.04956416887181,
              28.92159269910084
            ],
            [
              -89.04956594330565,
              28.921682901869826
            ],
            [
              -89.04987352230746,
              28.921678218062862
            ],
            [
              -89.04987174760778,
              28.92158801531121
            ],
            [
              -89.04997427383685,
              28.92158645389203
            ],
            [
              -89.0499724990567,
              28.92149625114484
            ],
            [
              -89.05017755131321,
              28.9214931280841
            ],
            [
              -89.05017577636396,
              28.921402925347156
            ],
            [
              -89.05089345838542,
              28.921391992218513
            ],
            [
              -89.05089523395495,
              28.92148219491499
            ],
            [
              -89.051202812108,
              28.921477508101333
            ],
            [
              -89.0512045879515,
              28.921567710779154
            ],
            [
              -89.05130711407486,
              28.921566148346177
            ],
            [
              -89.05130889001511,
              28.92165635101689
            ],
            [
              -89.05141141621894,
              28.921654788500156
            ],
            [
              -89.0514167443543,
              28.921925396487104
            ],
            [
              -89.05151927081583,
              28.921923833875045
            ],
            [
              -89.05152282312397,
              28.922104239181575
            ],
            [
              -89.0516253497546,
              28.922102676479952
            ],
            [
              -89.05162890227251,
              28.92228308176967
            ],
            [
              -89.05173142907223,
              28.922281518978494
            ],
            [
              -89.05173675817595,
              28.92255212688592
            ],
            [
              -89.05183928523337,
              28.922550563999398
            ],
            [
              -89.0518481676787,
              28.923001577123316
            ],
            [
              -89.0517456401782,
              28.92300314003876
            ],
            [
              -89.0517634047929,
              28.923905166246286
            ],
            [
              -89.0518659331796,
              28.923903603272997
            ],
            [
              -89.05186770977444,
              28.923993805880773
            ],
            [
              -89.05197023824164,
              28.923992242823694
            ],
            [
              -89.05197201493323,
              28.92408244542437
            ],
            [
              -89.05207454348091,
              28.924080882283523
            ],
            [
              -89.05207809706577,
              28.924261287469378
            ],
            [
              -89.05218062578255,
              28.924259724238965
            ],
            [
              -89.05218240267581,
              28.924349926824146
            ],
            [
              -89.0522849314731,
              28.924348363509964
            ],
            [
              -89.05229026246757,
              28.92461897124028
            ],
            [
              -89.05239279152256,
              28.92461740783074
            ],
            [
              -89.05239634573684,
              28.924797812966162
            ],
            [
              -89.05249887496095,
              28.924796249467068
            ],
            [
              -89.05250242938503,
              28.92497665458568
            ],
            [
              -89.05260495877826,
              28.924975090996995
            ],
            [
              -89.05260673609112,
              28.92506529354856
            ],
            [
              -89.05250420660927,
              28.92506685714302
            ],
            [
              -89.05251131558765,
              28.925427667359312
            ],
            [
              -89.05240878574314,
              28.925429230898924
            ],
            [
              -89.05241944892312,
              28.925970446218802
            ],
            [
              -89.05221438814615,
              28.92597357313348
            ],
            [
              -89.05221616519404,
              28.926063775693777
            ],
            [
              -89.05190857370162,
              28.926068465498147
            ],
            [
              -89.05191035049177,
              28.926158668074507
            ],
            [
              -89.05180781988939,
              28.926160231192416
            ],
            [
              -89.0518184802693,
              28.926701446657752
            ],
            [
              -89.05171594912699,
              28.926703009732375
            ],
            [
              -89.05171772579682,
              28.926793212311125
            ],
            [
              -89.05161519455774,
              28.926794775313535
            ],
            [
              -89.05162052435014,
              28.927065383059308
            ],
            [
              -89.05172305585512,
              28.92706382003955
            ],
            [
              -89.05172483255751,
              28.927154022613077
            ],
            [
              -89.05182736414298,
              28.92715245950952
            ],
            [
              -89.05182914094213,
              28.92724266207595
            ],
            [
              -89.05203420426596,
              28.927239535623276
            ],
            [
              -89.05203775824323,
              28.927419940729063
            ],
            [
              -89.05214029007021,
              28.927418377374156
            ],
            [
              -89.05214206715968,
              28.927508579919287
            ],
            [
              -89.05224459906717,
              28.9275070164806
            ],
            [
              -89.05224637625342,
              28.927597219018647
            ],
            [
              -89.05245144022123,
              28.927594091895667
            ],
            [
              -89.0524532175929,
              28.927684294420832
            ],
            [
              -89.05255574965324,
              28.92768273073655
            ],
            [
              -89.05255752712168,
              28.927772933254616
            ],
            [
              -89.05266005926252,
              28.92777136948655
            ],
            [
              -89.05266361440111,
              28.927951774507186
            ],
            [
              -89.05286867901292,
              28.92794864671388
            ],
            [
              -89.0528704567717,
              28.92803884921066
            ],
            [
              -89.05307552152821,
              28.928035721093764
            ],
            [
              -89.05307374359214,
              28.927945518608553
            ],
            [
              -89.05327880813881,
              28.927942390191216
            ],
            [
              -89.05327703003361,
              28.927852187716272
            ],
            [
              -89.05348209437041,
              28.9278490589985
            ],
            [
              -89.05348031609608,
              28.927758856533835
            ],
            [
              -89.05399297635238,
              28.927751033403275
            ],
            [
              -89.0539965337956,
              28.9279314382734
            ],
            [
              -89.05420159819565,
              28.927928308451982
            ],
            [
              -89.05420693495338,
              28.928198915712596
            ],
            [
              -89.05430946740711,
              28.92819735066751
            ],
            [
              -89.05432014167442,
              28.928738565118618
            ],
            [
              -89.05421760868886,
              28.928740130198456
            ],
            [
              -89.0542389570397,
              28.92982255902877
            ],
            [
              -89.05413642298224,
              28.9298241241001
            ],
            [
              -89.05413998097748,
              28.93000452889842
            ],
            [
              -89.05403744673457,
              28.93000609390332
            ],
            [
              -89.05404278352259,
              28.93027670110833
            ],
            [
              -89.05414531803146,
              28.930275136086042
            ],
            [
              -89.05415955053388,
              28.930996755195466
            ],
            [
              -89.05405701531582,
              28.930998320264074
            ],
            [
              -89.05406057334558,
              28.931178725039928
            ],
            [
              -89.05395803794207,
              28.931180290042107
            ],
            [
              -89.05396159582712,
              28.931360694824296
            ],
            [
              -89.05385906023814,
              28.931362259760046
            ],
            [
              -89.05386083910425,
              28.93145246215497
            ],
            [
              -89.05365576772454,
              28.931455591804013
            ],
            [
              -89.05365754642148,
              28.931545794209196
            ],
            [
              -89.05355501063075,
              28.931547358922483
            ],
            [
              -89.05356923979018,
              28.93226897816322
            ],
            [
              -89.05346670328206,
              28.932270542844805
            ],
            [
              -89.05347026047606,
              28.932450947653468
            ],
            [
              -89.05336772378246,
              28.93245251226862
            ],
            [
              -89.05336950230301,
              28.93254271467678
            ],
            [
              -89.05326696551262,
              28.93254427921971
            ],
            [
              -89.05327052240085,
              28.932724684043677
            ],
            [
              -89.05316798542498,
              28.93272624852016
            ],
            [
              -89.05317154216847,
              28.932906653350468
            ],
            [
              -89.05306900500715,
              28.93290821776051
            ],
            [
              -89.05307433991747,
              28.933178825013528
            ],
            [
              -89.052971802482,
              28.93318038936291
            ],
            [
              -89.05297891545513,
              28.93354119903842
            ],
            [
              -89.05287637765687,
              28.93354276333293
            ],
            [
              -89.05287993401497,
              28.93372316817442
            ],
            [
              -89.05277739603123,
              28.93372473240249
            ],
            [
              -89.05277917413382,
              28.933814934827048
            ],
            [
              -89.05267663605328,
              28.933816498982893
            ],
            [
              -89.05267841407536,
              28.933906701411928
            ],
            [
              -89.052575875898,
              28.933908265495532
            ],
            [
              -89.05257765383956,
              28.93399846792905
            ],
            [
              -89.0524751155654,
              28.934000031940425
            ],
            [
              -89.05247689342643,
              28.934090234378417
            ],
            [
              -89.05237435505546,
              28.934091798317553
            ],
            [
              -89.05237791062459,
              28.93427220320119
            ],
            [
              -89.05227537206815,
              28.934273767073872
            ],
            [
              -89.05227714977627,
              28.93436396951951
            ],
            [
              -89.05217461112301,
              28.93436553331995
            ],
            [
              -89.0521763887506,
              28.93445573577006
            ],
            [
              -89.05197131124234,
              28.934458863148453
            ],
            [
              -89.05197308870072,
              28.93454906560884
            ],
            [
              -89.05176801098257,
              28.934552192686695
            ],
            [
              -89.05176978827176,
              28.93464239515734
            ],
            [
              -89.05146217136746,
              28.934647085206294
            ],
            [
              -89.05146394839878,
              28.93473728769297
            ]
          ],
          [
            [
              -89.04592835636619,
              28.929678468458143
            ],
            [
              -89.04592658449702,
              28.9295882655907
            ],
            [
              -89.04572151576593,
              28.92959138297145
            ],
            [
              -89.04572328745782,
              28.929681585850435
            ],
            [
              -89.04592835636619,
              28.929678468458143
            ]
          ],
          [
            [
              -89.04855344527337,
              28.927563251131822
            ],
            [
              -89.0485498973072,
              28.927382845635567
            ],
            [
              -89.04865242932202,
              28.927381284938534
            ],
            [
              -89.04865065526248,
              28.927291082194223
            ],
            [
              -89.04834305945957,
              28.92729576403399
            ],
            [
              -89.04834660705492,
              28.927476169555963
            ],
            [
              -89.0482440749271,
              28.927477730024762
            ],
            [
              -89.04824584864832,
              28.927567932789565
            ],
            [
              -89.04855344527337,
              28.927563251131822
            ]
          ]
        ]
      },
      "properties": {
        "incident_id": "SP-015",
        "type": "AI-detected-slick",
        "source": "Sentinel-1 SAR",
        "method": "U-Net segmentation + radiometric filtering"
      }
    },
    {
      "type": "Feature",
      "geometry": {
        "type": "Polygon",
        "coordinates": [
          [
            [
              -89.02824071905395,
              28.932562880376715
            ],
            [
              -89.02772802687842,
              28.93257060662031
            ],
            [
              -89.02772627055592,
              28.932480402768533
            ],
            [
              -89.02762373218535,
              28.932481947777468
            ],
            [
              -89.02762021974182,
              28.932301540058564
            ],
            [
              -89.02751768154053,
              28.93230308497803
            ],
            [
              -89.02751065710463,
              28.93194226950166
            ],
            [
              -89.02761319495126,
              28.93194072460505
            ],
            [
              -89.02760968260424,
              28.93176031687047
            ],
            [
              -89.0277122202655,
              28.93175877190727
            ],
            [
              -89.0277104640154,
              28.931668568043726
            ],
            [
              -89.02781300157996,
              28.93166702300823
            ],
            [
              -89.02781124524923,
              28.93157681914909
            ],
            [
              -89.02791378271708,
              28.9315752740413
            ],
            [
              -89.02791202630574,
              28.93148507018658
            ],
            [
              -89.02801456367689,
              28.93148352500647
            ],
            [
              -89.02801280718494,
              28.931393321156165
            ],
            [
              -89.02811534445938,
              28.931391775903762
            ],
            [
              -89.02811007476578,
              28.931121164362146
            ],
            [
              -89.0282126117662,
              28.931119619048875
            ],
            [
              -89.02820558526606,
              28.930758803664652
            ],
            [
              -89.02779543863466,
              28.930764984358124
            ],
            [
              -89.02779719489298,
              28.930855188229014
            ],
            [
              -89.0275921213517,
              28.93085827811908
            ],
            [
              -89.02759036527068,
              28.930768074236756
            ],
            [
              -89.02738529187454,
              28.930771163803314
            ],
            [
              -89.02738353597888,
              28.930680959908244
            ],
            [
              -89.02717846272789,
              28.930684049151314
            ],
            [
              -89.02717670701759,
              28.930593845243504
            ],
            [
              -89.0270741704687,
              28.930595389742294
            ],
            [
              -89.02707241485507,
              28.930505185827464
            ],
            [
              -89.0269698783868,
              28.930506730242524
            ],
            [
              -89.02696812286989,
              28.930416526320666
            ],
            [
              -89.02686558648222,
              28.930418070651996
            ],
            [
              -89.02686207564983,
              28.930237662792944
            ],
            [
              -89.02675953943142,
              28.93023920703482
            ],
            [
              -89.02675778411594,
              28.93014900309762
            ],
            [
              -89.02665524797818,
              28.930150547255764
            ],
            [
              -89.02665349275938,
              28.93006034331155
            ],
            [
              -89.0263458845638,
              28.930064975300755
            ],
            [
              -89.026344129619,
              28.929974771338085
            ],
            [
              -89.02613905762573,
              28.929977858929387
            ],
            [
              -89.0261373028663,
              28.92988765495398
            ],
            [
              -89.02603476694625,
              28.929889198626892
            ],
            [
              -89.0260330122835,
              28.929798994644475
            ],
            [
              -89.02593047644409,
              28.929800538233657
            ],
            [
              -89.02592872187803,
              28.929710334244216
            ],
            [
              -89.02582618611922,
              28.929711877749675
            ],
            [
              -89.02582443164985,
              28.92962167375321
            ],
            [
              -89.02572189597167,
              28.929623217174946
            ],
            [
              -89.02572014159898,
              28.929533013171476
            ],
            [
              -89.02561760600142,
              28.92953455650948
            ],
            [
              -89.02561585172543,
              28.929444352498983
            ],
            [
              -89.02551331620849,
              28.92944589575327
            ],
            [
              -89.02551156202917,
              28.929355691735754
            ],
            [
              -89.02540902659284,
              28.929357234906306
            ],
            [
              -89.02540727251022,
              28.92926703088177
            ],
            [
              -89.02499713103917,
              28.929273202761042
            ],
            [
              -89.02499537731919,
              28.92918299871236
            ],
            [
              -89.02407255933738,
              28.92919688082555
            ],
            [
              -89.0240743122595,
              28.929287084925605
            ],
            [
              -89.02315149282957,
              28.929300960771094
            ],
            [
              -89.02315324496185,
              28.929391164921192
            ],
            [
              -89.02294817371184,
              28.92939424759567
            ],
            [
              -89.02294992567484,
              28.92948445175587
            ],
            [
              -89.02274485421542,
              28.929487534129702
            ],
            [
              -89.02274835781087,
              28.929667942469
            ],
            [
              -89.02254328596476,
              28.92967102455358
            ],
            [
              -89.02254503759721,
              28.929761228732673
            ],
            [
              -89.02233996554168,
              28.929764310516607
            ],
            [
              -89.02234171700485,
              28.92985451470581
            ],
            [
              -89.02193157244295,
              28.929860677360296
            ],
            [
              -89.02193332355951,
              28.92995088157098
            ],
            [
              -89.02172825105312,
              28.929953962441537
            ],
            [
              -89.02173000200041,
              28.930044166662316
            ],
            [
              -89.02121732015083,
              28.930051867501916
            ],
            [
              -89.02121907066285,
              28.930142071749906
            ],
            [
              -89.0210139976896,
              28.930145151551027
            ],
            [
              -89.0210157480323,
              28.930235355809092
            ],
            [
              -89.02060560163497,
              28.93024151449793
            ],
            [
              -89.02060735163107,
              28.930331718777488
            ],
            [
              -89.02019720475089,
              28.930337876240834
            ],
            [
              -89.02019895440037,
              28.93042808054188
            ],
            [
              -89.01937865954609,
              28.930440391769306
            ],
            [
              -89.01937691060587,
              28.9303501874227
            ],
            [
              -89.01896676334111,
              28.930356341141216
            ],
            [
              -89.01896501476352,
              28.93026613677054
            ],
            [
              -89.0183497941581,
              28.93027536497363
            ],
            [
              -89.01834804612047,
              28.930185160567493
            ],
            [
              -89.01763028900382,
              28.930195923214793
            ],
            [
              -89.01763203642086,
              28.930286127660764
            ],
            [
              -89.01670920446821,
              28.930299959784097
            ],
            [
              -89.0167074578491,
              28.93020975528695
            ],
            [
              -89.01629731046121,
              28.930215900846108
            ],
            [
              -89.01629556420473,
              28.93012569632491
            ],
            [
              -89.01588541704352,
              28.930131840613054
            ],
            [
              -89.01588716294538,
              28.930222045156995
            ],
            [
              -89.01557955222454,
              28.930226652570973
            ],
            [
              -89.01558129786842,
              28.930316857130656
            ],
            [
              -89.01547876085684,
              28.930318392784958
            ],
            [
              -89.01547701530161,
              28.930228188219594
            ],
            [
              -89.01527194143176,
              28.93023125928279
            ],
            [
              -89.01527019606185,
              28.93014105470475
            ],
            [
              -89.01516765920358,
              28.930142590113636
            ],
            [
              -89.01516416866505,
              28.929962180942294
            ],
            [
              -89.01506163197611,
              28.929963716261785
            ],
            [
              -89.01505814164686,
              28.92978330707384
            ],
            [
              -89.01495560512726,
              28.92978484230396
            ],
            [
              -89.01494513486327,
              28.929243614674707
            ],
            [
              -89.01484259886757,
              28.929245149792738
            ],
            [
              -89.01483736410943,
              28.928974535943432
            ],
            [
              -89.01473482837173,
              28.928976070966403
            ],
            [
              -89.01473308355698,
              28.928885866341677
            ],
            [
              -89.01452801223488,
              28.9288889361422
            ],
            [
              -89.01452626760543,
              28.928798731504823
            ],
            [
              -89.01432119642868,
              28.928801800981926
            ],
            [
              -89.01431945198452,
              28.928711596331873
            ],
            [
              -89.01421691647282,
              28.928713130947724
            ],
            [
              -89.01421517212529,
              28.92862292629069
            ],
            [
              -89.01411263669425,
              28.92862446082285
            ],
            [
              -89.01411089244338,
              28.928534256158827
            ],
            [
              -89.01400835709299,
              28.9285357906073
            ],
            [
              -89.01400486879251,
              28.92835538126397
            ],
            [
              -89.01390233361143,
              28.928356915623084
            ],
            [
              -89.01389884552019,
              28.92817650626317
            ],
            [
              -89.01379631050844,
              28.92817804053291
            ],
            [
              -89.01379107869744,
              28.927907426466216
            ],
            [
              -89.01368854394363,
              28.927908960640906
            ],
            [
              -89.01368331247045,
              28.92763834654544
            ],
            [
              -89.0135807779746,
              28.927639880625087
            ],
            [
              -89.01356857210389,
              28.92700844765023
            ],
            [
              -89.01346603822059,
              28.92700998161213
            ],
            [
              -89.01346255107812,
              28.92682957216765
            ],
            [
              -89.01336001736409,
              28.926831106040186
            ],
            [
              -89.01335304352955,
              28.926470287112824
            ],
            [
              -89.01325051016212,
              28.92647182088464
            ],
            [
              -89.0132487668121,
              28.926381616143868
            ],
            [
              -89.01314623352533,
              28.926383149832006
            ],
            [
              -89.01314449027191,
              28.92629294508425
            ],
            [
              -89.0130419570658,
              28.926294478688703
            ],
            [
              -89.01304021390901,
              28.92620427393395
            ],
            [
              -89.01293768078355,
              28.926205807454732
            ],
            [
              -89.0129359377234,
              28.926115602693017
            ],
            [
              -89.01232073933485,
              28.9261248021455
            ],
            [
              -89.01232248186317,
              28.926215006941263
            ],
            [
              -89.01201488229523,
              28.926219605631463
            ],
            [
              -89.0120166245656,
              28.92630981044296
            ],
            [
              -89.01170902465992,
              28.926314408448125
            ],
            [
              -89.01171076667235,
              28.926404613275317
            ],
            [
              -89.01078796572675,
              28.92641840312952
            ],
            [
              -89.01078970694937,
              28.92650860800644
            ],
            [
              -89.01068717338245,
              28.926510139828103
            ],
            [
              -89.01068891452441,
              28.9266003447094
            ],
            [
              -89.01048384718936,
              28.92660340813004
            ],
            [
              -89.01048732914265,
              28.92678381791139
            ],
            [
              -89.01038479528587,
              28.92678534951603
            ],
            [
              -89.01038827709375,
              28.926965759303492
            ],
            [
              -89.01028574305171,
              28.926967290841464
            ],
            [
              -89.01028748387898,
              28.927057495738904
            ],
            [
              -89.01039001800964,
              28.92705596419526
            ],
            [
              -89.01039524080521,
              28.927326578862747
            ],
            [
              -89.01049777519385,
              28.9273250472241
            ],
            [
              -89.01052040928958,
              28.928497710573783
            ],
            [
              -89.01041787374851,
              28.928499242286126
            ],
            [
              -89.01042135585938,
              28.928679652023995
            ],
            [
              -89.01031882013304,
              28.928681183669674
            ],
            [
              -89.01032056111178,
              28.92877138854232
            ],
            [
              -89.01021802528881,
              28.92877292011564
            ],
            [
              -89.01021976618688,
              28.928863124992645
            ],
            [
              -89.01011723026727,
              28.928864656493623
            ],
            [
              -89.01011897108467,
              28.928954861374994
            ],
            [
              -89.00991389904424,
              28.928957924154243
            ],
            [
              -89.0099156396923,
              28.92904812904564
            ],
            [
              -89.00950549516115,
              28.929054253690627
            ],
            [
              -89.00950375486771,
              28.928964048776567
            ],
            [
              -89.00878600225195,
              28.928974763862065
            ],
            [
              -89.00878948160565,
              28.929155173768198
            ],
            [
              -89.00868694530851,
              28.929156704193968
            ],
            [
              -89.00868868490865,
              28.929246909150738
            ],
            [
              -89.00858614851488,
              28.92924843950415
            ],
            [
              -89.00858788803434,
              28.929338644465282
            ],
            [
              -89.00817774202497,
              28.92934476512144
            ],
            [
              -89.00817948119779,
              28.929434970103916
            ],
            [
              -89.00807694458686,
              28.929436500078577
            ],
            [
              -89.00807520550273,
              28.929346295090443
            ],
            [
              -89.00704983984218,
              28.92936159048953
            ],
            [
              -89.00705157803978,
              28.929451795534266
            ],
            [
              -89.00674396792039,
              28.929456382649647
            ],
            [
              -89.00674570585997,
              28.929546587710067
            ],
            [
              -89.00654063222993,
              28.929549645408223
            ],
            [
              -89.00654237000015,
              28.929639850478647
            ],
            [
              -89.00623475922944,
              28.92964443645773
            ],
            [
              -89.00623649674165,
              28.929734641543817
            ],
            [
              -89.00572381152136,
              28.929742283310205
            ],
            [
              -89.00572554859825,
              28.929832488423276
            ],
            [
              -89.00562301144166,
              28.92983401654816
            ],
            [
              -89.00562474843784,
              28.92992422166557
            ],
            [
              -89.00541967392347,
              28.92992727769258
            ],
            [
              -89.00542141075029,
              28.930017482820006
            ],
            [
              -89.00531887339253,
              28.930019010722134
            ],
            [
              -89.00532061013863,
              28.93010921585392
            ],
            [
              -89.00511553522192,
              28.93011227143543
            ],
            [
              -89.00511727179865,
              28.930202476577207
            ],
            [
              -89.00501473423971,
              28.930204004256588
            ],
            [
              -89.00501647073574,
              28.930294209402714
            ],
            [
              -89.00491393308018,
              28.93029573700973
            ],
            [
              -89.0049156694955,
              28.9303859421602
            ],
            [
              -89.00471059398322,
              28.93038899715149
            ],
            [
              -89.00471233022915,
              28.930479202311957
            ],
            [
              -89.0044047166351,
              28.93048378423068
            ],
            [
              -89.00440645262302,
              28.930573989406806
            ],
            [
              -89.00379122468826,
              28.930583151171607
            ],
            [
              -89.0037894892323,
              28.93049294596158
            ],
            [
              -89.00368695130402,
              28.93049447264365
            ],
            [
              -89.00368521594467,
              28.93040426742667
            ],
            [
              -89.0035826780971,
              28.930405794025074
            ],
            [
              -89.00357747233275,
              28.930135178349335
            ],
            [
              -89.00347493474321,
              28.930136704852778
            ],
            [
              -89.00343502829837,
              28.92806198415212
            ],
            [
              -89.00353756384882,
              28.928060457778603
            ],
            [
              -89.00352541862291,
              28.927429020946192
            ],
            [
              -89.00342288369299,
              28.927430547280153
            ],
            [
              -89.00329799034833,
              28.92093576431581
            ],
            [
              -89.00340051889664,
              28.920934238388543
            ],
            [
              -89.00338317496981,
              28.92003218472074
            ],
            [
              -89.003485702624,
              28.920030658771967
            ],
            [
              -89.00347876492125,
              28.919669837290922
            ],
            [
              -89.00358129221306,
              28.91966831128675
            ],
            [
              -89.00357608875358,
              28.919397695179214
            ],
            [
              -89.00367861577159,
              28.91939616911401
            ],
            [
              -89.00367688121237,
              28.919305963747878
            ],
            [
              -89.00377940813384,
              28.919304437610336
            ],
            [
              -89.00377767349396,
              28.919214232248528
            ],
            [
              -89.00388020031885,
              28.919212706038657
            ],
            [
              -89.0038784655983,
              28.919122500681215
            ],
            [
              -89.00408351904706,
              28.919119448038813
            ],
            [
              -89.00408178415724,
              28.91902924269135
            ],
            [
              -89.00418431078108,
              28.919027716258825
            ],
            [
              -89.00418257581059,
              28.918937510915708
            ],
            [
              -89.00438762885723,
              28.918934457828
            ],
            [
              -89.00438589371747,
              28.918844252494896
            ],
            [
              -89.00448842014025,
              28.918842725839703
            ],
            [
              -89.00448668491983,
              28.91875252051095
            ],
            [
              -89.00458921124607,
              28.91875099378344
            ],
            [
              -89.00458747594497,
              28.918660788459025
            ],
            [
              -89.00469000217466,
              28.918659261659187
            ],
            [
              -89.00468826679291,
              28.918569056339116
            ],
            [
              -89.00479079292603,
              28.918567529466948
            ],
            [
              -89.00478905746363,
              28.918477324151215
            ],
            [
              -89.00489158350018,
              28.918475797206714
            ],
            [
              -89.00488984795713,
              28.918385591895344
            ],
            [
              -89.00499237389714,
              28.91838406487851
            ],
            [
              -89.00499063827341,
              28.91829385957149
            ],
            [
              -89.00509316411686,
              28.918292332482327
            ],
            [
              -89.00509142841248,
              28.918202127179654
            ],
            [
              -89.00529647989832,
              28.918199072778698
            ],
            [
              -89.0052947440247,
              28.91810886748603
            ],
            [
              -89.00539726966707,
              28.918107340174224
            ],
            [
              -89.00539553371279,
              28.918017134885897
            ],
            [
              -89.00560058479648,
              28.91801408003966
            ],
            [
              -89.00559884867293,
              28.917923874761346
            ],
            [
              -89.00570137411425,
              28.91792234722691
            ],
            [
              -89.00569963791006,
              28.91783214195295
            ],
            [
              -89.00580216325481,
              28.917830614346187
            ],
            [
              -89.00580042696996,
              28.917740409076572
            ],
            [
              -89.00590295221816,
              28.91773888139749
            ],
            [
              -89.00590121585266,
              28.91764867613222
            ],
            [
              -89.0060037410043,
              28.917647148380812
            ],
            [
              -89.00600200455816,
              28.917556943119898
            ],
            [
              -89.00610452961324,
              28.917555415296178
            ],
            [
              -89.0061010565676,
              28.917375004781732
            ],
            [
              -89.00620358143753,
              28.917373476891342
            ],
            [
              -89.00620184483803,
              28.91728327163782
            ],
            [
              -89.00630436961141,
              28.9172817436751
            ],
            [
              -89.00630263293127,
              28.917191538425932
            ],
            [
              -89.00640515760809,
              28.91719001039089
            ],
            [
              -89.00640168409446,
              28.917009599899952
            ],
            [
              -89.00650420858612,
              28.917008071798247
            ],
            [
              -89.00650247175264,
              28.916917866556474
            ],
            [
              -89.0067075205349,
              28.916914810130457
            ],
            [
              -89.00670578353217,
              28.916824604898697
            ],
            [
              -89.0069108321054,
              28.91682154817208
            ],
            [
              -89.00690909493343,
              28.91673134295034
            ],
            [
              -89.00711414329764,
              28.916728285923146
            ],
            [
              -89.00711240595643,
              28.9166380807114
            ],
            [
              -89.0073174541116,
              28.916635023383613
            ],
            [
              -89.00731571660116,
              28.91654481818189
            ],
            [
              -89.00772581246162,
              28.916538702613245
            ],
            [
              -89.00772407460474,
              28.916448497432857
            ],
            [
              -89.0211546318879,
              28.916247523815336
            ],
            [
              -89.02115638135085,
              28.916337728251733
            ],
            [
              -89.02207908715253,
              28.91632387172968
            ],
            [
              -89.02207733689224,
              28.91623366734456
            ],
            [
              -89.02382022235066,
              28.916207476779114
            ],
            [
              -89.02382197411706,
              28.91629768106727
            ],
            [
              -89.02833296489928,
              28.916229788832553
            ],
            [
              -89.02833472057178,
              28.91631999286809
            ],
            [
              -89.02864228782433,
              28.916315358337968
            ],
            [
              -89.02864404377064,
              28.916405562355035
            ],
            [
              -89.02895161121658,
              28.916400927106015
            ],
            [
              -89.02895336743673,
              28.916491131104614
            ],
            [
              -89.02905588999121,
              28.91648958585994
            ],
            [
              -89.02905940263281,
              28.916669993841786
            ],
            [
              -89.02916192535643,
              28.9166684485077
            ],
            [
              -89.02917070754417,
              28.917119468410842
            ],
            [
              -89.02927323070273,
              28.917117922970178
            ],
            [
              -89.029274987253,
              28.917208126941176
            ],
            [
              -89.02917246400585,
              28.917209672387557
            ],
            [
              -89.02917422047557,
              28.917299876362954
            ],
            [
              -89.02927674381132,
              28.917298330910853
            ],
            [
              -89.02927850037769,
              28.917388534879233
            ],
            [
              -89.02917597695334,
              28.91739008033705
            ],
            [
              -89.02917773343917,
              28.91748028430984
            ],
            [
              -89.02928025695212,
              28.917478738846302
            ],
            [
              -89.02928201353457,
              28.917568942812064
            ],
            [
              -89.02917948993301,
              28.917570488281317
            ],
            [
              -89.02918475946288,
              28.917841100187932
            ],
            [
              -89.02928728333022,
              28.9178395547015
            ],
            [
              -89.02933471474985,
              28.92027506117728
            ],
            [
              -89.02923218849018,
              28.920276606818177
            ],
            [
              -89.02923394523347,
              28.920366810749154
            ],
            [
              -89.02933647158174,
              28.920365265102536
            ],
            [
              -89.0293382284217,
              28.920455469026482
            ],
            [
              -89.0292357019848,
              28.920457014678814
            ],
            [
              -89.02923745874418,
              28.920547218607183
            ],
            [
              -89.02933998526967,
              28.920545672949125
            ],
            [
              -89.02935404034329,
              28.9212673042832
            ],
            [
              -89.02925151310887,
              28.921268849987026
            ],
            [
              -89.02928665127372,
              28.92307292807074
            ],
            [
              -89.02938918028049,
              28.923071382252484
            ],
            [
              -89.02951746837078,
              28.929656262404173
            ],
            [
              -89.02941493289346,
              28.929657808640126
            ],
            [
              -89.02942899376094,
              28.930379438964
            ],
            [
              -89.02932645756636,
              28.93038098516772
            ],
            [
              -89.02933173025852,
              28.930651596534766
            ],
            [
              -89.0292291937899,
              28.930653142677627
            ],
            [
              -89.02923446628853,
              28.930923754050088
            ],
            [
              -89.0291319295459,
              28.93092530013208
            ],
            [
              -89.02913720185099,
              28.931195911509942
            ],
            [
              -89.02903466483433,
              28.931197457531105
            ],
            [
              -89.02904345172716,
              28.93164847649666
            ],
            [
              -89.02894091425915,
              28.93165002246839
            ],
            [
              -89.02894267157319,
              28.931740226263308
            ],
            [
              -89.02884013400848,
              28.93174177216276
            ],
            [
              -89.02884540573292,
              28.932012383556803
            ],
            [
              -89.02874286789417,
              28.93201392939539
            ],
            [
              -89.02874462506308,
              28.93210413319651
            ],
            [
              -89.02864208712761,
              28.932105678962802
            ],
            [
              -89.0286438442159,
              28.93219588276833
            ],
            [
              -89.02854130618374,
              28.93219742846231
            ],
            [
              -89.02854306319142,
              28.93228763227226
            ],
            [
              -89.02844052506254,
              28.932289177893946
            ],
            [
              -89.0284422819896,
              28.9323793817083
            ],
            [
              -89.02833974376401,
              28.932380927257675
            ],
            [
              -89.02834150061045,
              28.93247113107644
            ],
            [
              -89.02823896228814,
              28.932472676553513
            ],
            [
              -89.02824071905395,
              28.932562880376715
            ]
          ]
        ]
      },
      "properties": {
        "incident_id": "SP-015",
        "type": "AI-detected-slick",
        "source": "Sentinel-1 SAR",
        "method": "U-Net segmentation + radiometric filtering"
      }
    },
    {
      "type": "Feature",
      "geometry": {
        "type": "Polygon",
        "coordinates": [
          [
            [
              -89.0584856338309,
              28.93192317532759
            ],
            [
              -89.05807549037908,
              28.931929448495545
            ],
            [
              -89.0580737078292,
              28.931839246346154
            ],
            [
              -89.05756102877405,
              28.931847086021715
            ],
            [
              -89.05755924667558,
              28.931756883842002
            ],
            [
              -89.05745671092872,
              28.931758451537267
            ],
            [
              -89.05745492892707,
              28.931668249350448
            ],
            [
              -89.05735239326071,
              28.931669816961904
            ],
            [
              -89.0573506113559,
              28.93157961476797
            ],
            [
              -89.05724807577003,
              28.931581182295595
            ],
            [
              -89.05724629396201,
              28.931490980094548
            ],
            [
              -89.05714375845665,
              28.93149254753836
            ],
            [
              -89.05714019504241,
              28.93131214312076
            ],
            [
              -89.05703765970618,
              28.93131371047496
            ],
            [
              -89.05702875175668,
              28.930862699378988
            ],
            [
              -89.05692621685554,
              28.93086426662618
            ],
            [
              -89.0569155281173,
              28.930323053233014
            ],
            [
              -89.05681299373992,
              28.93032462036739
            ],
            [
              -89.05680764974689,
              28.930054013635722
            ],
            [
              -89.0567051156273,
              28.930055580674697
            ],
            [
              -89.05670155318334,
              28.929875176168782
            ],
            [
              -89.05659901923289,
              28.929876743118143
            ],
            [
              -89.05658477049258,
              28.92915512499567
            ],
            [
              -89.05648223724313,
              28.929156691820637
            ],
            [
              -89.05647689436604,
              28.928886084985717
            ],
            [
              -89.05637436137437,
              28.92888765171528
            ],
            [
              -89.05637079967437,
              28.928707247140512
            ],
            [
              -89.05626826685182,
              28.92870881378048
            ],
            [
              -89.05626292462892,
              28.92843820689112
            ],
            [
              -89.05616039206414,
              28.928439773435684
            ],
            [
              -89.05615683080028,
              28.92825936882464
            ],
            [
              -89.05605429840462,
              28.9282609352796
            ],
            [
              -89.05604539583082,
              28.927809923700075
            ],
            [
              -89.05594286387021,
              28.927811490048054
            ],
            [
              -89.05580579679885,
              28.92086590714314
            ],
            [
              -89.05590832193553,
              28.920864341241483
            ],
            [
              -89.05589764288281,
              28.920323126697898
            ],
            [
              -89.05579511827777,
              28.92032469256478
            ],
            [
              -89.05571325936488,
              28.91617537923152
            ],
            [
              -89.05581577989453,
              28.916173813631243
            ],
            [
              -89.0558122210254,
              28.915993408652465
            ],
            [
              -89.05591474136975,
              28.91599184298581
            ],
            [
              -89.05591296185884,
              28.915901640500245
            ],
            [
              -89.05601548210643,
              28.915900074761428
            ],
            [
              -89.05601370251509,
              28.915809872280352
            ],
            [
              -89.05621874280867,
              28.915806740580418
            ],
            [
              -89.0562169630483,
              28.91571653810963
            ],
            [
              -89.05806232262829,
              28.915688338880933
            ],
            [
              -89.05806410398314,
              28.91577854124733
            ],
            [
              -89.0586792237873,
              28.9157691358562
            ],
            [
              -89.05868100568183,
              28.915859338186472
            ],
            [
              -89.05888604572841,
              28.915856202420777
            ],
            [
              -89.05888782780828,
              28.915946404738136
            ],
            [
              -89.0596054683343,
              28.915935427061672
            ],
            [
              -89.05960368563434,
              28.91584522478495
            ],
            [
              -89.05991124547154,
              28.91584051891442
            ],
            [
              -89.05990946251401,
              28.915750316653806
            ],
            [
              -89.06113970006474,
              28.915731486224615
            ],
            [
              -89.06114148408528,
              28.915821688415523
            ],
            [
              -89.06134652373986,
              28.91581854890754
            ],
            [
              -89.06134830794572,
              28.915908751085517
            ],
            [
              -89.06145082784933,
              28.915907181208777
            ],
            [
              -89.06146510249916,
              28.916628798538895
            ],
            [
              -89.06136258188688,
              28.916630368462123
            ],
            [
              -89.0613697190536,
              28.91699117711901
            ],
            [
              -89.06126719807878,
              28.916992746987525
            ],
            [
              -89.0612689823023,
              28.917082949154278
            ],
            [
              -89.06116646123071,
              28.91708451895064
            ],
            [
              -89.0611700295251,
              28.917264923291846
            ],
            [
              -89.06106750826818,
              28.917266493021856
            ],
            [
              -89.06106929233904,
              28.917356695196307
            ],
            [
              -89.06096677098536,
              28.917358264854165
            ],
            [
              -89.06096855497579,
              28.917448467033108
            ],
            [
              -89.06086603352534,
              28.917450036618803
            ],
            [
              -89.06086781743538,
              28.917540238802253
            ],
            [
              -89.06066277433278,
              28.917543377751358
            ],
            [
              -89.0606645580738,
              28.917633579945107
            ],
            [
              -89.06056203642166,
              28.917635149308513
            ],
            [
              -89.06056382008224,
              28.917725351506775
            ],
            [
              -89.06046129833334,
              28.917726920798028
            ],
            [
              -89.06046308191351,
              28.917817123000777
            ],
            [
              -89.06036056006785,
              28.917818692219864
            ],
            [
              -89.06036234356759,
              28.91790889442712
            ],
            [
              -89.06025982162517,
              28.917910463574053
            ],
            [
              -89.06026160504449,
              28.91800066578579
            ],
            [
              -89.0601590830053,
              28.91800223486055
            ],
            [
              -89.06016086634419,
              28.91809243707681
            ],
            [
              -89.06005834420824,
              28.918094006079404
            ],
            [
              -89.06006012746671,
              28.918184208300172
            ],
            [
              -89.059957605234,
              28.918185777230594
            ],
            [
              -89.05995938841204,
              28.918275979455846
            ],
            [
              -89.05985686608258,
              28.918277548314112
            ],
            [
              -89.05986221539993,
              28.918548154999424
            ],
            [
              -89.0597596927965,
              28.91854972379714
            ],
            [
              -89.05976682497959,
              28.91891053271579
            ],
            [
              -89.05966430201362,
              28.91891210145876
            ],
            [
              -89.05966965097089,
              28.919182708151414
            ],
            [
              -89.05956712773094,
              28.91918427683384
            ],
            [
              -89.0595706935661,
              28.91936468130067
            ],
            [
              -89.05946817014082,
              28.91936624991672
            ],
            [
              -89.05947173583142,
              28.919546654389933
            ],
            [
              -89.05936921222076,
              28.91954822293962
            ],
            [
              -89.0593709949897,
              28.919638425180075
            ],
            [
              -89.05926847128228,
              28.919639993657594
            ],
            [
              -89.05927203666748,
              28.91982039814616
            ],
            [
              -89.05916951277469,
              28.91982196655732
            ],
            [
              -89.05917486064793,
              28.920092573297776
            ],
            [
              -89.05907233648117,
              28.920094141648367
            ],
            [
              -89.0590741190333,
              28.920184343898377
            ],
            [
              -89.05897159476976,
              28.92018591217679
            ],
            [
              -89.05897694220937,
              28.920456518936366
            ],
            [
              -89.05887441767184,
              28.920458087154213
            ],
            [
              -89.05887976491911,
              28.920728693919425
            ],
            [
              -89.05877724010762,
              28.920730262076713
            ],
            [
              -89.05877902245109,
              28.920820464334966
            ],
            [
              -89.05867649754283,
              28.920822032420077
            ],
            [
              -89.05868006207706,
              28.921002436944264
            ],
            [
              -89.05857753698344,
              28.921004004963002
            ],
            [
              -89.05858288358016,
              28.92127461175685
            ],
            [
              -89.05848035821255,
              28.92127617971503
            ],
            [
              -89.05848570461693,
              28.92154678651453
            ],
            [
              -89.0583831789753,
              28.921548354412117
            ],
            [
              -89.05838496103782,
              28.92163855668181
            ],
            [
              -89.05828243529943,
              28.92164012450722
            ],
            [
              -89.05828599927173,
              28.92182052905426
            ],
            [
              -89.05818347334795,
              28.92182209681329
            ],
            [
              -89.05818703717566,
              28.92200250136671
            ],
            [
              -89.05828956327665,
              28.922000933596067
            ],
            [
              -89.05829312731423,
              28.922181338132624
            ],
            [
              -89.05849817984617,
              28.92217820233416
            ],
            [
              -89.05850174427083,
              28.922358606842277
            ],
            [
              -89.05870679712457,
              28.92235547070867
            ],
            [
              -89.05870857952638,
              28.922445672949145
            ],
            [
              -89.05911868549033,
              28.922439399722883
            ],
            [
              -89.05911690273408,
              28.922349197505614
            ],
            [
              -89.05921942911603,
              28.922347629009895
            ],
            [
              -89.0592212119609,
              28.92243783122135
            ],
            [
              -89.05963131776156,
              28.922431556435377
            ],
            [
              -89.05963310096905,
              28.9225217586223
            ],
            [
              -89.0598381539976,
              28.922518620749788
            ],
            [
              -89.05983993739049,
              28.922608822923788
            ],
            [
              -89.05994246398113,
              28.922607253864747
            ],
            [
              -89.0599442474708,
              28.922697456031635
            ],
            [
              -89.06004677414188,
              28.922695886888803
            ],
            [
              -89.06004855772834,
              28.922786089048564
            ],
            [
              -89.06025361122322,
              28.92278295051732
            ],
            [
              -89.06025717877509,
              28.922963354809685
            ],
            [
              -89.0603597056875,
              28.922961785415463
            ],
            [
              -89.06036505734244,
              28.92323239182677
            ],
            [
              -89.06046758451252,
              28.92323082233714
            ],
            [
              -89.06047293650684,
              28.92350142871923
            ],
            [
              -89.06057546393461,
              28.923499859134186
            ],
            [
              -89.06057903214891,
              28.923680263370738
            ],
            [
              -89.06068155974576,
              28.92367869369608
            ],
            [
              -89.06068512816998,
              28.92385909791579
            ],
            [
              -89.06078765593588,
              28.92385752815153
            ],
            [
              -89.06079122457004,
              28.924037932354363
            ],
            [
              -89.06089375250501,
              28.92403636250048
            ],
            [
              -89.06089553692297,
              28.924126564594136
            ],
            [
              -89.06079300889937,
              28.924128134453827
            ],
            [
              -89.06080193066862,
              28.92457914493146
            ],
            [
              -89.06069940219373,
              28.9245807147422
            ],
            [
              -89.06070118648348,
              28.92467091683962
            ],
            [
              -89.06080371504697,
              28.924669347023066
            ],
            [
              -89.06080549943351,
              28.924759549113347
            ],
            [
              -89.0607029707814,
              28.92476111893572
            ],
            [
              -89.06072081421001,
              28.925663139824646
            ],
            [
              -89.06061828466346,
              28.92566470962711
            ],
            [
              -89.06062899058114,
              28.926205922132457
            ],
            [
              -89.06073152065946,
              28.926204352295134
            ],
            [
              -89.06075471897589,
              28.927376979152733
            ],
            [
              -89.06065218774535,
              28.927378549065594
            ],
            [
              -89.0606539721998,
              28.927468751128206
            ],
            [
              -89.06055144087244,
              28.927470320968872
            ],
            [
              -89.0605550096286,
              28.927650725101785
            ],
            [
              -89.0604524781158,
              28.927652294876065
            ],
            [
              -89.06045426241751,
              28.92774249694637
            ],
            [
              -89.0603517308079,
              28.927744066648458
            ],
            [
              -89.06035351502913,
              28.927834268723263
            ],
            [
              -89.06025098332272,
              28.927835838353154
            ],
            [
              -89.0602527674635,
              28.927926040432457
            ],
            [
              -89.06015023566027,
              28.927927609990164
            ],
            [
              -89.06015201972058,
              28.928017812073964
            ],
            [
              -89.06004948782055,
              28.928019381559466
            ],
            [
              -89.06005127180038,
              28.928109583647768
            ],
            [
              -89.05994873980353,
              28.92811115306108
            ],
            [
              -89.0599505237029,
              28.928201355153885
            ],
            [
              -89.06005305578837,
              28.928199785734748
            ],
            [
              -89.0600584078014,
              28.92847039198785
            ],
            [
              -89.06016094014463,
              28.92846882247329
            ],
            [
              -89.06018413420318,
              28.929641449358293
            ],
            [
              -89.06008160070759,
              28.929643018948358
            ],
            [
              -89.06008516896958,
              28.92982342307648
            ],
            [
              -89.05998263528853,
              28.92982499260016
            ],
            [
              -89.05998620340588,
              28.93000539673465
            ],
            [
              -89.05988366953939,
              28.93000696619193
            ],
            [
              -89.05988723751214,
              28.930187370332803
            ],
            [
              -89.05978470346017,
              28.930188939723685
            ],
            [
              -89.05978648737015,
              28.930279141797968
            ],
            [
              -89.05968395322137,
              28.930280711116655
            ],
            [
              -89.05968573705086,
              28.93037091319543
            ],
            [
              -89.05958320280526,
              28.9303724824419
            ],
            [
              -89.05958498655427,
              28.93046268452518
            ],
            [
              -89.05948245221184,
              28.930464253699455
            ],
            [
              -89.05948423588039,
              28.930554455787217
            ],
            [
              -89.05938170144115,
              28.930556024889288
            ],
            [
              -89.05938526862545,
              28.930736429072525
            ],
            [
              -89.05948780324199,
              28.930734859958843
            ],
            [
              -89.05950028926489,
              28.931366274518226
            ],
            [
              -89.05939775402777,
              28.931367843672554
            ],
            [
              -89.0594013213591,
              28.931548247832207
            ],
            [
              -89.05929878593652,
              28.931549816920132
            ],
            [
              -89.05930056952577,
              28.93164001900379
            ],
            [
              -89.05919803400637,
              28.93164158801952
            ],
            [
              -89.05919981751514,
              28.931731790107676
            ],
            [
              -89.05899474627451,
              28.931734927916683
            ],
            [
              -89.05899652961413,
              28.931825130015156
            ],
            [
              -89.05848385092638,
              28.931832973201413
            ],
            [
              -89.0584856338309,
              28.93192317532759
            ]
          ]
        ]
      },
      "properties": {
        "incident_id": "SP-015",
        "type": "AI-detected-slick",
        "source": "Sentinel-1 SAR",
        "method": "U-Net segmentation + radiometric filtering"
      }
    },
    {
      "type": "Feature",
      "geometry": {
        "type": "Polygon",
        "coordinates": [
          [
            [
              -88.99025267781161,
              28.919866037907575
            ],
            [
              -88.98963750776636,
              28.919875131932514
            ],
            [
              -88.98963578532353,
              28.919784925799075
            ],
            [
              -88.9886105021698,
              28.919800076212105
            ],
            [
              -88.98860878062104,
              28.919709870021276
            ],
            [
              -88.9885062523509,
              28.91971138462803
            ],
            [
              -88.98850453089862,
              28.91962117843029
            ],
            [
              -88.98840200270922,
              28.91962269295345
            ],
            [
              -88.98840028135345,
              28.919532486748814
            ],
            [
              -88.98819522512824,
              28.919535515549956
            ],
            [
              -88.98819350395758,
              28.919445309332797
            ],
            [
              -88.98809097592175,
              28.91944682361078
            ],
            [
              -88.9880892548476,
              28.91935661738671
            ],
            [
              -88.9879867268925,
              28.919358131581113
            ],
            [
              -88.98798328494507,
              28.919177719117844
            ],
            [
              -88.98777822936569,
              28.919180747250252
            ],
            [
              -88.98777478780424,
              28.91900033475937
            ],
            [
              -88.9875697325478,
              28.91900336255741
            ],
            [
              -88.98756629137232,
              28.91882295003889
            ],
            [
              -88.98736123643882,
              28.91882597750257
            ],
            [
              -88.98735951604013,
              28.918735771230153
            ],
            [
              -88.98725698865016,
              28.918737284839416
            ],
            [
              -88.98725354805364,
              28.91855687227946
            ],
            [
              -88.98715102083302,
              28.918558385799532
            ],
            [
              -88.98714586026318,
              28.91828776693302
            ],
            [
              -88.98704333330052,
              28.91828928035829
            ],
            [
              -88.98703645300547,
              28.91792845516231
            ],
            [
              -88.9871389796137,
              28.91792694175945
            ],
            [
              -88.98713037897913,
              28.917475910263164
            ],
            [
              -88.98723290513644,
              28.91747439681032
            ],
            [
              -88.98722946476055,
              28.917293984213895
            ],
            [
              -88.98733199073277,
              28.91729247069428
            ],
            [
              -88.98733027046804,
              28.91720226439972
            ],
            [
              -88.98753532221163,
              28.91719923713775
            ],
            [
              -88.98753360177756,
              28.917109030853094
            ],
            [
              -88.98763612754894,
              28.91710751711075
            ],
            [
              -88.98763440703414,
              28.917017310830385
            ],
            [
              -88.98794198403515,
              28.917012769152272
            ],
            [
              -88.98794026326243,
              28.916922562887418
            ],
            [
              -88.98824783992669,
              28.916918020524292
            ],
            [
              -88.98824611889603,
              28.916827814274953
            ],
            [
              -88.98916884766561,
              28.916814183025146
            ],
            [
              -88.98916712584541,
              28.91672397682497
            ],
            [
              -88.99388328105323,
              28.916654207607408
            ],
            [
              -88.99388500694913,
              28.916744413549303
            ],
            [
              -88.9945001569276,
              28.916735301018235
            ],
            [
              -88.99450188336303,
              28.916825506925097
            ],
            [
              -88.9947069334698,
              28.91682246877967
            ],
            [
              -88.99470866009034,
              28.916912674673984
            ],
            [
              -88.99491371034267,
              28.916909636205396
            ],
            [
              -88.99491716396189,
              28.91709004796762
            ],
            [
              -88.99481463866246,
              28.91709156725215
            ],
            [
              -88.99481636539532,
              28.917181773136935
            ],
            [
              -88.99471383999939,
              28.91718329234911
            ],
            [
              -88.99471729331164,
              28.91736370412601
            ],
            [
              -88.99451224214164,
              28.917366742338917
            ],
            [
              -88.99451396863242,
              28.91745694823666
            ],
            [
              -88.99441144294694,
              28.91745846723177
            ],
            [
              -88.99441316935702,
              28.917548673133826
            ],
            [
              -88.99431064357505,
              28.91755019205658
            ],
            [
              -88.99431409624171,
              28.917730603868044
            ],
            [
              -88.9942115702746,
              28.917732122724058
            ],
            [
              -88.9942132965312,
              28.917822328633456
            ],
            [
              -88.99411077046759,
              28.917823847417104
            ],
            [
              -88.99411422282728,
              28.91800425924323
            ],
            [
              -88.99401169657853,
              28.918005777960147
            ],
            [
              -88.99401342268163,
              28.91809598387688
            ],
            [
              -88.99391089633637,
              28.91809750252144
            ],
            [
              -88.99391262235878,
              28.91818770844248
            ],
            [
              -88.99381009591701,
              28.918189227014675
            ],
            [
              -88.99381354780829,
              28.918369638864117
            ],
            [
              -88.9937110211814,
              28.91837115736957
            ],
            [
              -88.9937144729271,
              28.918551569225034
            ],
            [
              -88.99361194611508,
              28.918553087663746
            ],
            [
              -88.99361539771519,
              28.91873349952523
            ],
            [
              -88.99351287071805,
              28.918735017897202
            ],
            [
              -88.99351632217252,
              28.91891542976471
            ],
            [
              -88.99341379499026,
              28.918916948069946
            ],
            [
              -88.99341724629915,
              28.919097359943475
            ],
            [
              -88.99331471893176,
              28.91909887818196
            ],
            [
              -88.99331644450945,
              28.9191890841224
            ],
            [
              -88.99321391704552,
              28.919190602288516
            ],
            [
              -88.99321736804738,
              28.919371014176715
            ],
            [
              -88.99311484039835,
              28.91937253227608
            ],
            [
              -88.9931165658225,
              28.919462738223846
            ],
            [
              -88.99301403807695,
              28.919464256250848
            ],
            [
              -88.9930157634204,
              28.919554462202925
            ],
            [
              -88.99291323557831,
              28.919555980157558
            ],
            [
              -88.99291496084108,
              28.919646186113955
            ],
            [
              -88.99260737700156,
              28.919650739526784
            ],
            [
              -88.99260910200638,
              28.919740945498727
            ],
            [
              -88.99230151782993,
              28.919745498226522
            ],
            [
              -88.99229979309096,
              28.919655292237714
            ],
            [
              -88.99076187247165,
              28.919678045264014
            ],
            [
              -88.99076359588138,
              28.919768251337043
            ],
            [
              -88.9902509548371,
              28.919775831807797
            ],
            [
              -88.99025267781161,
              28.919866037907575
            ]
          ]
        ]
      },
      "properties": {
        "incident_id": "SP-015",
        "type": "AI-detected-slick",
        "source": "Sentinel-1 SAR",
        "method": "U-Net segmentation + radiometric filtering"
      }
    },
    {
      "type": "Feature",
      "geometry": {
        "type": "Polygon",
        "coordinates": [
          [
            [
              -89.05429692521558,
              28.911956202742385
            ],
            [
              -89.05419440873497,
              28.911957766978933
            ],
            [
              -89.05419263100788,
              28.91186756434177
            ],
            [
              -89.05388508178288,
              28.911872256566376
            ],
            [
              -89.05388330432963,
              28.911782053910542
            ],
            [
              -89.05367827164937,
              28.911785181658924
            ],
            [
              -89.0536764943814,
              28.9116949789902
            ],
            [
              -89.05357397811764,
              28.91169654274168
            ],
            [
              -89.05357220094638,
              28.911606340065845
            ],
            [
              -89.05336716857155,
              28.911609467323363
            ],
            [
              -89.05336539158554,
              28.91151926463466
            ],
            [
              -89.05326287547449,
              28.911520828140706
            ],
            [
              -89.0532610985852,
              28.911430625444897
            ],
            [
              -89.05315858255457,
              28.911432188867206
            ],
            [
              -89.05315680576199,
              28.91134198616429
            ],
            [
              -89.05305428981178,
              28.911343549502856
            ],
            [
              -89.05304185311151,
              28.91071213050537
            ],
            [
              -89.05293933777311,
              28.910713693725473
            ],
            [
              -89.05293756122276,
              28.910623491000518
            ],
            [
              -89.05283504596478,
              28.910625054136887
            ],
            [
              -89.05283326951114,
              28.910534851404833
            ],
            [
              -89.05262823914788,
              28.910537977432156
            ],
            [
              -89.05262646287949,
              28.910447774687228
            ],
            [
              -89.05242143266082,
              28.91045090039117
            ],
            [
              -89.05241965657768,
              28.910360697633365
            ],
            [
              -89.05231714154472,
              28.91036226036264
            ],
            [
              -89.05231536555827,
              28.910272057597723
            ],
            [
              -89.05211033564504,
              28.910275182810857
            ],
            [
              -89.05210855984386,
              28.91018498003306
            ],
            [
              -89.05200604496359,
              28.91018654251691
            ],
            [
              -89.0520042692591,
              28.910096339732043
            ],
            [
              -89.05190175445927,
              28.910097902132165
            ],
            [
              -89.05189997885147,
              28.910007699340195
            ],
            [
              -89.05179746413206,
              28.910009261656587
            ],
            [
              -89.05179568862094,
              28.909919058857525
            ],
            [
              -89.05169317398197,
              28.90992062109018
            ],
            [
              -89.05169139856754,
              28.909830418284024
            ],
            [
              -89.05148636944232,
              28.909833542503932
            ],
            [
              -89.05148459421315,
              28.90974333968491
            ],
            [
              -89.05138207972688,
              28.90974490167216
            ],
            [
              -89.0513803045944,
              28.909654698846037
            ],
            [
              -89.05127779018856,
              28.90965626074956
            ],
            [
              -89.05127069009419,
              28.909295449408873
            ],
            [
              -89.0513732041458,
              28.909293887528467
            ],
            [
              -89.05137142905399,
              28.90920368469581
            ],
            [
              -89.05147394300892,
              28.909202122743256
            ],
            [
              -89.05147039267254,
              28.909021717085572
            ],
            [
              -89.05157290644222,
              28.909020155066642
            ],
            [
              -89.051567580733,
              28.90874954658764
            ],
            [
              -89.05146506722899,
              28.908751108589218
            ],
            [
              -89.05146151697394,
              28.90857070291847
            ],
            [
              -89.05135900363891,
              28.908572264830543
            ],
            [
              -89.05135722861213,
              28.908482061987392
            ],
            [
              -89.05125471535752,
              28.908483623815748
            ],
            [
              -89.05125116550546,
              28.908303218114007
            ],
            [
              -89.05114865241981,
              28.90830477985284
            ],
            [
              -89.0511451027774,
              28.908124374134292
            ],
            [
              -89.05124761568594,
              28.908122812407015
            ],
            [
              -89.05124229101762,
              28.90785220383672
            ],
            [
              -89.05134480365238,
              28.907850642048846
            ],
            [
              -89.05134302869067,
              28.90776043919525
            ],
            [
              -89.05247066616235,
              28.907743254448246
            ],
            [
              -89.05247244209811,
              28.907833457238215
            ],
            [
              -89.05267746716432,
              28.907830331713967
            ],
            [
              -89.05267924328531,
              28.90792053449106
            ],
            [
              -89.05288426849607,
              28.90791740864349
            ],
            [
              -89.05288249219798,
              28.907827205877968
            ],
            [
              -89.05308751719909,
              28.90782407973021
            ],
            [
              -89.05308574073204,
              28.90773387697496
            ],
            [
              -89.05339327790703,
              28.90772918718613
            ],
            [
              -89.05339150118247,
              28.907638984446933
            ],
            [
              -89.05400657478141,
              28.907629602799663
            ],
            [
              -89.05400835203727,
              28.907719805504126
            ],
            [
              -89.05421337668223,
              28.907716677653273
            ],
            [
              -89.05421515412331,
              28.907806880344843
            ],
            [
              -89.05442017891279,
              28.907803752170654
            ],
            [
              -89.05442195653913,
              28.90789395484933
            ],
            [
              -89.0545244690102,
              28.907892390639535
            ],
            [
              -89.05452624673322,
              28.90798259331112
            ],
            [
              -89.05462875928471,
              28.907981029017595
            ],
            [
              -89.05463053710443,
              28.908071231682083
            ],
            [
              -89.05473304973631,
              28.908069667304826
            ],
            [
              -89.05473482765272,
              28.90815986996219
            ],
            [
              -89.05483734036501,
              28.908158305501203
            ],
            [
              -89.05483911837811,
              28.90824850815149
            ],
            [
              -89.05494163117082,
              28.908246943606766
            ],
            [
              -89.05494518739856,
              28.90842734889181
            ],
            [
              -89.05504770036022,
              28.90842578425755
            ],
            [
              -89.05504947857486,
              28.90851598689233
            ],
            [
              -89.05515199161691,
              28.90851442217434
            ],
            [
              -89.05515732657537,
              28.908785030053398
            ],
            [
              -89.05525983987494,
              28.908783465240095
            ],
            [
              -89.0552705105431,
              28.909324680928126
            ],
            [
              -89.05516799671221,
              28.9093262457762
            ],
            [
              -89.0551733318906,
              28.909596853619924
            ],
            [
              -89.0550708177859,
              28.909598418407434
            ],
            [
              -89.05507437443512,
              28.909778823641627
            ],
            [
              -89.05497186014516,
              28.909780388362773
            ],
            [
              -89.05498075146795,
              28.910231401454325
            ],
            [
              -89.05487823672705,
              28.910232966126483
            ],
            [
              -89.0548835713528,
              28.910503573983082
            ],
            [
              -89.05478105633807,
              28.910505138594676
            ],
            [
              -89.05478461261885,
              28.91068554383745
            ],
            [
              -89.05468209741885,
              28.91068710838268
            ],
            [
              -89.05468743163541,
              28.910957716254416
            ],
            [
              -89.05458491616157,
              28.910959280739068
            ],
            [
              -89.05460091845401,
              28.91177110433568
            ],
            [
              -89.05449840217496,
              28.91177266879452
            ],
            [
              -89.0545001801596,
              28.911862871415615
            ],
            [
              -89.05429514739993,
              28.911866000111015
            ],
            [
              -89.05429692521558,
              28.911956202742385
            ]
          ]
        ]
      },
      "properties": {
        "incident_id": "SP-015",
        "type": "AI-detected-slick",
        "source": "Sentinel-1 SAR",
        "method": "U-Net segmentation + radiometric filtering"
      }
    },
    {
      "type": "Feature",
      "geometry": {
        "type": "Polygon",
        "coordinates": [
          [
            [
              -89.05795624021285,
              28.915509501419113
            ],
            [
              -89.05641844328149,
              28.915533001187114
            ],
            [
              -89.05641666336842,
              28.915442798723994
            ],
            [
              -89.05610910402773,
              28.91544749655519
            ],
            [
              -89.05610732438856,
              28.915357294073356
            ],
            [
              -89.05600480468061,
              28.915358859855363
            ],
            [
              -89.05600302513817,
              28.91526865736643
            ],
            [
              -89.05590050551064,
              28.915270223064674
            ],
            [
              -89.05589872606494,
              28.91518002056865
            ],
            [
              -89.05579620651784,
              28.91518158618314
            ],
            [
              -89.05579086849535,
              28.914910978669795
            ],
            [
              -89.05568834920585,
              28.914912544188926
            ],
            [
              -89.05564209171976,
              28.91256727842914
            ],
            [
              -89.0557446087063,
              28.91256571306067
            ],
            [
              -89.0557108069597,
              28.910851864555944
            ],
            [
              -89.05581332225536,
              28.910850299219636
            ],
            [
              -89.0558079851407,
              28.910579691535183
            ],
            [
              -89.05570547011074,
              28.910581256854098
            ],
            [
              -89.05568590229194,
              28.909589028513228
            ],
            [
              -89.05558338822797,
              28.909590593690456
            ],
            [
              -89.05551757971296,
              28.90625309698538
            ],
            [
              -89.05562009050062,
              28.90625153202255
            ],
            [
              -89.0556040839136,
              28.905439708280916
            ],
            [
              -89.05570659389625,
              28.9054381432923
            ],
            [
              -89.05569947971524,
              28.905077332729608
            ],
            [
              -89.05580198933562,
              28.905075767686245
            ],
            [
              -89.05579487493083,
              28.9047149571258
            ],
            [
              -89.05589738418891,
              28.904713392027688
            ],
            [
              -89.05588849092358,
              28.90426237882666
            ],
            [
              -89.05599099973084,
              28.904260813679596
            ],
            [
              -89.05598388491111,
              28.903900003118384
            ],
            [
              -89.05608639335611,
              28.90389843791657
            ],
            [
              -89.05607927831262,
              28.90353762735761
            ],
            [
              -89.05618178639536,
              28.903536062101058
            ],
            [
              -89.05617822874545,
              28.903355656825315
            ],
            [
              -89.05638324453234,
              28.90335252610161
            ],
            [
              -89.05638146554256,
              28.90326232347337
            ],
            [
              -89.05648397333526,
              28.90326075800043
            ],
            [
              -89.05648219426509,
              28.903170555376683
            ],
            [
              -89.05699473266367,
              28.903162726872104
            ],
            [
              -89.05699295315902,
              28.90307252427603
            ],
            [
              -89.05719796828434,
              28.903069392340324
            ],
            [
              -89.0571961886108,
              28.90297918975454
            ],
            [
              -89.0576062184095,
              28.90297292497126
            ],
            [
              -89.05760799843715,
              28.90306312753384
            ],
            [
              -89.05771050595497,
              28.903061561137406
            ],
            [
              -89.05771228607931,
              28.903151763692883
            ],
            [
              -89.05791730126754,
              28.903148630654652
            ],
            [
              -89.05791908157708,
              28.903238833197214
            ],
            [
              -89.05822660456383,
              28.903234133038026
            ],
            [
              -89.0582248239887,
              28.90314393051287
            ],
            [
              -89.05842983909537,
              28.90314079669539
            ],
            [
              -89.05842805835134,
              28.90305059418052
            ],
            [
              -89.05935062513073,
              28.903036488196896
            ],
            [
              -89.0593524066715,
              28.903126690659526
            ],
            [
              -89.05976243649314,
              28.903120419284246
            ],
            [
              -89.05976065459829,
              28.903030216844844
            ],
            [
              -89.05986316194478,
              28.903028648812015
            ],
            [
              -89.05986137996955,
              28.90293844637709
            ],
            [
              -89.05996388721934,
              28.90293687827215
            ],
            [
              -89.05996032311633,
              28.902756473409994
            ],
            [
              -89.06006283018091,
              28.902754905238744
            ],
            [
              -89.06006104805313,
              28.902664702811514
            ],
            [
              -89.06016355502102,
              28.90266313456814
            ],
            [
              -89.06016177281288,
              28.902572932145414
            ],
            [
              -89.06036678654712,
              28.902569795436523
            ],
            [
              -89.0603650041701,
              28.902479593024097
            ],
            [
              -89.06046751093643,
              28.90247802455858
            ],
            [
              -89.06046572847906,
              28.90238782215065
            ],
            [
              -89.06056823514871,
              28.902386253613024
            ],
            [
              -89.06056645261097,
              28.902296051209593
            ],
            [
              -89.06066895918394,
              28.902294482599846
            ],
            [
              -89.06066717656584,
              28.902204280200923
            ],
            [
              -89.06087218951025,
              28.902201142759296
            ],
            [
              -89.06087040672328,
              28.902110940370665
            ],
            [
              -89.0609729130947,
              28.90210937153879
            ],
            [
              -89.06097113022737,
              28.902019169154666
            ],
            [
              -89.0614836615194,
              28.902011323855486
            ],
            [
              -89.06148544482934,
              28.90210152621056
            ],
            [
              -89.06158795115176,
              28.90209995691116
            ],
            [
              -89.0615897345584,
              28.902190159259117
            ],
            [
              -89.06169224096116,
              28.90218858987598
            ],
            [
              -89.06169759149564,
              28.90245919689455
            ],
            [
              -89.06180009815581,
              28.902457627416066
            ],
            [
              -89.06180188177217,
              28.90254782974715
            ],
            [
              -89.06190438851269,
              28.902546260184927
            ],
            [
              -89.06190973967634,
              28.90281686715292
            ],
            [
              -89.06201224667427,
              28.90281529749534
            ],
            [
              -89.06201403050034,
              28.90290549980957
            ],
            [
              -89.06211653757862,
              28.902903930068256
            ],
            [
              -89.06212010543236,
              28.903084334681164
            ],
            [
              -89.0622226126795,
              28.9030827648503
            ],
            [
              -89.06222439670717,
              28.903172967148972
            ],
            [
              -89.06232690403468,
              28.90317139723437
            ],
            [
              -89.06233047229153,
              28.903351801816182
            ],
            [
              -89.06243297978793,
              28.90335023181203
            ],
            [
              -89.06243654825455,
              28.903530636376967
            ],
            [
              -89.06253905591983,
              28.903529066283262
            ],
            [
              -89.06254619330525,
              28.90388987537418
            ],
            [
              -89.06264870131646,
              28.903888305179297
            ],
            [
              -89.06265405470695,
              28.904158911966288
            ],
            [
              -89.06275656297558,
              28.904157341676044
            ],
            [
              -89.06276191670524,
              28.9044279484338
            ],
            [
              -89.06286442523128,
              28.904426378048175
            ],
            [
              -89.06286620991273,
              28.90451658029233
            ],
            [
              -89.0629687185191,
              28.90451500982296
            ],
            [
              -89.06297228808357,
              28.90469541429572
            ],
            [
              -89.06317730562596,
              28.90469227309995
            ],
            [
              -89.06317909059753,
              28.904782475322733
            ],
            [
              -89.06328159944498,
              28.904780904602134
            ],
            [
              -89.06328338451324,
              28.904871106817787
            ],
            [
              -89.06338589344107,
              28.904869536013447
            ],
            [
              -89.06338767860605,
              28.90495973822197
            ],
            [
              -89.06349018761422,
              28.904958167333895
            ],
            [
              -89.06349197287591,
              28.90504836953529
            ],
            [
              -89.06359448196444,
              28.905046798563472
            ],
            [
              -89.06360162344714,
              28.905407607332712
            ],
            [
              -89.06370413288163,
              28.905406036259688
            ],
            [
              -89.06370948934513,
              28.905676642805428
            ],
            [
              -89.06381199903704,
              28.90567507163702
            ],
            [
              -89.06381378462977,
              28.905765273810484
            ],
            [
              -89.06391629440205,
              28.90576370255834
            ],
            [
              -89.06391986578912,
              28.905944106889716
            ],
            [
              -89.06402237573029,
              28.905942535547993
            ],
            [
              -89.06402416152464,
              28.906032737705903
            ],
            [
              -89.06422918155953,
              28.90602959477703
            ],
            [
              -89.06423096753913,
              28.90611979692199
            ],
            [
              -89.06443598771835,
              28.90611665366975
            ],
            [
              -89.06443777388321,
              28.90620685580176
            ],
            [
              -89.06474530435631,
              28.90620214032144
            ],
            [
              -89.06474709079498,
              28.906292342434682
            ],
            [
              -89.06505462146004,
              28.906287626235514
            ],
            [
              -89.06505640817251,
              28.906377828329987
            ],
            [
              -89.06515891846637,
              28.9063762561019
            ],
            [
              -89.06516785259414,
              28.90682726652552
            ],
            [
              -89.06506534185758,
              28.90682883878271
            ],
            [
              -89.0650689153889,
              28.90700924295464
            ],
            [
              -89.06496640446709,
              28.907010815145522
            ],
            [
              -89.06496997785405,
              28.907191219323845
            ],
            [
              -89.06486746674695,
              28.907192791448445
            ],
            [
              -89.06486925336418,
              28.907282993541468
            ],
            [
              -89.06476674216034,
              28.907284565593955
            ],
            [
              -89.06477746150428,
              28.907825778159477
            ],
            [
              -89.06487997323937,
              28.907824206072068
            ],
            [
              -89.06488533328746,
              28.9080948123197
            ],
            [
              -89.06498784528002,
              28.90809324013689
            ],
            [
              -89.06499320566742,
              28.908363846355268
            ],
            [
              -89.06509571791743,
              28.908362274077056
            ],
            [
              -89.06512252228762,
              28.909715304904765
            ],
            [
              -89.06522503585774,
              28.9097137324613
            ],
            [
              -89.06522861009003,
              28.909894136537755
            ],
            [
              -89.06533112382907,
              28.909892564004682
            ],
            [
              -89.06534005999583,
              28.910343574143784
            ],
            [
              -89.06523754581401,
              28.910345146705954
            ],
            [
              -89.06524469454057,
              28.91070595481695
            ],
            [
              -89.06514217999633,
              28.91070752732446
            ],
            [
              -89.06514932849961,
              28.911068335437765
            ],
            [
              -89.06473926882387,
              28.91107462478148
            ],
            [
              -89.06474462922455,
              28.911345230922567
            ],
            [
              -89.06464211401946,
              28.911346803081095
            ],
            [
              -89.06464390074751,
              28.91143700513131
            ],
            [
              -89.06474641604115,
              28.911435432966975
            ],
            [
              -89.06475356338939,
              28.91179624113152
            ],
            [
              -89.06465104774149,
              28.911797813319144
            ],
            [
              -89.06465462128757,
              28.911978217405185
            ],
            [
              -89.06455210545437,
              28.9119797895265
            ],
            [
              -89.06457711995377,
              28.913242618063645
            ],
            [
              -89.06467963702693,
              28.913241045860843
            ],
            [
              -89.06469035854916,
              28.913782257977534
            ],
            [
              -89.06458784094457,
              28.913783830215245
            ],
            [
              -89.06459498843546,
              28.914144638290125
            ],
            [
              -89.06449247046838,
              28.914146210473163
            ],
            [
              -89.06449604408579,
              28.914326614514373
            ],
            [
              -89.06439352593338,
              28.914328186631092
            ],
            [
              -89.06439531266578,
              28.914418388655566
            ],
            [
              -89.06429279441662,
              28.914419960700148
            ],
            [
              -89.06429458106862,
              28.914510162729115
            ],
            [
              -89.06408954436858,
              28.914513306596042
            ],
            [
              -89.06409133085162,
              28.914603508635345
            ],
            [
              -89.06398881240075,
              28.91460508045769
            ],
            [
              -89.0639905988034,
              28.914695282501494
            ],
            [
              -89.06368304313595,
              28.914699997518223
            ],
            [
              -89.06368482928106,
              28.914790199578174
            ],
            [
              -89.06347979195137,
              28.914793342544495
            ],
            [
              -89.06348157792749,
              28.914883544614778
            ],
            [
              -89.0633790591618,
              28.914885115986813
            ],
            [
              -89.06338084505751,
              28.91497531806161
            ],
            [
              -89.06327832619507,
              28.914976889361505
            ],
            [
              -89.06328011201039,
              28.915067091440793
            ],
            [
              -89.06307507408378,
              28.91507023381833
            ],
            [
              -89.06307685973013,
              28.915160435907936
            ],
            [
              -89.06215418785841,
              28.9151745728001
            ],
            [
              -89.06215240300928,
              28.915084370658164
            ],
            [
              -89.06163980768171,
              28.915092221729413
            ],
            [
              -89.06163802328366,
              28.915002019557093
            ],
            [
              -89.06143298527257,
              28.915005159428244
            ],
            [
              -89.06143120105986,
              28.914914957242985
            ],
            [
              -89.06112364424769,
              28.91491966644757
            ],
            [
              -89.06112542819467,
              28.91500986865026
            ],
            [
              -89.06092039010188,
              28.915013007741802
            ],
            [
              -89.06092217387989,
              28.915103209954797
            ],
            [
              -89.06071713557725,
              28.91510634874611
            ],
            [
              -89.06071891918626,
              28.91519655096941
            ],
            [
              -89.06000128424964,
              28.915207534323862
            ],
            [
              -89.05999950126069,
              28.915117332059904
            ],
            [
              -89.05979446281103,
              28.915120469447903
            ],
            [
              -89.0597926800074,
              28.915030267171012
            ],
            [
              -89.05938260336441,
              28.915036540988247
            ],
            [
              -89.0593843858137,
              28.91512674328836
            ],
            [
              -89.05917934726605,
              28.915129879740817
            ],
            [
              -89.05918112954636,
              28.91522008205123
            ],
            [
              -89.05907861017172,
              28.91522165016632
            ],
            [
              -89.0590803923716,
              28.91531185248123
            ],
            [
              -89.05887535342065,
              28.915314988489133
            ],
            [
              -89.05887713545154,
              28.915405190814358
            ],
            [
              -89.05795445897104,
              28.915419299042988
            ],
            [
              -89.05795624021285,
              28.915509501419113
            ]
          ]
        ]
      },
      "properties": {
        "incident_id": "SP-015",
        "type": "AI-detected-slick",
        "source": "Sentinel-1 SAR",
        "method": "U-Net segmentation + radiometric filtering"
      }
    },
    {
      "type": "Feature",
      "geometry": {
        "type": "Polygon",
        "coordinates": [
          [
            [
              -89.03991264098997,
              28.91578412742366
            ],
            [
              -89.03734960936569,
              28.91582294090898
            ],
            [
              -89.03734784592949,
              28.91573273737256
            ],
            [
              -89.03529741876673,
              28.91576375296043
            ],
            [
              -89.03529918043115,
              28.915853956611663
            ],
            [
              -89.030583181638,
              28.915925174371445
            ],
            [
              -89.03058142404868,
              28.91583497045656
            ],
            [
              -89.02986377118418,
              28.9158457934384
            ],
            [
              -89.02986201422306,
              28.91575558948213
            ],
            [
              -89.02965697065223,
              28.915758681049493
            ],
            [
              -89.02965345710845,
              28.915578273110174
            ],
            [
              -89.02955093548815,
              28.915579818765455
            ],
            [
              -89.02954039558149,
              28.9150385948818
            ],
            [
              -89.02943787448467,
              28.91504014042477
            ],
            [
              -89.0293307406113,
              28.909537694588668
            ],
            [
              -89.0294332563051,
              28.909536149394672
            ],
            [
              -89.02935950567924,
              28.90574757754491
            ],
            [
              -89.02925699370469,
              28.90574912249863
            ],
            [
              -89.02913411372033,
              28.899434830561344
            ],
            [
              -89.02923661949775,
              28.899433286008033
            ],
            [
              -89.02920678165762,
              28.89789981424033
            ],
            [
              -89.02930928592227,
              28.897898269706342
            ],
            [
              -89.02929348956287,
              28.897086431610337
            ],
            [
              -89.02919098609479,
              28.89708797609284
            ],
            [
              -89.02914886777782,
              28.894923073849053
            ],
            [
              -89.02925136912188,
              28.894921529503815
            ],
            [
              -89.02922680100332,
              28.89365866959429
            ],
            [
              -89.02932930110045,
              28.893657125251234
            ],
            [
              -89.02932579132087,
              28.893476716683267
            ],
            [
              -89.02942829123297,
              28.893475172273757
            ],
            [
              -89.02942653626677,
              28.89338496799354
            ],
            [
              -89.02952903608232,
              28.89338342351185
            ],
            [
              -89.02952728103567,
              28.893293219236043
            ],
            [
              -89.03106477597672,
              28.893270042748817
            ],
            [
              -89.0310665323507,
              28.89336024693878
            ],
            [
              -89.03116903203758,
              28.893358701210737
            ],
            [
              -89.03117078850809,
              28.893448905393665
            ],
            [
              -89.03137578803467,
              28.893445813692416
            ],
            [
              -89.03137930135382,
              28.893626222031486
            ],
            [
              -89.03148180128201,
              28.89362467605256
            ],
            [
              -89.03148355804215,
              28.8937148802144
            ],
            [
              -89.03158605805078,
              28.893713334151858
            ],
            [
              -89.03159132864496,
              28.89398394661236
            ],
            [
              -89.03169382891102,
              28.89398240045474
            ],
            [
              -89.03169909984312,
              28.894253012886303
            ],
            [
              -89.0318016003666,
              28.894251466633605
            ],
            [
              -89.03181038585691,
              28.894702487298122
            ],
            [
              -89.0319128868148,
              28.89470094093889
            ],
            [
              -89.0319251874588,
              28.895332369774255
            ],
            [
              -89.03202768902811,
              28.895330823297027
            ],
            [
              -89.03203471849865,
              28.895691639722735
            ],
            [
              -89.03213722041392,
              28.8956900931447
            ],
            [
              -89.03213897789017,
              28.895780297242137
            ],
            [
              -89.03224147988588,
              28.89577875058046
            ],
            [
              -89.0322432374587,
              28.895868954670867
            ],
            [
              -89.03255074366301,
              28.895864314201223
            ],
            [
              -89.03255250150937,
              28.895954518273133
            ],
            [
              -89.03265500364986,
              28.895952971288374
            ],
            [
              -89.03265676159279,
              28.896043175353253
            ],
            [
              -89.03275926381373,
              28.896041628284873
            ],
            [
              -89.0327610218532,
              28.896131832342697
            ],
            [
              -89.03296602644792,
              28.896128737960755
            ],
            [
              -89.03296778467245,
              28.896218942005817
            ],
            [
              -89.03307028704624,
              28.89621739469225
            ],
            [
              -89.03307204536732,
              28.896307598730296
            ],
            [
              -89.03317454782155,
              28.8963060513331
            ],
            [
              -89.0331763062392,
              28.896396255364085
            ],
            [
              -89.03327880877387,
              28.896394707883243
            ],
            [
              -89.03328584287901,
              28.89675552397124
            ],
            [
              -89.03318333999032,
              28.896757071475
            ],
            [
              -89.03318685691421,
              28.89693747952262
            ],
            [
              -89.0332893599799,
              28.8969359320074
            ],
            [
              -89.03329111854245,
              28.897026136023523
            ],
            [
              -89.03339362168859,
              28.897024588424653
            ],
            [
              -89.03339538034768,
              28.897114792433733
            ],
            [
              -89.03370289000328,
              28.897110149152493
            ],
            [
              -89.03370464893595,
              28.897200353143074
            ],
            [
              -89.03431966856058,
              28.89719106444267
            ],
            [
              -89.03432142803234,
              28.897281268397546
            ],
            [
              -89.0344239313634,
              28.89727972000239
            ],
            [
              -89.03442569093174,
              28.897369923950226
            ],
            [
              -89.03463069774669,
              28.897366826914723
            ],
            [
              -89.03463245750011,
              28.897457030849782
            ],
            [
              -89.034734960984,
              28.897455482209438
            ],
            [
              -89.03473672083398,
              28.897545686137452
            ],
            [
              -89.03494172795459,
              28.89754258861155
            ],
            [
              -89.03494348798964,
              28.89763279252679
            ],
            [
              -89.03514849525502,
              28.897629694677782
            ],
            [
              -89.03515025547513,
              28.89771989858024
            ],
            [
              -89.03545776657823,
              28.897715251205195
            ],
            [
              -89.03545600609259,
              28.897625047319938
            ],
            [
              -89.035558509689,
              28.897623498044837
            ],
            [
              -89.03555674912289,
              28.89753329416402
            ],
            [
              -89.03576175611448,
              28.897530195391564
            ],
            [
              -89.03575823465248,
              28.897349787648963
            ],
            [
              -89.03586073795915,
              28.897348238157345
            ],
            [
              -89.0358572163524,
              28.89716783042101
            ],
            [
              -89.03595971947401,
              28.897166280862965
            ],
            [
              -89.03595619772251,
              28.896985873132852
            ],
            [
              -89.0361612035875,
              28.896982773805988
            ],
            [
              -89.03615768151425,
              28.89680236609362
            ],
            [
              -89.03626018425764,
              28.896800816324806
            ],
            [
              -89.03625842314463,
              28.896710612472408
            ],
            [
              -89.03636092579143,
              28.896709062631423
            ],
            [
              -89.03635035875173,
              28.89616783952398
            ],
            [
              -89.03645286085947,
              28.896166289639535
            ],
            [
              -89.03644757718305,
              28.895895678085395
            ],
            [
              -89.03655007901722,
              28.895894128140263
            ],
            [
              -89.03654479514793,
              28.89562351659158
            ],
            [
              -89.03664729670852,
              28.895621966585768
            ],
            [
              -89.03664201264635,
              28.89535135504255
            ],
            [
              -89.0367445139334,
              28.895349804976053
            ],
            [
              -89.03673746827616,
              28.89498898958977
            ],
            [
              -89.03683996920115,
              28.89498743946833
            ],
            [
              -89.03682587756609,
              28.89426580867897
            ],
            [
              -89.03692837777507,
              28.89426425852556
            ],
            [
              -89.0369230932796,
              28.89399364697522
            ],
            [
              -89.03702559321502,
              28.89399209676113
            ],
            [
              -89.03702383164419,
              28.89390189291414
            ],
            [
              -89.03712633148307,
              28.893900342627905
            ],
            [
              -89.0371245698318,
              28.89381013878535
            ],
            [
              -89.03763706846266,
              28.893802386214404
            ],
            [
              -89.03763883055636,
              28.893892590028248
            ],
            [
              -89.03774133034679,
              28.893891039274628
            ],
            [
              -89.03774309253707,
              28.89398124308141
            ],
            [
              -89.03784559240792,
              28.893979692244145
            ],
            [
              -89.03784911698966,
              28.894160099842306
            ],
            [
              -89.03795161702942,
              28.894158548915655
            ],
            [
              -89.03795514182045,
              28.894338956497123
            ],
            [
              -89.03805764202912,
              28.89433740548108
            ],
            [
              -89.03805940452524,
              28.8944276092641
            ],
            [
              -89.03816190481433,
              28.894426058164417
            ],
            [
              -89.038163667407,
              28.894516261940385
            ],
            [
              -89.03826616777651,
              28.894514710757054
            ],
            [
              -89.03826793046575,
              28.894604914525978
            ],
            [
              -89.03837043091568,
              28.894603363259012
            ],
            [
              -89.0383721937015,
              28.89469356702087
            ],
            [
              -89.0385771947541,
              28.894690464241737
            ],
            [
              -89.03857895772498,
              28.894780667990805
            ],
            [
              -89.03868145832766,
              28.894779116478638
            ],
            [
              -89.0386832213951,
              28.894869320220664
            ],
            [
              -89.03878572207822,
              28.894867768624845
            ],
            [
              -89.03878748524222,
              28.894957972359805
            ],
            [
              -89.03888998600573,
              28.894956420680348
            ],
            [
              -89.03889174926633,
              28.89504662440826
            ],
            [
              -89.03899425011026,
              28.895045072645143
            ],
            [
              -89.03899601346743,
              28.895135276366005
            ],
            [
              -89.03909851439177,
              28.89513372451925
            ],
            [
              -89.03910204130733,
              28.895314131945543
            ],
            [
              -89.0392045424006,
              28.895312580009396
            ],
            [
              -89.03920630595898,
              28.895402783714832
            ],
            [
              -89.03930880713266,
              28.895401231695036
            ],
            [
              -89.03931057078762,
              28.89549143539341
            ],
            [
              -89.03941307204171,
              28.895489883289958
            ],
            [
              -89.03941483579327,
              28.895580086981294
            ],
            [
              -89.03951733712776,
              28.895578534794186
            ],
            [
              -89.03951910097588,
              28.895668738478467
            ],
            [
              -89.03962160239081,
              28.89566718620771
            ],
            [
              -89.03962336633552,
              28.895757389884924
            ],
            [
              -89.03972586783085,
              28.89575583753052
            ],
            [
              -89.03972763187213,
              28.895846041200677
            ],
            [
              -89.03983013344788,
              28.89584448876262
            ],
            [
              -89.03983366173169,
              28.896024896087518
            ],
            [
              -89.03993616347636,
              28.89602334356006
            ],
            [
              -89.03993792771888,
              28.896113547214803
            ],
            [
              -89.04004042954396,
              28.89611199460368
            ],
            [
              -89.04005630888692,
              28.8969238273858
            ],
            [
              -89.04015881150042,
              28.896922274645025
            ],
            [
              -89.04016057600079,
              28.897012478275187
            ],
            [
              -89.04026307869471,
              28.897010925450754
            ],
            [
              -89.04026484329165,
              28.897101129073885
            ],
            [
              -89.040367346066,
              28.897099576165783
            ],
            [
              -89.04036911075954,
              28.897189779781833
            ],
            [
              -89.04057411646099,
              28.897186673720423
            ],
            [
              -89.04057588133962,
              28.89727687732367
            ],
            [
              -89.04067838426673,
              28.897275324170355
            ],
            [
              -89.04068014924194,
              28.89736552776654
            ],
            [
              -89.04078265224945,
              28.897363974529558
            ],
            [
              -89.04078618240115,
              28.89754438170651
            ],
            [
              -89.04088868557758,
              28.897542828380114
            ],
            [
              -89.0408939811313,
              28.897813439118465
            ],
            [
              -89.04099648456518,
              28.89781188569691
            ],
            [
              -89.041007076422,
              28.898353107103823
            ],
            [
              -89.04110958037883,
              28.89835155356983
            ],
            [
              -89.04111134580512,
              28.898441757127316
            ],
            [
              -89.04100884175978,
              28.898443310667055
            ],
            [
              -89.04102119935065,
              28.899074735573166
            ],
            [
              -89.04112370401558,
              28.899073181993153
            ],
            [
              -89.04112546950657,
              28.899163385540184
            ],
            [
              -89.04102296475314,
              28.899164939125953
            ],
            [
              -89.0410247301637,
              28.899255142677426
            ],
            [
              -89.04112723500563,
              28.8992535890859
            ],
            [
              -89.0411290005128,
              28.899343792630326
            ],
            [
              -89.04102649558234,
              28.8993453462276
            ],
            [
              -89.04102826100909,
              28.899435549776467
            ],
            [
              -89.04113076602806,
              28.89943399617344
            ],
            [
              -89.04113782816995,
              28.899794810332807
            ],
            [
              -89.0412403335349,
              28.899793256628847
            ],
            [
              -89.0412438648314,
              28.899973663689185
            ],
            [
              -89.04134637036529,
              28.899972109895803
            ],
            [
              -89.04134990187119,
              28.9001525169394
            ],
            [
              -89.04145240757401,
              28.900150963056593
            ],
            [
              -89.04145417342761,
              28.90024116657068
            ],
            [
              -89.04155667921087,
              28.9002396126042
            ],
            [
              -89.04155844516107,
              28.90032981611122
            ],
            [
              -89.04166095102475,
              28.900328262061073
            ],
            [
              -89.04166271707156,
              28.900418465561035
            ],
            [
              -89.04176522301567,
              28.900416911427204
            ],
            [
              -89.0417669891591,
              28.900507114920117
            ],
            [
              -89.04197200120008,
              28.900504006407193
            ],
            [
              -89.04197376752865,
              28.90059420988728
            ],
            [
              -89.04238379186758,
              28.900587991903414
            ],
            [
              -89.0423855585583,
              28.900678195359152
            ],
            [
              -89.043000595355,
              28.900668866011262
            ],
            [
              -89.04300236258491,
              28.90075906943116
            ],
            [
              -89.04330988113955,
              28.900754403688037
            ],
            [
              -89.04331164864313,
              28.900844607089336
            ],
            [
              -89.04361916739043,
              28.90083994062766
            ],
            [
              -89.04362093516768,
              28.900930144010385
            ],
            [
              -89.04382594780243,
              28.90092703263481
            ],
            [
              -89.04382417984814,
              28.900836829263625
            ],
            [
              -89.04402919227346,
              28.9008337175879
            ],
            [
              -89.04402742415024,
              28.900743514226924
            ],
            [
              -89.04412993026223,
              28.900741958277944
            ],
            [
              -89.04412462567562,
              28.900471348204444
            ],
            [
              -89.04422713151395,
              28.90046979219483
            ],
            [
              -89.04422182673468,
              28.900199182126844
            ],
            [
              -89.04432433229937,
              28.9001976260566
            ],
            [
              -89.04432079564334,
              28.900017219349607
            ],
            [
              -89.04442330102287,
              28.900015663212976
            ],
            [
              -89.0444215326185,
              28.899925459863276
            ],
            [
              -89.04452403790144,
              28.8999239036545
            ],
            [
              -89.04452050093994,
              28.899743496962685
            ],
            [
              -89.04462300603774,
              28.89974194068751
            ],
            [
              -89.04462123748063,
              28.899651737345426
            ],
            [
              -89.04472374248182,
              28.89965018099809
            ],
            [
              -89.04472197384429,
              28.899559977660452
            ],
            [
              -89.04482447874886,
              28.899558421240975
            ],
            [
              -89.04482271003094,
              28.89946821790779
            ],
            [
              -89.04492521483888,
              28.899466661416163
            ],
            [
              -89.04492344604054,
              28.89937645808744
            ],
            [
              -89.04502595075188,
              28.899374901523657
            ],
            [
              -89.04502771963872,
              28.899465104846623
            ],
            [
              -89.04513022443048,
              28.89946354819917
            ],
            [
              -89.0451284554551,
              28.89937334488197
            ],
            [
              -89.04523096015023,
              28.899371788162362
            ],
            [
              -89.04523272921412,
              28.899461991473792
            ],
            [
              -89.04533523398965,
              28.899460434670505
            ],
            [
              -89.04533346483726,
              28.899370231364838
            ],
            [
              -89.04543596951618,
              28.89936867448941
            ],
            [
              -89.04543773875709,
              28.89945887778931
            ],
            [
              -89.04574525301074,
              28.899454206678232
            ],
            [
              -89.0457434835043,
              28.89936400339562
            ],
            [
              -89.04584598815079,
              28.89936244620854
            ],
            [
              -89.04584421856394,
              28.899272242930383
            ],
            [
              -89.04574171400597,
              28.89927380011171
            ],
            [
              -89.0457381750336,
              28.899093393539953
            ],
            [
              -89.04522565300724,
              28.899101178220203
            ],
            [
              -89.04522742204679,
              28.899191381535566
            ],
            [
              -89.04502241300248,
              28.899194494873804
            ],
            [
              -89.04502418187313,
              28.899284698199388
            ],
            [
              -89.0449216772503,
              28.899286254757396
            ],
            [
              -89.04491990846817,
              28.899196051426056
            ],
            [
              -89.04471489937525,
              28.89919916429681
            ],
            [
              -89.04471313077825,
              28.89910896095263
            ],
            [
              -89.04450812182992,
              28.89911207350021
            ],
            [
              -89.04450635341804,
              28.899021870143205
            ],
            [
              -89.04440384902024,
              28.899023426294363
            ],
            [
              -89.04440208070498,
              28.89893322293027
            ],
            [
              -89.04409456772852,
              28.898937890898974
            ],
            [
              -89.04409279968688,
              28.898847687516295
            ],
            [
              -89.0439902954337,
              28.898849243344277
            ],
            [
              -89.04398852748868,
              28.898759039954534
            ],
            [
              -89.04378351913503,
              28.898762151365236
            ],
            [
              -89.04378175137514,
              28.898671947962658
            ],
            [
              -89.04367924727468,
              28.898673503545375
            ],
            [
              -89.04367040903917,
              28.898222486484084
            ],
            [
              -89.04356790537317,
              28.898224041960095
            ],
            [
              -89.04356437031267,
              28.898043635114895
            ],
            [
              -89.04346186681556,
              28.898045190501474
            ],
            [
              -89.04346009938597,
              28.897954987071163
            ],
            [
              -89.04325509254451,
              28.89795809759907
            ],
            [
              -89.04325332530001,
              28.89786789415592
            ],
            [
              -89.04304831860318,
              28.897871004360667
            ],
            [
              -89.04304655154381,
              28.897780800904695
            ],
            [
              -89.04294404827176,
              28.89778235588444
            ],
            [
              -89.04294228130898,
              28.89769215242142
            ],
            [
              -89.04283977811734,
              28.897693707317497
            ],
            [
              -89.04283801125116,
              28.897603503847396
            ],
            [
              -89.0426330050206,
              28.897606613394323
            ],
            [
              -89.04263123833952,
              28.897516409911397
            ],
            [
              -89.0424262322536,
              28.897519519135173
            ],
            [
              -89.04242446575763,
              28.897429315639425
            ],
            [
              -89.04232196279104,
              28.897430870128694
            ],
            [
              -89.04232019639167,
              28.897340666625876
            ],
            [
              -89.04221769350548,
              28.897342221031487
            ],
            [
              -89.04220356330983,
              28.896620592915895
            ],
            [
              -89.04210106112357,
              28.896622147197537
            ],
            [
              -89.04207456973,
              28.895269094168963
            ],
            [
              -89.04217707058879,
              28.895267539973663
            ],
            [
              -89.04217353836353,
              28.895087132892478
            ],
            [
              -89.04227603903725,
              28.895085578630777
            ],
            [
              -89.04227427284826,
              28.89499537509398
            ],
            [
              -89.04258177455536,
              28.89499071185878
            ],
            [
              -89.04258000810898,
              28.894900508337948
            ],
            [
              -89.04319501077367,
              28.894891179798766
            ],
            [
              -89.04319677775099,
              28.894981383285035
            ],
            [
              -89.04401678155851,
              28.894968940824317
            ],
            [
              -89.04401501387325,
              28.894878737384122
            ],
            [
              -89.0446300158578,
              28.894869402301346
            ],
            [
              -89.04463178407403,
              28.89495960570697
            ],
            [
              -89.04483678484775,
              28.894956493377993
            ],
            [
              -89.04483855324905,
              28.895046696770798
            ],
            [
              -89.04494105371225,
              28.895045140483692
            ],
            [
              -89.04494282221016,
              28.895135343869413
            ],
            [
              -89.04504532275374,
              28.895133787498647
            ],
            [
              -89.04504709134825,
              28.8952239908773
            ],
            [
              -89.04514959197223,
              28.895222434422863
            ],
            [
              -89.04515136066333,
              28.89531263779445
            ],
            [
              -89.0452538613677,
              28.895311081256345
            ],
            [
              -89.04525739895121,
              28.895491487984057
            ],
            [
              -89.04535989982446,
              28.895489931356533
            ],
            [
              -89.04536166871686,
              28.89558013471266
            ],
            [
              -89.04546416967051,
              28.89557857800147
            ],
            [
              -89.0454659386595,
              28.895668781350526
            ],
            [
              -89.04556843969354,
              28.89566722455566
            ],
            [
              -89.04557020877915,
              28.895757427897642
            ],
            [
              -89.04567270989358,
              28.895755871019116
            ],
            [
              -89.04567447907579,
              28.89584607435403
            ],
            [
              -89.0457769802706,
              28.895844517391822
            ],
            [
              -89.04577874954941,
              28.89593472071966
            ],
            [
              -89.04588125082464,
              28.89593316367379
            ],
            [
              -89.04588302020004,
              28.89602336699455
            ],
            [
              -89.04598552155564,
              28.896021809865008
            ],
            [
              -89.04598729102766,
              28.89611201317871
            ],
            [
              -89.04608979246365,
              28.89611045596549
            ],
            [
              -89.04609156203226,
              28.896200659272107
            ],
            [
              -89.04619406354865,
              28.896199101975228
            ],
            [
              -89.04619583321387,
              28.89628930527477
            ],
            [
              -89.04629833481064,
              28.89628774789421
            ],
            [
              -89.04630010457247,
              28.896377951186672
            ],
            [
              -89.04640260624964,
              28.896376393722452
            ],
            [
              -89.04640614597463,
              28.89655680029192
            ],
            [
              -89.04650864782067,
              28.896555242738255
            ],
            [
              -89.0465121877551,
              28.896735649290957
            ],
            [
              -89.04661468977004,
              28.89673409164785
            ],
            [
              -89.0466217700902,
              28.897094904714486
            ],
            [
              -89.04672427245104,
              28.897093346970397
            ],
            [
              -89.04672781283676,
              28.897273753484335
            ],
            [
              -89.0468303153665,
              28.897272195650803
            ],
            [
              -89.04683562627146,
              28.897542805394593
            ],
            [
              -89.04693812905859,
              28.897541247465842
            ],
            [
              -89.04693989946496,
              28.89763145070538
            ],
            [
              -89.04704240233248,
              28.897629892692954
            ],
            [
              -89.04704594334656,
              28.897810299156582
            ],
            [
              -89.047148446383,
              28.897808741054703
            ],
            [
              -89.0471502169907,
              28.89789894427879
            ],
            [
              -89.04725272010754,
              28.89789738609324
            ],
            [
              -89.04725626152431,
              28.89807779252593
            ],
            [
              -89.04735876481003,
              28.898076234250922
            ],
            [
              -89.0473605356191,
              28.898166437459544
            ],
            [
              -89.0474630389852,
              28.89816487910086
            ],
            [
              -89.04746480989088,
              28.898255082302384
            ],
            [
              -89.0475673133374,
              28.898253523860035
            ],
            [
              -89.04757085535013,
              28.898433930247645
            ],
            [
              -89.04767335896554,
              28.898432371715828
            ],
            [
              -89.04767867231098,
              28.89870298127011
            ],
            [
              -89.0477811761838,
              28.898701422643065
            ],
            [
              -89.04778648986782,
              28.898972032168267
            ],
            [
              -89.04788899399804,
              28.898970473445996
            ],
            [
              -89.04789607937771,
              28.899331286104868
            ],
            [
              -89.04799858385387,
              28.89932972728159
            ],
            [
              -89.0480003553076,
              28.89941993043726
            ],
            [
              -89.04810285986414,
              28.8994183715303
            ],
            [
              -89.04810463141449,
              28.899508574678894
            ],
            [
              -89.04820713605145,
              28.89950701568825
            ],
            [
              -89.04820890769842,
              28.899597218829758
            ],
            [
              -89.04831141241577,
              28.89959565975542
            ],
            [
              -89.04831318415937,
              28.89968586288985
            ],
            [
              -89.04841568895712,
              28.89968430373182
            ],
            [
              -89.04841746079735,
              28.899774506859185
            ],
            [
              -89.0485199656755,
              28.89977294761746
            ],
            [
              -89.04852173761236,
              28.899863150737747
            ],
            [
              -89.04862424257091,
              28.899861591412336
            ],
            [
              -89.04862778664601,
              28.9000419976374
            ],
            [
              -89.04873029177347,
              28.900040438222533
            ],
            [
              -89.04874269691165,
              28.900671859928632
            ],
            [
              -89.0488452026506,
              28.900670300395426
            ],
            [
              -89.0488469749342,
              28.90076050348529
            ],
            [
              -89.04915449236789,
              28.90075582440084
            ],
            [
              -89.04915626492516,
              28.900846027472056
            ],
            [
              -89.04925877080866,
              28.90084446761563
            ],
            [
              -89.04926054346257,
              28.90093467067978
            ],
            [
              -89.04936304942647,
              28.900933110739658
            ],
            [
              -89.04936836770247,
              28.90120371990692
            ],
            [
              -89.04926586147299,
              28.901205279864374
            ],
            [
              -89.04926763415938,
              28.901295482923288
            ],
            [
              -89.04906262149905,
              28.90129860261598
            ],
            [
              -89.04906439401653,
              28.901388805685137
            ],
            [
              -89.04834684882995,
              28.901399722195556
            ],
            [
              -89.0483486207359,
              28.901489925303817
            ],
            [
              -89.04793859438232,
              28.901496161618628
            ],
            [
              -89.04793682283047,
              28.901405958487263
            ],
            [
              -89.04762930324564,
              28.901410634887892
            ],
            [
              -89.04762753196746,
              28.9013204317379
            ],
            [
              -89.0471149996064,
              28.901328224151683
            ],
            [
              -89.04711677044199,
              28.90141842733053
            ],
            [
              -89.04691175726373,
              28.901421543762144
            ],
            [
              -89.04691529860511,
              28.901601950138993
            ],
            [
              -89.04671028504032,
              28.901605066281995
            ],
            [
              -89.04671205554614,
              28.901695269480008
            ],
            [
              -89.04650704177186,
              28.90169838532288
            ],
            [
              -89.04650881210874,
              28.901788588531105
            ],
            [
              -89.04620129112094,
              28.901793261728297
            ],
            [
              -89.04619952104963,
              28.901703058502765
            ],
            [
              -89.04609701412599,
              28.901704616073555
            ],
            [
              -89.04609524415132,
              28.90161441284093
            ],
            [
              -89.0456852167298,
              28.901620642321806
            ],
            [
              -89.04569052561588,
              28.901891252084923
            ],
            [
              -89.045895539874,
              28.901888137465736
            ],
            [
              -89.04589907952602,
              28.90206854394487
            ],
            [
              -89.04641161591465,
              28.902060755975576
            ],
            [
              -89.04640807537739,
              28.901880349554116
            ],
            [
              -89.04651058245373,
              28.90187879173803
            ],
            [
              -89.04651235280684,
              28.901968994943644
            ],
            [
              -89.0466148599636,
              28.90196743704387
            ],
            [
              -89.04661663041334,
              28.9020576402424
            ],
            [
              -89.04692415210053,
              28.902052966058225
            ],
            [
              -89.04692592282396,
              28.90214316923816
            ],
            [
              -89.04702843012532,
              28.902141611015153
            ],
            [
              -89.04703020094537,
              28.902231814187992
            ],
            [
              -89.04723521570082,
              28.902228697496675
            ],
            [
              -89.04723698670604,
              28.902318900656667
            ],
            [
              -89.04733949416011,
              28.90231734218835
            ],
            [
              -89.04734480749003,
              28.902587951643184
            ],
            [
              -89.04724229977037,
              28.902589510128813
            ],
            [
              -89.04724407080805,
              28.902679713283582
            ],
            [
              -89.04714156299175,
              28.902681271697062
            ],
            [
              -89.04714333394901,
              28.90277147485628
            ],
            [
              -89.04704082603608,
              28.902773033197604
            ],
            [
              -89.0470425969129,
              28.90286323636129
            ],
            [
              -89.04694008890333,
              28.90286479463046
            ],
            [
              -89.0469436305043,
              28.90304520096546
            ],
            [
              -89.04684112230954,
              28.903046759168245
            ],
            [
              -89.04684289303367,
              28.903136962339552
            ],
            [
              -89.0467403847423,
              28.903138520470172
            ],
            [
              -89.04674215538599,
              28.903228723645945
            ],
            [
              -89.04663964699796,
              28.903230281704406
            ],
            [
              -89.04664141756126,
              28.903320484884638
            ],
            [
              -89.04653890907657,
              28.903322042870954
            ],
            [
              -89.04654067955944,
              28.903412246055645
            ],
            [
              -89.04643817097813,
              28.903413803969798
            ],
            [
              -89.04643994138058,
              28.903504007158947
            ],
            [
              -89.04633743270263,
              28.90350556500095
            ],
            [
              -89.04633920302464,
              28.90359576819457
            ],
            [
              -89.04623669425006,
              28.9035973259644
            ],
            [
              -89.04623846449167,
              28.90368752916248
            ],
            [
              -89.04613595562043,
              28.90368908686015
            ],
            [
              -89.0461412661283,
              28.903959696463826
            ],
            [
              -89.04603875698336,
              28.903961254100892
            ],
            [
              -89.04604052708034,
              28.904051457305265
            ],
            [
              -89.04614303631382,
              28.904049899662436
            ],
            [
              -89.04615011713695,
              28.904410712443802
            ],
            [
              -89.04625262671644,
              28.90440915469998
            ],
            [
              -89.04625793768453,
              28.90467976425496
            ],
            [
              -89.04636044752152,
              28.90467820641591
            ],
            [
              -89.04637461116826,
              28.90539983179216
            ],
            [
              -89.04627210062297,
              28.905401389677372
            ],
            [
              -89.04627564143867,
              28.9055817960199
            ],
            [
              -89.04617313070818,
              28.90558335383869
            ],
            [
              -89.04617490103966,
              28.905673557013763
            ],
            [
              -89.0462774118587,
              28.90567199918918
            ],
            [
              -89.04628095272307,
              28.90585240552387
            ],
            [
              -89.04638346371107,
              28.905850847609823
            ],
            [
              -89.04638700478495,
              28.90603125392772
            ],
            [
              -89.04648951594193,
              28.9060296959242
            ],
            [
              -89.04649305722535,
              28.906210102225344
            ],
            [
              -89.0465955685513,
              28.906208544132355
            ],
            [
              -89.04659733929373,
              28.90629874727519
            ],
            [
              -89.0466998507001,
              28.906297189098495
            ],
            [
              -89.04670162153917,
              28.906387392234258
            ],
            [
              -89.04680413302599,
              28.906385833973868
            ],
            [
              -89.04680590396173,
              28.906476037102543
            ],
            [
              -89.04690841552897,
              28.90647447875843
            ],
            [
              -89.04691018656135,
              28.906564681880038
            ],
            [
              -89.0476277679247,
              28.90655377124867
            ],
            [
              -89.04762953958502,
              28.906643974328574
            ],
            [
              -89.04773205126443,
              28.90664241534943
            ],
            [
              -89.04773382302142,
              28.90673261842225
            ],
            [
              -89.04783633478125,
              28.906731059359394
            ],
            [
              -89.0478434222445,
              28.907091871614497
            ],
            [
              -89.04794593435041,
              28.90709031245062
            ],
            [
              -89.04794947830783,
              28.907270718558777
            ],
            [
              -89.04805199058272,
              28.90726915930542
            ],
            [
              -89.04805376266216,
              28.90735936235176
            ],
            [
              -89.04815627501748,
              28.90735780301468
            ],
            [
              -89.04815804719358,
              28.907448006053936
            ],
            [
              -89.04846558447649,
              28.907443327557743
            ],
            [
              -89.04846735692634,
              28.90753353057838
            ],
            [
              -89.04856986942629,
              28.907531970918008
            ],
            [
              -89.04857164197281,
              28.907622173931546
            ],
            [
              -89.0486741545532,
              28.907620614187447
            ],
            [
              -89.0486759271964,
              28.907710817193927
            ],
            [
              -89.04877843985719,
              28.90770925736611
            ],
            [
              -89.04878021259707,
              28.907799460365496
            ],
            [
              -89.0488827253383,
              28.90779790045396
            ],
            [
              -89.04888627101948,
              28.907978306437247
            ],
            [
              -89.0489887839297,
              28.90797674643623
            ],
            [
              -89.04899232982048,
              28.90815715240274
            ],
            [
              -89.04909484289968,
              28.90815559231222
            ],
            [
              -89.0490966159458,
              28.908245795287733
            ],
            [
              -89.04919912910542,
              28.908244235113504
            ],
            [
              -89.04920090224822,
              28.908334438081933
            ],
            [
              -89.04930341548827,
              28.908332877823987
            ],
            [
              -89.04930518872773,
              28.908423080785333
            ],
            [
              -89.04951021536058,
              28.908419960024048
            ],
            [
              -89.04951198878527,
              28.908510162972533
            ],
            [
              -89.04971701556273,
              28.908507041887926
            ],
            [
              -89.04972056279071,
              28.908687447757853
            ],
            [
              -89.04982307634437,
              28.90868588708709
            ],
            [
              -89.04982485005908,
              28.9087760900143
            ],
            [
              -89.04992736369317,
              28.90877452925981
            ],
            [
              -89.04993091132411,
              28.90895493509877
            ],
            [
              -89.05003342512717,
              28.90895337425478
            ],
            [
              -89.05003697296773,
              28.909133780076946
            ],
            [
              -89.05013948693977,
              28.909132219143448
            ],
            [
              -89.05014303498994,
              28.909312624948836
            ],
            [
              -89.0500405208408,
              28.90931418589388
            ],
            [
              -89.05004229478952,
              28.909404388800393
            ],
            [
              -89.04993978054368,
              28.909405949673275
            ],
            [
              -89.04994332828839,
              28.90958635549393
            ],
            [
              -89.04984081385732,
              28.909587916300428
            ],
            [
              -89.0498425876533,
              28.90967811921457
            ],
            [
              -89.04974007312555,
              28.909679679948894
            ],
            [
              -89.04974184684109,
              28.909769882867508
            ],
            [
              -89.04963933221666,
              28.909771443529678
            ],
            [
              -89.04964110585176,
              28.90986164645275
            ],
            [
              -89.04953859113064,
              28.90986320704275
            ],
            [
              -89.04954036468533,
              28.909953409970292
            ],
            [
              -89.04943784986752,
              28.909954970488126
            ],
            [
              -89.04943962334177,
              28.910045173420148
            ],
            [
              -89.04933710842728,
              28.910046733865798
            ],
            [
              -89.04934065522302,
              28.910227139737458
            ],
            [
              -89.0492381401233,
              28.910228700116726
            ],
            [
              -89.04923991344478,
              28.91031890305637
            ],
            [
              -89.04913739824836,
              28.910320463363462
            ],
            [
              -89.04914094473861,
              28.910500869250377
            ],
            [
              -89.04924346011215,
              28.910499308931737
            ],
            [
              -89.04924523345801,
              28.910589511867457
            ],
            [
              -89.04934774891198,
              28.91058795146509
            ],
            [
              -89.04934952235453,
              28.91067815439373
            ],
            [
              -89.04955455341525,
              28.91067503334358
            ],
            [
              -89.04955632704305,
              28.910765236259348
            ],
            [
              -89.04965884264979,
              28.910763675611577
            ],
            [
              -89.04966061637427,
              28.910853878520253
            ],
            [
              -89.04976313206144,
              28.910852317788752
            ],
            [
              -89.04976490588263,
              28.910942520690362
            ],
            [
              -89.04986742165022,
              28.910940959875134
            ],
            [
              -89.04986919556809,
              28.91103116276964
            ],
            [
              -89.04997171141613,
              28.91102960187068
            ],
            [
              -89.04998412968867,
              28.91166102205518
            ],
            [
              -89.04977909674453,
              28.911664143856054
            ],
            [
              -89.04978087063884,
              28.91175434674588
            ],
            [
              -89.04967835406602,
              28.911755907535163
            ],
            [
              -89.04968012787988,
              28.911846110429455
            ],
            [
              -89.04947509453272,
              28.91184923178573
            ],
            [
              -89.04947686817758,
              28.91193943469026
            ],
            [
              -89.04875925058666,
              28.911950357022107
            ],
            [
              -89.04876102361966,
              28.91204055996579
            ],
            [
              -89.04845347283602,
              28.912045239813164
            ],
            [
              -89.04845170006871,
              28.911955036852167
            ],
            [
              -89.04804163259779,
              28.911961275534228
            ],
            [
              -89.0480434050108,
              28.912051478518322
            ],
            [
              -89.0479408880342,
              28.912053037999723
            ],
            [
              -89.04794266036676,
              28.91214324098828
            ],
            [
              -89.04784014329348,
              28.912144800397495
            ],
            [
              -89.04784546007417,
              28.912415409372638
            ],
            [
              -89.04774294272706,
              28.91241696872122
            ],
            [
              -89.04775889271036,
              28.91322879562795
            ],
            [
              -89.04765637455797,
              28.91323035495053
            ],
            [
              -89.04765814673036,
              28.913320557939397
            ],
            [
              -89.04755562848128,
              28.913322117189804
            ],
            [
              -89.04755740057321,
              28.913412320183134
            ],
            [
              -89.04735236387354,
              28.913415438461595
            ],
            [
              -89.04735413579643,
              28.913505641465164
            ],
            [
              -89.04684154346238,
              28.913513435825912
            ],
            [
              -89.04683977198238,
              28.913423232793495
            ],
            [
              -89.0462246614452,
              28.91343258341913
            ],
            [
              -89.04622643239375,
              28.913522786486173
            ],
            [
              -89.04602139530597,
              28.91352590274925
            ],
            [
              -89.04602316608549,
              28.913616105826506
            ],
            [
              -89.04581812878813,
              28.913619221789286
            ],
            [
              -89.04581989939861,
              28.91370942487679
            ],
            [
              -89.04551234312598,
              28.913714098253553
            ],
            [
              -89.04551411347883,
              28.913804301357047
            ],
            [
              -89.04541159461651,
              28.913805858999147
            ],
            [
              -89.04540982435223,
              28.9137156558899
            ],
            [
              -89.04530730557036,
              28.91371721344827
            ],
            [
              -89.04530907574606,
              28.913807416563294
            ],
            [
              -89.04500151908607,
              28.913812088787957
            ],
            [
              -89.04500328900414,
              28.913902291918966
            ],
            [
              -89.0449007700127,
              28.913903849177036
            ],
            [
              -89.04490253985031,
              28.913994052312496
            ],
            [
              -89.04469750166594,
              28.913997166606276
            ],
            [
              -89.04469927133448,
              28.914087369751968
            ],
            [
              -89.04398163681377,
              28.91409826736478
            ],
            [
              -89.04398340587039,
              28.9141884705495
            ],
            [
              -89.04367584783137,
              28.91419313980285
            ],
            [
              -89.04367761663032,
              28.91428334300355
            ],
            [
              -89.04337005825265,
              28.914288011572534
            ],
            [
              -89.04336828971941,
              28.91419780835455
            ],
            [
              -89.04275317327682,
              28.914207143352982
            ],
            [
              -89.04275494127857,
              28.91429734660553
            ],
            [
              -89.04254990222243,
              28.914300457659493
            ],
            [
              -89.04255167005512,
              28.91439066092224
            ],
            [
              -89.04234663078942,
              28.914393771675876
            ],
            [
              -89.04234839845304,
              28.914483974948833
            ],
            [
              -89.0421433589778,
              28.914487085402126
            ],
            [
              -89.04214512647235,
              28.914577288685287
            ],
            [
              -89.04194008678756,
              28.914580398838243
            ],
            [
              -89.04194185411305,
              28.914670602131615
            ],
            [
              -89.04183933416992,
              28.91467215709691
            ],
            [
              -89.04184110141492,
              28.914762360394736
            ],
            [
              -89.04163606132722,
              28.914765470102935
            ],
            [
              -89.04163782840315,
              28.914855673410955
            ],
            [
              -89.04143278810592,
              28.91485878281882
            ],
            [
              -89.04143455501277,
              28.914948986137034
            ],
            [
              -89.04133203476343,
              28.914950540729773
            ],
            [
              -89.04133556842426,
              28.915130947373815
            ],
            [
              -89.04123304798966,
              28.915132501900093
            ],
            [
              -89.04123481474362,
              28.915222705225904
            ],
            [
              -89.04113229421236,
              28.915224259679984
            ],
            [
              -89.04113406088582,
              28.915314463010244
            ],
            [
              -89.04103154025788,
              28.915316017392104
            ],
            [
              -89.04103330685085,
              28.915406220726805
            ],
            [
              -89.0408282653935,
              28.91540932926813
            ],
            [
              -89.04083003181739,
              28.91549953261303
            ],
            [
              -89.0406249901505,
              28.91550264085401
            ],
            [
              -89.04062675640532,
              28.915592844209122
            ],
            [
              -89.04031919357854,
              28.915597506003092
            ],
            [
              -89.04032095957571,
              28.91568770937415
            ],
            [
              -89.03991087533907,
              28.915693924030915
            ],
            [
              -89.03991264098997,
              28.91578412742366
            ]
          ],
          [
            [
              -89.04516737478522,
              28.901357817558303
            ],
            [
              -89.04516206737286,
              28.90108720768516
            ],
            [
              -89.04475204178406,
              28.901093434222517
            ],
            [
              -89.0447502730169,
              28.9010032309058
            ],
            [
              -89.04464776668796,
              28.901004787339584
            ],
            [
              -89.04465130405335,
              28.90118519398324
            ],
            [
              -89.04485631705721,
              28.901182081014706
            ],
            [
              -89.04485808592909,
              28.901272284323046
            ],
            [
              -89.04506309907758,
              28.90126917103131
            ],
            [
              -89.0450648681346,
              28.901359374326802
            ],
            [
              -89.04516737478522,
              28.901357817558303
            ]
          ],
          [
            [
              -89.04464776668796,
              28.901004787339584
            ],
            [
              -89.04464599801743,
              28.900914584015787
            ],
            [
              -89.0445434917689,
              28.90091614036588
            ],
            [
              -89.04454526035092,
              28.901006343695432
            ],
            [
              -89.04464776668796,
              28.901004787339584
            ]
          ]
        ]
      },
      "properties": {
        "incident_id": "SP-015",
        "type": "AI-detected-slick",
        "source": "Sentinel-1 SAR",
        "method": "U-Net segmentation + radiometric filtering"
      }
    },
    {
      "type": "Feature",
      "geometry": {
        "type": "Polygon",
        "coordinates": [
          [
            [
              -89.0018767360423,
              28.916355115172475
            ],
            [
              -88.98885610684056,
              28.91654810882199
            ],
            [
              -88.98885438530984,
              28.916457902601074
            ],
            [
              -88.98782913438957,
              28.916473045480686
            ],
            [
              -88.98782741375274,
              28.916382839202413
            ],
            [
              -88.9876223636513,
              28.916385866831384
            ],
            [
              -88.98762064319956,
              28.916295660540595
            ],
            [
              -88.98751811822562,
              28.91629717423252
            ],
            [
              -88.98751639787037,
              28.916206967934833
            ],
            [
              -88.98741387297714,
              28.916208481543162
            ],
            [
              -88.98741215271838,
              28.916118275238574
            ],
            [
              -88.98730962790587,
              28.916119788763325
            ],
            [
              -88.98730790774357,
              28.91602958245183
            ],
            [
              -88.9872053830118,
              28.916031095893
            ],
            [
              -88.98720366294599,
              28.91594088957459
            ],
            [
              -88.98710113829492,
              28.91594240293219
            ],
            [
              -88.98709253852701,
              28.9154913712926
            ],
            [
              -88.98699001431106,
              28.91549288454421
            ],
            [
              -88.98698313499294,
              28.915132059186696
            ],
            [
              -88.98688061112351,
              28.915133572337922
            ],
            [
              -88.98687545198341,
              28.914862953289294
            ],
            [
              -88.98677292837189,
              28.914864466345744
            ],
            [
              -88.98675917172032,
              28.9141428154473
            ],
            [
              -88.98686169462309,
              28.91414130243566
            ],
            [
              -88.98685481613198,
              28.913780476977575
            ],
            [
              -88.98695733867251,
              28.913778963910367
            ],
            [
              -88.98695561898083,
              28.9136887575482
            ],
            [
              -88.98685309652889,
              28.9136902706098
            ],
            [
              -88.98684277907579,
              28.913149032375774
            ],
            [
              -88.9869453009962,
              28.913147519347785
            ],
            [
              -88.98693842249733,
              28.912786693854805
            ],
            [
              -88.98704094405552,
              28.912785180771248
            ],
            [
              -88.98703578499831,
              28.912514561654636
            ],
            [
              -88.98713830628287,
              28.912513048509926
            ],
            [
              -88.98713486677362,
              28.91233263577021
            ],
            [
              -88.98723738787314,
              28.912331122558744
            ],
            [
              -88.98723566804173,
              28.912240916192527
            ],
            [
              -88.98733818904479,
              28.912239402908693
            ],
            [
              -88.9873364691327,
              28.912149196546785
            ],
            [
              -88.98743899003928,
              28.912147683190586
            ],
            [
              -88.98744071003996,
              28.91223788954689
            ],
            [
              -88.98754323102725,
              28.912236376107124
            ],
            [
              -88.98754495112439,
              28.912326582456533
            ],
            [
              -88.98764747219239,
              28.912325068933196
            ],
            [
              -88.98764919238599,
              28.912415275275688
            ],
            [
              -88.98775171353469,
              28.912413761668798
            ],
            [
              -88.98775343382476,
              28.912503968004376
            ],
            [
              -88.9879584762757,
              28.91250094054547
            ],
            [
              -88.9879601967508,
              28.91259114686855
            ],
            [
              -88.98837028191241,
              28.912585090992724
            ],
            [
              -88.98836856108296,
              28.912494884692062
            ],
            [
              -88.98867612460565,
              28.91249034198337
            ],
            [
              -88.98867440351833,
              28.91240013569823
            ],
            [
              -88.98887944565021,
              28.912397106847163
            ],
            [
              -88.98887772439359,
              28.912306900571924
            ],
            [
              -88.98908276631677,
              28.912303871420203
            ],
            [
              -88.98908104489088,
              28.91221366515487
            ],
            [
              -88.98928608660535,
              28.912210635702507
            ],
            [
              -88.98928436501018,
              28.912120429447107
            ],
            [
              -88.989386885767,
              28.912118914609582
            ],
            [
              -88.98938516409113,
              28.912028708358477
            ],
            [
              -88.98948768475148,
              28.9120271934486
            ],
            [
              -88.98948596299492,
              28.911936987201813
            ],
            [
              -88.9895884835588,
              28.911935472219575
            ],
            [
              -88.98958676172155,
              28.911845265977092
            ],
            [
              -88.98968928218896,
              28.911843750922504
            ],
            [
              -88.98968583836097,
              28.91166333844483
            ],
            [
              -88.98978835864334,
              28.911661823323502
            ],
            [
              -88.98978491466973,
              28.911481410851838
            ],
            [
              -88.98988743476706,
              28.911479895663764
            ],
            [
              -88.9898857127035,
              28.911389689431584
            ],
            [
              -88.98998823270435,
              28.91138817417117
            ],
            [
              -88.9899865105601,
              28.911297967943305
            ],
            [
              -88.99008903046449,
              28.911296452610525
            ],
            [
              -88.99008730823957,
              28.91120624638696
            ],
            [
              -88.99018982804748,
              28.911204730981822
            ],
            [
              -88.99018638344413,
              28.911024318542022
            ],
            [
              -88.990288903067,
              28.911022803070157
            ],
            [
              -88.99028545831806,
              28.910842390636365
            ],
            [
              -88.99038797775589,
              28.910840875097747
            ],
            [
              -88.99038453286134,
              28.910660462669963
            ],
            [
              -88.99048705211413,
              28.910658947064622
            ],
            [
              -88.99048360707401,
              28.91047853464285
            ],
            [
              -88.99058612614175,
              28.910477018970766
            ],
            [
              -88.99058268095604,
              28.910296606554997
            ],
            [
              -88.99068519983875,
              28.910295090816188
            ],
            [
              -88.99068175450746,
              28.910114678406444
            ],
            [
              -88.99078427320512,
              28.910113162600886
            ],
            [
              -88.99078082772826,
              28.90993275019716
            ],
            [
              -88.99088334624089,
              28.90993123432487
            ],
            [
              -88.99087990061844,
              28.909750821927148
            ],
            [
              -88.99098241894603,
              28.909749305988132
            ],
            [
              -88.99097725030583,
              28.90947868739862
            ],
            [
              -88.99107976835982,
              28.90947717139849
            ],
            [
              -88.99107459952495,
              28.909206552814076
            ],
            [
              -88.99117711730534,
              28.909205036752837
            ],
            [
              -88.9911719482758,
              28.908934418173544
            ],
            [
              -88.9912744657826,
              28.908932902051188
            ],
            [
              -88.99127101962523,
              28.908752489669705
            ],
            [
              -88.991373536947,
              28.90875097348062
            ],
            [
              -88.99137181379157,
              28.90866076729354
            ],
            [
              -88.9914743310169,
              28.908659251032116
            ],
            [
              -88.9914726077808,
              28.908569044849337
            ],
            [
              -88.99157512490966,
              28.90856752851558
            ],
            [
              -88.99157340159292,
              28.908477322337117
            ],
            [
              -88.99177843564979,
              28.908474289446964
            ],
            [
              -88.99177671216381,
              28.90838408327842
            ],
            [
              -88.99187922909184,
              28.90838256672204
            ],
            [
              -88.99187750552518,
              28.908292360557816
            ],
            [
              -88.99208253918044,
              28.90828932722241
            ],
            [
              -88.99208081544454,
              28.90819912106812
            ],
            [
              -88.99228584889109,
              28.908196087432145
            ],
            [
              -88.99228412498596,
              28.90810588128779
            ],
            [
              -88.99238664160882,
              28.90810436435848
            ],
            [
              -88.99238491762304,
              28.908014158218435
            ],
            [
              -88.99258995066793,
              28.908011124137207
            ],
            [
              -88.99258822651292,
              28.907920918007093
            ],
            [
              -88.99289577575536,
              28.907916366317483
            ],
            [
              -88.99289405134256,
              28.907826160202916
            ],
            [
              -88.9932016002482,
              28.907821607828616
            ],
            [
              -88.99319987557762,
              28.907731401729603
            ],
            [
              -88.99360994032028,
              28.90772533082838
            ],
            [
              -88.99360821530335,
              28.90763512475054
            ],
            [
              -88.99381324745016,
              28.907632088843478
            ],
            [
              -88.993811522264,
              28.90754188277558
            ],
            [
              -88.99401655420206,
              28.90753884656796
            ],
            [
              -88.99401482884669,
              28.907448640509994
            ],
            [
              -88.99421986057602,
              28.90744560400182
            ],
            [
              -88.99421813505144,
              28.90735539795379
            ],
            [
              -88.9943206508157,
              28.907353879588403
            ],
            [
              -88.99431719961309,
              28.907173467499703
            ],
            [
              -88.99441971519232,
              28.907171949067617
            ],
            [
              -88.99441626384424,
              28.906991536984922
            ],
            [
              -88.99451877923846,
              28.90699001848613
            ],
            [
              -88.99451360200995,
              28.90671940036922
            ],
            [
              -88.99461611713058,
              28.90671788180935
            ],
            [
              -88.99461439131498,
              28.906627675773386
            ],
            [
              -88.99471690633915,
              28.906626157141194
            ],
            [
              -88.99471345455459,
              28.90644574507661
            ],
            [
              -88.99481596939374,
              28.906444226377722
            ],
            [
              -88.99481424342477,
              28.9063540203491
            ],
            [
              -88.99491675816745,
              28.90635250157788
            ],
            [
              -88.99491330607613,
              28.90617208952798
            ],
            [
              -88.99501582063378,
              28.906170570690065
            ],
            [
              -88.99501409451143,
              28.906080364668785
            ],
            [
              -88.99511660897264,
              28.90607884575855
            ],
            [
              -88.99511488276963,
              28.90598863974158
            ],
            [
              -88.99521739713438,
              28.90598712075904
            ],
            [
              -88.99521567085073,
              28.905896914746403
            ],
            [
              -88.9954206993794,
              28.905893876558718
            ],
            [
              -88.99541897292653,
              28.905803670556022
            ],
            [
              -88.99552148709044,
              28.90580215135089
            ],
            [
              -88.99551976055696,
              28.905711945352518
            ],
            [
              -88.99562227462441,
              28.90571042607508
            ],
            [
              -88.99562054801027,
              28.905620220081012
            ],
            [
              -88.99572306198127,
              28.905618700731242
            ],
            [
              -88.99572133528649,
              28.905528494741525
            ],
            [
              -88.99582384916103,
              28.905526975319443
            ],
            [
              -88.9958221223856,
              28.905436769334045
            ],
            [
              -88.99592463616366,
              28.90543524983964
            ],
            [
              -88.99592290930761,
              28.905345043858564
            ],
            [
              -88.9960254229892,
              28.905343524291848
            ],
            [
              -88.99602196912373,
              28.90516311233703
            ],
            [
              -88.99612448262033,
              28.90516159270363
            ],
            [
              -88.99612102860938,
              28.904981180754852
            ],
            [
              -88.99622354192098,
              28.904979661054767
            ],
            [
              -88.99621663363985,
              28.90461883716409
            ],
            [
              -88.99611412068245,
              28.904620356841672
            ],
            [
              -88.99611066676646,
              28.90443994487726
            ],
            [
              -88.99600815397824,
              28.90444146446565
            ],
            [
              -88.99600642712065,
              28.90435125847586
            ],
            [
              -88.99590391441306,
              28.90435277798068
            ],
            [
              -88.99590046089871,
              28.904172365985943
            ],
            [
              -88.9957979483603,
              28.904173885401573
            ],
            [
              -88.99579104178072,
              28.903813061373963
            ],
            [
              -88.99568852958858,
              28.903814580689154
            ],
            [
              -88.99568507652332,
              28.903634168656268
            ],
            [
              -88.99558256450037,
              28.903635687882268
            ],
            [
              -88.99558083806815,
              28.903545481858252
            ],
            [
              -88.99537581417557,
              28.903548520065197
            ],
            [
              -88.99537408792835,
              28.90345831402863
            ],
            [
              -88.99527157605876,
              28.90345983300957
            ],
            [
              -88.99526984990798,
              28.90336962696606
            ],
            [
              -88.99496231451737,
              28.903374183424418
            ],
            [
              -88.99496058864013,
              28.903283977362737
            ],
            [
              -88.99475556518392,
              28.90328701460071
            ],
            [
              -88.99475383949168,
              28.903196808526477
            ],
            [
              -88.99454881618094,
              28.90319984544147
            ],
            [
              -88.99454709067366,
              28.903109639354696
            ],
            [
              -88.9943420675084,
              28.903112675946694
            ],
            [
              -88.9943403421861,
              28.903022469847375
            ],
            [
              -88.99403280764453,
              28.903027024134005
            ],
            [
              -88.99403108259578,
              28.902936818016517
            ],
            [
              -88.99372354824871,
              28.90294137158488
            ],
            [
              -88.99372182347348,
              28.90285116544922
            ],
            [
              -88.993516800713,
              28.90285420076055
            ],
            [
              -88.99351507612272,
              28.902763994612354
            ],
            [
              -88.99320754218839,
              28.902768546977985
            ],
            [
              -88.99320581787164,
              28.902678340811637
            ],
            [
              -88.99289828413183,
              28.90268289245901
            ],
            [
              -88.9928965600886,
              28.902592686274488
            ],
            [
              -88.9925890265433,
              28.902597237203604
            ],
            [
              -88.99258730277357,
              28.90250703100094
            ],
            [
              -88.99238228054764,
              28.902510064552796
            ],
            [
              -88.9923805569629,
              28.902419858337584
            ],
            [
              -88.99217553488245,
              28.902422891566474
            ],
            [
              -88.99217381148269,
              28.902332685338727
            ],
            [
              -88.99207130051916,
              28.902334201830655
            ],
            [
              -88.99206957721582,
              28.902243995595995
            ],
            [
              -88.99196706633293,
              28.902245512004374
            ],
            [
              -88.99196534312604,
              28.9021553057628
            ],
            [
              -88.99186283232379,
              28.90215682208763
            ],
            [
              -88.99186110921332,
              28.902066615839136
            ],
            [
              -88.99175859849171,
              28.90206813208042
            ],
            [
              -88.99175687547768,
              28.901977925825012
            ],
            [
              -88.9916543648367,
              28.901979441982743
            ],
            [
              -88.99165264191909,
              28.901889235720407
            ],
            [
              -88.99155013135879,
              28.901890751794614
            ],
            [
              -88.9915466857243,
              28.90171033925481
            ],
            [
              -88.99144417533316,
              28.90171185523985
            ],
            [
              -88.9914424526163,
              28.90162164896238
            ],
            [
              -88.9913399423058,
              28.901623164863867
            ],
            [
              -88.99133821968536,
              28.901532958579498
            ],
            [
              -88.99123570945552,
              28.901534474397447
            ],
            [
              -88.9912339869315,
              28.90144426810613
            ],
            [
              -88.99113147678229,
              28.901445783840536
            ],
            [
              -88.991128031935,
              28.901265371242815
            ],
            [
              -88.99092301196704,
              28.901268402455376
            ],
            [
              -88.9909212897323,
              28.901178196143334
            ],
            [
              -88.99081877982502,
              28.901179711627115
            ],
            [
              -88.9908170576867,
              28.90108950530816
            ],
            [
              -88.99071454786005,
              28.901091020708392
            ],
            [
              -88.99071282581816,
              28.901000814382513
            ],
            [
              -88.99061031607216,
              28.901002329699214
            ],
            [
              -88.99060859412668,
              28.900912123366428
            ],
            [
              -88.99040357478809,
              28.90091515375482
            ],
            [
              -88.99040185302758,
              28.900824947409497
            ],
            [
              -88.99019683383447,
              28.900827977474957
            ],
            [
              -88.9901951122589,
              28.90073777111712
            ],
            [
              -88.98927252629646,
              28.90075140250375
            ],
            [
              -88.98927080552555,
              28.900661196094124
            ],
            [
              -88.98865574839367,
              28.900670280144816
            ],
            [
              -88.9886540281618,
              28.900580073700258
            ],
            [
              -88.98834649975505,
              28.90058461465676
            ],
            [
              -88.98834477979668,
              28.90049440819408
            ],
            [
              -88.98813976099652,
              28.900497435097574
            ],
            [
              -88.98813804122308,
              28.900407228622388
            ],
            [
              -88.98793302256846,
              28.900410255202964
            ],
            [
              -88.98793130297996,
              28.900320048715255
            ],
            [
              -88.98782879372935,
              28.90032156188305
            ],
            [
              -88.98782535475306,
              28.900141148892526
            ],
            [
              -88.98772284567163,
              28.9001426619712
            ],
            [
              -88.98771768753183,
              28.899872042458846
            ],
            [
              -88.98761517870813,
              28.899873555442777
            ],
            [
              -88.98758595209327,
              28.898340044556157
            ],
            [
              -88.98768845941207,
              28.898338531667488
            ],
            [
              -88.9876850209594,
              28.898158118608464
            ],
            [
              -88.98778752809329,
              28.89815660565308
            ],
            [
              -88.98778237020781,
              28.897885986071604
            ],
            [
              -88.98788487706827,
              28.8978844730551
            ],
            [
              -88.98787799964381,
              28.897523646950628
            ],
            [
              -88.98798050614232,
              28.89752213387863
            ],
            [
              -88.98796503160149,
              28.896710275117837
            ],
            [
              -88.98806753729548,
              28.89670876201836
            ],
            [
              -88.98805550136304,
              28.896077316281826
            ],
            [
              -88.98815800642957,
              28.896075803143653
            ],
            [
              -88.98815112857316,
              28.895714977002267
            ],
            [
              -88.9882536332778,
              28.895713463808594
            ],
            [
              -88.98825019421982,
              28.895533050741296
            ],
            [
              -88.98835269873955,
              28.89553153748092
            ],
            [
              -88.98834925953608,
              28.89535112441962
            ],
            [
              -88.98845176387093,
              28.89534961109255
            ],
            [
              -88.98844832452197,
              28.89516919803725
            ],
            [
              -88.9885508286719,
              28.89516768464348
            ],
            [
              -88.98854910892074,
              28.895077478119486
            ],
            [
              -88.9886516129743,
              28.89507596465341
            ],
            [
              -88.98864817331858,
              28.894895551612716
            ],
            [
              -88.98875067718724,
              28.89489403807994
            ],
            [
              -88.98874551749728,
              28.894623418525953
            ],
            [
              -88.98884802109255,
              28.89462190493209
            ],
            [
              -88.98884630112315,
              28.894531698417094
            ],
            [
              -88.98894880462203,
              28.89453018475093
            ],
            [
              -88.98894536452985,
              28.89434977172824
            ],
            [
              -88.98904786784387,
              28.894348257995382
            ],
            [
              -88.9890461477211,
              28.894258051487693
            ],
            [
              -88.98914865093872,
              28.894256537682534
            ],
            [
              -88.98914693073533,
              28.89416633117915
            ],
            [
              -88.98924943385657,
              28.89416481730169
            ],
            [
              -88.98924771357255,
              28.894074610802594
            ],
            [
              -88.98945271961439,
              28.89407158282517
            ],
            [
              -88.98945099916126,
              28.893981376336004
            ],
            [
              -88.98955350208185,
              28.893979862236034
            ],
            [
              -88.9895517815481,
              28.893889655751178
            ],
            [
              -88.98975678718864,
              28.893886627328737
            ],
            [
              -88.98975506648578,
              28.89379642085379
            ],
            [
              -88.99006257462194,
              28.893791877652664
            ],
            [
              -88.99006085366148,
              28.89370167119325
            ],
            [
              -88.99077837175038,
              28.893691067703205
            ],
            [
              -88.9907766501783,
              28.893600861281747
            ],
            [
              -89.00184687064012,
              28.893436781400343
            ],
            [
              -89.0018486017699,
              28.893526987214074
            ],
            [
              -89.00225860851566,
              28.893520892708562
            ],
            [
              -89.00226034000737,
              28.893611098498415
            ],
            [
              -89.00236284176248,
              28.89360957467164
            ],
            [
              -89.0023645733506,
              28.893699780454543
            ],
            [
              -89.00246707518626,
              28.893698256544223
            ],
            [
              -89.00247227026372,
              28.8939688738682
            ],
            [
              -89.00257477235697,
              28.893967349863033
            ],
            [
              -89.00277917916446,
              28.904611621300567
            ],
            [
              -89.00267666662569,
              28.904613145971847
            ],
            [
              -89.00268186458379,
              28.90488376282261
            ],
            [
              -89.0027843773882,
              28.904882238134395
            ],
            [
              -89.00298716384535,
              28.915436285500494
            ],
            [
              -89.0028846406782,
              28.91543781084932
            ],
            [
              -89.00289157511567,
              28.91579863268851
            ],
            [
              -89.0027890515862,
              28.91580015798196
            ],
            [
              -89.00279078512682,
              28.915890363444138
            ],
            [
              -89.00268826150082,
              28.915891888665254
            ],
            [
              -89.00268999496078,
              28.91598209413177
            ],
            [
              -89.00258747123824,
              28.915983619280563
            ],
            [
              -89.00258920461755,
              28.91607382475142
            ],
            [
              -89.00248668079847,
              28.91607534982789
            ],
            [
              -89.00248841409713,
              28.916165555303095
            ],
            [
              -89.00228336625796,
              28.916168605233377
            ],
            [
              -89.00228509938735,
              28.91625881071858
            ],
            [
              -89.00187500325936,
              28.916264909666012
            ],
            [
              -89.0018767360423,
              28.916355115172475
            ]
          ]
        ]
      },
      "properties": {
        "incident_id": "SP-015",
        "type": "AI-detected-slick",
        "source": "Sentinel-1 SAR",
        "method": "U-Net segmentation + radiometric filtering"
      }
    },
    {
      "type": "Feature",
      "geometry": {
        "type": "Polygon",
        "coordinates": [
          [
            [
              -89.00225341408817,
              28.89325027533117
            ],
            [
              -88.99097821162408,
              28.89341741819888
            ],
            [
              -88.99097648989867,
              28.893327211784754
            ],
            [
              -88.99036147663614,
              28.893336301524414
            ],
            [
              -88.99035975544959,
              28.893246095075323
            ],
            [
              -88.99025725330006,
              28.893247609753654
            ],
            [
              -88.99025553220989,
              28.89315740329763
            ],
            [
              -88.99015303014097,
              28.89315891789245
            ],
            [
              -88.9901392624115,
              28.892437266152584
            ],
            [
              -88.99024176377246,
              28.89243575160264
            ],
            [
              -88.99023832174196,
              28.89225533866587
            ],
            [
              -88.99034082291804,
              28.892253824049238
            ],
            [
              -88.99033910182612,
              28.89216361758451
            ],
            [
              -88.99044160290582,
              28.89216210289559
            ],
            [
              -88.99043816056866,
              28.891981689973445
            ],
            [
              -88.9905406614635,
              28.89198017521786
            ],
            [
              -88.99053894021824,
              28.89188996876044
            ],
            [
              -88.99064144101672,
              28.891888453932555
            ],
            [
              -88.99063971969088,
              28.89179824747945
            ],
            [
              -88.99074222039295,
              28.891796732579277
            ],
            [
              -88.9907404989865,
              28.891706526130474
            ],
            [
              -88.9908429995922,
              28.89170501115801
            ],
            [
              -88.9908378351547,
              28.891434391820642
            ],
            [
              -88.99094033548704,
              28.891432876787114
            ],
            [
              -88.99093689239118,
              28.891252463900248
            ],
            [
              -88.99103939253865,
              28.89125094880006
            ],
            [
              -88.99103594929736,
              28.891070535919198
            ],
            [
              -88.99113844925998,
              28.891069020752337
            ],
            [
              -88.99113156251808,
              28.890708194997444
            ],
            [
              -88.99123406211888,
              28.890706679775125
            ],
            [
              -88.99122889687983,
              28.890436060462125
            ],
            [
              -88.99133139620727,
              28.890434545178753
            ],
            [
              -88.99132795257705,
              28.890254132308126
            ],
            [
              -88.99143045171965,
              28.890252616958076
            ],
            [
              -88.99142872982789,
              28.890162410526433
            ],
            [
              -88.9915312288741,
              28.89016089510411
            ],
            [
              -88.99152778493728,
              28.889980482248124
            ],
            [
              -88.99163028379864,
              28.88997896675914
            ],
            [
              -88.99162856175359,
              28.889888760334795
            ],
            [
              -88.99173106051857,
              28.88988724477353
            ],
            [
              -88.99172933839291,
              28.889797038353517
            ],
            [
              -88.99183183706154,
              28.88979552271997
            ],
            [
              -88.9918301148553,
              28.889705316304255
            ],
            [
              -88.99193261342754,
              28.88970380059843
            ],
            [
              -88.99193089114073,
              28.88961359418704
            ],
            [
              -88.99213588808458,
              28.889610562552946
            ],
            [
              -88.99213416562868,
              28.88952035615148
            ],
            [
              -88.99223666400029,
              28.889518840223204
            ],
            [
              -88.9922349414638,
              28.889428633826043
            ],
            [
              -88.99233743973905,
              28.8894271178255
            ],
            [
              -88.99233571712197,
              28.889336911432654
            ],
            [
              -88.99254071347181,
              28.889333879209115
            ],
            [
              -88.99253899068567,
              28.889243672826204
            ],
            [
              -88.99274398682698,
              28.88924064030234
            ],
            [
              -88.99274226387178,
              28.889150433929355
            ],
            [
              -88.99284476184212,
              28.889148917556202
            ],
            [
              -88.99284303880634,
              28.889058711187534
            ],
            [
              -88.9933555280972,
              28.889051128181517
            ],
            [
              -88.99335725157536,
              28.889141334522094
            ],
            [
              -88.9938697411112,
              28.88913374954073
            ],
            [
              -88.99386801719064,
              28.889043543228247
            ],
            [
              -88.99397051498563,
              28.889042026003935
            ],
            [
              -88.99396706699125,
              28.88886161338629
            ],
            [
              -88.9938645693732,
              28.88886313059936
            ],
            [
              -88.99386112158737,
              28.888682717965285
            ],
            [
              -88.99375862413838,
              28.888684235089247
            ],
            [
              -88.99375690034579,
              28.888594028764622
            ],
            [
              -88.9938593977063,
              28.88859251164629
            ],
            [
              -88.99385594996785,
              28.88841209900439
            ],
            [
              -88.99395844714353,
              28.88841058181941
            ],
            [
              -88.99395672319767,
              28.888320375502126
            ],
            [
              -88.99405922027697,
              28.888318858244876
            ],
            [
              -88.99405749625055,
              28.888228651931907
            ],
            [
              -88.99415999323345,
              28.888227134602392
            ],
            [
              -88.99415826912646,
              28.88813692829375
            ],
            [
              -88.99426076601301,
              28.88813541089197
            ],
            [
              -88.99425904182543,
              28.888045204587637
            ],
            [
              -88.9943615386156,
              28.888043687113594
            ],
            [
              -88.99435981434746,
              28.887953480813575
            ],
            [
              -88.99446231104126,
              28.887951963267263
            ],
            [
              -88.99446058669254,
              28.887861756971574
            ],
            [
              -88.99517806270858,
              28.88785113200593
            ],
            [
              -88.99517633774845,
              28.887760925748307
            ],
            [
              -88.9952788342021,
              28.887759407590146
            ],
            [
              -88.9952771091614,
              28.88766920133683
            ],
            [
              -88.99537960551866,
              28.887667683106415
            ],
            [
              -88.99538133064782,
              28.887757889354113
            ],
            [
              -88.9956888199376,
              28.887753334178683
            ],
            [
              -88.99568709454303,
              28.887663127947857
            ],
            [
              -88.99599458349623,
              28.88765857208834
            ],
            [
              -88.99599285784414,
              28.887568365873097
            ],
            [
              -88.9960953540576,
              28.887566847103116
            ],
            [
              -88.99609362832497,
              28.887476640892192
            ],
            [
              -88.99619612444205,
              28.88747512204995
            ],
            [
              -88.99619439862884,
              28.887384915843356
            ],
            [
              -88.99629689464955,
              28.887383396928854
            ],
            [
              -88.99629516875578,
              28.88729319072659
            ],
            [
              -88.9963976646801,
              28.887291671739824
            ],
            [
              -88.99639593870577,
              28.88720146554189
            ],
            [
              -88.99660093035376,
              28.88719842734597
            ],
            [
              -88.9965992042104,
              28.887108221157973
            ],
            [
              -88.9968041956498,
              28.887105182661788
            ],
            [
              -88.99680246933742,
              28.88701497648374
            ],
            [
              -88.9969049649568,
              28.887013457124457
            ],
            [
              -88.99690151217884,
              28.88683304477571
            ],
            [
              -88.99700400761337,
              28.8868315253498
            ],
            [
              -88.99700228114777,
              28.886741319179105
            ],
            [
              -88.99710477648594,
              28.88673979968094
            ],
            [
              -88.9971030499398,
              28.88664959351456
            ],
            [
              -88.99720554518156,
              28.886648073944148
            ],
            [
              -88.99720381855488,
              28.88655786778209
            ],
            [
              -88.99740880883776,
              28.886554828418866
            ],
            [
              -88.99740708204205,
              28.886464622266786
            ],
            [
              -88.99750957708315,
              28.88646310247397
            ],
            [
              -88.99750094278095,
              28.88601207172215
            ],
            [
              -88.99760343737182,
              28.88601055187962
            ],
            [
              -88.99760171044666,
              28.885920345730966
            ],
            [
              -88.99770420494116,
              28.885918825816184
            ],
            [
              -88.99770247793543,
              28.885828619671873
            ],
            [
              -88.99780497233355,
              28.88582709968484
            ],
            [
              -88.9978032452473,
              28.885736893544856
            ],
            [
              -88.99790573954904,
              28.885735373485566
            ],
            [
              -88.99790401238224,
              28.885645167349914
            ],
            [
              -88.99821149497461,
              28.88564060672169
            ],
            [
              -88.99820976755032,
              28.88555040060162
            ],
            [
              -88.99841475572873,
              28.885547359804686
            ],
            [
              -88.99841648332995,
              28.885637565913495
            ],
            [
              -88.99872396580358,
              28.885633004117107
            ],
            [
              -88.9987256936781,
              28.88572321020772
            ],
            [
              -88.99882818790859,
              28.885721689447532
            ],
            [
              -88.998833371845,
              28.885992307694615
            ],
            [
              -88.99893586633297,
              28.885990786839656
            ],
            [
              -88.99893932250707,
              28.88617119898659
            ],
            [
              -88.99924680645428,
              28.88616663592062
            ],
            [
              -88.99924507809787,
              28.88607642986471
            ],
            [
              -88.99934757264263,
              28.88607490869259
            ],
            [
              -88.99934584420569,
              28.885984702641004
            ],
            [
              -88.99955083309453,
              28.8859816600744
            ],
            [
              -88.99954910448858,
              28.885891454032784
            ],
            [
              -88.99965159883267,
              28.885889932638307
            ],
            [
              -88.99964814146759,
              28.88570952056243
            ],
            [
              -88.99975063562684,
              28.885707999101346
            ],
            [
              -88.99974890686772,
              28.885617793067095
            ],
            [
              -88.99985140093058,
              28.885616271533763
            ],
            [
              -88.99984967209092,
              28.885526065503846
            ],
            [
              -88.9999521660574,
              28.885524543898274
            ],
            [
              -88.99994352153566,
              28.885073513757305
            ],
            [
              -88.99984102801147,
              28.88507503533469
            ],
            [
              -88.99983411289051,
              28.88471421117593
            ],
            [
              -88.99993660606086,
              28.884712689621093
            ],
            [
              -88.99993314837099,
              28.884532277545166
            ],
            [
              -89.00003564135649,
              28.88453075592372
            ],
            [
              -89.0000321835214,
              28.88435034385386
            ],
            [
              -89.00013467632208,
              28.884348822165823
            ],
            [
              -89.00013121834175,
              28.884168410102003
            ],
            [
              -89.00023371095762,
              28.88416688834737
            ],
            [
              -89.00022160765687,
              28.88353544612248
            ],
            [
              -89.0001191156602,
              28.88353696783766
            ],
            [
              -89.00011565782248,
              28.883356555750403
            ],
            [
              -89.00001316599477,
              28.883358077376432
            ],
            [
              -89.00000452198137,
              28.88290704710732
            ],
            [
              -89.00010701336682,
              28.88290552550947
            ],
            [
              -89.00010528449945,
              28.88281531945737
            ],
            [
              -89.00020777578854,
              28.88281379778729
            ],
            [
              -89.00020258896862,
              28.8825431796401
            ],
            [
              -89.00030507998443,
              28.88254165790906
            ],
            [
              -89.00030335097186,
              28.882451451863027
            ],
            [
              -89.00050833280284,
              28.88244840817863
            ],
            [
              -89.00050660362129,
              28.882358202142573
            ],
            [
              -89.00122403916096,
              28.88234754683383
            ],
            [
              -89.00122576896163,
              28.88243775283042
            ],
            [
              -89.00153324148224,
              28.882433185084604
            ],
            [
              -89.00153497155617,
              28.882523391062957
            ],
            [
              -89.00163746246895,
              28.882521868319643
            ],
            [
              -89.00163919263926,
              28.882612074291053
            ],
            [
              -89.00174168363257,
              28.882610551464232
            ],
            [
              -89.00174341389925,
              28.882700757428704
            ],
            [
              -89.00194839603898,
              28.88269771153017
            ],
            [
              -89.00195185694992,
              28.882878123432643
            ],
            [
              -89.00205434818479,
              28.882876600355296
            ],
            [
              -89.00205780930433,
              28.88305701224125
            ],
            [
              -89.00216030070817,
              28.883055489074742
            ],
            [
              -89.00216203136829,
              28.883145695010132
            ],
            [
              -89.00226452285264,
              28.88314417176011
            ],
            [
              -89.00227317671443,
              28.883595201389276
            ],
            [
              -89.00237566863309,
              28.883593678033172
            ],
            [
              -89.00242586750657,
              28.886209649076278
            ],
            [
              -89.00232337302265,
              28.886211172596038
            ],
            [
              -89.00234933924769,
              28.887564260721227
            ],
            [
              -89.00224684342882,
              28.887565784247762
            ],
            [
              -89.00225203662258,
              28.88783640185455
            ],
            [
              -89.0021495405304,
              28.887837925320135
            ],
            [
              -89.0021564645459,
              28.888198748800168
            ],
            [
              -89.00205396809189,
              28.88820027221044
            ],
            [
              -89.00205569902712,
              28.888290478082848
            ],
            [
              -89.00215819556959,
              28.888288954666923
            ],
            [
              -89.00216338868829,
              28.88855957225936
            ],
            [
              -89.00226588548826,
              28.888558048748624
            ],
            [
              -89.00226761663215,
              28.888648254604515
            ],
            [
              -89.00237011351265,
              28.888646731010247
            ],
            [
              -89.00240127705183,
              28.89027043609191
            ],
            [
              -89.00250377551698,
              28.890268912318163
            ],
            [
              -89.00255745482478,
              28.893065292127286
            ],
            [
              -89.00245495361652,
              28.893066816075997
            ],
            [
              -89.00245668524553,
              28.893157021861082
            ],
            [
              -89.00225168262821,
              28.8931600695361
            ],
            [
              -89.00225341408817,
              28.89325027533117
            ]
          ],
          [
            [
              -88.999927477718,
              28.88958533556031
            ],
            [
              -88.99992574852978,
              28.88949512958773
            ],
            [
              -89.0000282463889,
              28.88949360773413
            ],
            [
              -89.00002478785925,
              28.889313195796316
            ],
            [
              -88.99992229017708,
              28.88931471763864
            ],
            [
              -88.99992056101263,
              28.889224511662135
            ],
            [
              -88.99940807292539,
              28.889232119677214
            ],
            [
              -88.99940980164745,
              28.889322325681892
            ],
            [
              -88.99930730391776,
              28.88932384705688
            ],
            [
              -88.9993107612087,
              28.889504259073597
            ],
            [
              -88.99941325911536,
              28.889502737687344
            ],
            [
              -88.9994149878612,
              28.88959294368811
            ],
            [
              -88.999927477718,
              28.88958533556031
            ]
          ]
        ]
      },
      "properties": {
        "incident_id": "SP-015",
        "type": "AI-detected-slick",
        "source": "Sentinel-1 SAR",
        "method": "U-Net segmentation + radiometric filtering"
      }
    },
    {
      "type": "Feature",
      "geometry": {
        "type": "Polygon",
        "coordinates": [
          [
            [
              -89.01066180426994,
              28.877334524008802
            ],
            [
              -89.0088170684907,
              28.877362040507595
            ],
            [
              -89.00881533249424,
              28.877271834863137
            ],
            [
              -89.008712847186,
              28.87727336281229
            ],
            [
              -89.0087111112859,
              28.87718315716087
            ],
            [
              -89.00860862605813,
              28.8771846850265
            ],
            [
              -89.00859473985113,
              28.87646303972296
            ],
            [
              -89.00869722437156,
              28.876461511902615
            ],
            [
              -89.00869028110527,
              28.876100689242193
            ],
            [
              -89.00879276526408,
              28.876099161366643
            ],
            [
              -89.00878929350185,
              28.875918750039947
            ],
            [
              -89.00899426144191,
              28.875915694077953
            ],
            [
              -89.00899078935782,
              28.87573528276868
            ],
            [
              -89.0090932731391,
              28.87573375468224
            ],
            [
              -89.00908980091002,
              28.875553343379078
            ],
            [
              -89.00929476809503,
              28.875550286995313
            ],
            [
              -89.00929303181559,
              28.875460081353104
            ],
            [
              -89.00939551530776,
              28.875458553050116
            ],
            [
              -89.00939030625193,
              28.875187936132647
            ],
            [
              -89.00928782302502,
              28.875189464418643
            ],
            [
              -89.00927740565866,
              28.874648230514534
            ],
            [
              -89.00937988835514,
              28.874646702262513
            ],
            [
              -89.00937641578652,
              28.874466290962058
            ],
            [
              -89.00947889829821,
              28.874464762643512
            ],
            [
              -89.00947716193743,
              28.874374556996983
            ],
            [
              -89.00957964435274,
              28.87437302860627
            ],
            [
              -89.0095779079115,
              28.874282822964105
            ],
            [
              -89.00968039023047,
              28.874281294501206
            ],
            [
              -89.00967865370879,
              28.874191088863412
            ],
            [
              -89.00978113593138,
              28.87418956032834
            ],
            [
              -89.00977939932925,
              28.874099354694895
            ],
            [
              -89.00998436357376,
              28.874096297402566
            ],
            [
              -89.00998262680277,
              28.874006091779155
            ],
            [
              -89.01008510882467,
              28.874004563021895
            ],
            [
              -89.01008337197324,
              28.87391435740284
            ],
            [
              -89.01028833581636,
              28.873911299666148
            ],
            [
              -89.01028659879607,
              28.873821094057103
            ],
            [
              -89.01059404423583,
              28.87381650688527
            ],
            [
              -89.01059230695829,
              28.873726301291935
            ],
            [
              -89.01100223374623,
              28.87372018399575
            ],
            [
              -89.01100049612303,
              28.873629978423786
            ],
            [
              -89.01141042242995,
              28.873623859904875
            ],
            [
              -89.01140868446109,
              28.873533654354258
            ],
            [
              -89.01233101739007,
              28.87351988318427
            ],
            [
              -89.01232927863354,
              28.873429677683383
            ],
            [
              -89.01253424124222,
              28.873426616578524
            ],
            [
              -89.01253250231686,
              28.873336411087674
            ],
            [
              -89.01273746471685,
              28.873333349682813
            ],
            [
              -89.01273398653642,
              28.873152938719894
            ],
            [
              -89.01283646754764,
              28.87315140791205
            ],
            [
              -89.01283472838098,
              28.87306120243431
            ],
            [
              -89.01293720929584,
              28.8730596715543
            ],
            [
              -89.01293547004876,
              28.872969466080935
            ],
            [
              -89.01314043167777,
              28.87296640409876
            ],
            [
              -89.01313869226183,
              28.872876198635424
            ],
            [
              -89.0139585377518,
              28.872863947638745
            ],
            [
              -89.01396027787493,
              28.872954153056686
            ],
            [
              -89.01416523934449,
              28.87295108951782
            ],
            [
              -89.01416871996828,
              28.873131500327077
            ],
            [
              -89.01427120086791,
              28.87312996842953
            ],
            [
              -89.01427816256478,
              28.87349079000969
            ],
            [
              -89.01417568131156,
              28.873492321929938
            ],
            [
              -89.01417916203106,
              28.87367273272354
            ],
            [
              -89.01407668059304,
              28.873674264577307
            ],
            [
              -89.01407842087634,
              28.873764469977825
            ],
            [
              -89.01397593934195,
              28.873766001759424
            ],
            [
              -89.01397941975567,
              28.873946412567918
            ],
            [
              -89.01387693803649,
              28.873947944283028
            ],
            [
              -89.0138786781669,
              28.874038149690996
            ],
            [
              -89.01377619635136,
              28.87403968133394
            ],
            [
              -89.0137796764593,
              28.874220092157316
            ],
            [
              -89.01367719445895,
              28.874221623733767
            ],
            [
              -89.01367893443648,
              28.874311829149185
            ],
            [
              -89.01347397023507,
              28.874314892079944
            ],
            [
              -89.01347571004375,
              28.87440509750539
            ],
            [
              -89.01337322784268,
              28.87440662885968
            ],
            [
              -89.01337496757094,
              28.874496834289502
            ],
            [
              -89.01286255600395,
              28.874504489921737
            ],
            [
              -89.01286429529813,
              28.874594695378615
            ],
            [
              -89.01255684799708,
              28.874599287840887
            ],
            [
              -89.012558587034,
              28.874689493313486
            ],
            [
              -89.01235362194997,
              28.874692554577152
            ],
            [
              -89.01235536081805,
              28.874782760059787
            ],
            [
              -89.01225287817566,
              28.874784290580536
            ],
            [
              -89.0122546169633,
              28.874874496067527
            ],
            [
              -89.01215213422454,
              28.874876026516098
            ],
            [
              -89.01215387293173,
              28.874966232007473
            ],
            [
              -89.0120513900966,
              28.874967762383875
            ],
            [
              -89.01205312872335,
              28.875057967879602
            ],
            [
              -89.01195064579184,
              28.87505949818383
            ],
            [
              -89.01195238433814,
              28.875149703683928
            ],
            [
              -89.01184990131026,
              28.875151233915982
            ],
            [
              -89.01185163977613,
              28.875241439420456
            ],
            [
              -89.01174915665185,
              28.87524296958034
            ],
            [
              -89.01175611024131,
              28.87560379160786
            ],
            [
              -89.01185859371924,
              28.87560226142529
            ],
            [
              -89.01186033222493,
              28.87569246692325
            ],
            [
              -89.01196281578329,
              28.87569093665717
            ],
            [
              -89.01196629299541,
              28.875871347637815
            ],
            [
              -89.01206877672263,
              28.87586981728255
            ],
            [
              -89.0120739928658,
              28.876140433726743
            ],
            [
              -89.01197150887333,
              28.876141964099016
            ],
            [
              -89.01197324751524,
              28.876232169583464
            ],
            [
              -89.01187076342639,
              28.876233699883556
            ],
            [
              -89.01187424055728,
              28.87641411085991
            ],
            [
              -89.01177175628362,
              28.876415641093487
            ],
            [
              -89.01177523326955,
              28.87659605207595
            ],
            [
              -89.01167274881108,
              28.87659758224304
            ],
            [
              -89.01167448722758,
              28.876687787737993
            ],
            [
              -89.01157200267275,
              28.876689317832895
            ],
            [
              -89.01157374100879,
              28.876779523332203
            ],
            [
              -89.01147125635757,
              28.876781053354936
            ],
            [
              -89.01147299461316,
              28.876871258858607
            ],
            [
              -89.01137050986556,
              28.87687278880916
            ],
            [
              -89.01137224804069,
              28.876962994317193
            ],
            [
              -89.0112697631967,
              28.876964524195564
            ],
            [
              -89.01127150129138,
              28.87705472970798
            ],
            [
              -89.011169016351,
              28.877056259514163
            ],
            [
              -89.01117075436522,
              28.87714646503094
            ],
            [
              -89.01096578428375,
              28.877149524421107
            ],
            [
              -89.01096752212909,
              28.877239729947913
            ],
            [
              -89.0106600666819,
              28.877244318466296
            ],
            [
              -89.01066180426994,
              28.877334524008802
            ]
          ]
        ]
      },
      "properties": {
        "incident_id": "SP-015",
        "type": "AI-detected-slick",
        "source": "Sentinel-1 SAR",
        "method": "U-Net segmentation + radiometric filtering"
      }
    },
    {
      "type": "Feature",
      "geometry": {
        "type": "Polygon",
        "coordinates": [
          [
            [
              -89.04568300698237,
              28.87536366071377
            ],
            [
              -89.04558052589016,
              28.87536521660081
            ],
            [
              -89.04557875828188,
              28.87527501298645
            ],
            [
              -89.04537379624996,
              28.875278124515486
            ],
            [
              -89.04537026141129,
              28.87509771725979
            ],
            [
              -89.04526778056,
              28.875099272896026
            ],
            [
              -89.04525894404705,
              28.874648254705104
            ],
            [
              -89.04515646362968,
              28.874649810234686
            ],
            [
              -89.0451476277612,
              28.87419879198227
            ],
            [
              -89.04504514777771,
              28.87420034740521
            ],
            [
              -89.04503277852073,
              28.873568921756593
            ],
            [
              -89.04493029914795,
              28.87357047706135
            ],
            [
              -89.04491086351808,
              28.87257823656364
            ],
            [
              -89.04501334191853,
              28.87257668132228
            ],
            [
              -89.04499920682319,
              28.87185505181617
            ],
            [
              -89.04489672912987,
              28.871856607011434
            ],
            [
              -89.04489142886787,
              28.8715859959078
            ],
            [
              -89.04478895143163,
              28.871587551007945
            ],
            [
              -89.04478718478221,
              28.871497347298362
            ],
            [
              -89.04447975269004,
              28.87150201211457
            ],
            [
              -89.0444779863139,
              28.87141180838639
            ],
            [
              -89.04406807709789,
              28.871418027028735
            ],
            [
              -89.04406631108338,
              28.871327823276207
            ],
            [
              -89.04396383384754,
              28.871329377736476
            ],
            [
              -89.0439620679295,
              28.871239173976875
            ],
            [
              -89.04375711361031,
              28.87124228265242
            ],
            [
              -89.04375534787714,
              28.87115207888
            ],
            [
              -89.04365287079378,
              28.871153633095272
            ],
            [
              -89.0436511051571,
              28.871063429315782
            ],
            [
              -89.04354862815404,
              28.871064983447475
            ],
            [
              -89.04354686261382,
              28.870974779660916
            ],
            [
              -89.04344438569107,
              28.870976333709027
            ],
            [
              -89.04343026236765,
              28.87025470332349
            ],
            [
              -89.04353273858334,
              28.87025314932145
            ],
            [
              -89.04353097311594,
              28.87016294552314
            ],
            [
              -89.04363344923514,
              28.87016139144903
            ],
            [
              -89.04363168368744,
              28.87007118765516
            ],
            [
              -89.0437341597102,
              28.870069633509004
            ],
            [
              -89.04373239408221,
              28.869979429719596
            ],
            [
              -89.04393734592665,
              28.86997632120532
            ],
            [
              -89.04393558012998,
              28.869886117426123
            ],
            [
              -89.04465291071197,
              28.86987523521517
            ],
            [
              -89.0446564435507,
              28.8700556426916
            ],
            [
              -89.04475891949252,
              28.87005408776723
            ],
            [
              -89.04476068601241,
              28.87014429149773
            ],
            [
              -89.0448631620345,
              28.870142736489782
            ],
            [
              -89.04486492865088,
              28.870232940213214
            ],
            [
              -89.04496740475327,
              28.870231385121677
            ],
            [
              -89.04496917146611,
              28.870321588838028
            ],
            [
              -89.04507164764878,
              28.87032003366291
            ],
            [
              -89.0450734144581,
              28.87041023737219
            ],
            [
              -89.04568827191437,
              28.870400904652662
            ],
            [
              -89.04568650457475,
              28.870310700977964
            ],
            [
              -89.0467112654701,
              28.87029514027737
            ],
            [
              -89.04671303369352,
              28.870385343894416
            ],
            [
              -89.04702046206928,
              28.870380674149423
            ],
            [
              -89.04702223056597,
              28.870470877747866
            ],
            [
              -89.04732965913394,
              28.87046620728518
            ],
            [
              -89.04733142790387,
              28.870556410864996
            ],
            [
              -89.04753638041875,
              28.87055329682257
            ],
            [
              -89.04753814937357,
              28.87064350038954
            ],
            [
              -89.0477431020328,
              28.870640386024274
            ],
            [
              -89.04774664032026,
              28.870820793131227
            ],
            [
              -89.04784911681448,
              28.87081923582031
            ],
            [
              -89.04785088605877,
              28.87090943936606
            ],
            [
              -89.04795336263325,
              28.870907881971558
            ],
            [
              -89.0479569013229,
              28.87108828904758
            ],
            [
              -89.04805937806606,
              28.871086731563718
            ],
            [
              -89.04806291696492,
              28.871267138622965
            ],
            [
              -89.04816539387674,
              28.871265581049727
            ],
            [
              -89.04817601129822,
              28.87180680216147
            ],
            [
              -89.0480735338561,
              28.87180835976933
            ],
            [
              -89.04807707288468,
              28.871988766807664
            ],
            [
              -89.04797459525767,
              28.871990324349245
            ],
            [
              -89.04797813414191,
              28.872170731393894
            ],
            [
              -89.04787565633,
              28.872172288869177
            ],
            [
              -89.04788096445202,
              28.872442899443666
            ],
            [
              -89.04777848636684,
              28.872444456858435
            ],
            [
              -89.0477820249786,
              28.872624863913092
            ],
            [
              -89.04767954670851,
              28.872626421261586
            ],
            [
              -89.04768308517593,
              28.87280682832256
            ],
            [
              -89.04758060672097,
              28.872808385604777
            ],
            [
              -89.04758237587843,
              28.872898589139062
            ],
            [
              -89.04747989732697,
              28.872900146349213
            ],
            [
              -89.04748166640415,
              28.872990349887964
            ],
            [
              -89.04737918775618,
              28.872991907026048
            ],
            [
              -89.04738272575808,
              28.873172314111187
            ],
            [
              -89.04728024692521,
              28.873173871182978
            ],
            [
              -89.04728201584994,
              28.873264074729363
            ],
            [
              -89.04717953692058,
              28.873265631729094
            ],
            [
              -89.04718484347818,
              28.873536242377693
            ],
            [
              -89.04708236427552,
              28.873537799316903
            ],
            [
              -89.04708413305588,
              28.873628002869605
            ],
            [
              -89.04718661234693,
              28.87362644592462
            ],
            [
              -89.04718838122379,
              28.87371664947023
            ],
            [
              -89.04708590184433,
              28.873718206420982
            ],
            [
              -89.04709120825834,
              28.873988817067282
            ],
            [
              -89.04698872860558,
              28.8739903739575
            ],
            [
              -89.04699934112205,
              28.87453159524943
            ],
            [
              -89.0468968609308,
              28.87453315209643
            ],
            [
              -89.04690039832431,
              28.874713559194827
            ],
            [
              -89.04679791794815,
              28.874715115975526
            ],
            [
              -89.04679968656868,
              28.874805319528534
            ],
            [
              -89.046697206096,
              28.874806876237173
            ],
            [
              -89.04669897463623,
              28.874897079794632
            ],
            [
              -89.04659649406706,
              28.8748986364312
            ],
            [
              -89.04659826252697,
              28.87498883999312
            ],
            [
              -89.04639330118752,
              28.874991953044294
            ],
            [
              -89.04639506947873,
              28.875082156616443
            ],
            [
              -89.04608762714356,
              28.87508682562673
            ],
            [
              -89.04608939517767,
              28.875177029214882
            ],
            [
              -89.04588443340359,
              28.875180141510757
            ],
            [
              -89.04588620126898,
              28.875270345109115
            ],
            [
              -89.04568123928567,
              28.875273457105173
            ],
            [
              -89.04568300698237,
              28.87536366071377
            ]
          ]
        ]
      },
      "properties": {
        "incident_id": "SP-015",
        "type": "AI-detected-slick",
        "source": "Sentinel-1 SAR",
        "method": "U-Net segmentation + radiometric filtering"
      }
    },
    {
      "type": "Feature",
      "geometry": {
        "type": "Polygon",
        "coordinates": [
          [
            [
              -89.02849351271482,
              28.892857638805822
            ],
            [
              -89.00327842774237,
              28.89323503378356
            ],
            [
              -89.00327669539747,
              28.89314482804495
            ],
            [
              -89.00296919165001,
              28.893149401310254
            ],
            [
              -89.00296745957853,
              28.893059195553395
            ],
            [
              -89.00286495840199,
              28.893060719813718
            ],
            [
              -89.00285803054938,
              28.892699896750663
            ],
            [
              -89.00275552971887,
              28.892701420910498
            ],
            [
              -89.00269318794373,
              28.889454012201348
            ],
            [
              -89.00279568558877,
              28.88945248824472
            ],
            [
              -89.00278010095533,
              28.888640635854316
            ],
            [
              -89.00288259779617,
              28.888639111870607
            ],
            [
              -89.00286701300912,
              28.88782725942544
            ],
            [
              -89.00296950904577,
              28.88782573541466
            ],
            [
              -89.00296431399417,
              28.88755511792641
            ],
            [
              -89.00306680975747,
              28.887553593854687
            ],
            [
              -89.00306334625247,
              28.887373182200637
            ],
            [
              -89.0031658418309,
              28.887371658062317
            ],
            [
              -89.0031623781807,
              28.887191246414343
            ],
            [
              -89.0037773504231,
              28.887182100016652
            ],
            [
              -89.00377908277504,
              28.887272305807404
            ],
            [
              -89.00388157820946,
              28.88727078112956
            ],
            [
              -89.0038833106578,
              28.88736098691337
            ],
            [
              -89.00408830167976,
              28.887357937312732
            ],
            [
              -89.0040865690545,
              28.887267731540213
            ],
            [
              -89.00429155986777,
              28.88726468163934
            ],
            [
              -89.00428982707349,
              28.88717447587683
            ],
            [
              -89.0048023035254,
              28.88716684978995
            ],
            [
              -89.00480403676201,
              28.88725705552422
            ],
            [
              -89.00500902746411,
              28.887254004532995
            ],
            [
              -89.0050107608856,
              28.887344210254668
            ],
            [
              -89.00542074254837,
              28.887338107315024
            ],
            [
              -89.00541900877302,
              28.887247901615957
            ],
            [
              -89.00552150408038,
              28.887246375692
            ],
            [
              -89.00551977022451,
              28.8871561699973
            ],
            [
              -89.00562226543546,
              28.887154644001107
            ],
            [
              -89.00561186193626,
              28.886613409839402
            ],
            [
              -89.00571435660848,
              28.88661188379925
            ],
            [
              -89.00571088866204,
              28.886431472412895
            ],
            [
              -89.00581338314939,
              28.88642994630616
            ],
            [
              -89.0058099150578,
              28.886249534925902
            ],
            [
              -89.00601490365482,
              28.886246482501424
            ],
            [
              -89.00601316944402,
              28.886156276820646
            ],
            [
              -89.00621815783232,
              28.88615322409595
            ],
            [
              -89.00621642345254,
              28.886063018425176
            ],
            [
              -89.00662639977993,
              28.886056912063893
            ],
            [
              -89.00662466505426,
              28.885966706414433
            ],
            [
              -89.00693214695097,
              28.885962125842706
            ],
            [
              -89.00693041196787,
              28.88587192020892
            ],
            [
              -89.00713539968234,
              28.88586886611636
            ],
            [
              -89.00713366453026,
              28.88577866049258
            ],
            [
              -89.00733865203601,
              28.885775606099827
            ],
            [
              -89.00733691671495,
              28.885685400486057
            ],
            [
              -89.00743941036744,
              28.88568387317853
            ],
            [
              -89.0074376749659,
              28.885593667569104
            ],
            [
              -89.00764266207008,
              28.88559061273173
            ],
            [
              -89.00764092649958,
              28.885500407132323
            ],
            [
              -89.00784591339506,
              28.88549735199476
            ],
            [
              -89.00784417765557,
              28.88540714640537
            ],
            [
              -89.00804916434231,
              28.885404090967615
            ],
            [
              -89.00804742843387,
              28.885313885388246
            ],
            [
              -89.00825241491188,
              28.88531082965031
            ],
            [
              -89.00825067883447,
              28.885220624080947
            ],
            [
              -89.00835317197308,
              28.885219096100826
            ],
            [
              -89.00835143581517,
              28.885128890535828
            ],
            [
              -89.00855642189164,
              28.88512583435329
            ],
            [
              -89.00855468556477,
              28.88503562879831
            ],
            [
              -89.0086571785026,
              28.885034100595878
            ],
            [
              -89.00865544209525,
              28.88494389504525
            ],
            [
              -89.00875793493668,
              28.88494236677061
            ],
            [
              -89.00875619844881,
              28.884852161224345
            ],
            [
              -89.00885869119382,
              28.88485063287749
            ],
            [
              -89.00885695462546,
              28.88476042733559
            ],
            [
              -89.0090619399147,
              28.884757370419596
            ],
            [
              -89.00905846644801,
              28.88457695935451
            ],
            [
              -89.0091609589038,
              28.88457543079103
            ],
            [
              -89.00915748529205,
              28.88439501973205
            ],
            [
              -89.00925997756295,
              28.884393491102013
            ],
            [
              -89.00925650380613,
              28.884213080049157
            ],
            [
              -89.00935899589219,
              28.88421155135259
            ],
            [
              -89.00935725893726,
              28.884121345829854
            ],
            [
              -89.00945975092688,
              28.88411981706108
            ],
            [
              -89.00945801389146,
              28.884029611542704
            ],
            [
              -89.00966299766996,
              28.884026553782856
            ],
            [
              -89.00966126046559,
              28.883936348274517
            ],
            [
              -89.00976375225446,
              28.88393481928345
            ],
            [
              -89.0097620149696,
              28.883844613779473
            ],
            [
              -89.01027447335223,
              28.88383696768441
            ],
            [
              -89.01027273563307,
              28.883746762207444
            ],
            [
              -89.01058021030175,
              28.88374217363296
            ],
            [
              -89.01057847232521,
              28.88365196817169
            ],
            [
              -89.01109092950482,
              28.883644319018494
            ],
            [
              -89.011089191094,
              28.88355411358426
            ],
            [
              -89.01129417373319,
              28.88355105338923
            ],
            [
              -89.01129243515345,
              28.883460847965033
            ],
            [
              -89.01149741758387,
              28.883457787469858
            ],
            [
              -89.01149567883517,
              28.8833675820557
            ],
            [
              -89.01159816995,
              28.88336605169697
            ],
            [
              -89.01159643112084,
              28.883275846287187
            ],
            [
              -89.01169892213925,
              28.883274315856266
            ],
            [
              -89.01169370543421,
              28.883003699636042
            ],
            [
              -89.0117961961793,
              28.883002169144273
            ],
            [
              -89.0117927182389,
              28.882821758335613
            ],
            [
              -89.01189520879913,
              28.882820227777316
            ],
            [
              -89.01189346975245,
              28.882730022376702
            ],
            [
              -89.0120984506721,
              28.882726961037836
            ],
            [
              -89.01209671145648,
              28.882636755647262
            ],
            [
              -89.01219920181592,
              28.8826352248667
            ],
            [
              -89.01219746251984,
              28.88254501948048
            ],
            [
              -89.0124024430379,
              28.882541957697107
            ],
            [
              -89.0124007035729,
              28.882451752320936
            ],
            [
              -89.01250319373153,
              28.882450221318123
            ],
            [
              -89.01250145418605,
              28.88236001594632
            ],
            [
              -89.01270643430253,
              28.882356953718443
            ],
            [
              -89.01270469458812,
              28.882266748356674
            ],
            [
              -89.01290967449582,
              28.882263685828683
            ],
            [
              -89.01290793461251,
              28.882173480476965
            ],
            [
              -89.01311291431144,
              28.88217041764886
            ],
            [
              -89.01311117425922,
              28.882080212307173
            ],
            [
              -89.01321366400828,
              28.882078680782
            ],
            [
              -89.01321192387557,
              28.88198847544469
            ],
            [
              -89.0134169031729,
              28.8819854121721
            ],
            [
              -89.0134151628713,
              28.881895206844828
            ],
            [
              -89.01351765241955,
              28.88189367509741
            ],
            [
              -89.01351591203748,
              28.881803469774518
            ],
            [
              -89.01372089093319,
              28.881800406057437
            ],
            [
              -89.01371915038222,
              28.881710200744592
            ],
            [
              -89.01382163972966,
              28.88170866877493
            ],
            [
              -89.01381989909822,
              28.881618463466456
            ],
            [
              -89.01392238834926,
              28.881616931424606
            ],
            [
              -89.01391890693343,
              28.881436520815093
            ],
            [
              -89.0140213959996,
              28.881434988706733
            ],
            [
              -89.01401965521522,
              28.881344783405705
            ],
            [
              -89.01412214418498,
              28.881343251225164
            ],
            [
              -89.01411866246326,
              28.881162840630523
            ],
            [
              -89.01422115124817,
              28.881161308383472
            ],
            [
              -89.01419503802573,
              28.87980822884261
            ],
            [
              -89.01429752547615,
              28.87980669660286
            ],
            [
              -89.01429404367191,
              28.87962628598658
            ],
            [
              -89.01439653093749,
              28.879624753680318
            ],
            [
              -89.01439304898828,
              28.879444343070187
            ],
            [
              -89.01449553606903,
              28.879442810697434
            ],
            [
              -89.01448857191265,
              28.879081989484234
            ],
            [
              -89.0145910586317,
              28.87908045705632
            ],
            [
              -89.0145875764245,
              28.87890004645326
            ],
            [
              -89.01469006295872,
              28.87889851395885
            ],
            [
              -89.01468832177868,
              28.878808308661036
            ],
            [
              -89.01479080821647,
              28.878806776094446
            ],
            [
              -89.01478906695597,
              28.87871657080102
            ],
            [
              -89.01489155329739,
              28.878715038162266
            ],
            [
              -89.01488807062347,
              28.878534627582827
            ],
            [
              -89.01509304292863,
              28.878531562094476
            ],
            [
              -89.01509130142679,
              28.878441356814168
            ],
            [
              -89.01519378747898,
              28.878439823958885
            ],
            [
              -89.0151920458967,
              28.878349618682943
            ],
            [
              -89.01539701780027,
              28.878346552750184
            ],
            [
              -89.01539527604912,
              28.8782563474843
            ],
            [
              -89.01549776190052,
              28.878254814406834
            ],
            [
              -89.01549602006892,
              28.878164609145326
            ],
            [
              -89.0155985058239,
              28.878163075995676
            ],
            [
              -89.0155950220078,
              28.87798266548011
            ],
            [
              -89.01579999314015,
              28.877979598969986
            ],
            [
              -89.01579825106722,
              28.87788939372161
            ],
            [
              -89.015900736533,
              28.877887860355454
            ],
            [
              -89.01589899437964,
              28.877797655111458
            ],
            [
              -89.01610396511039,
              28.877794588156952
            ],
            [
              -89.01610222278816,
              28.877704382923017
            ],
            [
              -89.01630719331014,
              28.877701315668478
            ],
            [
              -89.01630545081906,
              28.877611110444594
            ],
            [
              -89.01722781697686,
              28.877597303996804
            ],
            [
              -89.01722607369797,
              28.877507098822772
            ],
            [
              -89.01743104369055,
              28.877504029878295
            ],
            [
              -89.01742930024282,
              28.877413824714314
            ],
            [
              -89.01773675490651,
              28.8774092207308
            ],
            [
              -89.01773501120152,
              28.87731901558259
            ],
            [
              -89.01783749598502,
              28.8773174807714
            ],
            [
              -89.01783575219957,
              28.87722727562757
            ],
            [
              -89.01793823688666,
              28.877225740744223
            ],
            [
              -89.01792602999345,
              28.876594304740696
            ],
            [
              -89.01782354592528,
              28.876595839584233
            ],
            [
              -89.01782005849024,
              28.87641542927439
            ],
            [
              -89.01771757459092,
              28.876416964028707
            ],
            [
              -89.01771583097381,
              28.876326758866156
            ],
            [
              -89.0176133471549,
              28.876328293536943
            ],
            [
              -89.01760986012148,
              28.876147883196534
            ],
            [
              -89.01750737647143,
              28.8761494177781
            ],
            [
              -89.01750388964678,
              28.875969007421098
            ],
            [
              -89.01740140616556,
              28.875970541913464
            ],
            [
              -89.01739966285363,
              28.875880336727327
            ],
            [
              -89.01729717945284,
              28.87588187113615
            ],
            [
              -89.01729543623732,
              28.875791665943016
            ],
            [
              -89.01719295291694,
              28.875793200268323
            ],
            [
              -89.01719120979783,
              28.8757029950682
            ],
            [
              -89.01708872655789,
              28.875704529309967
            ],
            [
              -89.01708698353515,
              28.875614324102862
            ],
            [
              -89.01698450037563,
              28.87561585826111
            ],
            [
              -89.01698275744931,
              28.875525653047013
            ],
            [
              -89.01688027437022,
              28.875527187121723
            ],
            [
              -89.01687678871835,
              28.875346776678246
            ],
            [
              -89.0167743058081,
              28.87534831066375
            ],
            [
              -89.01676210689699,
              28.87471687403073
            ],
            [
              -89.0169670714718,
              28.874713806061447
            ],
            [
              -89.01696532862533,
              28.874623600834305
            ],
            [
              -89.01706781081236,
              28.874622066738596
            ],
            [
              -89.01706606788548,
              28.87453186151583
            ],
            [
              -89.01778344235206,
              28.87452112070612
            ],
            [
              -89.01778518589778,
              28.874611325889084
            ],
            [
              -89.01788766802088,
              28.874609791170645
            ],
            [
              -89.01788941166302,
              28.874699996346617
            ],
            [
              -89.01809437606207,
              28.87469692666487
            ],
            [
              -89.018096119889,
              28.874787131828153
            ],
            [
              -89.01819860216494,
              28.874785596864832
            ],
            [
              -89.01820034608828,
              28.87487580202113
            ],
            [
              -89.01840531079303,
              28.87487273184959
            ],
            [
              -89.01840705490116,
              28.874962936993196
            ],
            [
              -89.01861201975075,
              28.87495986649892
            ],
            [
              -89.0186137640437,
              28.875050071629854
            ],
            [
              -89.01892121152336,
              28.87504546528756
            ],
            [
              -89.01892295608954,
              28.875135670400123
            ],
            [
              -89.01912792121284,
              28.875132599104685
            ],
            [
              -89.01912966596382,
              28.875222804204565
            ],
            [
              -89.01933463123196,
              28.875219732586377
            ],
            [
              -89.01933637616774,
              28.875309937673574
            ],
            [
              -89.01943885887822,
              28.875308401742025
            ],
            [
              -89.01944060391044,
              28.87539860682222
            ],
            [
              -89.02005550053583,
              28.87538938956411
            ],
            [
              -89.02005375497316,
              28.87529918451807
            ],
            [
              -89.02046368554316,
              28.875293038145262
            ],
            [
              -89.02046193963484,
              28.87520283312069
            ],
            [
              -89.02056442216895,
              28.875201296338588
            ],
            [
              -89.02056267618022,
              28.87511109131839
            ],
            [
              -89.02066515861789,
              28.875109554464135
            ],
            [
              -89.02066341254879,
              28.87501934944834
            ],
            [
              -89.02076589489005,
              28.87501781252193
            ],
            [
              -89.02076414874051,
              28.874927607510532
            ],
            [
              -89.02086663098537,
              28.874926070511986
            ],
            [
              -89.02086488475543,
              28.87483586550497
            ],
            [
              -89.02096736690388,
              28.874834328434275
            ],
            [
              -89.02096387429118,
              28.874653918427715
            ],
            [
              -89.02106635625482,
              28.874652381290577
            ],
            [
              -89.02106460987207,
              28.87456217629103
            ],
            [
              -89.02116709173929,
              28.874560639081754
            ],
            [
              -89.02116534527615,
              28.874470434086597
            ],
            [
              -89.02126782704696,
              28.874468896805176
            ],
            [
              -89.02126433396785,
              28.87428848682236
            ],
            [
              -89.02136681555385,
              28.87428694947448
            ],
            [
              -89.02135982913806,
              28.873926129515972
            ],
            [
              -89.02125734790567,
              28.873927666841052
            ],
            [
              -89.02124861550804,
              28.87347664183508
            ],
            [
              -89.02114613470967,
              28.873478179053844
            ],
            [
              -89.02113216399681,
              28.872756538930876
            ],
            [
              -89.02123464408798,
              28.872755001757678
            ],
            [
              -89.02121368791823,
              28.87167254148502
            ],
            [
              -89.02111120888782,
              28.871674078589866
            ],
            [
              -89.0211059702906,
              28.871403463475275
            ],
            [
              -89.02100349151736,
              28.8714050004852
            ],
            [
              -89.0210017454227,
              28.871314795438696
            ],
            [
              -89.02089926672984,
              28.871316332365105
            ],
            [
              -89.02089577474129,
              28.871135922256805
            ],
            [
              -89.02079329621722,
              28.871137459093994
            ],
            [
              -89.02078980443746,
              28.87095704896907
            ],
            [
              -89.02068732608217,
              28.870958585717045
            ],
            [
              -89.0206785972147,
              28.87050756035344
            ],
            [
              -89.02078107512804,
              28.87050602363394
            ],
            [
              -89.02077932929016,
              28.870415818562996
            ],
            [
              -89.02088180710712,
              28.870414281771364
            ],
            [
              -89.02088006118885,
              28.870324076704808
            ],
            [
              -89.02108501662198,
              28.870321002899466
            ],
            [
              -89.02108327053494,
              28.870230797843
            ],
            [
              -89.02159565853582,
              28.87022311199616
            ],
            [
              -89.02159391201484,
              28.870132906966877
            ],
            [
              -89.02272116394009,
              28.87011599131795
            ],
            [
              -89.0227229114333,
              28.870206196284546
            ],
            [
              -89.02385016336184,
              28.87018927115616
            ],
            [
              -89.02385191183532,
              28.87027947605874
            ],
            [
              -89.02569650539961,
              28.870251759979283
            ],
            [
              -89.02569825547207,
              28.870341964777847
            ],
            [
              -89.02692798413212,
              28.870323473314667
            ],
            [
              -89.02692623299902,
              28.870233268584627
            ],
            [
              -89.02702871024682,
              28.870231727129216
            ],
            [
              -89.0270304614683,
              28.870321931853535
            ],
            [
              -89.02754284802884,
              28.870314223380557
            ],
            [
              -89.02754459970026,
              28.870404428075034
            ],
            [
              -89.0276470770767,
              28.870402886141253
            ],
            [
              -89.02764882884453,
              28.8704930908287
            ],
            [
              -89.02775130630131,
              28.870491548811383
            ],
            [
              -89.02775305816557,
              28.8705817534918
            ],
            [
              -89.0278555357027,
              28.870580211390937
            ],
            [
              -89.02785903963208,
              28.870760620736455
            ],
            [
              -89.02796151733796,
              28.87075907854633
            ],
            [
              -89.02796502147623,
              28.87093948787519
            ],
            [
              -89.02806749935085,
              28.870937945595827
            ],
            [
              -89.02806925152042,
              28.871028150252588
            ],
            [
              -89.0281717294754,
              28.871026607889668
            ],
            [
              -89.02817698629745,
              28.87129722183496
            ],
            [
              -89.02827946450958,
              28.871295679377074
            ],
            [
              -89.02830750352868,
              28.872738953462118
            ],
            [
              -89.02840998314707,
              28.872737410834958
            ],
            [
              -89.02842049883965,
              28.873278638496398
            ],
            [
              -89.02831801869087,
              28.87328018115786
            ],
            [
              -89.02839163292181,
              28.8770687737124
            ],
            [
              -89.02849411678372,
              28.877067230810844
            ],
            [
              -89.0284958697646,
              28.877157435361692
            ],
            [
              -89.02839338581428,
              28.877158978268966
            ],
            [
              -89.02839513871479,
              28.877249182824222
            ],
            [
              -89.02849762275352,
              28.877247639911236
            ],
            [
              -89.02849937575047,
              28.877337844459483
            ],
            [
              -89.02839689162332,
              28.877339387378193
            ],
            [
              -89.02840215039711,
              28.877610001032224
            ],
            [
              -89.02850463478951,
              28.877608458096375
            ],
            [
              -89.0285063878186,
              28.877698662639393
            ],
            [
              -89.02840390333778,
              28.877700205580954
            ],
            [
              -89.02840565628647,
              28.877790410128384
            ],
            [
              -89.0285081408557,
              28.8777888671811
            ],
            [
              -89.02879574764874,
              28.892582394358264
            ],
            [
              -89.02869324857329,
              28.892583938243213
            ],
            [
              -89.02869675713023,
              28.89276434690592
            ],
            [
              -89.02849175860126,
              28.892767434464986
            ],
            [
              -89.02849351271482,
              28.892857638805822
            ]
          ]
        ]
      },
      "properties": {
        "incident_id": "SP-015",
        "type": "AI-detected-slick",
        "source": "Sentinel-1 SAR",
        "method": "U-Net segmentation + radiometric filtering"
      }
    },
    {
      "type": "Feature",
      "geometry": {
        "type": "Polygon",
        "coordinates": [
          [
            [
              -89.0311567369692,
              28.892727271893627
            ],
            [
              -89.02931175252421,
              28.892755082359198
            ],
            [
              -89.02930999771081,
              28.892664878062828
            ],
            [
              -89.02920749858707,
              28.89266642234296
            ],
            [
              -89.02920574387018,
              28.892576218039533
            ],
            [
              -89.02910324482689,
              28.892577762236062
            ],
            [
              -89.0290962263937,
              28.892216944986476
            ],
            [
              -89.0289937276963,
              28.892218489082232
            ],
            [
              -89.0285833938346,
              28.87111064228664
            ],
            [
              -89.02868587183781,
              28.871109099528876
            ],
            [
              -89.02867185039926,
              28.87038746252311
            ],
            [
              -89.02877432768736,
              28.870385919733256
            ],
            [
              -89.02877082223125,
              28.870205510480197
            ],
            [
              -89.0289757764298,
              28.870202424689897
            ],
            [
              -89.02897402353703,
              28.870112220072834
            ],
            [
              -89.02907650053587,
              28.870110677066677
            ],
            [
              -89.02907474756275,
              28.87002047245404
            ],
            [
              -89.03204657446976,
              28.869975691588195
            ],
            [
              -89.03204481894154,
              28.869885487140195
            ],
            [
              -89.03306958438843,
              28.86987003034424
            ],
            [
              -89.03307134080048,
              28.869960234734965
            ],
            [
              -89.03829763655835,
              28.869881283731868
            ],
            [
              -89.03829939748596,
              28.869971487828725
            ],
            [
              -89.03891425496184,
              28.869962186133534
            ],
            [
              -89.03891249350394,
              28.86987198207115
            ],
            [
              -89.04014220652326,
              28.869853370345073
            ],
            [
              -89.04014396904175,
              28.869943574338485
            ],
            [
              -89.04045139738001,
              28.869938919638763
            ],
            [
              -89.04045316017171,
              28.870029123613623
            ],
            [
              -89.0406581125336,
              28.870026020079873
            ],
            [
              -89.04065987551013,
              28.870116224041915
            ],
            [
              -89.04076235176734,
              28.87011467215256
            ],
            [
              -89.04076411484034,
              28.87020487610756
            ],
            [
              -89.04096906750728,
              28.870201772083878
            ],
            [
              -89.04097435730507,
              28.870472383906524
            ],
            [
              -89.04087188071048,
              28.870473935974534
            ],
            [
              -89.04087364390419,
              28.870564139918564
            ],
            [
              -89.04077116721315,
              28.870565691914493
            ],
            [
              -89.04077293032654,
              28.870655895862964
            ],
            [
              -89.04067045353904,
              28.870657447786833
            ],
            [
              -89.04067397961329,
              28.87083785569135
            ],
            [
              -89.04057150264094,
              28.870839407548885
            ],
            [
              -89.04057679154778,
              28.871110019413113
            ],
            [
              -89.04047431430219,
              28.871111571210086
            ],
            [
              -89.0404760771989,
              28.871201775167968
            ],
            [
              -89.04037359985685,
              28.871203326892857
            ],
            [
              -89.04037712549773,
              28.871383734816202
            ],
            [
              -89.04027464797082,
              28.871385286474776
            ],
            [
              -89.040276410715,
              28.871475490440236
            ],
            [
              -89.04017393309161,
              28.87147704202673
            ],
            [
              -89.04017569575547,
              28.87156724599664
            ],
            [
              -89.04007321803563,
              28.871568797511056
            ],
            [
              -89.04007674321082,
              28.87174920545844
            ],
            [
              -89.03997426530611,
              28.871750756906536
            ],
            [
              -89.03997602781743,
              28.87184096088402
            ],
            [
              -89.03987354981626,
              28.871842512260027
            ],
            [
              -89.03987531224726,
              28.871932716241954
            ],
            [
              -89.03977283414963,
              28.87193426754588
            ],
            [
              -89.03977635885909,
              28.87211467551732
            ],
            [
              -89.03967388057659,
              28.872116226754923
            ],
            [
              -89.03967564285504,
              28.872206430744423
            ],
            [
              -89.03957316447608,
              28.87220798190995
            ],
            [
              -89.03957668888042,
              28.872388389896532
            ],
            [
              -89.03937173174471,
              28.872391492017083
            ],
            [
              -89.03937349378221,
              28.872481696019914
            ],
            [
              -89.03927101511384,
              28.872483246969193
            ],
            [
              -89.03927277707102,
              28.87257345097646
            ],
            [
              -89.0391702983062,
              28.87257500185366
            ],
            [
              -89.03917206018306,
              28.872665205865367
            ],
            [
              -89.03906958132177,
              28.872666756670473
            ],
            [
              -89.03907310492292,
              28.872847164701472
            ],
            [
              -89.03897062587676,
              28.87284871544024
            ],
            [
              -89.03897767282236,
              28.873209531509538
            ],
            [
              -89.03887519341454,
              28.873211082193468
            ],
            [
              -89.03888224013572,
              28.87357189826484
            ],
            [
              -89.03877976036625,
              28.873573448893925
            ],
            [
              -89.03879737685031,
              28.87447548903838
            ],
            [
              -89.03869489618876,
              28.874477039647086
            ],
            [
              -89.03870018102617,
              28.874747651682185
            ],
            [
              -89.03859770009134,
              28.874749202230287
            ],
            [
              -89.03860474630063,
              28.87511001828179
            ],
            [
              -89.03850226500413,
              28.875111568775036
            ],
            [
              -89.03850402648823,
              28.87520177279039
            ],
            [
              -89.03840154509523,
              28.87520332321154
            ],
            [
              -89.03840330649899,
              28.87529352723134
            ],
            [
              -89.03830082500951,
              28.875295077580397
            ],
            [
              -89.03830258633295,
              28.87538528160462
            ],
            [
              -89.03809762315298,
              28.875388382080715
            ],
            [
              -89.03809938430767,
              28.87547858611513
            ],
            [
              -89.03707456703958,
              28.875494083882693
            ],
            [
              -89.03707984789985,
              28.87576469615036
            ],
            [
              -89.03718232992819,
              28.87576314670666
            ],
            [
              -89.03719993420412,
              28.876665187456567
            ],
            [
              -89.03709745129169,
              28.87666673695767
            ],
            [
              -89.03710273246652,
              28.8769373491744
            ],
            [
              -89.03700024928078,
              28.87693889861489
            ],
            [
              -89.03700553026299,
              28.87720951083709
            ],
            [
              -89.03690304680394,
              28.87721106021695
            ],
            [
              -89.03691888939038,
              28.878022896864668
            ],
            [
              -89.03702137364519,
              28.878021347433137
            ],
            [
              -89.03702665491778,
              28.878291959608305
            ],
            [
              -89.03712913942977,
              28.878290410081693
            ],
            [
              -89.03714322388566,
              28.879012042445414
            ],
            [
              -89.03724570909696,
              28.87901049279503
            ],
            [
              -89.03725627330826,
              28.879551716978515
            ],
            [
              -89.03735875904202,
              28.87955016721582
            ],
            [
              -89.03736756321544,
              28.880001187304106
            ],
            [
              -89.03726507703954,
              28.88000273709549
            ],
            [
              -89.03727212016977,
              28.88036355316556
            ],
            [
              -89.0373746066994,
              28.880362003351202
            ],
            [
              -89.03738693310696,
              28.880993431383338
            ],
            [
              -89.03728444595833,
              28.88099498123789
            ],
            [
              -89.03728796768482,
              28.881175389246796
            ],
            [
              -89.03708299300962,
              28.881178488745295
            ],
            [
              -89.03708651441465,
              28.881358896771946
            ],
            [
              -89.03688153935347,
              28.88136199598198
            ],
            [
              -89.03688329989122,
              28.88145220000483
            ],
            [
              -89.03678081226008,
              28.881453749498803
            ],
            [
              -89.03678257271746,
              28.881543953526087
            ],
            [
              -89.03668008498983,
              28.881545502947926
            ],
            [
              -89.03668184536684,
              28.88163570697964
            ],
            [
              -89.03647686971051,
              28.88163880560125
            ],
            [
              -89.03647862991872,
              28.881729009643145
            ],
            [
              -89.03637614199002,
              28.881730558842904
            ],
            [
              -89.03637438187025,
              28.88164035479527
            ],
            [
              -89.03606691830106,
              28.881645001910165
            ],
            [
              -89.03606515845465,
              28.88155479784403
            ],
            [
              -89.03596267067056,
              28.88155634672086
            ],
            [
              -89.03595915117882,
              28.88137593857317
            ],
            [
              -89.03585666356352,
              28.881377487360677
            ],
            [
              -89.03585314428089,
              28.88119707919628
            ],
            [
              -89.03575065683442,
              28.881198627894463
            ],
            [
              -89.03574713776091,
              28.88101821971337
            ],
            [
              -89.03564465048322,
              28.88101976832221
            ],
            [
              -89.03564289104699,
              28.88092956422397
            ],
            [
              -89.0355404038497,
              28.88093111274922
            ],
            [
              -89.03553864450996,
              28.88084090864392
            ],
            [
              -89.03543615739301,
              28.880842457085585
            ],
            [
              -89.03543439814977,
              28.880752252973252
            ],
            [
              -89.03512693701589,
              28.880756897813882
            ],
            [
              -89.03515684073723,
              28.882290367838394
            ],
            [
              -89.03505435217309,
              28.882291916060385
            ],
            [
              -89.03505962927687,
              28.88256252839567
            ],
            [
              -89.03516211810633,
              28.882560980156473
            ],
            [
              -89.03516739554797,
              28.882831592462793
            ],
            [
              -89.03526988463467,
              28.88283004412852
            ],
            [
              -89.03528395887459,
              28.88355167684203
            ],
            [
              -89.03518146908034,
              28.88355322522219
            ],
            [
              -89.03518498754404,
              28.883733633398986
            ],
            [
              -89.03508249756484,
              28.883735181712755
            ],
            [
              -89.0350860158839,
              28.883915589895786
            ],
            [
              -89.03498352571975,
              28.883917138143165
            ],
            [
              -89.03498704389416,
              28.88409754633244
            ],
            [
              -89.03488455354506,
              28.884099094513424
            ],
            [
              -89.0348915896368,
              28.884459910899245
            ],
            [
              -89.03478909892586,
              28.884461459025307
            ],
            [
              -89.03479965277455,
              28.885002683599268
            ],
            [
              -89.03490214401619,
              28.88500113543881
            ],
            [
              -89.0349074213147,
              28.88527174769095
            ],
            [
              -89.03500991281363,
              28.885270199435418
            ],
            [
              -89.03501343122986,
              28.88545060758551
            ],
            [
              -89.03511592289763,
              28.885449059240635
            ],
            [
              -89.035119441523,
              28.885629467374027
            ],
            [
              -89.03522193335961,
              28.885627918939804
            ],
            [
              -89.03522545219413,
              28.885808327056505
            ],
            [
              -89.03532794419958,
              28.88580677853294
            ],
            [
              -89.03534202056771,
              28.886528410901605
            ],
            [
              -89.03523952785461,
              28.886529959471062
            ],
            [
              -89.03524480636031,
              28.886800571604958
            ],
            [
              -89.03514231337377,
              28.886802120113753
            ],
            [
              -89.03514759168665,
              28.887072732253117
            ],
            [
              -89.03504509842666,
              28.88707428070124
            ],
            [
              -89.0350521359362,
              28.8874350968917
            ],
            [
              -89.0349496423143,
              28.887436645284893
            ],
            [
              -89.03495843894028,
              28.887887665522264
            ],
            [
              -89.03485594486803,
              28.88788921386625
            ],
            [
              -89.03485946339791,
              28.88806962196352
            ],
            [
              -89.03475696914066,
              28.88807117024111
            ],
            [
              -89.03476048752586,
              28.88825157834461
            ],
            [
              -89.03465799308363,
              28.88825312655578
            ],
            [
              -89.03466327045648,
              28.88852373871847
            ],
            [
              -89.03456077574079,
              28.888525286868962
            ],
            [
              -89.03457836662285,
              28.889427327383686
            ],
            [
              -89.03447587101442,
              28.88942887551364
            ],
            [
              -89.03448114817078,
              28.889699487659783
            ],
            [
              -89.03437865228888,
              28.88970103572905
            ],
            [
              -89.03438217025649,
              28.889881443831424
            ],
            [
              -89.03427967418958,
              28.889882991834273
            ],
            [
              -89.034281433097,
              28.889973195889237
            ],
            [
              -89.03417893693356,
              28.889974743819934
            ],
            [
              -89.03419828447379,
              28.890966988401335
            ],
            [
              -89.03409578732906,
              28.890968536317217
            ],
            [
              -89.03410458154549,
              28.891419556557896
            ],
            [
              -89.03400208395033,
              28.891421104424563
            ],
            [
              -89.0340038427293,
              28.891511308474517
            ],
            [
              -89.03410634041296,
              28.89150976060212
            ],
            [
              -89.03411689378694,
              28.892050984840004
            ],
            [
              -89.03401439557241,
              28.89205253274679
            ],
            [
              -89.03401967210274,
              28.892323144865287
            ],
            [
              -89.0339171736147,
              28.892324692711387
            ],
            [
              -89.03391893238577,
              28.892414896754
            ],
            [
              -89.03381643380118,
              28.892416444527942
            ],
            [
              -89.03381819249184,
              28.89250664857499
            ],
            [
              -89.0332032002842,
              28.892515933617226
            ],
            [
              -89.03320144212447,
              28.8924257295358
            ],
            [
              -89.03299644483444,
              28.892428823915264
            ],
            [
              -89.03299468685972,
              28.892338619821068
            ],
            [
              -89.03289218829111,
              28.89234016688823
            ],
            [
              -89.03289043041292,
              28.892249962786988
            ],
            [
              -89.03278793192474,
              28.892251509770517
            ],
            [
              -89.0327861741431,
              28.89216130566225
            ],
            [
              -89.03268367573536,
              28.89216285256217
            ],
            [
              -89.03268191805024,
              28.89207264844686
            ],
            [
              -89.03257941972292,
              28.89207419526315
            ],
            [
              -89.03257766213433,
              28.89198399114079
            ],
            [
              -89.03247516388745,
              28.89198553787347
            ],
            [
              -89.0324734063954,
              28.8918953337441
            ],
            [
              -89.03237090822894,
              28.89189688039315
            ],
            [
              -89.03236915083345,
              28.89180667625673
            ],
            [
              -89.03216415465333,
              28.891809769309702
            ],
            [
              -89.03216239744283,
              28.89171956516053
            ],
            [
              -89.03195740140748,
              28.891722657890472
            ],
            [
              -89.031955644382,
              28.89163245372853
            ],
            [
              -89.03164815053405,
              28.89163709222209
            ],
            [
              -89.03165166406218,
              28.891817500579027
            ],
            [
              -89.0315491659198,
              28.891819046599206
            ],
            [
              -89.03155619271872,
              28.892179863320308
            ],
            [
              -89.03145369421436,
              28.892181409285506
            ],
            [
              -89.0314607207881,
              28.892542226008615
            ],
            [
              -89.03135822192178,
              28.892543771918824
            ],
            [
              -89.03135997849685,
              28.892633976102076
            ],
            [
              -89.03115498056306,
              28.892637067700253
            ],
            [
              -89.0311567369692,
              28.892727271893627
            ]
          ]
        ]
      },
      "properties": {
        "incident_id": "SP-015",
        "type": "AI-detected-slick",
        "source": "Sentinel-1 SAR",
        "method": "U-Net segmentation + radiometric filtering"
      }
    },
    {
      "type": "Feature",
      "geometry": {
        "type": "Polygon",
        "coordinates": [
          [
            [
              -89.0417765303238,
              28.869557925566507
            ],
            [
              -89.02876205873159,
              28.869754487324695
            ],
            [
              -89.02876030605574,
              28.86966428268969
            ],
            [
              -89.02865782947474,
              28.869665825433806
            ],
            [
              -89.0286560768953,
              28.869575620791753
            ],
            [
              -89.02855360039464,
              28.869577163452337
            ],
            [
              -89.02848000302254,
              28.865788567068208
            ],
            [
              -89.02858247581149,
              28.865787024647727
            ],
            [
              -89.02857196252735,
              28.865245796439226
            ],
            [
              -89.0286744347781,
              28.865244253975227
            ],
            [
              -89.02867093023755,
              28.86506384457339
            ],
            [
              -89.02877340230354,
              28.865062302043018
            ],
            [
              -89.02877164995695,
              28.864972097345852
            ],
            [
              -89.02887412192655,
              28.864970554743397
            ],
            [
              -89.02887236949964,
              28.864880350050655
            ],
            [
              -89.029077313238,
              28.864877264623754
            ],
            [
              -89.02907556064241,
              28.86478705994113
            ],
            [
              -89.02948544766933,
              28.864780888176522
            ],
            [
              -89.0294836947283,
              28.864690683515462
            ],
            [
              -89.02979110964905,
              28.864686053892207
            ],
            [
              -89.029789356451,
              28.86459584924701
            ],
            [
              -89.02999429951461,
              28.864592762453917
            ],
            [
              -89.02999254614787,
              28.864502557818863
            ],
            [
              -89.03019748900262,
              28.86449947072598
            ],
            [
              -89.03019573546719,
              28.864409266101053
            ],
            [
              -89.03040067811307,
              28.864406178708393
            ],
            [
              -89.03039892440896,
              28.86431597409361
            ],
            [
              -89.03050139563149,
              28.8643144302863
            ],
            [
              -89.03049964184706,
              28.864224225675922
            ],
            [
              -89.0307045840913,
              28.864221137839326
            ],
            [
              -89.03070283013818,
              28.864130933239093
            ],
            [
              -89.03090777217355,
              28.86412784510273
            ],
            [
              -89.03090601805177,
              28.86403764051264
            ],
            [
              -89.03111095987826,
              28.864034552076504
            ],
            [
              -89.0311092055878,
              28.863944347496556
            ],
            [
              -89.0313141472054,
              28.863941258760658
            ],
            [
              -89.03131239274627,
              28.863851054190842
            ],
            [
              -89.03151733415501,
              28.86384796515519
            ],
            [
              -89.03151557952722,
              28.86375776059551
            ],
            [
              -89.03161805013117,
              28.863756215966703
            ],
            [
              -89.03161629542305,
              28.863666011411446
            ],
            [
              -89.03182123643013,
              28.863662921931873
            ],
            [
              -89.03181948155334,
              28.863572717386766
            ],
            [
              -89.03212689273856,
              28.86356808260107
            ],
            [
              -89.03212513760475,
              28.863477878071826
            ],
            [
              -89.03243254845253,
              28.863473242603096
            ],
            [
              -89.0324307930617,
              28.86338303808974
            ],
            [
              -89.03263573340995,
              28.863379947399693
            ],
            [
              -89.03263397785045,
              28.86328974289649
            ],
            [
              -89.0331463281385,
              28.8632820148385
            ],
            [
              -89.0331445721453,
              28.86319181036262
            ],
            [
              -89.03334951202748,
              28.863188718606285
            ],
            [
              -89.03334775586562,
              28.86309851414056
            ],
            [
              -89.03375763518,
              28.8630923297172
            ],
            [
              -89.03375587867276,
              28.8630021252731
            ],
            [
              -89.03447316654452,
              28.86299129957705
            ],
            [
              -89.0344749236702,
              28.863081503981025
            ],
            [
              -89.03508974206206,
              28.8630722217444
            ],
            [
              -89.03509149972591,
              28.863162426112673
            ],
            [
              -89.03570631835788,
              28.863153141040836
            ],
            [
              -89.0357080765599,
              28.86324334537341
            ],
            [
              -89.03632289543191,
              28.86323405746637
            ],
            [
              -89.03632465417212,
              28.863324261763193
            ],
            [
              -89.03693947328406,
              28.86331497102092
            ],
            [
              -89.03694123256244,
              28.863405175282004
            ],
            [
              -89.03714617237863,
              28.863402077734033
            ],
            [
              -89.03714793184177,
              28.863492281982346
            ],
            [
              -89.03735287180243,
              28.863489184111685
            ],
            [
              -89.03735463145033,
              28.863579388347198
            ],
            [
              -89.03766204159588,
              28.863574740940493
            ],
            [
              -89.03766380151693,
              28.863664945157478
            ],
            [
              -89.03786874175034,
              28.863661846485854
            ],
            [
              -89.03787050185615,
              28.863752050690046
            ],
            [
              -89.03817791241083,
              28.863747402081874
            ],
            [
              -89.03817967278977,
              28.86383760626753
            ],
            [
              -89.03838461329592,
              28.863834506794927
            ],
            [
              -89.03838637385964,
              28.863924710967783
            ],
            [
              -89.03859131451024,
              28.863921611172476
            ],
            [
              -89.03859307525873,
              28.86401181533256
            ],
            [
              -89.03879801605376,
              28.86400871521455
            ],
            [
              -89.03879977698703,
              28.86409891936183
            ],
            [
              -89.0389022474608,
              28.864097369180374
            ],
            [
              -89.0389040084905,
              28.864187573320613
            ],
            [
              -89.03900647904456,
              28.864186023055616
            ],
            [
              -89.03900824017069,
              28.86427622718879
            ],
            [
              -89.03911071080502,
              28.864274676840246
            ],
            [
              -89.03911247202758,
              28.864364880966374
            ],
            [
              -89.0392149427422,
              28.864363330534278
            ],
            [
              -89.03921670406119,
              28.86445353465334
            ],
            [
              -89.03931917485609,
              28.8644519841377
            ],
            [
              -89.0393209362715,
              28.86454218824972
            ],
            [
              -89.03942340714669,
              28.864540637650528
            ],
            [
              -89.03942516865852,
              28.8646308417555
            ],
            [
              -89.0396301105614,
              28.864627740312205
            ],
            [
              -89.03963187225806,
              28.864717944404372
            ],
            [
              -89.03973434328573,
              28.864716393560272
            ],
            [
              -89.03973610507879,
              28.864806597645384
            ],
            [
              -89.03983857618677,
              28.864805046717734
            ],
            [
              -89.03984033807626,
              28.864895250795797
            ],
            [
              -89.03994280926452,
              28.86489369978459
            ],
            [
              -89.03994457125044,
              28.864983903855602
            ],
            [
              -89.04014951377945,
              28.86498080158827
            ],
            [
              -89.04015127595018,
              28.86507100564648
            ],
            [
              -89.04025374729092,
              28.865069454390362
            ],
            [
              -89.0402555095581,
              28.865159658441513
            ],
            [
              -89.04035798097911,
              28.865158107101852
            ],
            [
              -89.04035974334272,
              28.865248311145937
            ],
            [
              -89.04046221484403,
              28.86524675972271
            ],
            [
              -89.04046397730406,
              28.865336963759738
            ],
            [
              -89.04056644888566,
              28.865335412252964
            ],
            [
              -89.04056997400669,
              28.86551582031162
            ],
            [
              -89.04067244575693,
              28.865514268715536
            ],
            [
              -89.04067597108698,
              28.86569467675746
            ],
            [
              -89.04077844300586,
              28.86569312507207
            ],
            [
              -89.04078196854496,
              28.865873533097265
            ],
            [
              -89.0408844406325,
              28.86587198132256
            ],
            [
              -89.04088796638062,
              28.866052389331042
            ],
            [
              -89.04099043863681,
              28.866050837467036
            ],
            [
              -89.040993964594,
              28.866231245458774
            ],
            [
              -89.04109643701882,
              28.866229693505456
            ],
            [
              -89.04109996318506,
              28.866410101480476
            ],
            [
              -89.04120243577854,
              28.86640854943784
            ],
            [
              -89.04120419896213,
              28.86649875341763
            ],
            [
              -89.04130667163591,
              28.866497201291438
            ],
            [
              -89.04131019820407,
              28.866677609235605
            ],
            [
              -89.0414126710465,
              28.86667605702011
            ],
            [
              -89.04141443443108,
              28.866766260984477
            ],
            [
              -89.04151690735378,
              28.866764708685395
            ],
            [
              -89.0415186708348,
              28.866854912642726
            ],
            [
              -89.04162114383779,
              28.86685336026009
            ],
            [
              -89.04162290741526,
              28.86694356421035
            ],
            [
              -89.04172538049855,
              28.86694201174414
            ],
            [
              -89.04172890785446,
              28.86712241962923
            ],
            [
              -89.0418313811064,
              28.867120867073712
            ],
            [
              -89.04183314488485,
              28.867211071008544
            ],
            [
              -89.04193561821705,
              28.86720951836946
            ],
            [
              -89.04193914597496,
              28.8673899262237
            ],
            [
              -89.04204161947584,
              28.8673883734953
            ],
            [
              -89.04204338345528,
              28.867478577414705
            ],
            [
              -89.04214585703643,
              28.867477024602724
            ],
            [
              -89.04214762111233,
              28.86756722851507
            ],
            [
              -89.04225009477378,
              28.867565675619534
            ],
            [
              -89.04225185894612,
              28.86765587952482
            ],
            [
              -89.04235433268785,
              28.867654326545708
            ],
            [
              -89.04235609695667,
              28.867744530443936
            ],
            [
              -89.04245857077868,
              28.867742977381255
            ],
            [
              -89.04246033514394,
              28.867833181272417
            ],
            [
              -89.04256280904625,
              28.86783162812617
            ],
            [
              -89.04256810245566,
              28.868102239774547
            ],
            [
              -89.042670576615,
              28.86810068653322
            ],
            [
              -89.04267410577178,
              28.86828109428077
            ],
            [
              -89.04277658009977,
              28.86827954095012
            ],
            [
              -89.04278187416074,
              28.868550152544348
            ],
            [
              -89.04288434874576,
              28.86854859911862
            ],
            [
              -89.04289493761628,
              28.869089822237278
            ],
            [
              -89.04279246250098,
              28.869091375697554
            ],
            [
              -89.04279422725267,
              28.869181579551856
            ],
            [
              -89.04269175204092,
              28.869183132940066
            ],
            [
              -89.0426935167123,
              28.869273336798805
            ],
            [
              -89.04259104140411,
              28.869274890114966
            ],
            [
              -89.0425928059952,
              28.869365093978153
            ],
            [
              -89.04238785517776,
              28.869368200388518
            ],
            [
              -89.0423896196002,
              28.86945840426192
            ],
            [
              -89.04177476642357,
              28.869467721659888
            ],
            [
              -89.0417765303238,
              28.869557925566507
            ]
          ]
        ]
      },
      "properties": {
        "incident_id": "SP-015",
        "type": "AI-detected-slick",
        "source": "Sentinel-1 SAR",
        "method": "U-Net segmentation + radiometric filtering"
      }
    }
  ]
}