{
  "type": "FeatureCollection",
  "name": "SP-017_AI_Spill_Footprint",
  "features": [
    {
      "type": "Feature",
      "geometry": {
        "type": "Polygon",
        "coordinates": [
          [
            [
              -88.84925608034945,
              29.261618568511533
            ],
            [
              -88.84853594877504,
              29.261628532194607
            ],
            [
              -88.84853432584279,
              29.26153832318388
            ],
            [
              -88.84843144996415,
              29.261539746245514
            ],
            [
              -88.84842982712951,
              29.261449537228245
            ],
            [
              -88.84832695133365,
              29.261450960205547
            ],
            [
              -88.84832370586697,
              29.26127054215668
            ],
            [
              -88.84822083024409,
              29.261271965044404
            ],
            [
              -88.84821920761206,
              29.261181756012796
            ],
            [
              -88.84811633207197,
              29.26118317881618
            ],
            [
              -88.84811470953753,
              29.261092969778048
            ],
            [
              -88.84801183408022,
              29.2610943924971
            ],
            [
              -88.8480102116434,
              29.261004183452435
            ],
            [
              -88.84780446088695,
              29.26100702864276
            ],
            [
              -88.84780608314338,
              29.261097237697882
            ],
            [
              -88.84657157690036,
              29.26111430225749
            ],
            [
              -88.84656995572622,
              29.261024093139664
            ],
            [
              -88.84554120061146,
              29.261038304851862
            ],
            [
              -88.84554282088367,
              29.261128514021905
            ],
            [
              -88.84451406412724,
              29.261142717875465
            ],
            [
              -88.84451244475699,
              29.261052508653233
            ],
            [
              -88.84440956913087,
              29.261053928598272
            ],
            [
              -88.8444079498582,
              29.260963719369535
            ],
            [
              -88.84430507431489,
              29.260965139230244
            ],
            [
              -88.84428726379551,
              29.2599728375709
            ],
            [
              -88.84439013834672,
              29.259971417767563
            ],
            [
              -88.84437880421422,
              29.259339953029873
            ],
            [
              -88.84427593029432,
              29.259341372796683
            ],
            [
              -88.84427107319038,
              29.259070745016803
            ],
            [
              -88.84416819953366,
              29.25907216468886
            ],
            [
              -88.8441633427668,
              29.258801536881634
            ],
            [
              -88.84406046937323,
              29.25880295645895
            ],
            [
              -88.84405885055591,
              29.258712747182052
            ],
            [
              -88.84395597724513,
              29.258714166675045
            ],
            [
              -88.84395273981303,
              29.25853374810693
            ],
            [
              -88.84384986667523,
              29.258535167510388
            ],
            [
              -88.84383853652693,
              29.25790370244453
            ],
            [
              -88.84394140903349,
              29.257902283077577
            ],
            [
              -88.84393655309596,
              29.25763165518836
            ],
            [
              -88.84403942532458,
              29.257630235757958
            ],
            [
              -88.84403780660335,
              29.25754002646416
            ],
            [
              -88.8441406787344,
              29.257538606959876
            ],
            [
              -88.84413744113374,
              29.257358188378827
            ],
            [
              -88.84424031307705,
              29.25735676880588
            ],
            [
              -88.84423869419761,
              29.257266559518616
            ],
            [
              -88.84434156604337,
              29.257265139871787
            ],
            [
              -88.84433832812636,
              29.257084721303805
            ],
            [
              -88.84444119978434,
              29.257083301588317
            ],
            [
              -88.84443958074674,
              29.25699309230759
            ],
            [
              -88.84454245230718,
              29.25699167251822
            ],
            [
              -88.84454083318678,
              29.256901463241412
            ],
            [
              -88.84464370464966,
              29.256900043378167
            ],
            [
              -88.8446420854465,
              29.25680983410527
            ],
            [
              -88.84474495681178,
              29.256808414168145
            ],
            [
              -88.84474333752584,
              29.256718204899176
            ],
            [
              -88.84484620879358,
              29.25671678488818
            ],
            [
              -88.84484458942485,
              29.25662657562312
            ],
            [
              -88.84494746059502,
              29.256625155538238
            ],
            [
              -88.8449458411435,
              29.256534946277107
            ],
            [
              -88.84504871221611,
              29.256533526118353
            ],
            [
              -88.84504709268182,
              29.256443316861123
            ],
            [
              -88.84535570558474,
              29.256439055925952
            ],
            [
              -88.84535408578732,
              29.256348846683096
            ],
            [
              -88.84545695664998,
              29.256347426218404
            ],
            [
              -88.84545533676982,
              29.256257216979463
            ],
            [
              -88.84566107829262,
              29.256254375823243
            ],
            [
              -88.8456594582395,
              29.25616416659345
            ],
            [
              -88.84576232889964,
              29.256162745901925
            ],
            [
              -88.84576070876373,
              29.25607253667603
            ],
            [
              -88.84689228454513,
              29.256056903906558
            ],
            [
              -88.84689066342476,
              29.255966694736824
            ],
            [
              -88.84740501530581,
              29.25595958579495
            ],
            [
              -88.84740663687704,
              29.256049794938562
            ],
            [
              -88.84792098902385,
              29.256042683993268
            ],
            [
              -88.84792261105333,
              29.25613289310946
            ],
            [
              -88.84812835204056,
              29.256130048167233
            ],
            [
              -88.84812997425779,
              29.25622025727167
            ],
            [
              -88.84823284483046,
              29.256218834676694
            ],
            [
              -88.84823608946748,
              29.256399252871194
            ],
            [
              -88.8483389602131,
              29.256397830186675
            ],
            [
              -88.84834058263289,
              29.256488039276746
            ],
            [
              -88.84844345346126,
              29.25648661650791
            ],
            [
              -88.84844507597863,
              29.25657682559145
            ],
            [
              -88.84854794688978,
              29.25657540273829
            ],
            [
              -88.84855119212709,
              29.25675582089101
            ],
            [
              -88.84865406321116,
              29.2567543979483
            ],
            [
              -88.84865568593112,
              29.256844607017488
            ],
            [
              -88.84875855709795,
              29.256843183990448
            ],
            [
              -88.84876180274041,
              29.25702360211447
            ],
            [
              -88.84886467408019,
              29.257022178997875
            ],
            [
              -88.84886791993264,
              29.25720259710622
            ],
            [
              -88.84969089182688,
              29.257191209242407
            ],
            [
              -88.84969251548563,
              29.25728141825279
            ],
            [
              -88.84989825856542,
              29.25727857048542
            ],
            [
              -88.84989988241192,
              29.257368779484043
            ],
            [
              -88.85000275403087,
              29.257367355476475
            ],
            [
              -88.85000437797497,
              29.257457564468563
            ],
            [
              -88.85021012137098,
              29.257454716205682
            ],
            [
              -88.85021174550283,
              29.257544925186007
            ],
            [
              -88.85031461727989,
              29.25754350093068
            ],
            [
              -88.8503178657462,
              29.257723918876952
            ],
            [
              -88.85042073769621,
              29.257722494532068
            ],
            [
              -88.8504353569733,
              29.258534375178787
            ],
            [
              -88.85053822972749,
              29.258532950707707
            ],
            [
              -88.85057559490575,
              29.26060775620591
            ],
            [
              -88.85047272007729,
              29.260609180797374
            ],
            [
              -88.85048246761923,
              29.261150434323856
            ],
            [
              -88.8503795922422,
              29.261151858867617
            ],
            [
              -88.85038121676828,
              29.26124206778939
            ],
            [
              -88.85027834129365,
              29.26124349225928
            ],
            [
              -88.85027996573696,
              29.261333701184974
            ],
            [
              -88.8501770901647,
              29.261335125581
            ],
            [
              -88.85017871452524,
              29.261425334510626
            ],
            [
              -88.85007583885539,
              29.261426758832762
            ],
            [
              -88.85007746313315,
              29.26151696776633
            ],
            [
              -88.84925445678584,
              29.26152835953742
            ],
            [
              -88.84925608034945,
              29.261618568511533
            ]
          ]
        ]
      },
      "properties": {
        "incident_id": "SP-017",
        "type": "AI-detected-slick",
        "source": "Sentinel-1 SAR",
        "method": "U-Net segmentation + radiometric filtering"
      }
    },
    {
      "type": "Feature",
      "geometry": {
        "type": "Polygon",
        "coordinates": [
          [
            [
              -88.62226531006412,
              29.249677853859943
            ],
            [
              -88.62154517535687,
              29.249686591401478
            ],
            [
              -88.62154375235109,
              29.249596371360926
            ],
            [
              -88.62123512336393,
              29.24960011482126
            ],
            [
              -88.62123370063519,
              29.249509894765644
            ],
            [
              -88.6209250718601,
              29.249513637500282
            ],
            [
              -88.62092364940843,
              29.249423417429657
            ],
            [
              -88.6201006397772,
              29.24943339453809
            ],
            [
              -88.62009921805348,
              29.249343174429498
            ],
            [
              -88.61989346576111,
              29.249345667906407
            ],
            [
              -88.61989204422424,
              29.249255447787373
            ],
            [
              -88.61968629208629,
              29.249257940938687
            ],
            [
              -88.61968487073626,
              29.24916772080922
            ],
            [
              -88.61958199474772,
              29.249168967261642
            ],
            [
              -88.61958057349437,
              29.249078747126294
            ],
            [
              -88.6193748216782,
              29.249081239784676
            ],
            [
              -88.6193734006117,
              29.248991019638893
            ],
            [
              -88.61927052478407,
              29.24899226584484
            ],
            [
              -88.61926910381425,
              29.248902045693193
            ],
            [
              -88.6191662280703,
              29.248903291815473
            ],
            [
              -88.6191633863305,
              29.248722851499167
            ],
            [
              -88.61906051076042,
              29.248724097533177
            ],
            [
              -88.61904772406406,
              29.247912116005168
            ],
            [
              -88.6189448492991,
              29.247913361918858
            ],
            [
              -88.61893916685231,
              29.247552481188112
            ],
            [
              -88.61883629244159,
              29.247553727004387
            ],
            [
              -88.6188306104593,
              29.24719284623484
            ],
            [
              -88.61893348450934,
              29.247191600436874
            ],
            [
              -88.61893064337677,
              29.247011160053564
            ],
            [
              -88.61913639109672,
              29.24700866823868
            ],
            [
              -88.61913497035982,
              29.24691844805427
            ],
            [
              -88.61923784411988,
              29.246917202032762
            ],
            [
              -88.6192364232993,
              29.246826981851644
            ],
            [
              -88.6193392969627,
              29.246825735755618
            ],
            [
              -88.61933645516068,
              29.2466452953987
            ],
            [
              -88.61943932863726,
              29.246644049232746
            ],
            [
              -88.61943506571235,
              29.246373388701514
            ],
            [
              -88.61933219250628,
              29.246374634853726
            ],
            [
              -88.61931514247264,
              29.24529199255847
            ],
            [
              -88.6194180145967,
              29.24529074646121
            ],
            [
              -88.61941517283493,
              29.245110306069915
            ],
            [
              -88.61951804477218,
              29.24510905990273
            ],
            [
              -88.61951662381088,
              29.24501883970973
            ],
            [
              -88.61972236748558,
              29.24501634714727
            ],
            [
              -88.61972094635043,
              29.244926126962145
            ],
            [
              -88.61992668981885,
              29.244923634092494
            ],
            [
              -88.61992526850986,
              29.244833413915263
            ],
            [
              -88.62023388339331,
              29.244829674031347
            ],
            [
              -88.62023246182032,
              29.244739453866575
            ],
            [
              -88.62043820486319,
              29.244736960224355
            ],
            [
              -88.62043678311636,
              29.244646740067473
            ],
            [
              -88.62064252595293,
              29.244644246118064
            ],
            [
              -88.62063968211815,
              29.24446380581879
            ],
            [
              -88.62074255334636,
              29.24446255873462
            ],
            [
              -88.62074113134855,
              29.244372338587652
            ],
            [
              -88.62084400248011,
              29.24437109142898
            ],
            [
              -88.62084115832364,
              29.244190651140357
            ],
            [
              -88.6209440292684,
              29.24418940391177
            ],
            [
              -88.62094260710974,
              29.244099183770114
            ],
            [
              -88.62104547795784,
              29.24409793646703
            ],
            [
              -88.62104405571552,
              29.244007716328678
            ],
            [
              -88.62114692646696,
              29.244006468951085
            ],
            [
              -88.62114550414098,
              29.243916248816042
            ],
            [
              -88.62165985734998,
              29.24391001076472
            ],
            [
              -88.6216584345797,
              29.243819790651326
            ],
            [
              -88.62176130511186,
              29.243818542808395
            ],
            [
              -88.62175988225793,
              29.243728322698317
            ],
            [
              -88.62186275269342,
              29.24372707478088
            ],
            [
              -88.62186132975584,
              29.243636854674108
            ],
            [
              -88.62196420009468,
              29.243635606682172
            ],
            [
              -88.62196135405867,
              29.243455166473932
            ],
            [
              -88.62206422421072,
              29.243453918412094
            ],
            [
              -88.62206280111229,
              29.243363698310656
            ],
            [
              -88.62226854121656,
              29.2433612019589
            ],
            [
              -88.62226711794433,
              29.24327098186535
            ],
            [
              -88.62236998789656,
              29.24326973357542
            ],
            [
              -88.62236856454068,
              29.243179513485185
            ],
            [
              -88.62278004392395,
              29.24317451955304
            ],
            [
              -88.62278146764044,
              29.24326473962492
            ],
            [
              -88.62288433756015,
              29.243263490939583
            ],
            [
              -88.62288576137331,
              29.243353711005604
            ],
            [
              -88.62298863137669,
              29.243352462236587
            ],
            [
              -88.6229914792028,
              29.243532902355597
            ],
            [
              -88.62309434937997,
              29.243531653498316
            ],
            [
              -88.62309719741242,
              29.243712093603023
            ],
            [
              -88.62371441942078,
              29.243704598743488
            ],
            [
              -88.62371299486037,
              29.243614378719336
            ],
            [
              -88.62391873529748,
              29.243611879809333
            ],
            [
              -88.62391731056327,
              29.24352165979307
            ],
            [
              -88.62412305079403,
              29.24351916057591
            ],
            [
              -88.62412162588602,
              29.24342894056757
            ],
            [
              -88.62422449590149,
              29.243427690844964
            ],
            [
              -88.62422307090982,
              29.243337470839933
            ],
            [
              -88.62463455054599,
              29.243332471177023
            ],
            [
              -88.62463312520022,
              29.24324225118909
            ],
            [
              -88.62566182293341,
              29.24322974654193
            ],
            [
              -88.62566324918073,
              29.243319966483906
            ],
            [
              -88.62586898882955,
              29.24331746459628
            ],
            [
              -88.62587041526368,
              29.243407684527764
            ],
            [
              -88.62607615506674,
              29.2434051823146
            ],
            [
              -88.62607758168771,
              29.243495402235613
            ],
            [
              -88.626283321645,
              29.243492899696918
            ],
            [
              -88.6262861752671,
              29.243673339516693
            ],
            [
              -88.62649191555897,
              29.243670836643265
            ],
            [
              -88.62649334256011,
              29.243761056542024
            ],
            [
              -88.62659621278642,
              29.243759804982083
            ],
            [
              -88.62659763988424,
              29.24385002487496
            ],
            [
              -88.62670051019418,
              29.243848773231335
            ],
            [
              -88.62670193738866,
              29.243938993118338
            ],
            [
              -88.62690767816932,
              29.24393648958462
            ],
            [
              -88.62690910555064,
              29.244026709461135
            ],
            [
              -88.62701197602135,
              29.24402545757104
            ],
            [
              -88.62701340349935,
              29.24411567744167
            ],
            [
              -88.62711627405369,
              29.244114425467895
            ],
            [
              -88.62711770162836,
              29.244204645332644
            ],
            [
              -88.62722057226637,
              29.24420339327518
            ],
            [
              -88.62722771068827,
              29.24465449255667
            ],
            [
              -88.62712483959947,
              29.244655744637146
            ],
            [
              -88.62712626721327,
              29.244745964494196
            ],
            [
              -88.62702339602781,
              29.244747216500198
            ],
            [
              -88.62702482355795,
              29.24483743636057
            ],
            [
              -88.6269219522758,
              29.244838688292074
            ],
            [
              -88.6269233797223,
              29.24492890815577
            ],
            [
              -88.62671763695812,
              29.244931411790727
            ],
            [
              -88.62671906423081,
              29.245021631662354
            ],
            [
              -88.62610183524092,
              29.245029140696676
            ],
            [
              -88.62610326197915,
              29.245119360594618
            ],
            [
              -88.62579464712576,
              29.245123114057876
            ],
            [
              -88.62579607360001,
              29.245213333968326
            ],
            [
              -88.62559033015152,
              29.245215835890917
            ],
            [
              -88.62559175645198,
              29.245306055809298
            ],
            [
              -88.62487165354595,
              29.24531481007921
            ],
            [
              -88.62487307922179,
              29.245405030028486
            ],
            [
              -88.62466733529541,
              29.245407530545847
            ],
            [
              -88.62467018630593,
              29.245587970458917
            ],
            [
              -88.62456731415264,
              29.245589220608146
            ],
            [
              -88.6245687395775,
              29.24567944056736
            ],
            [
              -88.62446586732756,
              29.245680690642097
            ],
            [
              -88.62447014337067,
              29.24595135052583
            ],
            [
              -88.62436727084372,
              29.24595260053526
            ],
            [
              -88.62437012139135,
              29.24613304046053
            ],
            [
              -88.62426724867755,
              29.246134290400054
            ],
            [
              -88.62427009907088,
              29.2463147303294
            ],
            [
              -88.62416722617023,
              29.246315980199025
            ],
            [
              -88.62417007640926,
              29.24649642013242
            ],
            [
              -88.62406720332177,
              29.246497669932136
            ],
            [
              -88.62409000472834,
              29.247941189288237
            ],
            [
              -88.6239871301916,
              29.247942439082365
            ],
            [
              -88.6239899803042,
              29.24812287898799
            ],
            [
              -88.62388710558058,
              29.2481241287122
            ],
            [
              -88.62388853055647,
              29.2482143486677
            ],
            [
              -88.62378565573619,
              29.248215598317408
            ],
            [
              -88.62378993043235,
              29.248486258189967
            ],
            [
              -88.62368705533501,
              29.248487507774357
            ],
            [
              -88.62368990498464,
              29.248667947692166
            ],
            [
              -88.62358702970043,
              29.248669197206638
            ],
            [
              -88.62358987919573,
              29.248849637128515
            ],
            [
              -88.62348700372466,
              29.248850886573067
            ],
            [
              -88.6234884283919,
              29.248941106536673
            ],
            [
              -88.62328267724988,
              29.248943605197663
            ],
            [
              -88.62328410174325,
              29.24903382516918
            ],
            [
              -88.62297547471091,
              29.249037572581184
            ],
            [
              -88.62297689894022,
              29.249127792565183
            ],
            [
              -88.6228740231596,
              29.2491290415489
            ],
            [
              -88.62287544730525,
              29.249219261536215
            ],
            [
              -88.62277257142792,
              29.249220510445422
            ],
            [
              -88.62277399548991,
              29.249310730436036
            ],
            [
              -88.62267111951589,
              29.24931197927073
            ],
            [
              -88.62267254349419,
              29.249402199264658
            ],
            [
              -88.62246679134631,
              29.249404696705927
            ],
            [
              -88.62246821515073,
              29.24949491670775
            ],
            [
              -88.62236533897686,
              29.249496165314316
            ],
            [
              -88.62236676269761,
              29.249586385319454
            ],
            [
              -88.62226388642704,
              29.249587633851498
            ],
            [
              -88.62226531006412,
              29.249677853859943
            ]
          ]
        ]
      },
      "properties": {
        "incident_id": "SP-017",
        "type": "AI-detected-slick",
        "source": "Sentinel-1 SAR",
        "method": "U-Net segmentation + radiometric filtering"
      }
    },
    {
      "type": "Feature",
      "geometry": {
        "type": "Polygon",
        "coordinates": [
          [
            [
              -88.84886109859337,
              29.245382354901693
            ],
            [
              -88.84875823889746,
              29.245383777501893
            ],
            [
              -88.84875661684784,
              29.24529356828328
            ],
            [
              -88.84855089761403,
              29.245296413236048
            ],
            [
              -88.84854765389747,
              29.245115994773993
            ],
            [
              -88.8484447944497,
              29.245117417121335
            ],
            [
              -88.84844317269264,
              29.24502720788314
            ],
            [
              -88.84834031332758,
              29.2450286301462
            ],
            [
              -88.84833869166805,
              29.244938420901462
            ],
            [
              -88.84823583238571,
              29.24493984308024
            ],
            [
              -88.8482325892691,
              29.244759424576433
            ],
            [
              -88.84812973015961,
              29.2447608466657
            ],
            [
              -88.84812810870253,
              29.24467063740661
            ],
            [
              -88.84792239064154,
              29.244673481337525
            ],
            [
              -88.8479207693721,
              29.244583272066695
            ],
            [
              -88.84781791042063,
              29.244584693908337
            ],
            [
              -88.8478162892487,
              29.244494484630973
            ],
            [
              -88.84750771262021,
              29.24449874966591
            ],
            [
              -88.84750933352177,
              29.24458895895894
            ],
            [
              -88.8473036155522,
              29.244591801930742
            ],
            [
              -88.84730523628095,
              29.244682011232925
            ],
            [
              -88.84709951810154,
              29.244684853898953
            ],
            [
              -88.84709465647825,
              29.24441422595715
            ],
            [
              -88.84699179764779,
              29.24441564715592
            ],
            [
              -88.84699017721161,
              29.24432543783415
            ],
            [
              -88.84688731846387,
              29.244326858948632
            ],
            [
              -88.8468856981252,
              29.244236649620344
            ],
            [
              -88.84678283946019,
              29.244238070650553
            ],
            [
              -88.84678121921904,
              29.244147861315753
            ],
            [
              -88.84657550204705,
              29.244150703128554
            ],
            [
              -88.84657388199354,
              29.244060493782005
            ],
            [
              -88.84636816497218,
              29.244063335268137
            ],
            [
              -88.84636654510629,
              29.243973125909864
            ],
            [
              -88.84626368667463,
              29.24397454652912
            ],
            [
              -88.84626206690625,
              29.243884337164307
            ],
            [
              -88.84615920855731,
              29.243885757699307
            ],
            [
              -88.84615596922296,
              29.243705338955333
            ],
            [
              -88.84595025286337,
              29.243708179767278
            ],
            [
              -88.84594863338752,
              29.243617970382896
            ],
            [
              -88.845640059063,
              29.243622230992273
            ],
            [
              -88.8456416782685,
              29.2437124403923
            ],
            [
              -88.84553882005544,
              29.243713860442536
            ],
            [
              -88.84553720094004,
              29.243623651037293
            ],
            [
              -88.8454343428097,
              29.243625071003258
            ],
            [
              -88.84542624779415,
              29.243174023931378
            ],
            [
              -88.84552910547394,
              29.243172603991507
            ],
            [
              -88.84552586733926,
              29.242992185164102
            ],
            [
              -88.84562872483143,
              29.242990765155618
            ],
            [
              -88.84562710568507,
              29.24290055574518
            ],
            [
              -88.84572996307973,
              29.242899135662864
            ],
            [
              -88.84572834385065,
              29.24280892625635
            ],
            [
              -88.84583120114782,
              29.242807506100217
            ],
            [
              -88.84582796253162,
              29.242627087293734
            ],
            [
              -88.84593081964117,
              29.242625667068978
            ],
            [
              -88.84591948408661,
              29.24199420124188
            ],
            [
              -88.84602234055801,
              29.24199278097462
            ],
            [
              -88.84601262411614,
              29.241451524532028
            ],
            [
              -88.84590976818536,
              29.241452944767957
            ],
            [
              -88.84589843330367,
              29.2408214788226
            ],
            [
              -88.84579557799621,
              29.240822898942938
            ],
            [
              -88.84578424410753,
              29.24019143289735
            ],
            [
              -88.84588709878427,
              29.240190012813546
            ],
            [
              -88.84588386041672,
              29.240009593942123
            ],
            [
              -88.84598671490589,
              29.24000817378971
            ],
            [
              -88.84598509564309,
              29.23991796435728
            ],
            [
              -88.84608795003477,
              29.23991654413105
            ],
            [
              -88.84608633068927,
              29.239826334702528
            ],
            [
              -88.84629203927025,
              29.23982349402341
            ],
            [
              -88.84629041975195,
              29.23973328460403
            ],
            [
              -88.84649612812315,
              29.239730443619187
            ],
            [
              -88.84649450843206,
              29.23964023420894
            ],
            [
              -88.84700877878014,
              29.239633130389766
            ],
            [
              -88.84700715864597,
              29.239542921004336
            ],
            [
              -88.84721286655324,
              29.239540078933832
            ],
            [
              -88.84721124624626,
              29.23944986955757
            ],
            [
              -88.8473141000987,
              29.239448448408982
            ],
            [
              -88.84730761858448,
              29.239087610911792
            ],
            [
              -88.84720476509243,
              29.23908903203948
            ],
            [
              -88.84720152455989,
              29.238908613272642
            ],
            [
              -88.84709867124062,
              29.23891003431084
            ],
            [
              -88.8470921906247,
              29.238549196740678
            ],
            [
              -88.84719504358362,
              29.23854777572336
            ],
            [
              -88.84719180313988,
              29.23836735694093
            ],
            [
              -88.84729465591121,
              29.238365935855033
            ],
            [
              -88.84729303561033,
              29.238275726467084
            ],
            [
              -88.8473958882842,
              29.23827430530738
            ],
            [
              -88.8473748238751,
              29.237101583213764
            ],
            [
              -88.84747767537043,
              29.237100162042942
            ],
            [
              -88.84747281426027,
              29.236829533851967
            ],
            [
              -88.84757566547795,
              29.23682811261779
            ],
            [
              -88.84757242459467,
              29.236647693827763
            ],
            [
              -88.8476752756248,
              29.236646272525004
            ],
            [
              -88.84767041408513,
              29.23637564434588
            ],
            [
              -88.8477732648376,
              29.236374222979773
            ],
            [
              -88.84777002366802,
              29.23619380419765
            ],
            [
              -88.84787287423292,
              29.236192382762958
            ],
            [
              -88.84787125356915,
              29.236102173375173
            ],
            [
              -88.84797410403658,
              29.23610075186667
            ],
            [
              -88.84797086255107,
              29.23592033309766
            ],
            [
              -88.84807371283094,
              29.235918911520592
            ],
            [
              -88.84807047119487,
              29.235738492756823
            ],
            [
              -88.84817332128719,
              29.23573707111119
            ],
            [
              -88.84817007950058,
              29.235556652352674
            ],
            [
              -88.84827292940535,
              29.23555523063845
            ],
            [
              -88.84827130843307,
              29.235465021262474
            ],
            [
              -88.84837415824035,
              29.235463599474464
            ],
            [
              -88.84837091613785,
              29.23528318072906
            ],
            [
              -88.84847376575757,
              29.23528175887248
            ],
            [
              -88.84847214462735,
              29.23519154950305
            ],
            [
              -88.8485749941496,
              29.235190127572668
            ],
            [
              -88.8485733729367,
              29.235099918207172
            ],
            [
              -88.84877907177885,
              29.235097074119782
            ],
            [
              -88.8487774503932,
              29.23500686476344
            ],
            [
              -88.84939454620147,
              29.23499833063609
            ],
            [
              -88.84939616812754,
              29.235088539961055
            ],
            [
              -88.84970471620191,
              29.235084271814863
            ],
            [
              -88.84970633840562,
              29.235174481122833
            ],
            [
              -88.84980918783901,
              29.235173058244154
            ],
            [
              -88.8498124324488,
              29.235353476845738
            ],
            [
              -88.84991528205492,
              29.235352053877584
            ],
            [
              -88.8499201492954,
              29.23562268175452
            ],
            [
              -88.85002299916434,
              29.235621258691644
            ],
            [
              -88.85003597951889,
              29.236342932931095
            ],
            [
              -88.85013883010105,
              29.23634150974733
            ],
            [
              -88.85015992535966,
              29.237514230141016
            ],
            [
              -88.85005707360644,
              29.2375156533928
            ],
            [
              -88.85005869628043,
              29.237605862649986
            ],
            [
              -88.85016154812374,
              29.237604439392978
            ],
            [
              -88.85016317089521,
              29.237694648643625
            ],
            [
              -88.85006031896181,
              29.237696071905866
            ],
            [
              -88.85006194165062,
              29.237786281160453
            ],
            [
              -88.85016479367411,
              29.237784857892976
            ],
            [
              -88.85017615333383,
              29.238416322602067
            ],
            [
              -88.85007330067974,
              29.238417745906165
            ],
            [
              -88.85008141449426,
              29.2388687921141
            ],
            [
              -88.8499785613823,
              29.238870215365324
            ],
            [
              -88.84998829766371,
              29.239411470803336
            ],
            [
              -88.84988544400379,
              29.23941289400692
            ],
            [
              -88.84988868931002,
              29.23959331248633
            ],
            [
              -88.84999154315013,
              29.239591889272287
            ],
            [
              -88.85000614820581,
              29.240403772318167
            ],
            [
              -88.84990329355482,
              29.240405195579296
            ],
            [
              -88.84991140728349,
              29.24085624169656
            ],
            [
              -88.84980855217461,
              29.2408576649048
            ],
            [
              -88.84981017485248,
              29.24094787412958
            ],
            [
              -88.84970731964607,
              29.24094929726401
            ],
            [
              -88.84971705532826,
              29.24149055261681
            ],
            [
              -88.84981991107526,
              29.241489129450997
            ],
            [
              -88.84983289312059,
              29.242210803140086
            ],
            [
              -88.84993574958102,
              29.242209379853367
            ],
            [
              -88.84995035575984,
              29.24302126260705
            ],
            [
              -88.84984749848844,
              29.243022685940847
            ],
            [
              -88.84986048154153,
              29.24374435945313
            ],
            [
              -88.8497576235418,
              29.243745782749723
            ],
            [
              -88.84976086919896,
              29.243926201125273
            ],
            [
              -88.84965801101161,
              29.24392762435328
            ],
            [
              -88.84966287928255,
              29.24419825192253
            ],
            [
              -88.84956002081745,
              29.244199675087177
            ],
            [
              -88.84956326618824,
              29.244380093470642
            ],
            [
              -88.84946040753549,
              29.244381516566694
            ],
            [
              -88.84946203014188,
              29.24447172576171
            ],
            [
              -88.84935917139161,
              29.24447314878394
            ],
            [
              -88.84936079391528,
              29.244563357982884
            ],
            [
              -88.84915507621228,
              29.24456620380065
            ],
            [
              -88.84916481042853,
              29.245107459029754
            ],
            [
              -88.8490619510252,
              29.245108881851436
            ],
            [
              -88.84906519564298,
              29.245289300261206
            ],
            [
              -88.84885947645361,
              29.245292145688307
            ],
            [
              -88.84886109859337,
              29.245382354901693
            ]
          ]
        ]
      },
      "properties": {
        "incident_id": "SP-017",
        "type": "AI-detected-slick",
        "source": "Sentinel-1 SAR",
        "method": "U-Net segmentation + radiometric filtering"
      }
    },
    {
      "type": "Feature",
      "geometry": {
        "type": "Polygon",
        "coordinates": [
          [
            [
              -88.84859503529476,
              29.219128576569638
            ],
            [
              -88.84818370135733,
              29.219134261043642
            ],
            [
              -88.84818208155178,
              29.219044051441635
            ],
            [
              -88.84797641471869,
              29.219046893194346
            ],
            [
              -88.84797479510054,
              29.218956683580576
            ],
            [
              -88.84776912841785,
              29.218959525006955
            ],
            [
              -88.8477675089871,
              29.218869315381443
            ],
            [
              -88.84766467572466,
              29.218870735970953
            ],
            [
              -88.84766305639131,
              29.218780526338907
            ],
            [
              -88.84756022321149,
              29.218781946844224
            ],
            [
              -88.84755698474697,
              29.2186015275658
            ],
            [
              -88.84745415173974,
              29.218602947981683
            ],
            [
              -88.84744767525946,
              29.218242109388356
            ],
            [
              -88.84734484260483,
              29.218243529704385
            ],
            [
              -88.84733836660284,
              29.217882691069374
            ],
            [
              -88.84744119889749,
              29.217881270774253
            ],
            [
              -88.84743472265383,
              29.21752043213935
            ],
            [
              -88.84733189071916,
              29.217521852413586
            ],
            [
              -88.84733027176672,
              29.217431642746398
            ],
            [
              -88.84722743991468,
              29.21743306293644
            ],
            [
              -88.84722582105964,
              29.21734285326272
            ],
            [
              -88.84702015751331,
              29.21734569339547
            ],
            [
              -88.84701853884565,
              29.21725548371
            ],
            [
              -88.84640154856923,
              29.217264002181686
            ],
            [
              -88.84640316669694,
              29.217354211898492
            ],
            [
              -88.84630033486833,
              29.217355631372598
            ],
            [
              -88.84629871683063,
              29.217265421650588
            ],
            [
              -88.84619588508463,
              29.217266841040516
            ],
            [
              -88.84619426714431,
              29.217176631311986
            ],
            [
              -88.84598860381014,
              29.217179469844513
            ],
            [
              -88.84598698605718,
              29.217089260104242
            ],
            [
              -88.845884154469,
              29.217090679246837
            ],
            [
              -88.84588253681345,
              29.217000469500043
            ],
            [
              -88.84577970530786,
              29.217001888558446
            ],
            [
              -88.84577647019889,
              29.21682146905054
            ],
            [
              -88.84567363886592,
              29.216822888019543
            ],
            [
              -88.8456720214125,
              29.21673267825842
            ],
            [
              -88.84556919016211,
              29.216734097143238
            ],
            [
              -88.84556757280608,
              29.2166438873756
            ],
            [
              -88.84546474163831,
              29.21664530617623
            ],
            [
              -88.84546312437965,
              29.216555096402082
            ],
            [
              -88.84536029329448,
              29.21655651511853
            ],
            [
              -88.84535867613319,
              29.216466305337853
            ],
            [
              -88.84525584513062,
              29.216467723970123
            ],
            [
              -88.84525422806672,
              29.216377514182938
            ],
            [
              -88.84515139714676,
              29.216378932731022
            ],
            [
              -88.84514978018022,
              29.216288722937325
            ],
            [
              -88.84504694934287,
              29.21629014140122
            ],
            [
              -88.84504371561194,
              29.21610972179949
            ],
            [
              -88.84494088494718,
              29.216111140173997
            ],
            [
              -88.84493603467611,
              29.215840510746
            ],
            [
              -88.84483320427394,
              29.215841929025895
            ],
            [
              -88.84483158762167,
              29.215751719208743
            ],
            [
              -88.8447287573021,
              29.215753137404462
            ],
            [
              -88.8447271407472,
              29.21566292758081
            ],
            [
              -88.84462431051023,
              29.215664345692346
            ],
            [
              -88.8446226940527,
              29.21557413586216
            ],
            [
              -88.84451986389833,
              29.21557555388952
            ],
            [
              -88.8445166311854,
              29.215395134214845
            ],
            [
              -88.84441380120361,
              29.215396552152814
            ],
            [
              -88.84441218494823,
              29.21530634230832
            ],
            [
              -88.84430935504905,
              29.215307760162105
            ],
            [
              -88.84430612274033,
              29.21512734045879
            ],
            [
              -88.84410046327979,
              29.21513017590863
            ],
            [
              -88.84409884731647,
              29.21503996604458
            ],
            [
              -88.84399601766512,
              29.215041383645847
            ],
            [
              -88.84399440179916,
              29.21495117377529
            ],
            [
              -88.84378874265427,
              29.21495400873052
            ],
            [
              -88.84378712697567,
              29.21486379884825
            ],
            [
              -88.8435814679812,
              29.214866633477207
            ],
            [
              -88.84357985248995,
              29.2147764235832
            ],
            [
              -88.84337419364596,
              29.214779257885894
            ],
            [
              -88.84337257834203,
              29.21468904798017
            ],
            [
              -88.84285843155284,
              29.214696132329053
            ],
            [
              -88.8428568167062,
              29.214605922395982
            ],
            [
              -88.84254832881412,
              29.214610172042168
            ],
            [
              -88.84254671424482,
              29.21451996209215
            ],
            [
              -88.84234105579318,
              29.2145227947844
            ],
            [
              -88.84233944141123,
              29.21443258482268
            ],
            [
              -88.84203095394841,
              29.214436833253227
            ],
            [
              -88.84202933984378,
              29.214346623274587
            ],
            [
              -88.84182368167833,
              29.214349455156412
            ],
            [
              -88.84182206776103,
              29.214259245166048
            ],
            [
              -88.84192489675745,
              29.21425782926983
            ],
            [
              -88.84192328275753,
              29.214167619283362
            ],
            [
              -88.8421289405483,
              29.214164787264462
            ],
            [
              -88.8421273263758,
              29.21407457728712
            ],
            [
              -88.8423329839571,
              29.214071744962798
            ],
            [
              -88.84233136961203,
              29.213981534994577
            ],
            [
              -88.84253702698389,
              29.213978702364837
            ],
            [
              -88.8425354124662,
              29.213888492405747
            ],
            [
              -88.84284389819877,
              29.21388424288459
            ],
            [
              -88.84284228341852,
              29.213794032939827
            ],
            [
              -88.84315076881477,
              29.213789782723698
            ],
            [
              -88.84314915377198,
              29.213699572793267
            ],
            [
              -88.84335481048596,
              29.213696738931482
            ],
            [
              -88.84335319527058,
              29.21360652901017
            ],
            [
              -88.8435588517751,
              29.213603694842988
            ],
            [
              -88.84355723638716,
              29.213513484930807
            ],
            [
              -88.84376289268221,
              29.213510650458236
            ],
            [
              -88.84376127712169,
              29.213420440555183
            ],
            [
              -88.84396693320727,
              29.213417605777206
            ],
            [
              -88.84396531747416,
              29.213327395883276
            ],
            [
              -88.84406814541592,
              29.21332597838106
            ],
            [
              -88.84406652960023,
              29.21323576849105
            ],
            [
              -88.84416935744461,
              29.213234350915105
            ],
            [
              -88.84416774154631,
              29.213144141029012
            ],
            [
              -88.844373397033,
              29.213141305650687
            ],
            [
              -88.84437178096213,
              29.2130510957737
            ],
            [
              -88.84488591909982,
              29.21304400597228
            ],
            [
              -88.84488753562056,
              29.213134215823164
            ],
            [
              -88.84571015697668,
              29.213122867993523
            ],
            [
              -88.84570853973614,
              29.213032658184375
            ],
            [
              -88.84591419482136,
              29.213029820447858
            ],
            [
              -88.84591257740827,
              29.212939610647854
            ],
            [
              -88.84611823228398,
              29.212936772605957
            ],
            [
              -88.84611984987704,
              29.213026982395533
            ],
            [
              -88.84725095215488,
              29.213011367462574
            ],
            [
              -88.84724933357212,
              29.212921157730424
            ],
            [
              -88.84755781558638,
              29.212916897469995
            ],
            [
              -88.8475561967411,
              29.21282668775223
            ],
            [
              -88.84776185120036,
              29.212823847194294
            ],
            [
              -88.84776023218254,
              29.212733637485655
            ],
            [
              -88.84806871354603,
              29.212729376072275
            ],
            [
              -88.84807033283379,
              29.212819585765235
            ],
            [
              -88.84817316003014,
              29.212818165130983
            ],
            [
              -88.84817477941527,
              29.212908374817403
            ],
            [
              -88.8482776066942,
              29.212906954098976
            ],
            [
              -88.84827922617669,
              29.212997163778873
            ],
            [
              -88.84838205353819,
              29.21299574297625
            ],
            [
              -88.84838367311805,
              29.213085952649642
            ],
            [
              -88.84848650056213,
              29.213084531762842
            ],
            [
              -88.84848812023937,
              29.213174741429693
            ],
            [
              -88.84869377528528,
              29.213171899408795
            ],
            [
              -88.84869539514986,
              29.213262109063898
            ],
            [
              -88.8487982227517,
              29.213260687929797
            ],
            [
              -88.84879984271366,
              29.21335089757837
            ],
            [
              -88.84890267039806,
              29.21334947636008
            ],
            [
              -88.84890591052412,
              29.213529895642868
            ],
            [
              -88.84900873838107,
              29.213528474335174
            ],
            [
              -88.84901197871669,
              29.213708893602323
            ],
            [
              -88.84921763476832,
              29.213706050729147
            ],
            [
              -88.84921925512718,
              29.21379626035032
            ],
            [
              -88.84911642701509,
              29.213797681831604
            ],
            [
              -88.84911804729137,
              29.213887891456704
            ],
            [
              -88.84922087549344,
              29.21388646997019
            ],
            [
              -88.84922411624817,
              29.214066889206016
            ],
            [
              -88.84932694462279,
              29.214065467630085
            ],
            [
              -88.84932856510123,
              29.21415567724084
            ],
            [
              -88.84943139355842,
              29.21415425558072
            ],
            [
              -88.84943463471747,
              29.214334674787846
            ],
            [
              -88.84953746334722,
              29.21433325303832
            ],
            [
              -88.84953908402782,
              29.214423462634702
            ],
            [
              -88.84964191274017,
              29.214422040800976
            ],
            [
              -88.84965001670413,
              29.21487308873728
            ],
            [
              -88.84975284585897,
              29.214871666798462
            ],
            [
              -88.84981606663942,
              29.21838983938291
            ],
            [
              -88.84971323397498,
              29.218391261525703
            ],
            [
              -88.84971809730838,
              29.21866189011988
            ],
            [
              -88.84961526436655,
              29.218663312199393
            ],
            [
              -88.84961850644584,
              29.218843731266148
            ],
            [
              -88.8495156733166,
              29.21884515327714
            ],
            [
              -88.84951729427735,
              29.2189353628138
            ],
            [
              -88.84890029480644,
              29.218943893252753
            ],
            [
              -88.84890191523459,
              29.21903410281949
            ],
            [
              -88.84859341512922,
              29.219038366988528
            ],
            [
              -88.84859503529476,
              29.219128576569638
            ]
          ]
        ]
      },
      "properties": {
        "incident_id": "SP-017",
        "type": "AI-detected-slick",
        "source": "Sentinel-1 SAR",
        "method": "U-Net segmentation + radiometric filtering"
      }
    },
    {
      "type": "Feature",
      "geometry": {
        "type": "Polygon",
        "coordinates": [
          [
            [
              -88.68554122368487,
              29.211717729741974
            ],
            [
              -88.68482137758893,
              29.211726797378997
            ],
            [
              -88.68481990136397,
              29.211636579713172
            ],
            [
              -88.68461423117014,
              29.21163916974632
            ],
            [
              -88.68461275513194,
              29.211548952069684
            ],
            [
              -88.68440708509114,
              29.211551541777418
            ],
            [
              -88.6844041333949,
              29.211371106401224
            ],
            [
              -88.68419846368715,
              29.21137369577401
            ],
            [
              -88.68419698802914,
              29.211283478074467
            ],
            [
              -88.68378564889272,
              29.211288655853334
            ],
            [
              -88.68378417360145,
              29.21119843813345
            ],
            [
              -88.6835785041728,
              29.21120102653952
            ],
            [
              -88.68357702906825,
              29.211110808808836
            ],
            [
              -88.68326852514473,
              29.211114690811375
            ],
            [
              -88.68326705031691,
              29.21102447306513
            ],
            [
              -88.68306138118088,
              29.21102706066245
            ],
            [
              -88.68305990653978,
              29.210936842905387
            ],
            [
              -88.6828542375568,
              29.210939430177312
            ],
            [
              -88.68285276310245,
              29.210849212409453
            ],
            [
              -88.68274992869084,
              29.21085050592219
            ],
            [
              -88.68274845433322,
              29.210760288148297
            ],
            [
              -88.6825427856698,
              29.21076287492735
            ],
            [
              -88.6825413114989,
              29.21067265714264
            ],
            [
              -88.68243847724708,
              29.210673950408953
            ],
            [
              -88.68243700317292,
              29.21058373261822
            ],
            [
              -88.68233416900435,
              29.210585025800807
            ],
            [
              -88.68233269502693,
              29.21049480800402
            ],
            [
              -88.68222986094163,
              29.21049610110288
            ],
            [
              -88.6822283870609,
              29.21040588330005
            ],
            [
              -88.68212555305888,
              29.210407176315183
            ],
            [
              -88.6821240792749,
              29.210316958506326
            ],
            [
              -88.68202124535613,
              29.210318251437734
            ],
            [
              -88.68201977166886,
              29.210228033622816
            ],
            [
              -88.68191693783335,
              29.210229326470497
            ],
            [
              -88.68191546424282,
              29.210139108649546
            ],
            [
              -88.68181263049057,
              29.210140401413508
            ],
            [
              -88.68181115699676,
              29.21005018358651
            ],
            [
              -88.68170832332777,
              29.21005147626674
            ],
            [
              -88.68170537654032,
              29.209871040599406
            ],
            [
              -88.68160254304459,
              29.209872333191154
            ],
            [
              -88.68159075688394,
              29.20915059043232
            ],
            [
              -88.68169358965974,
              29.209149297878604
            ],
            [
              -88.6816906430069,
              29.20896886218555
            ],
            [
              -88.681793475596,
              29.20896756956238
            ],
            [
              -88.6817905287901,
              29.208787133873702
            ],
            [
              -88.68189336119251,
              29.208785841181076
            ],
            [
              -88.68189188770967,
              29.208695623339565
            ],
            [
              -88.68199472001534,
              29.20869433057273
            ],
            [
              -88.68199324644925,
              29.208604112734683
            ],
            [
              -88.68219891086045,
              29.20860152697364
            ],
            [
              -88.68219743712112,
              29.208511309143834
            ],
            [
              -88.68260876550278,
              29.208506136693202
            ],
            [
              -88.68260729141024,
              29.208415918881133
            ],
            [
              -88.68363561099312,
              29.208402982274702
            ],
            [
              -88.68363413600746,
              29.208312764508932
            ],
            [
              -88.68682191964116,
              29.2082726109959
            ],
            [
              -88.68682044187274,
              29.208182393376564
            ],
            [
              -88.69031671017756,
              29.208138266948986
            ],
            [
              -88.69031819100536,
              29.20822848440599
            ],
            [
              -88.691346504625,
              29.20821548862565
            ],
            [
              -88.69134798635943,
              29.20830570603356
            ],
            [
              -88.69155364918211,
              29.208303105920393
            ],
            [
              -88.69155661303118,
              29.20848354071322
            ],
            [
              -88.69165944461233,
              29.20848224052863
            ],
            [
              -88.69166833686191,
              29.20902354484756
            ],
            [
              -88.69156550474085,
              29.209024845060853
            ],
            [
              -88.69156995068707,
              29.209295497217305
            ],
            [
              -88.69146711828928,
              29.209296797365987
            ],
            [
              -88.69146860019491,
              29.20938701475368
            ],
            [
              -88.69136576770036,
              29.20938831482818
            ],
            [
              -88.69136724952277,
              29.20947853221937
            ],
            [
              -88.69126441693146,
              29.209479832219678
            ],
            [
              -88.69126738041662,
              29.20966026700777
            ],
            [
              -88.69116454763855,
              29.209661566938678
            ],
            [
              -88.6911660293013,
              29.20975178433559
            ],
            [
              -88.69106319642648,
              29.20975308419231
            ],
            [
              -88.691064678006,
              29.209843301592706
            ],
            [
              -88.69096184503444,
              29.209844601375256
            ],
            [
              -88.69096332653073,
              29.20993481877914
            ],
            [
              -88.69086049346241,
              29.209936118487484
            ],
            [
              -88.69086197487547,
              29.210026335894877
            ],
            [
              -88.6907591417104,
              29.21002763552905
            ],
            [
              -88.69076062304025,
              29.210117852939927
            ],
            [
              -88.6905549565098,
              29.210120451980924
            ],
            [
              -88.69055643766644,
              29.21021066940009
            ],
            [
              -88.69045360430108,
              29.210211968806913
            ],
            [
              -88.69045508537448,
              29.21030218622957
            ],
            [
              -88.69024941844347,
              29.21030478481587
            ],
            [
              -88.69025089934367,
              29.210395002246806
            ],
            [
              -88.69014806577802,
              29.21039630142629
            ],
            [
              -88.69014954659498,
              29.2104865188607
            ],
            [
              -88.68994387926342,
              29.210489116992317
            ],
            [
              -88.68994535990716,
              29.210579334435007
            ],
            [
              -88.68984252614123,
              29.210580633387142
            ],
            [
              -88.68984400670175,
              29.21067085083333
            ],
            [
              -88.68963833896963,
              29.21067344851025
            ],
            [
              -88.6896398193569,
              29.210763665964702
            ],
            [
              -88.68953698539072,
              29.21076496468948
            ],
            [
              -88.68953846569477,
              29.21085518214742
            ],
            [
              -88.68922996348563,
              29.210859077862278
            ],
            [
              -88.68923144352645,
              29.21094929533327
            ],
            [
              -88.68912860935323,
              29.21095059375173
            ],
            [
              -88.68913008931081,
              29.21104081122621
            ],
            [
              -88.68871875219031,
              29.211046004129425
            ],
            [
              -88.68872023179469,
              29.21113622162173
            ],
            [
              -88.68851456301388,
              29.211138817609065
            ],
            [
              -88.68851604244503,
              29.211229035109625
            ],
            [
              -88.68717919354114,
              29.211245901389667
            ],
            [
              -88.68718067180906,
              29.211336118950975
            ],
            [
              -88.68697500246562,
              29.211338712588258
            ],
            [
              -88.68697648056032,
              29.211428930157833
            ],
            [
              -88.68666797622453,
              29.211432820035775
            ],
            [
              -88.68666945405596,
              29.211523037618374
            ],
            [
              -88.68594960973954,
              29.211532111269598
            ],
            [
              -88.68595108694775,
              29.211622328884282
            ],
            [
              -88.68553974682992,
              29.211627512109505
            ],
            [
              -88.68554122368487,
              29.211717729741974
            ]
          ]
        ]
      },
      "properties": {
        "incident_id": "SP-017",
        "type": "AI-detected-slick",
        "source": "Sentinel-1 SAR",
        "method": "U-Net segmentation + radiometric filtering"
      }
    },
    {
      "type": "Feature",
      "geometry": {
        "type": "Polygon",
        "coordinates": [
          [
            [
              -88.69144637232128,
              29.208033753803225
            ],
            [
              -88.68609914382662,
              29.208101249244326
            ],
            [
              -88.6860976667016,
              29.208011031589034
            ],
            [
              -88.68548067816307,
              29.20801880575668
            ],
            [
              -88.6854792015847,
              29.20792858807151
            ],
            [
              -88.68537637022798,
              29.207929883484994
            ],
            [
              -88.68537489374631,
              29.20783966579377
            ],
            [
              -88.68527206247285,
              29.207840961123516
            ],
            [
              -88.68526910970972,
              29.207660525727693
            ],
            [
              -88.68516627860946,
              29.207661820968962
            ],
            [
              -88.68514561128262,
              29.206398772987523
            ],
            [
              -88.68524844112318,
              29.206397477812967
            ],
            [
              -88.68523663109578,
              29.20567573603431
            ],
            [
              -88.6853394602098,
              29.205674440818935
            ],
            [
              -88.68533503129089,
              29.20540378764502
            ],
            [
              -88.68543786012826,
              29.205402492364975
            ],
            [
              -88.68543638374547,
              29.205312274642534
            ],
            [
              -88.68553921248613,
              29.20531097928831
            ],
            [
              -88.68553625956085,
              29.2051305438491
            ],
            [
              -88.68563908811483,
              29.205129248425454
            ],
            [
              -88.68563761157233,
              29.205039030708686
            ],
            [
              -88.68574044002959,
              29.205037735210848
            ],
            [
              -88.68573896340388,
              29.204947517497565
            ],
            [
              -88.68584179176442,
              29.204946221925542
            ],
            [
              -88.68584031505549,
              29.204856004215735
            ],
            [
              -88.6859431433193,
              29.20485470856953
            ],
            [
              -88.68594166652716,
              29.20476449086321
            ],
            [
              -88.68604449469427,
              29.204763195142817
            ],
            [
              -88.68604301781889,
              29.204672977439976
            ],
            [
              -88.6861458458893,
              29.204671681645397
            ],
            [
              -88.6861443689307,
              29.204581463946035
            ],
            [
              -88.68635002487133,
              29.20457887212957
            ],
            [
              -88.68634854773953,
              29.204488654438464
            ],
            [
              -88.68655420347324,
              29.204486062315738
            ],
            [
              -88.68655272616827,
              29.204395844632874
            ],
            [
              -88.68799231428869,
              29.204377690998164
            ],
            [
              -88.68799083573096,
              29.204287473380816
            ],
            [
              -88.68819649088876,
              29.204284878750773
            ],
            [
              -88.68819501215783,
              29.20419466114169
            ],
            [
              -88.68829783963665,
              29.204193363713024
            ],
            [
              -88.68828600931279,
              29.203471622832197
            ],
            [
              -88.68849166281072,
              29.203469027814407
            ],
            [
              -88.68849018387071,
              29.203378810208065
            ],
            [
              -88.68859301051958,
              29.20337751258552
            ],
            [
              -88.68859153149639,
              29.203287294982673
            ],
            [
              -88.68890001113256,
              29.203283401655693
            ],
            [
              -88.68889853184623,
              29.203193184065878
            ],
            [
              -88.68900135828815,
              29.203191886137105
            ],
            [
              -88.68899987891862,
              29.203101668550776
            ],
            [
              -88.68910270526382,
              29.20310037054783
            ],
            [
              -88.68910122581109,
              29.203010152965003
            ],
            [
              -88.68920405205958,
              29.203008854887884
            ],
            [
              -88.68920257252364,
              29.202918637308542
            ],
            [
              -88.6893053986754,
              29.202917339157256
            ],
            [
              -88.68930243944389,
              29.20273690400427
            ],
            [
              -88.689405265409,
              29.202735605783587
            ],
            [
              -88.68940230602459,
              29.20255517063502
            ],
            [
              -88.68960795757467,
              29.202552573975943
            ],
            [
              -88.6896064777127,
              29.202462356409285
            ],
            [
              -88.6900177803719,
              29.20245716216292
            ],
            [
              -88.69001926059369,
              29.20254737971046
            ],
            [
              -88.69022491206263,
              29.202544782104063
            ],
            [
              -88.69022639247109,
              29.20263499964078
            ],
            [
              -88.69043204409289,
              29.202632401709053
            ],
            [
              -88.69043352468803,
              29.20272261923491
            ],
            [
              -88.6908448282103,
              29.202717422405016
            ],
            [
              -88.69084630917204,
              29.202807639910475
            ],
            [
              -88.69105196107249,
              29.202805041012304
            ],
            [
              -88.69105344222092,
              29.20289525850692
            ],
            [
              -88.69125909427423,
              29.20289265928341
            ],
            [
              -88.69126057560935,
              29.202982876767166
            ],
            [
              -88.6913634017158,
              29.20298157703222
            ],
            [
              -88.69136488314763,
              29.20307179450991
            ],
            [
              -88.69146770933729,
              29.20307049469123
            ],
            [
              -88.69147956175527,
              29.20379223442825
            ],
            [
              -88.69158238865784,
              29.20379093449236
            ],
            [
              -88.69164907062918,
              29.20785071876471
            ],
            [
              -88.6915462396779,
              29.207852018915823
            ],
            [
              -88.69154772156521,
              29.20794223631931
            ],
            [
              -88.69144489051719,
              29.20794353639624
            ],
            [
              -88.69144637232128,
              29.208033753803225
            ]
          ]
        ]
      },
      "properties": {
        "incident_id": "SP-017",
        "type": "AI-detected-slick",
        "source": "Sentinel-1 SAR",
        "method": "U-Net segmentation + radiometric filtering"
      }
    },
    {
      "type": "Feature",
      "geometry": {
        "type": "Polygon",
        "coordinates": [
          [
            [
              -88.83851652714812,
              29.201942883001802
            ],
            [
              -88.8383108933385,
              29.201945708395655
            ],
            [
              -88.83830928331577,
              29.201855498059675
            ],
            [
              -88.83800083281596,
              29.201859735542957
            ],
            [
              -88.83799761333213,
              29.20167931483593
            ],
            [
              -88.837894796664,
              29.201680727162124
            ],
            [
              -88.83788996776318,
              29.201410096076273
            ],
            [
              -88.83799278416154,
              29.201408683765663
            ],
            [
              -88.83799117445271,
              29.201318473406307
            ],
            [
              -88.8380939907538,
              29.201317061021978
            ],
            [
              -88.83809077117836,
              29.20113664030977
            ],
            [
              -88.83819358729225,
              29.20113522785691
            ],
            [
              -88.83819197742564,
              29.201045017504054
            ],
            [
              -88.83829479344224,
              29.201043604977485
            ],
            [
              -88.83829157355125,
              29.200863184278273
            ],
            [
              -88.83849720520273,
              29.20086035900917
            ],
            [
              -88.83849559508842,
              29.200770148668006
            ],
            [
              -88.8385984108132,
              29.20076873592027
            ],
            [
              -88.83859680061633,
              29.200678525583022
            ],
            [
              -88.83869961624383,
              29.200677112761575
            ],
            [
              -88.83869639569231,
              29.200496692093562
            ],
            [
              -88.83879921113262,
              29.200495279203594
            ],
            [
              -88.83879438009077,
              29.200224648207435
            ],
            [
              -88.83889719525398,
              29.20022323525415
            ],
            [
              -88.83889397441635,
              29.200042814593957
            ],
            [
              -88.83899678939237,
              29.20004140157215
            ],
            [
              -88.83899356840433,
              29.19986098091717
            ],
            [
              -88.83909638319317,
              29.199859567826856
            ],
            [
              -88.83909316205472,
              29.19967914717707
            ],
            [
              -88.83919597665636,
              29.199677734018234
            ],
            [
              -88.83919436600826,
              29.199587523696604
            ],
            [
              -88.83929718051263,
              29.199586110464054
            ],
            [
              -88.83929395905868,
              29.199405689827298
            ],
            [
              -88.83939677337587,
              29.199404276526227
            ],
            [
              -88.83939516257,
              29.199314066211095
            ],
            [
              -88.83949797678993,
              29.199312652836333
            ],
            [
              -88.83949636590151,
              29.19922244252511
            ],
            [
              -88.83959918002415,
              29.199221029076632
            ],
            [
              -88.83959756905318,
              29.199130818769298
            ],
            [
              -88.83970038307855,
              29.199129405247117
            ],
            [
              -88.83969877202505,
              29.19903919494369
            ],
            [
              -88.83980158595314,
              29.199037781347798
            ],
            [
              -88.83979997481707,
              29.198947571048286
            ],
            [
              -88.8399027886479,
              29.198946157378675
            ],
            [
              -88.83990117742928,
              29.198855947083047
            ],
            [
              -88.84000399116283,
              29.19885453333974
            ],
            [
              -88.84000237986166,
              29.19876432304803
            ],
            [
              -88.84010519349793,
              29.19876290923101
            ],
            [
              -88.84010358211422,
              29.198672698943202
            ],
            [
              -88.84020639565324,
              29.198671285052484
            ],
            [
              -88.84020478418697,
              29.198581074768565
            ],
            [
              -88.84030759762871,
              29.198579660804146
            ],
            [
              -88.84030437453845,
              29.198399240242836
            ],
            [
              -88.840407187793,
              29.198397826209916
            ],
            [
              -88.84040396455237,
              29.19821740565382
            ],
            [
              -88.84050677761974,
              29.19821599155239
            ],
            [
              -88.84050516592056,
              29.198125781277604
            ],
            [
              -88.84060797889066,
              29.198124367102466
            ],
            [
              -88.84060636710895,
              29.198034156831575
            ],
            [
              -88.84070917998179,
              29.198032742582747
            ],
            [
              -88.84070756811751,
              29.19794253231576
            ],
            [
              -88.84091319366128,
              29.197939703591768
            ],
            [
              -88.84091158162457,
              29.197849493333905
            ],
            [
              -88.8410143942955,
              29.197848078858755
            ],
            [
              -88.84101278217624,
              29.19775786860479
            ],
            [
              -88.8412184073162,
              29.197755039428184
            ],
            [
              -88.8412167950245,
              29.19766482918334
            ],
            [
              -88.84131960749352,
              29.197663414481884
            ],
            [
              -88.84131799511928,
              29.19757320424094
            ],
            [
              -88.84142080749103,
              29.197571789465787
            ],
            [
              -88.84141597014276,
              29.19730115875079
            ],
            [
              -88.84110753381454,
              29.197305402792693
            ],
            [
              -88.84110592164956,
              29.197215192536152
            ],
            [
              -88.84120873367642,
              29.197213777939623
            ],
            [
              -88.84120712142891,
              29.197123567686983
            ],
            [
              -88.84130993335852,
              29.197122153016757
            ],
            [
              -88.84130832102846,
              29.19703194276802
            ],
            [
              -88.84161675650337,
              29.197027698299554
            ],
            [
              -88.84161998171027,
              29.19720811876449
            ],
            [
              -88.84172279370031,
              29.197206703773443
            ],
            [
              -88.84172440640471,
              29.197296913998745
            ],
            [
              -88.8419300305425,
              29.197294083769542
            ],
            [
              -88.8419284176583,
              29.19720387355465
            ],
            [
              -88.84223685354002,
              29.197199627634678
            ],
            [
              -88.84223524039346,
              29.197109417434103
            ],
            [
              -88.84233805224939,
              29.197108001974843
            ],
            [
              -88.84233643902031,
              29.197017791778173
            ],
            [
              -88.84243925077898,
              29.197016376245234
            ],
            [
              -88.84243763746737,
              29.196926166052485
            ],
            [
              -88.84254044912876,
              29.19692475044583
            ],
            [
              -88.84253883573462,
              29.19683454025699
            ],
            [
              -88.84264164729873,
              29.196833124576653
            ],
            [
              -88.84263842035276,
              29.1966527042055
            ],
            [
              -88.8427412317297,
              29.19665128845668
            ],
            [
              -88.84273639109631,
              29.196380657905824
            ],
            [
              -88.84283920219619,
              29.19637924209373
            ],
            [
              -88.84283597496432,
              29.19619882173043
            ],
            [
              -88.84293878587704,
              29.196197405849848
            ],
            [
              -88.84293555849486,
              29.19601698549177
            ],
            [
              -88.8430383692204,
              29.196015569542713
            ],
            [
              -88.84303675545047,
              29.19592535936694
            ],
            [
              -88.84313956607872,
              29.195923943344194
            ],
            [
              -88.84313795222627,
              29.19583373317234
            ],
            [
              -88.84324076275729,
              29.195832317075904
            ],
            [
              -88.8432343070616,
              29.195471476396317
            ],
            [
              -88.8431314968902,
              29.195472892471905
            ],
            [
              -88.84312826926639,
              29.1952924721139
            ],
            [
              -88.84323107925802,
              29.19529105604873
            ],
            [
              -88.84322946536727,
              29.195200845872996
            ],
            [
              -88.84333227526164,
              29.195199429734135
            ],
            [
              -88.84333066128838,
              29.195109219562298
            ],
            [
              -88.84343347108548,
              29.195107803349764
            ],
            [
              -88.8434318570297,
              29.19501759318186
            ],
            [
              -88.84363747642197,
              29.195014760530498
            ],
            [
              -88.84363586219379,
              29.194924550371713
            ],
            [
              -88.84394429095723,
              29.194920300818602
            ],
            [
              -88.84394267646674,
              29.194830090674152
            ],
            [
              -88.84425110489411,
              29.19482584042663
            ],
            [
              -88.84424949014132,
              29.194735630296524
            ],
            [
              -88.84445510887626,
              29.194732796414115
            ],
            [
              -88.84445349395105,
              29.19464258629313
            ],
            [
              -88.8446591124767,
              29.194639752105587
            ],
            [
              -88.84465749737909,
              29.194549541993737
            ],
            [
              -88.84527435223956,
              29.19454103756891
            ],
            [
              -88.84527273660999,
              29.194450827487053
            ],
            [
              -88.845478354658,
              29.19444799205805
            ],
            [
              -88.84547673885602,
              29.19435778198534
            ],
            [
              -88.84568235669472,
              29.1943549462512
            ],
            [
              -88.84568074072037,
              29.194264736187606
            ],
            [
              -88.84588635834976,
              29.194261900148337
            ],
            [
              -88.84588474220301,
              29.19417169009389
            ],
            [
              -88.84609035962309,
              29.19416885374947
            ],
            [
              -88.84608874330394,
              29.19407864370417
            ],
            [
              -88.84639716910903,
              29.19407438861151
            ],
            [
              -88.8463955525276,
              29.193984178580564
            ],
            [
              -88.84649836102463,
              29.19398276006378
            ],
            [
              -88.84649674436069,
              29.193892550036747
            ],
            [
              -88.84670236115284,
              29.19388971277694
            ],
            [
              -88.84670074431651,
              29.193799502759056
            ],
            [
              -88.84690636089934,
              29.19379666519412
            ],
            [
              -88.84690474389063,
              29.193706455185385
            ],
            [
              -88.84711036026413,
              29.19370361731532
            ],
            [
              -88.84710874308306,
              29.193613407315716
            ],
            [
              -88.84721155116883,
              29.19361198826758
            ],
            [
              -88.84721316843981,
              29.19370219826196
            ],
            [
              -88.84762440106859,
              29.193696521259586
            ],
            [
              -88.84762601870649,
              29.193786731231786
            ],
            [
              -88.84814005977563,
              29.193779633177655
            ],
            [
              -88.84814167787036,
              29.193869843122428
            ],
            [
              -88.8482444861519,
              29.193868423269706
            ],
            [
              -88.8482461043439,
              29.193958633207966
            ],
            [
              -88.84834891270793,
              29.193957213271123
            ],
            [
              -88.84835053099722,
              29.19404742320285
            ],
            [
              -88.84845333944375,
              29.19404600318189
            ],
            [
              -88.84845657622428,
              29.194226423030994
            ],
            [
              -88.8485593848432,
              29.194225002920703
            ],
            [
              -88.84856262183308,
              29.194405422754162
            ],
            [
              -88.84866543062437,
              29.19440400255452
            ],
            [
              -88.84866866782359,
              29.194584422372344
            ],
            [
              -88.84877147678728,
              29.19458300208335
            ],
            [
              -88.84877309548787,
              29.194673211985098
            ],
            [
              -88.84867028643431,
              29.194674632279302
            ],
            [
              -88.84867676095108,
              29.195035471894172
            ],
            [
              -88.84857395153055,
              29.195036892130396
            ],
            [
              -88.84857718865352,
              29.1952173119405
            ],
            [
              -88.84847437904581,
              29.19521873210827
            ],
            [
              -88.84847761601857,
              29.195399151923624
            ],
            [
              -88.84837480622369,
              29.195400572022958
            ],
            [
              -88.84837642463125,
              29.195490781933916
            ],
            [
              -88.8482736147391,
              29.195492201959574
            ],
            [
              -88.84827685139663,
              29.19567262178804
            ],
            [
              -88.8481740413173,
              29.195674041745253
            ],
            [
              -88.84817565956725,
              29.19576425166276
            ],
            [
              -88.8480728493906,
              29.195765671546305
            ],
            [
              -88.84807446755808,
              29.19585588146773
            ],
            [
              -88.84797165728415,
              29.1958573012776
            ],
            [
              -88.8479732753691,
              29.195947511202952
            ],
            [
              -88.84776765461928,
              29.195950350596455
            ],
            [
              -88.84776927253183,
              29.196040560530964
            ],
            [
              -88.84756365157266,
              29.19604339961931
            ],
            [
              -88.84756526931281,
              29.196133609562967
            ],
            [
              -88.84746245873224,
              29.196135028994007
            ],
            [
              -88.8474640763899,
              29.196225238941587
            ],
            [
              -88.84725845502679,
              29.19622807757743
            ],
            [
              -88.84726007251203,
              29.196318287534158
            ],
            [
              -88.84705445093958,
              29.196321125864845
            ],
            [
              -88.84705606825241,
              29.19641133583072
            ],
            [
              -88.8469532573652,
              29.19641275488293
            ],
            [
              -88.84695487459553,
              29.196502964852726
            ],
            [
              -88.84685206361104,
              29.19650438383126
            ],
            [
              -88.84685368075884,
              29.19659459380499
            ],
            [
              -88.84695649183324,
              29.196593174821235
            ],
            [
              -88.84696296085798,
              29.196954014682216
            ],
            [
              -88.84686014942397,
              29.196955433686867
            ],
            [
              -88.84686176660873,
              29.19704564365409
            ],
            [
              -88.84675895507745,
              29.197047062585046
            ],
            [
              -88.84676057217969,
              29.1971372725562
            ],
            [
              -88.84665776055111,
              29.197138691413475
            ],
            [
              -88.84665937757083,
              29.197228901388545
            ],
            [
              -88.84655656584498,
              29.197230320172146
            ],
            [
              -88.84655818278219,
              29.19732053015113
            ],
            [
              -88.84583849986504,
              29.197330459463572
            ],
            [
              -88.84584011618031,
              29.197420669477804
            ],
            [
              -88.84563449224343,
              29.197423505724522
            ],
            [
              -88.84563772453652,
              29.19760392576995
            ],
            [
              -88.8455349123772,
              29.19760534378539
            ],
            [
              -88.84553976060249,
              29.197875973859436
            ],
            [
              -88.84564257303153,
              29.19787455582835
            ],
            [
              -88.84564742159297,
              29.198145185875074
            ],
            [
              -88.84554460889422,
              29.198146603921813
            ],
            [
              -88.84554622500623,
              29.19823681394001
            ],
            [
              -88.84544341221019,
              29.198238231913066
            ],
            [
              -88.84544664427654,
              29.198418651955997
            ],
            [
              -88.84524101830267,
              29.198421487686254
            ],
            [
              -88.8452426341671,
              29.198511697716206
            ],
            [
              -88.8450370079839,
              29.198514533141267
            ],
            [
              -88.8450386236759,
              29.198604743180358
            ],
            [
              -88.84493581048332,
              29.198606160779743
            ],
            [
              -88.8449374260928,
              29.19869637082274
            ],
            [
              -88.84483461280293,
              29.198697788348433
            ],
            [
              -88.84483622832987,
              29.198787998395353
            ],
            [
              -88.8441165344648,
              29.198797918902308
            ],
            [
              -88.84411491956723,
              29.19870770881889
            ],
            [
              -88.84380647949841,
              29.198711959265477
            ],
            [
              -88.84380809412626,
              29.198802169364523
            ],
            [
              -88.84370528066532,
              29.198803586027452
            ],
            [
              -88.84370689521062,
              29.198893796130434
            ],
            [
              -88.84350126808681,
              29.198896629229978
            ],
            [
              -88.84350611122753,
              29.19916725956237
            ],
            [
              -88.84360892506285,
              29.199165843036415
            ],
            [
              -88.84361053954775,
              29.199256053139397
            ],
            [
              -88.8438161673761,
              29.199253219840333
            ],
            [
              -88.84381939672768,
              29.19943364002158
            ],
            [
              -88.84371658263736,
              29.199435056720983
            ],
            [
              -88.8437181972343,
              29.19952526681487
            ],
            [
              -88.84351256885172,
              29.199528099987383
            ],
            [
              -88.8435141832762,
              29.199618310090386
            ],
            [
              -88.8433085546843,
              29.199621142957675
            ],
            [
              -88.84331016893634,
              29.199711353069812
            ],
            [
              -88.84300172572343,
              29.19971560179454
            ],
            [
              -88.84300333971309,
              29.19980581192102
            ],
            [
              -88.84279771068779,
              29.19980864402004
            ],
            [
              -88.84279932450501,
              29.19989885415563
            ],
            [
              -88.84269650989138,
              29.199900270091987
            ],
            [
              -88.84269812362604,
              29.19999048023148
            ],
            [
              -88.84259530891512,
              29.199991896094126
            ],
            [
              -88.84259692256725,
              29.200082106237545
            ],
            [
              -88.84249410775907,
              29.200083522026496
            ],
            [
              -88.84249572132863,
              29.20017373217381
            ],
            [
              -88.84208446166248,
              29.20017939456131
            ],
            [
              -88.84208607487976,
              29.20026960472816
            ],
            [
              -88.84198325985489,
              29.200271020132963
            ],
            [
              -88.84198164672752,
              29.200180809960905
            ],
            [
              -88.8418788317852,
              29.20018222528158
            ],
            [
              -88.84188044482264,
              29.200272435458846
            ],
            [
              -88.84177762978302,
              29.20027385070583
            ],
            [
              -88.84177924273791,
              29.20036406088702
            ],
            [
              -88.84157361245674,
              29.200366891154637
            ],
            [
              -88.84157683802897,
              29.200547311533917
            ],
            [
              -88.84137120735865,
              29.20055014150671
            ],
            [
              -88.84137281997597,
              29.200640351704823
            ],
            [
              -88.84106437364551,
              29.20064459608777
            ],
            [
              -88.84106598600044,
              29.20073480630019
            ],
            [
              -88.84034627700882,
              29.20074470713482
            ],
            [
              -88.84034788874169,
              29.20083491738238
            ],
            [
              -88.84003944165077,
              29.20083915942911
            ],
            [
              -88.84004105312125,
              29.20092936969098
            ],
            [
              -88.83983542151067,
              29.200932197337952
            ],
            [
              -88.83983703280866,
              29.201022407608914
            ],
            [
              -88.8397342169024,
              29.201023821319225
            ],
            [
              -88.83973582811784,
              29.201114031594095
            ],
            [
              -88.83963301211429,
              29.201115445230695
            ],
            [
              -88.83963462324715,
              29.20120565550948
            ],
            [
              -88.83953180714634,
              29.20120706907237
            ],
            [
              -88.83953341819665,
              29.201297279355042
            ],
            [
              -88.83943060199856,
              29.201298692844208
            ],
            [
              -88.83943221296629,
              29.201388903130795
            ],
            [
              -88.83932939667092,
              29.201390316546235
            ],
            [
              -88.8393310075561,
              29.20148052683672
            ],
            [
              -88.83922819116343,
              29.201481940178457
            ],
            [
              -88.83923141277602,
              29.20166236076592
            ],
            [
              -88.83902577960893,
              29.201665187233438
            ],
            [
              -88.83902739024641,
              29.20175539753563
            ],
            [
              -88.83892457356191,
              29.20175681065621
            ],
            [
              -88.83892618411683,
              29.201847020962294
            ],
            [
              -88.83851491694556,
              29.201852672676225
            ],
            [
              -88.83851652714812,
              29.201942883001802
            ]
          ]
        ]
      },
      "properties": {
        "incident_id": "SP-017",
        "type": "AI-detected-slick",
        "source": "Sentinel-1 SAR",
        "method": "U-Net segmentation + radiometric filtering"
      }
    },
    {
      "type": "Feature",
      "geometry": {
        "type": "Polygon",
        "coordinates": [
          [
            [
              -88.70948370360519,
              29.191742529041104
            ],
            [
              -88.70938088968116,
              29.191743842238207
            ],
            [
              -88.7093793931682,
              29.19165362545321
            ],
            [
              -88.70917376547945,
              29.191656251601042
            ],
            [
              -88.70917226915314,
              29.191566034805096
            ],
            [
              -88.70896664161684,
              29.191568660627638
            ],
            [
              -88.70896514547718,
              29.191478443820742
            ],
            [
              -88.70865670439119,
              29.191482381948276
            ],
            [
              -88.70865520852806,
              29.1913921651256
            ],
            [
              -88.70855239490896,
              29.191393477672136
            ],
            [
              -88.70854940338302,
              29.191213044013256
            ],
            [
              -88.7086522168223,
              29.19121173147638
            ],
            [
              -88.70864922514387,
              29.19103129782203
            ],
            [
              -88.70875203839653,
              29.19102998521591
            ],
            [
              -88.70875054247767,
              29.190939768391626
            ],
            [
              -88.7088533556336,
              29.190938455711425
            ],
            [
              -88.70885185963166,
              29.19084823889069
            ],
            [
              -88.70895467269084,
              29.190846926136427
            ],
            [
              -88.7089516805277,
              29.19066649250076
            ],
            [
              -88.70905449340026,
              29.190665179677257
            ],
            [
              -88.70905299723904,
              29.190574962862325
            ],
            [
              -88.70915581001485,
              29.19057364996475
            ],
            [
              -88.70915431377057,
              29.190483433153368
            ],
            [
              -88.70925712644964,
              29.19048212018172
            ],
            [
              -88.7092556301223,
              29.19039190337388
            ],
            [
              -88.70935844270464,
              29.19039059032816
            ],
            [
              -88.70935544989067,
              29.190210156718283
            ],
            [
              -88.70945826228639,
              29.190208843603333
            ],
            [
              -88.70945676579976,
              29.190118626801294
            ],
            [
              -88.70955957809875,
              29.190117313612287
            ],
            [
              -88.70955508841018,
              29.189846663212943
            ],
            [
              -88.70965790043265,
              29.18984534995953
            ],
            [
              -88.70965640379357,
              29.189755133162002
            ],
            [
              -88.70975921571929,
              29.189753819834515
            ],
            [
              -88.70975771899717,
              29.189663603040547
            ],
            [
              -88.70986053082615,
              29.189662289638996
            ],
            [
              -88.70985753722263,
              29.18948185605685
            ],
            [
              -88.709960348865,
              29.18948054258607
            ],
            [
              -88.70995136767918,
              29.188939241837787
            ],
            [
              -88.70984855657618,
              29.18894055527957
            ],
            [
              -88.70984556308207,
              29.18876012167685
            ],
            [
              -88.709742752152,
              29.188761435030063
            ],
            [
              -88.7097412555051,
              29.188671218221945
            ],
            [
              -88.70963844465808,
              29.188672531491424
            ],
            [
              -88.7096369481079,
              29.188582314677184
            ],
            [
              -88.70943132657314,
              29.1885849409698
            ],
            [
              -88.70942983020957,
              29.188494724144604
            ],
            [
              -88.70932701952182,
              29.18849603716773
            ],
            [
              -88.70932552325499,
              29.188405820336424
            ],
            [
              -88.70901709142039,
              29.188409758917963
            ],
            [
              -88.70901559543006,
              29.188319542070857
            ],
            [
              -88.70891278489475,
              29.188320854768747
            ],
            [
              -88.70891128900114,
              29.188230637915535
            ],
            [
              -88.70880847854889,
              29.18823195052971
            ],
            [
              -88.708806982752,
              29.188141733670367
            ],
            [
              -88.70870417238278,
              29.188143046200814
            ],
            [
              -88.70870267668262,
              29.188052829335355
            ],
            [
              -88.70859986639647,
              29.18805414178207
            ],
            [
              -88.70859837079301,
              29.187963924910513
            ],
            [
              -88.70849556058992,
              29.18796523727349
            ],
            [
              -88.7084940650832,
              29.187875020395825
            ],
            [
              -88.70839125496315,
              29.18787633267509
            ],
            [
              -88.70838975955314,
              29.187786115791283
            ],
            [
              -88.70828694951616,
              29.187787427986837
            ],
            [
              -88.70828545420287,
              29.187697211096925
            ],
            [
              -88.70818264424894,
              29.187698523208738
            ],
            [
              -88.70818114903236,
              29.18760830631271
            ],
            [
              -88.70807833916147,
              29.187609618340815
            ],
            [
              -88.7080738538224,
              29.187338967630524
            ],
            [
              -88.70797104421435,
              29.18734027956524
            ],
            [
              -88.70796057929144,
              29.186708761162397
            ],
            [
              -88.70806338827032,
              29.18670744926146
            ],
            [
              -88.70806039817406,
              29.186527015430155
            ],
            [
              -88.70816320696635,
              29.186525703460006
            ],
            [
              -88.70816021671764,
              29.1863452696332
            ],
            [
              -88.70826302532333,
              29.18634395759381
            ],
            [
              -88.70826153011936,
              29.186253740683302
            ],
            [
              -88.70836433862834,
              29.18625242856986
            ],
            [
              -88.70836284334132,
              29.186162211662904
            ],
            [
              -88.70846565175358,
              29.186160899475396
            ],
            [
              -88.70846415638351,
              29.18607068257198
            ],
            [
              -88.70856696469907,
              29.186069370310417
            ],
            [
              -88.70856546924595,
              29.18597915341055
            ],
            [
              -88.7086682774648,
              29.185977841074926
            ],
            [
              -88.70866678192863,
              29.1858876241786
            ],
            [
              -88.70876959005078,
              29.185886311768925
            ],
            [
              -88.70876809443156,
              29.18579609487613
            ],
            [
              -88.708870902457,
              29.185794782392406
            ],
            [
              -88.70886940675473,
              29.185704565503165
            ],
            [
              -88.70907502260535,
              29.185701940308697
            ],
            [
              -88.70907352673018,
              29.185611723427833
            ],
            [
              -88.70917633455535,
              29.185610410717103
            ],
            [
              -88.70917483859712,
              29.185520193839782
            ],
            [
              -88.7092776463256,
              29.185518881054996
            ],
            [
              -88.70927615028434,
              29.18542866418122
            ],
            [
              -88.70937895791609,
              29.185427351322392
            ],
            [
              -88.7093774617918,
              29.18533713445217
            ],
            [
              -88.70958307685504,
              29.18533450850749
            ],
            [
              -88.70958158055784,
              29.18524429164564
            ],
            [
              -88.709787195414,
              29.185241665395093
            ],
            [
              -88.70978569894388,
              29.185151448541625
            ],
            [
              -88.70999131359292,
              29.18514882198521
            ],
            [
              -88.7099898169499,
              29.18505860514013
            ],
            [
              -88.71019543139185,
              29.185055978277845
            ],
            [
              -88.71019393457593,
              29.184965761441145
            ],
            [
              -88.71060516301826,
              29.184960506789313
            ],
            [
              -88.71060366584966,
              29.184870289970654
            ],
            [
              -88.71194015636291,
              29.18485320369846
            ],
            [
              -88.71194165469984,
              29.18494342045423
            ],
            [
              -88.71214726870203,
              29.18494079060405
            ],
            [
              -88.71214876722554,
              29.185031007348847
            ],
            [
              -88.71225157430625,
              29.185029692300578
            ],
            [
              -88.71225457155359,
              29.18521012577663
            ],
            [
              -88.71235737880718,
              29.18520881063981
            ],
            [
              -88.7123648724947,
              29.185659894283226
            ],
            [
              -88.71246768019083,
              29.185658579043324
            ],
            [
              -88.71247067789352,
              29.18583901248201
            ],
            [
              -88.71257348576255,
              29.185837697153534
            ],
            [
              -88.71257498471405,
              29.18592791386609
            ],
            [
              -88.71267779266611,
              29.18592659845389
            ],
            [
              -88.71267929171432,
              29.186016815160333
            ],
            [
              -88.71278209974942,
              29.186015499664393
            ],
            [
              -88.71278359889436,
              29.186105716364704
            ],
            [
              -88.71288640701248,
              29.18610440078504
            ],
            [
              -88.71288790625415,
              29.186194617479227
            ],
            [
              -88.7129907144553,
              29.186193301815837
            ],
            [
              -88.7129922137937,
              29.186283518503885
            ],
            [
              -88.71319783035518,
              29.186280886930764
            ],
            [
              -88.7131993298802,
              29.186371103607847
            ],
            [
              -88.71340494659403,
              29.186368471709475
            ],
            [
              -88.71340644630564,
              29.18645868837559
            ],
            [
              -88.71361206317184,
              29.18645605615198
            ],
            [
              -88.71361356307006,
              29.186546272807107
            ],
            [
              -88.71381918008859,
              29.186543640258265
            ],
            [
              -88.71382068017344,
              29.186633856902425
            ],
            [
              -88.71402629734432,
              29.18663122402834
            ],
            [
              -88.71402779761577,
              29.186721440661515
            ],
            [
              -88.71423341493899,
              29.186718807462185
            ],
            [
              -88.71423491539706,
              29.18680902408439
            ],
            [
              -88.71433772413828,
              29.186807707361538
            ],
            [
              -88.71433922469308,
              29.186897923977604
            ],
            [
              -88.7144420335173,
              29.186896607171025
            ],
            [
              -88.71444503482726,
              29.187077040389614
            ],
            [
              -88.7145478438244,
              29.187075723494445
            ],
            [
              -88.71455084534155,
              29.187256156698194
            ],
            [
              -88.71465365451158,
              29.18725483971444
            ],
            [
              -88.71465665623593,
              29.187435272903343
            ],
            [
              -88.71455384688612,
              29.187436589896777
            ],
            [
              -88.71456135086754,
              29.18788767287075
            ],
            [
              -88.71466416066677,
              29.187886355853074
            ],
            [
              -88.71466716248712,
              29.188066789023956
            ],
            [
              -88.71476997245925,
              29.188065471917692
            ],
            [
              -88.7147714734696,
              29.188155688496348
            ],
            [
              -88.7149770935731,
              29.18815305403745
            ],
            [
              -88.71497859477006,
              29.18824327060513
            ],
            [
              -88.7151842150259,
              29.18824063582095
            ],
            [
              -88.71518571640951,
              29.188330852377653
            ],
            [
              -88.71528852661702,
              29.188329534862373
            ],
            [
              -88.71529002809737,
              29.18841975141293
            ],
            [
              -88.7153928383879,
              29.188418433813915
            ],
            [
              -88.715394339965,
              29.188508650358347
            ],
            [
              -88.71549715033856,
              29.188507332675577
            ],
            [
              -88.71550015369314,
              29.18868776575087
            ],
            [
              -88.71560296423962,
              29.188686447979517
            ],
            [
              -88.71561948416911,
              29.18967882974822
            ],
            [
              -88.71572229569753,
              29.189677511844614
            ],
            [
              -88.71572529959005,
              29.189857944867047
            ],
            [
              -88.7158281112914,
              29.189856626874843
            ],
            [
              -88.71582961333786,
              29.189946843379275
            ],
            [
              -88.71593242512223,
              29.18994552530332
            ],
            [
              -88.71593392726544,
              29.190035741801623
            ],
            [
              -88.71603673913286,
              29.190034423641922
            ],
            [
              -88.71603824137283,
              29.19012464013407
            ],
            [
              -88.71614105332327,
              29.19012332189062
            ],
            [
              -88.71614255565999,
              29.19021353837664
            ],
            [
              -88.71634817972009,
              29.19021090164333
            ],
            [
              -88.71634968224346,
              29.190301118118363
            ],
            [
              -88.71665811855179,
              29.190297162412108
            ],
            [
              -88.71665962135172,
              29.190387378871282
            ],
            [
              -88.71686524570275,
              29.190384741329577
            ],
            [
              -88.71686674868933,
              29.190474957777752
            ],
            [
              -88.71707237319268,
              29.190472319910743
            ],
            [
              -88.71707387636593,
              29.190562536347926
            ],
            [
              -88.71717668869721,
              29.19056121729121
            ],
            [
              -88.71717969524411,
              29.190741650152017
            ],
            [
              -88.7172825077483,
              29.19074033100669
            ],
            [
              -88.71728701788987,
              29.1910109802737
            ],
            [
              -88.7173898306569,
              29.1910096610349
            ],
            [
              -88.71740185872252,
              29.19173139231809
            ],
            [
              -88.71729904523629,
              29.191732711595723
            ],
            [
              -88.7173005486855,
              29.19182292800518
            ],
            [
              -88.7171977351025,
              29.19182424720876
            ],
            [
              -88.71719923846868,
              29.191914463621785
            ],
            [
              -88.7170964247889,
              29.191915782751312
            ],
            [
              -88.71709792807205,
              29.19200599916791
            ],
            [
              -88.71699511429551,
              29.19200731822339
            ],
            [
              -88.71699661749561,
              29.19209753464355
            ],
            [
              -88.71689380362231,
              29.19209885362498
            ],
            [
              -88.71689530673937,
              29.19218907004871
            ],
            [
              -88.71679249276929,
              29.192190388956085
            ],
            [
              -88.71679399580331,
              29.192280605383367
            ],
            [
              -88.71669118173648,
              29.192281924216694
            ],
            [
              -88.71669418764532,
              29.192462357077126
            ],
            [
              -88.71659137339178,
              29.192463675841246
            ],
            [
              -88.7165928762666,
              29.192553892274386
            ],
            [
              -88.7164900619163,
              29.192555210964453
            ],
            [
              -88.7164915647081,
              29.19264542740116
            ],
            [
              -88.71638875026102,
              29.192646746017175
            ],
            [
              -88.71639025296975,
              29.19273696245745
            ],
            [
              -88.71628743842591,
              29.1927382809994
            ],
            [
              -88.7162889410516,
              29.192828497443234
            ],
            [
              -88.71618612641097,
              29.19282981591114
            ],
            [
              -88.71618762895363,
              29.19292003235854
            ],
            [
              -88.71608481421623,
              29.192921350752385
            ],
            [
              -88.71608631667584,
              29.19301156720335
            ],
            [
              -88.71588068700065,
              29.19301420376402
            ],
            [
              -88.71588218928731,
              29.193104420223396
            ],
            [
              -88.7157793743495,
              29.193105738390212
            ],
            [
              -88.71578087655311,
              29.19319595485316
            ],
            [
              -88.71567806151855,
              29.193197272945927
            ],
            [
              -88.7156795636391,
              29.19328748941243
            ],
            [
              -88.71557674850776,
              29.193288807431134
            ],
            [
              -88.71557825054528,
              29.1933790239012
            ],
            [
              -88.71547543531715,
              29.19338034184584
            ],
            [
              -88.71547693727163,
              29.193470558319483
            ],
            [
              -88.71537412194674,
              29.19347187619007
            ],
            [
              -88.71537562381815,
              29.193562092667253
            ],
            [
              -88.71516999296796,
              29.19356472818139
            ],
            [
              -88.71517299637175,
              29.193745161151316
            ],
            [
              -88.71496736513446,
              29.193747796369205
            ],
            [
              -88.71496886666682,
              29.193838012861928
            ],
            [
              -88.71486605094798,
              29.193839330357356
            ],
            [
              -88.71486755239728,
              29.193929546853642
            ],
            [
              -88.71476473658167,
              29.193930864275
            ],
            [
              -88.71476623794793,
              29.19402108077486
            ],
            [
              -88.71466342203553,
              29.194022398122165
            ],
            [
              -88.71466492331872,
              29.194112614625567
            ],
            [
              -88.71456210730958,
              29.1941139318988
            ],
            [
              -88.7145636085097,
              29.194204148405767
            ],
            [
              -88.71446079240378,
              29.19420546560493
            ],
            [
              -88.71446229352087,
              29.194295682115456
            ],
            [
              -88.71435947731815,
              29.194296999240557
            ],
            [
              -88.71436097835219,
              29.19438721575465
            ],
            [
              -88.71415534574638,
              29.194389849777814
            ],
            [
              -88.71415684660744,
              29.194480066300304
            ],
            [
              -88.71395121379437,
              29.1944827000175
            ],
            [
              -88.71395271448245,
              29.194572916548402
            ],
            [
              -88.71384989797572,
              29.19457423329348
            ],
            [
              -88.71385139858074,
              29.194664449827933
            ],
            [
              -88.71364576536688,
              29.194667083091034
            ],
            [
              -88.71364726579891,
              29.19475729963389
            ],
            [
              -88.71354444909177,
              29.194758616151912
            ],
            [
              -88.71354594944076,
              29.19484883269832
            ],
            [
              -88.71334031582609,
              29.194851465507305
            ],
            [
              -88.7133418160021,
              29.194941682062126
            ],
            [
              -88.71323899909457,
              29.194942998353092
            ],
            [
              -88.7132404991875,
              29.195033214911465
            ],
            [
              -88.71303486517205,
              29.195035847266336
            ],
            [
              -88.71303636509201,
              29.195126063833108
            ],
            [
              -88.71293354798408,
              29.195127379897006
            ],
            [
              -88.71293504782096,
              29.195217596467348
            ],
            [
              -88.71272941340473,
              29.195220228368083
            ],
            [
              -88.71273091306863,
              29.195310444946816
            ],
            [
              -88.71262809576031,
              29.195311760783653
            ],
            [
              -88.71262959534114,
              29.19540197736593
            ],
            [
              -88.7124239605241,
              29.195404608812538
            ],
            [
              -88.71242545993195,
              29.195494825403216
            ],
            [
              -88.71232264242325,
              29.19549614101299
            ],
            [
              -88.712324141748,
              29.195586357607223
            ],
            [
              -88.7121185065302,
              29.195588988599706
            ],
            [
              -88.71212000568197,
              29.195679205202325
            ],
            [
              -88.71201718797288,
              29.195680520585025
            ],
            [
              -88.71201868704158,
              29.195770737191204
            ],
            [
              -88.711813051423,
              29.19577336772953
            ],
            [
              -88.7118145503187,
              29.195863584344107
            ],
            [
              -88.71171173240921,
              29.19586489949973
            ],
            [
              -88.71171323122185,
              29.195955116117847
            ],
            [
              -88.71140477718254,
              29.195959061125738
            ],
            [
              -88.71140627573224,
              29.196049277757094
            ],
            [
              -88.71120063949196,
              29.196051907377427
            ],
            [
              -88.71120213786868,
              29.19614212401717
            ],
            [
              -88.71099650142116,
              29.196144753331506
            ],
            [
              -88.71099799962488,
              29.196234969979635
            ],
            [
              -88.71089518130093,
              29.19623628452326
            ],
            [
              -88.71089667942157,
              29.19632650117494
            ],
            [
              -88.71058822413886,
              29.19633044434681
            ],
            [
              -88.71058972199658,
              29.196420661011718
            ],
            [
              -88.71048690346541,
              29.196421975249333
            ],
            [
              -88.71048840124003,
              29.19651219191779
            ],
            [
              -88.7102827639773,
              29.196514820165937
            ],
            [
              -88.7102842615789,
              29.19660503684277
            ],
            [
              -88.71018144284736,
              29.196606350853298
            ],
            [
              -88.71018294036588,
              29.196696567533692
            ],
            [
              -88.70997730270241,
              29.196699195327643
            ],
            [
              -88.70997880004792,
              29.19678941201641
            ],
            [
              -88.70977316217723,
              29.19679203950435
            ],
            [
              -88.70977465934973,
              29.196882256201505
            ],
            [
              -88.70956902127182,
              29.19688488338342
            ],
            [
              -88.70957051827132,
              29.196975100088967
            ],
            [
              -88.70946769913218,
              29.19697641356637
            ],
            [
              -88.70946919604857,
              29.197066630275444
            ],
            [
              -88.70874946125363,
              29.197075822441317
            ],
            [
              -88.70875095754737,
              29.197166039182925
            ],
            [
              -88.70864813817367,
              29.197167352038623
            ],
            [
              -88.70864963438432,
              29.197257568783776
            ],
            [
              -88.70854681491386,
              29.19725888156538
            ],
            [
              -88.70854831104141,
              29.197349098314078
            ],
            [
              -88.7084454914742,
              29.19735041102158
            ],
            [
              -88.70844698751864,
              29.197440627773826
            ],
            [
              -88.70834416785466,
              29.19744194040724
            ],
            [
              -88.70834566381602,
              29.197532157163028
            ],
            [
              -88.70824284405526,
              29.197533469722355
            ],
            [
              -88.70824433993353,
              29.19762368648168
            ],
            [
              -88.70814152007601,
              29.197624998966905
            ],
            [
              -88.70814301587119,
              29.197715215729772
            ],
            [
              -88.70804019591691,
              29.197716528140905
            ],
            [
              -88.70804169162898,
              29.197806744907314
            ],
            [
              -88.70793887157792,
              29.19780805724434
            ],
            [
              -88.7079418628427,
              29.197988490782983
            ],
            [
              -88.70783904260495,
              29.197989803050742
            ],
            [
              -88.70784053815765,
              29.19808001982296
            ],
            [
              -88.70773771782315,
              29.198081332016624
            ],
            [
              -88.70773921329275,
              29.19817154879238
            ],
            [
              -88.70763639286147,
              29.198172860911946
            ],
            [
              -88.70763788824797,
              29.19826307769124
            ],
            [
              -88.70753506771995,
              29.198264389736714
            ],
            [
              -88.70753805833357,
              29.1984448233011
            ],
            [
              -88.70743523761882,
              29.198446135277294
            ],
            [
              -88.70743673284595,
              29.19853635206238
            ],
            [
              -88.70733391203444,
              29.198537663964487
            ],
            [
              -88.70733690232932,
              29.19871809754046
            ],
            [
              -88.70723408133111,
              29.198719409373272
            ],
            [
              -88.70723557639886,
              29.19880962616416
            ],
            [
              -88.70713275530387,
              29.19881093792288
            ],
            [
              -88.70713425028852,
              29.198901154717316
            ],
            [
              -88.70703142909679,
              29.198902466401925
            ],
            [
              -88.70703292399831,
              29.1989926831999
            ],
            [
              -88.7069301027098,
              29.19899399481042
            ],
            [
              -88.70693159752823,
              29.199084211611915
            ],
            [
              -88.70682877614296,
              29.199085523148327
            ],
            [
              -88.70683027087826,
              29.199175739953365
            ],
            [
              -88.70672744939623,
              29.19917705141567
            ],
            [
              -88.70672894404842,
              29.199267268224254
            ],
            [
              -88.70662612246961,
              29.19926857961246
            ],
            [
              -88.70662761703872,
              29.199358796424576
            ],
            [
              -88.70652479536314,
              29.19936010773868
            ],
            [
              -88.70652628984912,
              29.19945032455433
            ],
            [
              -88.70642346807678,
              29.199451635794325
            ],
            [
              -88.70642645688935,
              29.19963206943143
            ],
            [
              -88.70632363493031,
              29.199633380602133
            ],
            [
              -88.7063251292569,
              29.19972359742359
            ],
            [
              -88.70622230720107,
              29.19972490852019
            ],
            [
              -88.70622380144455,
              29.19981512534517
            ],
            [
              -88.70612097929195,
              29.19981643636767
            ],
            [
              -88.70612247345231,
              29.199906653196194
            ],
            [
              -88.70591682894678,
              29.19990927501404
            ],
            [
              -88.70591832293408,
              29.19999949185091
            ],
            [
              -88.70581550058114,
              29.20000080264625
            ],
            [
              -88.70581699448532,
              29.200091019486667
            ],
            [
              -88.70561134957907,
              29.200093640850213
            ],
            [
              -88.70561284331019,
              29.200183857698992
            ],
            [
              -88.70551002075689,
              29.20018516826718
            ],
            [
              -88.70551151440489,
              29.200275385119497
            ],
            [
              -88.70540869175481,
              29.200276695613574
            ],
            [
              -88.70541018531969,
              29.200366912469416
            ],
            [
              -88.70530736257287,
              29.20036822288938
            ],
            [
              -88.70530885605463,
              29.200458439748765
            ],
            [
              -88.70510321036059,
              29.20046106036154
            ],
            [
              -88.70510470366928,
              29.200551277229277
            ],
            [
              -88.70489905776809,
              29.20055389753595
            ],
            [
              -88.7049005509037,
              29.200644114412043
            ],
            [
              -88.70479772785292,
              29.2006454244518
            ],
            [
              -88.70479922090543,
              29.200735641331438
            ],
            [
              -88.7045935746035,
              29.200738261183787
            ],
            [
              -88.70459506748294,
              29.200828478071756
            ],
            [
              -88.70449224423182,
              29.200829787884345
            ],
            [
              -88.70449373702812,
              29.200920004775853
            ],
            [
              -88.7043909136802,
              29.200921314514332
            ],
            [
              -88.70439240639338,
              29.201011531409378
            ],
            [
              -88.70428958294872,
              29.20101284107374
            ],
            [
              -88.70429107557877,
              29.2011030579723
            ],
            [
              -88.70418825203733,
              29.20110436756255
            ],
            [
              -88.70418974458426,
              29.201194584464663
            ],
            [
              -88.70408692094605,
              29.20119589398078
            ],
            [
              -88.70408841340985,
              29.201286110886418
            ],
            [
              -88.70398558967489,
              29.201287420328427
            ],
            [
              -88.70398708205555,
              29.201377637237588
            ],
            [
              -88.70388425822381,
              29.20137894660547
            ],
            [
              -88.70388575052134,
              29.201469163518166
            ],
            [
              -88.70378292659284,
              29.201470472811927
            ],
            [
              -88.70378591102845,
              29.201650906643117
            ],
            [
              -88.70368308691323,
              29.201652215867576
            ],
            [
              -88.70368457905131,
              29.20174243278604
            ],
            [
              -88.70358175483933,
              29.201743741936387
            ],
            [
              -88.70358324689427,
              29.201833958858384
            ],
            [
              -88.70348042258553,
              29.2018352679346
            ],
            [
              -88.70348191455733,
              29.201925484860137
            ],
            [
              -88.70337909015183,
              29.201926793862228
            ],
            [
              -88.7033805820405,
              29.20201701079129
            ],
            [
              -88.70327775753822,
              29.20201831971926
            ],
            [
              -88.70327924934375,
              29.20210853665185
            ],
            [
              -88.70307360013884,
              29.2021111542806
            ],
            [
              -88.70307509177128,
              29.20220137122154
            ],
            [
              -88.70286944235922,
              29.202203988544174
            ],
            [
              -88.70287093381857,
              29.202294205493452
            ],
            [
              -88.70256245937951,
              29.202298130899774
            ],
            [
              -88.70256395057581,
              29.202388347862207
            ],
            [
              -88.7023583007358,
              29.20239096441468
            ],
            [
              -88.70235979175901,
              29.202481181385465
            ],
            [
              -88.70215414171184,
              29.2024837976318
            ],
            [
              -88.70215563256195,
              29.20257401461091
            ],
            [
              -88.70194998230764,
              29.202576630551103
            ],
            [
              -88.70195147298466,
              29.202666847538566
            ],
            [
              -88.70184864775732,
              29.202668155395056
            ],
            [
              -88.70185013835119,
              29.202758372386047
            ],
            [
              -88.7016444876962,
              29.202760987871844
            ],
            [
              -88.70164597811697,
              29.202851204871152
            ],
            [
              -88.70154315268931,
              29.20285251250045
            ],
            [
              -88.70154464302692,
              29.202942729503274
            ],
            [
              -88.70133899197126,
              29.202945344534662
            ],
            [
              -88.70134048213576,
              29.203035561545846
            ],
            [
              -88.70123765650777,
              29.20303686894793
            ],
            [
              -88.70123914658913,
              29.203127085962635
            ],
            [
              -88.70113632086436,
              29.20312839329059
            ],
            [
              -88.7011393008676,
              29.203308827325742
            ],
            [
              -88.7010364749561,
              29.203310134584378
            ],
            [
              -88.70103796487797,
              29.203400351604834
            ],
            [
              -88.70093513886972,
              29.203401658789325
            ],
            [
              -88.70093662870843,
              29.20349187581331
            ],
            [
              -88.70083380260343,
              29.203493182923665
            ],
            [
              -88.70083529235899,
              29.203583399951174
            ],
            [
              -88.7007324661572,
              29.203584706987392
            ],
            [
              -88.7007339558296,
              29.20367492401843
            ],
            [
              -88.70063112953106,
              29.203676230980516
            ],
            [
              -88.70063261912033,
              29.20376644801506
            ],
            [
              -88.700529792725,
              29.20376775490302
            ],
            [
              -88.70053128223111,
              29.20385797194108
            ],
            [
              -88.70042845573903,
              29.2038592787549
            ],
            [
              -88.70043143459172,
              29.204039712836806
            ],
            [
              -88.7002257812273,
              29.204042326246828
            ],
            [
              -88.70022875974736,
              29.20422276034281
            ],
            [
              -88.70012593287503,
              29.20422406693901
            ],
            [
              -88.70012742205529,
              29.204314283989877
            ],
            [
              -88.70002459508619,
              29.20431559051194
            ],
            [
              -88.7000260841833,
              29.204405807566328
            ],
            [
              -88.69992325711743,
              29.204407114014245
            ],
            [
              -88.69992623515213,
              29.20458754812879
            ],
            [
              -88.69972058064015,
              29.204590160807008
            ],
            [
              -88.69972206948776,
              29.20468037787196
            ],
            [
              -88.6996192421316,
              29.204681684097455
            ],
            [
              -88.69962073089606,
              29.204771901165934
            ],
            [
              -88.69941507598341,
              29.20477451338969
            ],
            [
              -88.69941656457473,
              29.204864730466472
            ],
            [
              -88.69931373701824,
              29.20486603646473
            ],
            [
              -88.6993152255264,
              29.20495625354505
            ],
            [
              -88.69910957021308,
              29.204958865314335
            ],
            [
              -88.69911105854813,
              29.20504908240296
            ],
            [
              -88.69900823079129,
              29.205050388173973
            ],
            [
              -88.69900971904315,
              29.205140605266138
            ],
            [
              -88.69880406332918,
              29.205143216580936
            ],
            [
              -88.6988055514079,
              29.205233433681407
            ],
            [
              -88.69870272345075,
              29.20523473922518
            ],
            [
              -88.69870421144631,
              29.20532495632916
            ],
            [
              -88.69849855533167,
              29.20532756718946
            ],
            [
              -88.6985000431541,
              29.205417784301773
            ],
            [
              -88.6983972149966,
              29.205419089618296
            ],
            [
              -88.69839870273587,
              29.205509306734136
            ],
            [
              -88.69829587448162,
              29.205510611976507
            ],
            [
              -88.6982973621377,
              29.205600829095854
            ],
            [
              -88.69809170542888,
              29.205603439353357
            ],
            [
              -88.69809319291181,
              29.20569365648102
            ],
            [
              -88.69799036445724,
              29.205694961496143
            ],
            [
              -88.697991851857,
              29.205785178627313
            ],
            [
              -88.69778619474752,
              29.20578778843031
            ],
            [
              -88.69778768197415,
              29.205878005569794
            ],
            [
              -88.69758202465756,
              29.205880615066583
            ],
            [
              -88.69758351171102,
              29.205970832214398
            ],
            [
              -88.69748068295259,
              29.20597213684916
            ],
            [
              -88.69748216992286,
              29.20606235400048
            ],
            [
              -88.69727651220565,
              29.206064963042735
            ],
            [
              -88.69727799900278,
              29.206155180202362
            ],
            [
              -88.697175170044,
              29.206156484609856
            ],
            [
              -88.69717665675796,
              29.206246701773015
            ],
            [
              -88.69707382770243,
              29.20624800610636
            ],
            [
              -88.6970753143332,
              29.20633822327301
            ],
            [
              -88.69697248518091,
              29.206339527532204
            ],
            [
              -88.69697397172851,
              29.206429744702362
            ],
            [
              -88.69676831322359,
              29.206432352993488
            ],
            [
              -88.69676979959803,
              29.206522570171966
            ],
            [
              -88.6966669702454,
              29.20652387420389
            ],
            [
              -88.69666845653666,
              29.20661409138587
            ],
            [
              -88.69646279763111,
              29.20661669922244
            ],
            [
              -88.69646428374922,
              29.20670691641273
            ],
            [
              -88.69636145419628,
              29.206708220217383
            ],
            [
              -88.6963629402312,
              29.206798437411194
            ],
            [
              -88.69615728092502,
              29.20680104479322
            ],
            [
              -88.69615876678677,
              29.206891261995334
            ],
            [
              -88.69605593703352,
              29.206892565572712
            ],
            [
              -88.69605742281209,
              29.206982782778333
            ],
            [
              -88.69585176310528,
              29.206985389705803
            ],
            [
              -88.69585324871066,
              29.20707560691972
            ],
            [
              -88.69564758879677,
              29.20707821354096
            ],
            [
              -88.695649074229,
              29.207168430763186
            ],
            [
              -88.69534058403733,
              29.20717234011725
            ],
            [
              -88.6953420692064,
              29.207262557352568
            ],
            [
              -88.69513640886476,
              29.207265163203402
            ],
            [
              -88.69513789386068,
              29.20735538044703
            ],
            [
              -88.69493223331192,
              29.207357985991624
            ],
            [
              -88.69493371813466,
              29.20744820324355
            ],
            [
              -88.69483088776013,
              29.207449505902208
            ],
            [
              -88.69483237249968,
              29.20753972315764
            ],
            [
              -88.69472954202838,
              29.207541025742117
            ],
            [
              -88.69473102668474,
              29.207631243001057
            ],
            [
              -88.69452536554186,
              29.20763384794273
            ],
            [
              -88.69452685002503,
              29.20772406520997
            ],
            [
              -88.69442401935343,
              29.207725367567154
            ],
            [
              -88.69442550375342,
              29.207815584837896
            ],
            [
              -88.69432267298507,
              29.207816887120927
            ],
            [
              -88.69432415730184,
              29.207907104395172
            ],
            [
              -88.69391283380071,
              29.207912312756825
            ],
            [
              -88.69391431776434,
              29.20800253004895
            ],
            [
              -88.69237185231964,
              29.2080220502252
            ],
            [
              -88.69237036970571,
              29.207931832861266
            ],
            [
              -88.69206187670382,
              29.207935734750233
            ],
            [
              -88.6920603943666,
              29.20784551737067
            ],
            [
              -88.6919575634424,
              29.207846817837613
            ],
            [
              -88.69195311674136,
              29.207576165676848
            ],
            [
              -88.69185028608032,
              29.207577466050484
            ],
            [
              -88.69182953687418,
              29.20631442241357
            ],
            [
              -88.69193236627554,
              29.206313122106913
            ],
            [
              -88.69192199154027,
              29.205681600227432
            ],
            [
              -88.69202482030505,
              29.205680299875297
            ],
            [
              -88.69202037382158,
              29.205409647636298
            ],
            [
              -88.69212320230967,
              29.20540834721957
            ],
            [
              -88.69211875561724,
              29.205137694983364
            ],
            [
              -88.69222158382867,
              29.205136394502027
            ],
            [
              -88.69221713692725,
              29.2048657422686
            ],
            [
              -88.69231996486201,
              29.20486444172268
            ],
            [
              -88.692317000115,
              29.20468400690352
            ],
            [
              -88.69241982786306,
              29.204682706288214
            ],
            [
              -88.69241834540973,
              29.204592488881506
            ],
            [
              -88.69252117306105,
              29.20459118819203
            ],
            [
              -88.69251969052455,
              29.204500970788807
            ],
            [
              -88.69262251807912,
              29.204499670025164
            ],
            [
              -88.69262103545942,
              29.204409452625455
            ],
            [
              -88.69272386291723,
              29.20440815178765
            ],
            [
              -88.69272238021435,
              29.204317934391444
            ],
            [
              -88.69282520757544,
              29.204316633479475
            ],
            [
              -88.69282372478936,
              29.204226416086755
            ],
            [
              -88.69292655205372,
              29.204225115100634
            ],
            [
              -88.69292506918445,
              29.20413489771142
            ],
            [
              -88.69302789635208,
              29.20413359665114
            ],
            [
              -88.69302641339962,
              29.20404337926541
            ],
            [
              -88.6931292404705,
              29.204042078130968
            ],
            [
              -88.69312627440597,
              29.203861643365258
            ],
            [
              -88.69322910129016,
              29.203860342161438
            ],
            [
              -88.69322168579761,
              29.203409255248594
            ],
            [
              -88.69332451222519,
              29.20340795398975
            ],
            [
              -88.69331857959328,
              29.203047084455484
            ],
            [
              -88.69342140565426,
              29.20304578313686
            ],
            [
              -88.69341547277091,
              29.20268491360117
            ],
            [
              -88.69351829846529,
              29.20268361222276
            ],
            [
              -88.69351384860406,
              29.20241296007186
            ],
            [
              -88.69361667402178,
              29.20241165862887
            ],
            [
              -88.6936137073016,
              29.202231223864736
            ],
            [
              -88.69371653253265,
              29.202229922352377
            ],
            [
              -88.69371504909277,
              29.202139704973185
            ],
            [
              -88.6938178742271,
              29.20213840338667
            ],
            [
              -88.69381639070404,
              29.202048186010977
            ],
            [
              -88.69391921574162,
              29.20204688435031
            ],
            [
              -88.69391624853593,
              29.201866449604637
            ],
            [
              -88.69401907338683,
              29.20186514787461
            ],
            [
              -88.6940175897042,
              29.201774930504637
            ],
            [
              -88.69412041445837,
              29.201773628700465
            ],
            [
              -88.69411893069257,
              29.201683411333978
            ],
            [
              -88.69422175535001,
              29.201682109455653
            ],
            [
              -88.69422027150102,
              29.201591892092686
            ],
            [
              -88.69432309606174,
              29.201590590140217
            ],
            [
              -88.69432161212958,
              29.20150037278076
            ],
            [
              -88.69452726105077,
              29.20149776864856
            ],
            [
              -88.69452577694548,
              29.2014075512974
            ],
            [
              -88.69462860130595,
              29.201406249117685
            ],
            [
              -88.6946271171175,
              29.201316031770023
            ],
            [
              -88.69472994138125,
              29.201314729516163
            ],
            [
              -88.69472845710963,
              29.201224512171994
            ],
            [
              -88.69493410543687,
              29.20122190743705
            ],
            [
              -88.69493262099213,
              29.201131690101192
            ],
            [
              -88.69503544505562,
              29.201130387620108
            ],
            [
              -88.69503396052772,
              29.20104017028775
            ],
            [
              -88.6951367844945,
              29.201038867732514
            ],
            [
              -88.69513529988342,
              29.200948650403674
            ],
            [
              -88.69534094761671,
              29.200946045065976
            ],
            [
              -88.69533946283254,
              29.200855827745425
            ],
            [
              -88.69575075785792,
              29.200850616141963
            ],
            [
              -88.69574927272072,
              29.200760398839297
            ],
            [
              -88.69595492001282,
              29.200757792573526
            ],
            [
              -88.6959534347025,
              29.200667575279184
            ],
            [
              -88.69615908178757,
              29.200664968707258
            ],
            [
              -88.69615759630416,
              29.200574751421218
            ],
            [
              -88.69636324318218,
              29.200572144543138
            ],
            [
              -88.69636175752565,
              29.20048192726539
            ],
            [
              -88.69656740419663,
              29.200479320081172
            ],
            [
              -88.696565918367,
              29.200389102811737
            ],
            [
              -88.69677156483093,
              29.200386495321364
            ],
            [
              -88.69677007882821,
              29.200296278060232
            ],
            [
              -88.69697572508508,
              29.20029367026371
            ],
            [
              -88.69697423890926,
              29.200203453010893
            ],
            [
              -88.69728270797384,
              29.200199540738495
            ],
            [
              -88.69728122153496,
              29.200109323498793
            ],
            [
              -88.69748686736416,
              29.20010671493212
            ],
            [
              -88.6974853807522,
              29.200016497700723
            ],
            [
              -88.69758820356667,
              29.200015193303788
            ],
            [
              -88.69758671687154,
              29.1999249760759
            ],
            [
              -88.69768953958928,
              29.19992367160483
            ],
            [
              -88.697688052811,
              29.199833454380453
            ],
            [
              -88.697790875432,
              29.199832149835252
            ],
            [
              -88.6977893885706,
              29.1997419326144
            ],
            [
              -88.69799503361233,
              29.199739323296782
            ],
            [
              -88.6979935465778,
              29.19964910608424
            ],
            [
              -88.69809636899855,
              29.199647801311833
            ],
            [
              -88.69809488188088,
              29.19955758410282
            ],
            [
              -88.6983005265221,
              29.199554974330812
            ],
            [
              -88.69829903923133,
              29.199464757130094
            ],
            [
              -88.69912161680483,
              29.19945431492322
            ],
            [
              -88.69912012880134,
              29.19936409775965
            ],
            [
              -88.69942859500942,
              29.199360180644106
            ],
            [
              -88.69942710674292,
              29.19926996349365
            ],
            [
              -88.70004403843586,
              29.199262127160246
            ],
            [
              -88.7000425496365,
              29.199171910037347
            ],
            [
              -88.70014537147159,
              29.199170603710332
            ],
            [
              -88.7001438825891,
              29.19908038659096
            ],
            [
              -88.70034952605897,
              29.19907777370974
            ],
            [
              -88.70034803700342,
              29.198987556598684
            ],
            [
              -88.7004508586382,
              29.19898625004449
            ],
            [
              -88.70044936949951,
              29.198896032936947
            ],
            [
              -88.70065501256882,
              29.198893419601383
            ],
            [
              -88.70065352325705,
              29.198803202502184
            ],
            [
              -88.70075634469156,
              29.198801895720806
            ],
            [
              -88.70075485529665,
              29.19871167862513
            ],
            [
              -88.70096049796538,
              29.19870906483522
            ],
            [
              -88.7009590083974,
              29.198618847747866
            ],
            [
              -88.70116465085904,
              29.19861623365186
            ],
            [
              -88.70116316111799,
              29.19852601657285
            ],
            [
              -88.70147162448959,
              29.198522094851295
            ],
            [
              -88.70147013448555,
              29.198431877785417
            ],
            [
              -88.70188141852597,
              29.198426647737588
            ],
            [
              -88.70187992816899,
              29.19833643068968
            ],
            [
              -88.70208556996849,
              29.198333815201813
            ],
            [
              -88.70208407943844,
              29.19824359816224
            ],
            [
              -88.70228972103081,
              29.198240982368297
            ],
            [
              -88.70228823032771,
              29.198150765337054
            ],
            [
              -88.70239105102375,
              29.198149457326505
            ],
            [
              -88.70238956023753,
              29.198059240298793
            ],
            [
              -88.7025952014293,
              29.198056624050533
            ],
            [
              -88.70259371047003,
              29.197966407031174
            ],
            [
              -88.70269653096577,
              29.197965098793464
            ],
            [
              -88.70269503992337,
              29.197874881777615
            ],
            [
              -88.70300350109991,
              29.197870956605385
            ],
            [
              -88.7030020097945,
              29.197780739602695
            ],
            [
              -88.70320765036494,
              29.197778122436212
            ],
            [
              -88.7032061588865,
              29.197687905441875
            ],
            [
              -88.70351461942124,
              29.19768397911464
            ],
            [
              -88.70351312767983,
              29.197593762133465
            ],
            [
              -88.70392440793769,
              29.1975885259448
            ],
            [
              -88.70392291584335,
              29.197498308981594
            ],
            [
              -88.70412855575151,
              29.19749569042335
            ],
            [
              -88.70412706348414,
              29.197405473468493
            ],
            [
              -88.70433270318517,
              29.19740285460419
            ],
            [
              -88.70433121074474,
              29.19731263765769
            ],
            [
              -88.70443403049511,
              29.197311328111955
            ],
            [
              -88.70443253797157,
              29.197221111168986
            ],
            [
              -88.70453535762518,
              29.197219801549153
            ],
            [
              -88.70453386501853,
              29.197129584609726
            ],
            [
              -88.70473950412544,
              29.19712696514293
            ],
            [
              -88.70473801134575,
              29.19703674821185
            ],
            [
              -88.70484083079904,
              29.19703543836489
            ],
            [
              -88.70483933793625,
              29.196945221437325
            ],
            [
              -88.70494215729279,
              29.19694391151626
            ],
            [
              -88.70494066434689,
              29.196853694592242
            ],
            [
              -88.70514630285966,
              29.196851074522986
            ],
            [
              -88.70514480974073,
              29.19676085760733
            ],
            [
              -88.70524762889696,
              29.196759547459138
            ],
            [
              -88.70524613569492,
              29.196669330547007
            ],
            [
              -88.70545177380706,
              29.196666710023496
            ],
            [
              -88.70545028043198,
              29.196576493119732
            ],
            [
              -88.70565591833696,
              29.196573872290177
            ],
            [
              -88.70565442478885,
              29.19648365539476
            ],
            [
              -88.70586006248669,
              29.19648103425917
            ],
            [
              -88.70585856876556,
              29.196390817372105
            ],
            [
              -88.70606420625626,
              29.196388195930464
            ],
            [
              -88.7060627123621,
              29.19629797905178
            ],
            [
              -88.70626834964563,
              29.19629535730411
            ],
            [
              -88.70626685557845,
              29.196205140433776
            ],
            [
              -88.70636967412007,
              29.19620382944638
            ],
            [
              -88.70636817996977,
              29.19611361257958
            ],
            [
              -88.70647099841463,
              29.196112301518088
            ],
            [
              -88.70646950418124,
              29.196022084654825
            ],
            [
              -88.70667514087063,
              29.19601946230474
            ],
            [
              -88.70667364646422,
              29.195929245449847
            ],
            [
              -88.70698210117733,
              29.195925311347292
            ],
            [
              -88.70698060650798,
              29.195835094505586
            ],
            [
              -88.7071862427694,
              29.195832471385618
            ],
            [
              -88.70718474792703,
              29.195742254552265
            ],
            [
              -88.70739038398128,
              29.195739631126262
            ],
            [
              -88.70738739395735,
              29.195559197475024
            ],
            [
              -88.70749021179438,
              29.195557885653297
            ],
            [
              -88.707481241347,
              29.195016584697655
            ],
            [
              -88.70758405863768,
              29.195015272825984
            ],
            [
              -88.70757957323643,
              29.194744622345283
            ],
            [
              -88.70768239025053,
              29.194743310409166
            ],
            [
              -88.70767939983735,
              29.194562876758575
            ],
            [
              -88.70778221666478,
              29.194561564753197
            ],
            [
              -88.70777922609909,
              29.194381131107132
            ],
            [
              -88.70788204273987,
              29.194379819032495
            ],
            [
              -88.70787905202167,
              29.194199385390945
            ],
            [
              -88.70798186847577,
              29.194198073247055
            ],
            [
              -88.70797738217998,
              29.193927422789542
            ],
            [
              -88.70808019835751,
              29.19392611058123
            ],
            [
              -88.70807571185345,
              29.193655460126624
            ],
            [
              -88.7081785277544,
              29.193654147853877
            ],
            [
              -88.70817404104211,
              29.193383497402184
            ],
            [
              -88.7082768566665,
              29.193382185065026
            ],
            [
              -88.70827236974596,
              29.193111534616225
            ],
            [
              -88.70837518509379,
              29.19311022221465
            ],
            [
              -88.70837219366777,
              29.192929788585342
            ],
            [
              -88.70847500882893,
              29.19292847611451
            ],
            [
              -88.70847351303628,
              29.192838259302764
            ],
            [
              -88.7085763281007,
              29.192836946757847
            ],
            [
              -88.70857333635604,
              29.192656513140143
            ],
            [
              -88.70867615123382,
              29.192655200525977
            ],
            [
              -88.70867166339839,
              29.19238455010427
            ],
            [
              -88.7087744779996,
              29.19238323742569
            ],
            [
              -88.70877298197823,
              29.192293020620717
            ],
            [
              -88.70887579648269,
              29.19229170786806
            ],
            [
              -88.70887430037824,
              29.192201491066616
            ],
            [
              -88.70907992918686,
              29.192198865334255
            ],
            [
              -88.70907843290942,
              29.192108648541193
            ],
            [
              -88.7092840615109,
              29.192106022502863
            ],
            [
              -88.70928256506049,
              29.192015805718174
            ],
            [
              -88.70938537926108,
              29.192014492585482
            ],
            [
              -88.7093838827276,
              29.191924275804347
            ],
            [
              -88.70958951092842,
              29.191921649311897
            ],
            [
              -88.70958801422198,
              29.19183143253915
            ],
            [
              -88.70948520021489,
              29.191832745819987
            ],
            [
              -88.70948370360519,
              29.191742529041104
            ]
          ],
          [
            [
              -88.70979214533622,
              29.191738588976357
            ],
            [
              -88.70979064846365,
              29.191648372210697
            ],
            [
              -88.70948220700232,
              29.19165231226094
            ],
            [
              -88.70948370360519,
              29.191742529041104
            ],
            [
              -88.70979214533622,
              29.191738588976357
            ]
          ],
          [
            [
              -88.71040303900669,
              29.19136983976208
            ],
            [
              -88.71040154162206,
              29.191279623020268
            ],
            [
              -88.71019591478931,
              29.191282250707523
            ],
            [
              -88.71019741199414,
              29.191372467458997
            ],
            [
              -88.71040303900669,
              29.19136983976208
            ]
          ],
          [
            [
              -88.7107084841724,
              29.191185464169024
            ],
            [
              -88.71070548889793,
              29.19100503070801
            ],
            [
              -88.71080830201382,
              29.191003716523824
            ],
            [
              -88.71080380888374,
              29.190733066337142
            ],
            [
              -88.71059818318452,
              29.190735694597585
            ],
            [
              -88.7105996807079,
              29.190825911337438
            ],
            [
              -88.71049686775814,
              29.19082722535414
            ],
            [
              -88.71049836519846,
              29.19091744209755
            ],
            [
              -88.71039555215195,
              29.190918756040183
            ],
            [
              -88.71039854687332,
              29.1910991895328
            ],
            [
              -88.71029573364018,
              29.19110050340621
            ],
            [
              -88.71029723092123,
              29.191190720155422
            ],
            [
              -88.7107084841724,
              29.191185464169024
            ]
          ]
        ]
      },
      "properties": {
        "incident_id": "SP-017",
        "type": "AI-detected-slick",
        "source": "Sentinel-1 SAR",
        "method": "U-Net segmentation + radiometric filtering"
      }
    },
    {
      "type": "Feature",
      "geometry": {
        "type": "Polygon",
        "coordinates": [
          [
            [
              -88.83577884619301,
              29.181046497955666
            ],
            [
              -88.83464808738668,
              29.181062000508245
            ],
            [
              -88.83464648194406,
              29.180971789705165
            ],
            [
              -88.83444088951812,
              29.18097460731564
            ],
            [
              -88.83443928426249,
              29.1808843965009
            ],
            [
              -88.83423369198685,
              29.18088721378559
            ],
            [
              -88.83423208691822,
              29.180797002959174
            ],
            [
              -88.83412929085924,
              29.180798411478058
            ],
            [
              -88.83412768588776,
              29.180708200645157
            ],
            [
              -88.83392209392746,
              29.180711017436007
            ],
            [
              -88.83392048914298,
              29.180620806591453
            ],
            [
              -88.83381769324166,
              29.180622214863423
            ],
            [
              -88.83381608855434,
              29.18053200401238
            ],
            [
              -88.83371329273551,
              29.180533412200305
            ],
            [
              -88.83371168814536,
              29.180443201342786
            ],
            [
              -88.83360889240903,
              29.180444609446678
            ],
            [
              -88.83360728791604,
              29.180354398582683
            ],
            [
              -88.83319610525673,
              29.180360030189032
            ],
            [
              -88.8331977093904,
              29.180450241073757
            ],
            [
              -88.83268373045223,
              29.180457278833465
            ],
            [
              -88.8326821267677,
              29.18036706792283
            ],
            [
              -88.83237373958634,
              29.180371289616904
            ],
            [
              -88.83237213617862,
              29.180281078689443
            ],
            [
              -88.83226934052666,
              29.180282485757925
            ],
            [
              -88.83226292732832,
              29.17992164201436
            ],
            [
              -88.83236572262095,
              29.1799202349666
            ],
            [
              -88.83236251588608,
              29.179739813097413
            ],
            [
              -88.83246531099172,
              29.179738405981162
            ],
            [
              -88.83246050067488,
              29.179467773183177
            ],
            [
              -88.83256329550373,
              29.179466366003606
            ],
            [
              -88.83255848498335,
              29.179195733209507
            ],
            [
              -88.83266127953542,
              29.179194325966638
            ],
            [
              -88.8326580723788,
              29.17901390410777
            ],
            [
              -88.83286366110165,
              29.179011089406206
            ],
            [
              -88.83286205735469,
              29.178920878485197
            ],
            [
              -88.83368441123437,
              29.178909616566564
            ],
            [
              -88.8336860156999,
              29.178999827446123
            ],
            [
              -88.8343027813407,
              29.17899137766454
            ],
            [
              -88.83430117633624,
              29.178901166816082
            ],
            [
              -88.83450676464486,
              29.178898349601823
            ],
            [
              -88.8345051594681,
              29.178808138762435
            ],
            [
              -88.83471074756774,
              29.178805321243164
            ],
            [
              -88.83470914221867,
              29.178715110412853
            ],
            [
              -88.83481193616768,
              29.17871370154013
            ],
            [
              -88.83481033073612,
              29.178623490713708
            ],
            [
              -88.83491312458797,
              29.17862208176733
            ],
            [
              -88.83490188614371,
              29.177990605982345
            ],
            [
              -88.83479909292059,
              29.17799201489243
            ],
            [
              -88.83478785546448,
              29.177360539007594
            ],
            [
              -88.8348906480589,
              29.177359130133834
            ],
            [
              -88.83488904264755,
              29.17726891929314
            ],
            [
              -88.83509462763475,
              29.17726610131944
            ],
            [
              -88.8350930220511,
              29.177175890487835
            ],
            [
              -88.83581256864645,
              29.17716602513277
            ],
            [
              -88.83581417485877,
              29.177256235928063
            ],
            [
              -88.83601975971389,
              29.17725341653525
            ],
            [
              -88.83602136611319,
              29.17734362731888
            ],
            [
              -88.83612415861954,
              29.177342217499028
            ],
            [
              -88.836125765116,
              29.177432428276163
            ],
            [
              -88.83622855770483,
              29.177431018372275
            ],
            [
              -88.83623016429843,
              29.177521229142922
            ],
            [
              -88.83653854229033,
              29.177516998942657
            ],
            [
              -88.83654014916073,
              29.17760720969645
            ],
            [
              -88.83674573463156,
              29.177604389158347
            ],
            [
              -88.83674734168895,
              29.177694599900455
            ],
            [
              -88.83685013450317,
              29.177693189507956
            ],
            [
              -88.83685174165768,
              29.17778340024357
            ],
            [
              -88.8369545345544,
              29.17778198976703
            ],
            [
              -88.83695614180607,
              29.177872200496154
            ],
            [
              -88.83705893478523,
              29.177870789935593
            ],
            [
              -88.83706375685378,
              29.178141422099607
            ],
            [
              -88.83716655009508,
              29.178140011444633
            ],
            [
              -88.8371842325666,
              29.1791323292224
            ],
            [
              -88.83728702678856,
              29.17913091843146
            ],
            [
              -88.83729024205851,
              29.179311339818344
            ],
            [
              -88.83739303645275,
              29.179309928938164
            ],
            [
              -88.8373994674401,
              29.179670771675607
            ],
            [
              -88.83729667268655,
              29.179672182576567
            ],
            [
              -88.83729988804464,
              29.179852603947893
            ],
            [
              -88.83709429815625,
              29.17985542553403
            ],
            [
              -88.83709590566666,
              29.179945636228148
            ],
            [
              -88.83689031556922,
              29.179948457509283
            ],
            [
              -88.83689192290731,
              29.180038668212475
            ],
            [
              -88.83668633260085,
              29.180041489188593
            ],
            [
              -88.83668793976666,
              29.180131699900866
            ],
            [
              -88.83658514451258,
              29.18013311027585
            ],
            [
              -88.8365867515959,
              29.180223320992024
            ],
            [
              -88.83648395624466,
              29.18022473129334
            ],
            [
              -88.83648877726918,
              29.18049536344965
            ],
            [
              -88.83638598164111,
              29.180496773687693
            ],
            [
              -88.83638758857414,
              29.180586984409057
            ],
            [
              -88.83628479284891,
              29.180588394573437
            ],
            [
              -88.83628800655734,
              29.180768816022663
            ],
            [
              -88.83618521064511,
              29.18077022611857
            ],
            [
              -88.83618681742051,
              29.180860436846437
            ],
            [
              -88.8360840214111,
              29.180861846868687
            ],
            [
              -88.836085628104,
              29.18095205760044
            ],
            [
              -88.83577723976225,
              29.180956287209646
            ],
            [
              -88.83577884619301,
              29.181046497955666
            ]
          ]
        ]
      },
      "properties": {
        "incident_id": "SP-017",
        "type": "AI-detected-slick",
        "source": "Sentinel-1 SAR",
        "method": "U-Net segmentation + radiometric filtering"
      }
    },
    {
      "type": "Feature",
      "geometry": {
        "type": "Polygon",
        "coordinates": [
          [
            [
              -88.84676991893424,
              29.18044415165037
            ],
            [
              -88.84615314893377,
              29.180452659236778
            ],
            [
              -88.84615153346716,
              29.180362449009824
            ],
            [
              -88.84604873853107,
              29.18036386665971
            ],
            [
              -88.84604712316168,
              29.180273656426234
            ],
            [
              -88.84594432830802,
              29.180275073992053
            ],
            [
              -88.84593302155771,
              29.179643602284877
            ],
            [
              -88.8460358157826,
              29.179642184755593
            ],
            [
              -88.8460325851693,
              29.17946176426658
            ],
            [
              -88.84613537920714,
              29.179460346668876
            ],
            [
              -88.84613214844371,
              29.179279926185114
            ],
            [
              -88.84623494229456,
              29.179278508519
            ],
            [
              -88.84623171138101,
              29.179098088040483
            ],
            [
              -88.84633450504482,
              29.179096670305963
            ],
            [
              -88.84630704194475,
              29.177563096117684
            ],
            [
              -88.84640983407432,
              29.177561678393037
            ],
            [
              -88.84640498759688,
              29.17729104763065
            ],
            [
              -88.84650777944962,
              29.177289629842825
            ],
            [
              -88.84650454832196,
              29.177109209338504
            ],
            [
              -88.8466073399877,
              29.177107791482275
            ],
            [
              -88.84660410870994,
              29.176927370983222
            ],
            [
              -88.84670690018868,
              29.176925953058586
            ],
            [
              -88.84670366876082,
              29.176745532564762
            ],
            [
              -88.84680646005255,
              29.176744114571747
            ],
            [
              -88.84680322847461,
              29.176563694083175
            ],
            [
              -88.84690601957934,
              29.176562276021752
            ],
            [
              -88.84690440371163,
              29.176472065780747
            ],
            [
              -88.84700719471918,
              29.176470647645704
            ],
            [
              -88.84700557876906,
              29.176380437408618
            ],
            [
              -88.8471083696794,
              29.176379019199963
            ],
            [
              -88.84710675364686,
              29.17628880896679
            ],
            [
              -88.84720954446001,
              29.17628739068452
            ],
            [
              -88.84720469613725,
              29.17601675999291
            ],
            [
              -88.8471019055935,
              29.176018178259508
            ],
            [
              -88.84709382565225,
              29.17556712705475
            ],
            [
              -88.84719661574697,
              29.175565708814243
            ],
            [
              -88.84719338364255,
              29.175385288333693
            ],
            [
              -88.84729617355028,
              29.175383870024802
            ],
            [
              -88.84729294129579,
              29.17520344954951
            ],
            [
              -88.84739573101653,
              29.175202031172223
            ],
            [
              -88.84739249861198,
              29.175021610702178
            ],
            [
              -88.84749528814574,
              29.175020192256504
            ],
            [
              -88.84749043932489,
              29.17474956155737
            ],
            [
              -88.84759322858186,
              29.174748143048532
            ],
            [
              -88.84758837955808,
              29.17447751235337
            ],
            [
              -88.84769116853825,
              29.174476093781372
            ],
            [
              -88.84768147015131,
              29.173934832387356
            ],
            [
              -88.84778425858532,
              29.173933413767852
            ],
            [
              -88.84778264212356,
              29.173843203536208
            ],
            [
              -88.8478854304604,
              29.173841784843102
            ],
            [
              -88.84788381391621,
              29.173751574615377
            ],
            [
              -88.84798660215587,
              29.173750155848666
            ],
            [
              -88.84798498552928,
              29.17365994562485
            ],
            [
              -88.84839613805485,
              29.173654269790653
            ],
            [
              -88.84839775504062,
              29.173744479993562
            ],
            [
              -88.84850054324333,
              29.173743060832727
            ],
            [
              -88.84850216032628,
              29.173833271029107
            ],
            [
              -88.84870773688914,
              29.173830432460495
            ],
            [
              -88.84870935415907,
              29.17392064264513
            ],
            [
              -88.84881214251921,
              29.173919223237363
            ],
            [
              -88.84881375988633,
              29.17400943341548
            ],
            [
              -88.84891654832887,
              29.174008013923654
            ],
            [
              -88.84896022245918,
              29.176443688101166
            ],
            [
              -88.84906301331898,
              29.176442268389422
            ],
            [
              -88.84907433774984,
              29.177073739281447
            ],
            [
              -88.8489715462614,
              29.17707515902978
            ],
            [
              -88.84898287042577,
              29.177706629894782
            ],
            [
              -88.84888007830125,
              29.177708049600852
            ],
            [
              -88.84888331366369,
              29.17788846984677
            ],
            [
              -88.84878052135214,
              29.177889889484454
            ],
            [
              -88.84878375656452,
              29.178070309735627
            ],
            [
              -88.84868096406595,
              29.17807172930492
            ],
            [
              -88.84868258159341,
              29.178161939433778
            ],
            [
              -88.84857978899764,
              29.178163358929467
            ],
            [
              -88.84858625882212,
              29.178524199452845
            ],
            [
              -88.84868905177714,
              29.178522779936262
            ],
            [
              -88.84869390449256,
              29.178793410299484
            ],
            [
              -88.84879669770964,
              29.178791990688392
            ],
            [
              -88.84880802159967,
              29.179423461453926
            ],
            [
              -88.8489108154381,
              29.1794220417274
            ],
            [
              -88.84891405108141,
              29.17960246192398
            ],
            [
              -88.84881125706335,
              29.179603881660945
            ],
            [
              -88.84881611031427,
              29.179874511961778
            ],
            [
              -88.84871331601934,
              29.179875931635586
            ],
            [
              -88.84871493369462,
              29.179966141738483
            ],
            [
              -88.84861213930247,
              29.179967561338675
            ],
            [
              -88.8486137568953,
              29.180057771445504
            ],
            [
              -88.84851096240594,
              29.180059190972063
            ],
            [
              -88.84851257991635,
              29.18014940108281
            ],
            [
              -88.84830699073581,
              29.18015223990986
            ],
            [
              -88.84830860807395,
              29.180242450029763
            ],
            [
              -88.84717786606461,
              29.180258057998287
            ],
            [
              -88.84717948242206,
              29.180348268174352
            ],
            [
              -88.8467683029287,
              29.18035394145472
            ],
            [
              -88.84676991893424,
              29.18044415165037
            ]
          ]
        ]
      },
      "properties": {
        "incident_id": "SP-017",
        "type": "AI-detected-slick",
        "source": "Sentinel-1 SAR",
        "method": "U-Net segmentation + radiometric filtering"
      }
    },
    {
      "type": "Feature",
      "geometry": {
        "type": "Polygon",
        "coordinates": [
          [
            [
              -88.71193715970959,
              29.18467277018307
            ],
            [
              -88.71039505786476,
              29.18469248378416
            ],
            [
              -88.71039356089643,
              29.184602266951977
            ],
            [
              -88.71018794738056,
              29.18460489408145
            ],
            [
              -88.71018645059881,
              29.18451467723831
            ],
            [
              -88.7100836439205,
              29.184515990679884
            ],
            [
              -88.71008214723545,
              29.18442577383063
            ],
            [
              -88.70997934064016,
              29.184427087188492
            ],
            [
              -88.70997634747036,
              29.184246653476432
            ],
            [
              -88.70987354104797,
              29.184247966745744
            ],
            [
              -88.70987204456318,
              29.184157749882967
            ],
            [
              -88.70976923822383,
              29.18415906306856
            ],
            [
              -88.70976774183576,
              29.184068846199647
            ],
            [
              -88.70966493557943,
              29.184070159301534
            ],
            [
              -88.70966343928806,
              29.18397994242651
            ],
            [
              -88.70956063311479,
              29.183981255444678
            ],
            [
              -88.70955764073229,
              29.183800821681096
            ],
            [
              -88.7094548347319,
              29.183802134610715
            ],
            [
              -88.70945034647904,
              29.183531483941213
            ],
            [
              -88.70934754074142,
              29.18353279677746
            ],
            [
              -88.70934454878676,
              29.183352362981683
            ],
            [
              -88.70924174322204,
              29.18335367572939
            ],
            [
              -88.7092372556109,
              29.183083025011584
            ],
            [
              -88.70913445030894,
              29.18308433766592
            ],
            [
              -88.70912996302891,
              29.182813686922042
            ],
            [
              -88.7090271579897,
              29.182814999482996
            ],
            [
              -88.7090211754048,
              29.182454131787168
            ],
            [
              -88.70891837071821,
              29.18245544424992
            ],
            [
              -88.70889892924059,
              29.181282624033507
            ],
            [
              -88.70879612571532,
              29.181283936354593
            ],
            [
              -88.70879014431395,
              29.180923068532636
            ],
            [
              -88.7088929474798,
              29.18092175623087
            ],
            [
              -88.70888696582833,
              29.18056088840766
            ],
            [
              -88.70898976862792,
              29.18055957604634
            ],
            [
              -88.70898677766348,
              29.180379142136676
            ],
            [
              -88.70908958027653,
              29.18037782970616
            ],
            [
              -88.70908808471471,
              29.180287612754228
            ],
            [
              -88.70919088723107,
              29.180286300249676
            ],
            [
              -88.70918789594823,
              29.1801058663516
            ],
            [
              -88.70929069827807,
              29.180104553777845
            ],
            [
              -88.70928920255704,
              29.18001433683173
            ],
            [
              -88.70939200479019,
              29.180013024183932
            ],
            [
              -88.70938901318894,
              29.179832590297476
            ],
            [
              -88.70949181523555,
              29.179831277580472
            ],
            [
              -88.70948882348195,
              29.179650843698546
            ],
            [
              -88.70959162534203,
              29.17964953091234
            ],
            [
              -88.70958863343607,
              29.17946909703492
            ],
            [
              -88.7096914351096,
              29.179467784179526
            ],
            [
              -88.70968844305129,
              29.179287350306637
            ],
            [
              -88.70979124453831,
              29.179286037382024
            ],
            [
              -88.70978675623257,
              29.179015386577543
            ],
            [
              -88.7098895574432,
              29.179014073588583
            ],
            [
              -88.70988357277187,
              29.178653205850573
            ],
            [
              -88.7099863736163,
              29.178651892802076
            ],
            [
              -88.70997889248174,
              29.17820080812481
            ],
            [
              -88.7100816928701,
              29.178199495021616
            ],
            [
              -88.71007720400189,
              29.17792884421433
            ],
            [
              -88.71018000411388,
              29.17792753104677
            ],
            [
              -88.71017401869263,
              29.17756666330504
            ],
            [
              -88.71027681843843,
              29.177565350077963
            ],
            [
              -88.71027382558914,
              29.177384916209032
            ],
            [
              -88.71037662514843,
              29.17738360291277
            ],
            [
              -88.71037512864422,
              29.177293385981212
            ],
            [
              -88.71047792810683,
              29.17729207261092
            ],
            [
              -88.7104764315196,
              29.177201855682913
            ],
            [
              -88.71057923088554,
              29.177200542238598
            ],
            [
              -88.71057773421532,
              29.17711032531414
            ],
            [
              -88.71068053348458,
              29.177109011795796
            ],
            [
              -88.71067903673136,
              29.177018794874893
            ],
            [
              -88.71078183590394,
              29.177017481282537
            ],
            [
              -88.71078033906772,
              29.17692726436516
            ],
            [
              -88.71088313814363,
              29.17692595069878
            ],
            [
              -88.71088164122442,
              29.176835733784973
            ],
            [
              -88.71098444020366,
              29.176834420044564
            ],
            [
              -88.71098144620608,
              29.176653986222757
            ],
            [
              -88.7110842449988,
              29.17665267241317
            ],
            [
              -88.71108274792043,
              29.176562455505177
            ],
            [
              -88.71118554661648,
              29.17656114162157
            ],
            [
              -88.7111825523006,
              29.176380707811386
            ],
            [
              -88.71128535081016,
              29.17637939385859
            ],
            [
              -88.71128235634197,
              29.17619896005295
            ],
            [
              -88.711385154665,
              29.176197646030978
            ],
            [
              -88.71138365735135,
              29.176107429131054
            ],
            [
              -88.7114864555777,
              29.17610611503506
            ],
            [
              -88.71148495818105,
              29.176015898138697
            ],
            [
              -88.71158775631073,
              29.176014583968694
            ],
            [
              -88.7115847613583,
              29.175834150181785
            ],
            [
              -88.71168755930148,
              29.175832835942586
            ],
            [
              -88.7116860617457,
              29.175742619052038
            ],
            [
              -88.71189165743185,
              29.175739990346774
            ],
            [
              -88.71189015970324,
              29.175649773464617
            ],
            [
              -88.71199295744624,
              29.175648458998552
            ],
            [
              -88.71199145963465,
              29.175558242119937
            ],
            [
              -88.71209425728095,
              29.175556927579862
            ],
            [
              -88.71209275938638,
              29.1754667107048
            ],
            [
              -88.71219555693602,
              29.1754653960907
            ],
            [
              -88.71219405895846,
              29.175375179219206
            ],
            [
              -88.71229685641141,
              29.17537386453109
            ],
            [
              -88.71229535835087,
              29.175283647663147
            ],
            [
              -88.71239815570716,
              29.17528233290102
            ],
            [
              -88.71239665756363,
              29.175192116036634
            ],
            [
              -88.71249945482325,
              29.17519080120049
            ],
            [
              -88.71249795659675,
              29.175100584339653
            ],
            [
              -88.71260075375969,
              29.175099269429502
            ],
            [
              -88.7125932622807,
              29.174648185130227
            ],
            [
              -88.7124904655669,
              29.17464950001617
            ],
            [
              -88.71248896738147,
              29.174559283147612
            ],
            [
              -88.71259176400545,
              29.174557968266505
            ],
            [
              -88.71259026573703,
              29.174467751401505
            ],
            [
              -88.71248746920288,
              29.17446906627777
            ],
            [
              -88.71248597103116,
              29.174378849406644
            ],
            [
              -88.71258876747547,
              29.174377534535218
            ],
            [
              -88.71258427273187,
              29.174106883928637
            ],
            [
              -88.712481476557,
              29.17410819878554
            ],
            [
              -88.71247997841265,
              29.174017981909262
            ],
            [
              -88.71237718232076,
              29.17401929668247
            ],
            [
              -88.71237568427307,
              29.17392907980008
            ],
            [
              -88.71217009224841,
              29.173931709100273
            ],
            [
              -88.71216859438721,
              29.173841492206908
            ],
            [
              -88.71196300251482,
              29.173844121182047
            ],
            [
              -88.71196150484012,
              29.173753904277703
            ],
            [
              -88.71165311724965,
              29.17375784713454
            ],
            [
              -88.71165161985125,
              29.1736676302144
            ],
            [
              -88.71154882406391,
              29.17366894433747
            ],
            [
              -88.71154732676217,
              29.17357872741122
            ],
            [
              -88.71144453105781,
              29.173580041450606
            ],
            [
              -88.71144303385273,
              29.17348982451822
            ],
            [
              -88.71134023823134,
              29.17349113847393
            ],
            [
              -88.71133724402135,
              29.17331070459564
            ],
            [
              -88.71123444857275,
              29.173312018462816
            ],
            [
              -88.71123145456978,
              29.173131584569703
            ],
            [
              -88.71112865929399,
              29.173132898348367
            ],
            [
              -88.71112716239257,
              29.17304268139505
            ],
            [
              -88.71102436719977,
              29.17304399509003
            ],
            [
              -88.71102137359709,
              29.17286356116985
            ],
            [
              -88.71091857857708,
              29.172864874776312
            ],
            [
              -88.71091708187582,
              29.172774657809455
            ],
            [
              -88.71081428693878,
              29.172775971332243
            ],
            [
              -88.71081279033417,
              29.172685754359257
            ],
            [
              -88.71060720061921,
              29.172688381158633
            ],
            [
              -88.71060570420109,
              29.17259816417469
            ],
            [
              -88.71050290942317,
              29.17259947745128
            ],
            [
              -88.71050141310168,
              29.17250926046123
            ],
            [
              -88.71029582370497,
              29.172511886768202
            ],
            [
              -88.71029432756997,
              29.172421669767175
            ],
            [
              -88.71008873832554,
              29.172424295749117
            ],
            [
              -88.710087242377,
              29.17233407873714
            ],
            [
              -88.70977885872853,
              29.17233801710421
            ],
            [
              -88.70977736305628,
              29.172247800076452
            ],
            [
              -88.70957177410274,
              29.17225042525062
            ],
            [
              -88.70957027861695,
              29.172160208211917
            ],
            [
              -88.70926189540485,
              29.172164145367347
            ],
            [
              -88.70926040019535,
              29.172073928312855
            ],
            [
              -88.70905481153274,
              29.172076552679275
            ],
            [
              -88.7090533165097,
              29.17198633561384
            ],
            [
              -88.70833375660412,
              29.17199551837894
            ],
            [
              -88.70833525099847,
              29.172085735478174
            ],
            [
              -88.70823245660911,
              29.17208704699122
            ],
            [
              -88.70823395092047,
              29.17217726409401
            ],
            [
              -88.70813115643446,
              29.17217857553304
            ],
            [
              -88.70813265066285,
              29.17226879263936
            ],
            [
              -88.7080298560802,
              29.17227010400438
            ],
            [
              -88.70803135022558,
              29.17236032111425
            ],
            [
              -88.70679781362362,
              29.172376051402598
            ],
            [
              -88.70679632055602,
              29.172285834234813
            ],
            [
              -88.70628234713095,
              29.17229238514666
            ],
            [
              -88.70628085451925,
              29.172202167953476
            ],
            [
              -88.70586967601567,
              29.172207407244485
            ],
            [
              -88.70586818377006,
              29.17211719003072
            ],
            [
              -88.70566259465699,
              29.17211980919352
            ],
            [
              -88.70566110259782,
              29.172029591968833
            ],
            [
              -88.70555830812087,
              29.17203090142715
            ],
            [
              -88.70555681615834,
              29.171940684196354
            ],
            [
              -88.70535122736362,
              29.171943302866815
            ],
            [
              -88.70534973558753,
              29.171853085625084
            ],
            [
              -88.70524694126976,
              29.171854394837226
            ],
            [
              -88.70524544959031,
              29.171764177589402
            ],
            [
              -88.70514265535553,
              29.171765486717884
            ],
            [
              -88.70514116377271,
              29.171675269463957
            ],
            [
              -88.70503836962092,
              29.171676578508784
            ],
            [
              -88.70503687813473,
              29.171586361248746
            ],
            [
              -88.70493408406595,
              29.171587670209906
            ],
            [
              -88.70493259267639,
              29.17149745294376
            ],
            [
              -88.7048297986906,
              29.171498761821272
            ],
            [
              -88.70482830739768,
              29.17140854454902
            ],
            [
              -88.70472551349488,
              29.17140985334286
            ],
            [
              -88.70472402229856,
              29.171319636064503
            ],
            [
              -88.70462122847877,
              29.17132094477468
            ],
            [
              -88.70461973737909,
              29.171230727490233
            ],
            [
              -88.7045169436423,
              29.171232036116756
            ],
            [
              -88.70451247065357,
              29.17096138424122
            ],
            [
              -88.7044096771794,
              29.17096269277445
            ],
            [
              -88.70440371364903,
              29.170601823569804
            ],
            [
              -88.70430092052727,
              29.170603132004924
            ],
            [
              -88.70429048524008,
              29.16997161081356
            ],
            [
              -88.70418769274018,
              29.16997291913612
            ],
            [
              -88.70417576782482,
              29.169251180516028
            ],
            [
              -88.7042785596063,
              29.169249872232008
            ],
            [
              -88.70427706893271,
              29.16915965490353
            ],
            [
              -88.70437986061758,
              29.16915834654548
            ],
            [
              -88.70437836986102,
              29.169068129220527
            ],
            [
              -88.70530349390991,
              29.16905635049397
            ],
            [
              -88.70530200235194,
              29.168966133211104
            ],
            [
              -88.70591875087236,
              29.16895827720817
            ],
            [
              -88.70592024296913,
              29.169048494462103
            ],
            [
              -88.70612582593432,
              29.16904587515415
            ],
            [
              -88.70612881050752,
              29.169226309638898
            ],
            [
              -88.70633439380464,
              29.169223689996326
            ],
            [
              -88.70633588628107,
              29.169313907227114
            ],
            [
              -88.70654146973052,
              29.16931128725956
            ],
            [
              -88.70653997707448,
              29.169221070038418
            ],
            [
              -88.70664276869917,
              29.16921975994121
            ],
            [
              -88.70664127596015,
              29.1691295427236
            ],
            [
              -88.70674406748823,
              29.169128232552392
            ],
            [
              -88.70674108185106,
              29.168947798122947
            ],
            [
              -88.7068438731927,
              29.168946487882558
            ],
            [
              -88.70684238029455,
              29.16885627067074
            ],
            [
              -88.70694517153957,
              29.16885496035633
            ],
            [
              -88.70694367855845,
              29.168764743148053
            ],
            [
              -88.70714926084841,
              29.168762122292392
            ],
            [
              -88.70714776769451,
              29.168671905092474
            ],
            [
              -88.70745614080889,
              29.168667973232214
            ],
            [
              -88.70745464739241,
              29.168577756045487
            ],
            [
              -88.70858534729845,
              29.168563333207647
            ],
            [
              -88.70858684170273,
              29.168653550341265
            ],
            [
              -88.70879242359466,
              29.168650926972646
            ],
            [
              -88.70879391818535,
              29.16874114409533
            ],
            [
              -88.70889670921088,
              29.168739832287944
            ],
            [
              -88.7088982038982,
              29.168830049404495
            ],
            [
              -88.70900099500669,
              29.168828737513458
            ],
            [
              -88.70900248979065,
              29.168918954623898
            ],
            [
              -88.70920807216673,
              29.168916330595643
            ],
            [
              -88.70920956713712,
              29.16900654769514
            ],
            [
              -88.70941514966549,
              29.169003923341894
            ],
            [
              -88.70941664482231,
              29.16909414043045
            ],
            [
              -88.70951943616603,
              29.16909282813075
            ],
            [
              -88.7095209314195,
              29.169183045213174
            ],
            [
              -88.70972651426607,
              29.16918042036761
            ],
            [
              -88.70972800970596,
              29.169270637439084
            ],
            [
              -88.7098308012088,
              29.169269324893218
            ],
            [
              -88.70983229674532,
              29.16935954195859
            ],
            [
              -88.71003787991009,
              29.16935691662069
            ],
            [
              -88.71003937563306,
              29.1694471336751
            ],
            [
              -88.71014216729499,
              29.169445820883066
            ],
            [
              -88.7101436631146,
              29.169536037931355
            ],
            [
              -88.71034924659756,
              29.169533412101128
            ],
            [
              -88.71035074260361,
              29.16962362913847
            ],
            [
              -88.71045353442464,
              29.169622316100266
            ],
            [
              -88.71045503052733,
              29.169712533131477
            ],
            [
              -88.71076340621882,
              29.169708593529368
            ],
            [
              -88.71076490259776,
              29.169798810544787
            ],
            [
              -88.71086769457104,
              29.169797497181584
            ],
            [
              -88.71086919104661,
              29.169887714190885
            ],
            [
              -88.71097198310287,
              29.169886400744005
            ],
            [
              -88.71097347967509,
              29.16997661774718
            ],
            [
              -88.7110762718143,
              29.169975304216642
            ],
            [
              -88.71107776848316,
              29.170065521213694
            ],
            [
              -88.7112833529207,
              29.170062893906408
            ],
            [
              -88.711284849776,
              29.170153110892517
            ],
            [
              -88.71138764207431,
              29.17015179711578
            ],
            [
              -88.71138913902628,
              29.170242014095756
            ],
            [
              -88.71149193140755,
              29.17024070023535
            ],
            [
              -88.71149342845615,
              29.1703309172092
            ],
            [
              -88.71159622092038,
              29.170329603265127
            ],
            [
              -88.71159771806565,
              29.170419820232855
            ],
            [
              -88.71170051061284,
              29.17041850620511
            ],
            [
              -88.71170200785475,
              29.17050872316671
            ],
            [
              -88.71180480048491,
              29.17050740905528
            ],
            [
              -88.71180629782347,
              29.17059762601076
            ],
            [
              -88.71190909053661,
              29.17059631181566
            ],
            [
              -88.7119105879718,
              29.170686528765017
            ],
            [
              -88.7120133807679,
              29.17068521448624
            ],
            [
              -88.71201487829974,
              29.170775431429465
            ],
            [
              -88.71211767117882,
              29.170774117067012
            ],
            [
              -88.71211916880732,
              29.17086433400411
            ],
            [
              -88.71222196176933,
              29.170863019557977
            ],
            [
              -88.71222495722648,
              29.171043453418655
            ],
            [
              -88.71232775036128,
              29.171042138884005
            ],
            [
              -88.71232924818995,
              29.171132355807572
            ],
            [
              -88.71243204140771,
              29.171131041189238
            ],
            [
              -88.712433539333,
              29.171221258106687
            ],
            [
              -88.71253633263373,
              29.171219943404676
            ],
            [
              -88.7125393286845,
              29.171400377226018
            ],
            [
              -88.71264212215802,
              29.171399062435494
            ],
            [
              -88.71264362028347,
              29.171489279339387
            ],
            [
              -88.71274641383994,
              29.171487964465175
            ],
            [
              -88.71274791206206,
              29.171578181362953
            ],
            [
              -88.7128507057015,
              29.17157686640507
            ],
            [
              -88.71285220402028,
              29.171667083296704
            ],
            [
              -88.71295499774268,
              29.17166576825514
            ],
            [
              -88.71295799458039,
              29.17184620202489
            ],
            [
              -88.71306078847557,
              29.171844886894796
            ],
            [
              -88.71306678259242,
              29.17220575439948
            ],
            [
              -88.71316957684002,
              29.17220443917118
            ],
            [
              -88.7131755714257,
              29.17256530663591
            ],
            [
              -88.71327836602569,
              29.1725639913094
            ],
            [
              -88.7132828623063,
              29.172834641879916
            ],
            [
              -88.7133856571689,
              29.172833326460033
            ],
            [
              -88.71339015378061,
              29.17310397700443
            ],
            [
              -88.71349294890581,
              29.17310266149118
            ],
            [
              -88.71351543423631,
              29.174455913966902
            ],
            [
              -88.71341263776381,
              29.174457229552814
            ],
            [
              -88.71341563574465,
              29.17463766320406
            ],
            [
              -88.71331283908563,
              29.174638978720807
            ],
            [
              -88.71331433799652,
              29.174729195549347
            ],
            [
              -88.71321154124082,
              29.174730510992088
            ],
            [
              -88.71321453890349,
              29.17491094465498
            ],
            [
              -88.71311174196128,
              29.174912260028545
            ],
            [
              -88.71311473947169,
              29.17509269369599
            ],
            [
              -88.71301194234299,
              29.175094009000397
            ],
            [
              -88.71301344101862,
              29.17518422583702
            ],
            [
              -88.71311623823715,
              29.17518291052778
            ],
            [
              -88.71312373216726,
              29.175633994667425
            ],
            [
              -88.71302093449958,
              29.17563531000089
            ],
            [
              -88.71303742076034,
              29.176627695048147
            ],
            [
              -88.71293462209766,
              29.176629010356017
            ],
            [
              -88.71294960942816,
              29.177531178494142
            ],
            [
              -88.71284680986027,
              29.177532493771565
            ],
            [
              -88.71284980722888,
              29.177712927393426
            ],
            [
              -88.71274700747446,
              29.177714242601677
            ],
            [
              -88.71275300193449,
              29.17807510984935
            ],
            [
              -88.71265020181386,
              29.1780764249981
            ],
            [
              -88.71265319890527,
              29.1782568586239
            ],
            [
              -88.71255039859811,
              29.17825817370348
            ],
            [
              -88.71255339553724,
              29.178438607333817
            ],
            [
              -88.71245059504355,
              29.178439922344214
            ],
            [
              -88.71245359183037,
              29.17862035597907
            ],
            [
              -88.71235079115014,
              29.17862167092029
            ],
            [
              -88.71235678444658,
              29.178982538193953
            ],
            [
              -88.71225398340013,
              29.178983853075664
            ],
            [
              -88.71225697990972,
              29.179164286714446
            ],
            [
              -88.71215417867676,
              29.179165601526975
            ],
            [
              -88.71215717503404,
              29.1793460351703
            ],
            [
              -88.7120543736145,
              29.17934734991365
            ],
            [
              -88.71205587171359,
              29.179437566738216
            ],
            [
              -88.71195307019737,
              29.179438881407535
            ],
            [
              -88.71195606623634,
              29.179619315062496
            ],
            [
              -88.71185326453359,
              29.179620629662633
            ],
            [
              -88.71186375025667,
              29.180252147448343
            ],
            [
              -88.71196655258836,
              29.18025083281433
            ],
            [
              -88.71196954875056,
              29.18043126644614
            ],
            [
              -88.71207235125512,
              29.18042995172359
            ],
            [
              -88.71207534762439,
              29.180610385340554
            ],
            [
              -88.71217815030181,
              29.18060907052945
            ],
            [
              -88.71218114687817,
              29.18078950413162
            ],
            [
              -88.71228394972844,
              29.180788189231965
            ],
            [
              -88.7122869465119,
              29.180968622819286
            ],
            [
              -88.71238974953503,
              29.180967307831082
            ],
            [
              -88.71243170989506,
              29.183493377377705
            ],
            [
              -88.71232890435584,
              29.18349469250144
            ],
            [
              -88.71233789602078,
              29.184035993016362
            ],
            [
              -88.71223508993552,
              29.184037308090275
            ],
            [
              -88.71224108415629,
              29.18439817509385
            ],
            [
              -88.71213827770468,
              29.184399490108234
            ],
            [
              -88.71214127467641,
              29.184579923611974
            ],
            [
              -88.7119356613932,
              29.184582553423446
            ],
            [
              -88.71193715970959,
              29.18467277018307
            ]
          ]
        ]
      },
      "properties": {
        "incident_id": "SP-017",
        "type": "AI-detected-slick",
        "source": "Sentinel-1 SAR",
        "method": "U-Net segmentation + radiometric filtering"
      }
    }
  ]
}