{
  "type": "FeatureCollection",
  "name": "SP-006_AI_Spill_Footprint",
  "features": [
    {
      "type": "Feature",
      "geometry": {
        "type": "Polygon",
        "coordinates": [
          [
            [
              -89.62871235698566,
              29.05100394372184
            ],
            [
              -89.62850713411319,
              29.051007963864247
            ],
            [
              -89.62792873434242,
              29.028196512475777
            ],
            [
              -89.62803132326772,
              29.028194504319416
            ],
            [
              -89.62803360820476,
              29.028284668324805
            ],
            [
              -89.62834137518482,
              29.028278643364196
            ],
            [
              -89.62834366039914,
              29.028368807345974
            ],
            [
              -89.62865142755199,
              29.028362781659233
            ],
            [
              -89.62865371304358,
              29.028452945617385
            ],
            [
              -89.62916665853402,
              29.02844290120479
            ],
            [
              -89.6291689444808,
              29.028533065124506
            ],
            [
              -89.62937412278168,
              29.028529046797146
            ],
            [
              -89.62937640891681,
              29.02861921070065
            ],
            [
              -89.62958158735378,
              29.02861519204562
            ],
            [
              -89.62958844635558,
              29.028885683703372
            ],
            [
              -89.62969103582522,
              29.028883674236283
            ],
            [
              -89.62969560872327,
              29.029064001986416
            ],
            [
              -89.62959301907574,
              29.029066011468334
            ],
            [
              -89.62959759183771,
              29.029246339227793
            ],
            [
              -89.62949500200183,
              29.029248348646334
            ],
            [
              -89.62949957462773,
              29.029428676415133
            ],
            [
              -89.62939698460349,
              29.029430685770283
            ],
            [
              -89.6294015570933,
              29.029611013548408
            ],
            [
              -89.62919637665765,
              29.029615032053744
            ],
            [
              -89.62919866274034,
              29.029705195955575
            ],
            [
              -89.62909607241788,
              29.029707205098337
            ],
            [
              -89.62909150044084,
              29.02952687727847
            ],
            [
              -89.62898891028584,
              29.02952888632818
            ],
            [
              -89.6289957680002,
              29.02979937807816
            ],
            [
              -89.62909835842207,
              29.029797369006197
            ],
            [
              -89.62910293046183,
              29.029977696817806
            ],
            [
              -89.62920552105115,
              29.029975687652808
            ],
            [
              -89.62920780717566,
              29.030065851549125
            ],
            [
              -89.62941298850083,
              29.030061832969633
            ],
            [
              -89.62941984747083,
              29.03033232460587
            ],
            [
              -89.6295224383846,
              29.030330315176545
            ],
            [
              -89.62953844363656,
              29.03096146222768
            ],
            [
              -89.6294358521001,
              29.030963471708922
            ],
            [
              -89.62943813851753,
              29.03105363557529
            ],
            [
              -89.62923295523534,
              29.03105765431794
            ],
            [
              -89.6292352414853,
              29.03114781819777
            ],
            [
              -89.62913264973956,
              29.03114982745918
            ],
            [
              -89.62913722209296,
              29.031330155229522
            ],
            [
              -89.62903463015886,
              29.031332164427546
            ],
            [
              -89.62903920237615,
              29.03151249220721
            ],
            [
              -89.62893661025366,
              29.031514501341846
            ],
            [
              -89.62893889628903,
              29.031604665237044
            ],
            [
              -89.62904148850049,
              29.031602656094996
            ],
            [
              -89.62904377463526,
              29.031692819981398
            ],
            [
              -89.62935155147377,
              29.031686792063677
            ],
            [
              -89.62935612430847,
              29.031867119787844
            ],
            [
              -89.62945871674499,
              29.03186511031065
            ],
            [
              -89.62947014945955,
              29.032315929559942
            ],
            [
              -89.62936755657823,
              29.03231793907422
            ],
            [
              -89.62936984306354,
              29.032408102927356
            ],
            [
              -89.62916465709161,
              29.03241212173605
            ],
            [
              -89.62916694340944,
              29.03250228560266
            ],
            [
              -89.62875657098427,
              29.032510322311
            ],
            [
              -89.6287588569567,
              29.032600486205894
            ],
            [
              -89.6286562637353,
              29.032602495194823
            ],
            [
              -89.62868140914352,
              29.033594298029374
            ],
            [
              -89.62878400334357,
              29.033592288958875
            ],
            [
              -89.62878628944145,
              29.033682452837247
            ],
            [
              -89.62888888372001,
              29.03368044368111
            ],
            [
              -89.62889116991734,
              29.033770607550704
            ],
            [
              -89.6289937642744,
              29.033768598308914
            ],
            [
              -89.6290029095241,
              29.034129253743863
            ],
            [
              -89.62890031481115,
              29.034131263015308
            ],
            [
              -89.6289071735913,
              29.034401754599326
            ],
            [
              -89.62880457860098,
              29.034403763814787
            ],
            [
              -89.62882515470524,
              29.03521523855927
            ],
            [
              -89.62892775049635,
              29.035213229277076
            ],
            [
              -89.62893460965289,
              29.035483720811566
            ],
            [
              -89.62903720570046,
              29.035481711428883
            ],
            [
              -89.62904406521804,
              29.035752202928744
            ],
            [
              -89.62894146890352,
              29.03575421233367
            ],
            [
              -89.62894604178958,
              29.035934540008203
            ],
            [
              -89.62884344528665,
              29.035936549349717
            ],
            [
              -89.62884801803655,
              29.036116877033564
            ],
            [
              -89.62874542134522,
              29.03611888631168
            ],
            [
              -89.62875228028155,
              29.036389377849396
            ],
            [
              -89.62885487723983,
              29.036387368549033
            ],
            [
              -89.6288663094544,
              29.03683818771396
            ],
            [
              -89.6287637120512,
              29.036840197051404
            ],
            [
              -89.62877285765512,
              29.037200852388246
            ],
            [
              -89.62887545541426,
              29.037198843021148
            ],
            [
              -89.62887774193037,
              29.037289006844496
            ],
            [
              -89.62898033976803,
              29.037286997391746
            ],
            [
              -89.62901006658576,
              29.038459126873786
            ],
            [
              -89.62911266556983,
              29.038457117246377
            ],
            [
              -89.62913096058645,
              29.039178427521968
            ],
            [
              -89.62892576118398,
              29.039182446817183
            ],
            [
              -89.62893033468673,
              29.03936277440198
            ],
            [
              -89.62882773479183,
              29.03936478394704
            ],
            [
              -89.62883916828672,
              29.03981560292204
            ],
            [
              -89.6289417686266,
              29.039813593339904
            ],
            [
              -89.62894634227577,
              29.039993920905452
            ],
            [
              -89.62904894278319,
              29.039991911230228
            ],
            [
              -89.62906723851007,
              29.040713221378038
            ],
            [
              -89.62896463729065,
              29.04071523111258
            ],
            [
              -89.62897149809378,
              29.040985722417552
            ],
            [
              -89.62907409958021,
              29.040983712660754
            ],
            [
              -89.62907867367927,
              29.04116404017569
            ],
            [
              -89.62918127533324,
              29.041162030325808
            ],
            [
              -89.62918584965213,
              29.04134235782042
            ],
            [
              -89.62908324782015,
              29.04134436768513
            ],
            [
              -89.62909010910991,
              29.041614858938956
            ],
            [
              -89.62888490488052,
              29.041618878478126
            ],
            [
              -89.62888947876996,
              29.041799206003468
            ],
            [
              -89.62878687646156,
              29.041801215670503
            ],
            [
              -89.62879373710715,
              29.042071706970432
            ],
            [
              -89.62899894224749,
              29.042067687513615
            ],
            [
              -89.62900351641954,
              29.04224801501037
            ],
            [
              -89.62890091367657,
              29.04225002479274
            ],
            [
              -89.62890320068925,
              29.042340188546465
            ],
            [
              -89.62869799499394,
              29.042344207891258
            ],
            [
              -89.62870028183906,
              29.042434371658445
            ],
            [
              -89.62880288478097,
              29.04243236201776
            ],
            [
              -89.62880517172557,
              29.04252252577615
            ],
            [
              -89.62870256869466,
              29.04252453542425
            ],
            [
              -89.6287048555607,
              29.04261469918866
            ],
            [
              -89.62880745868063,
              29.04261268953315
            ],
            [
              -89.62880974564614,
              29.042702853288795
            ],
            [
              -89.62891234884462,
              29.04270084354761
            ],
            [
              -89.6289146359096,
              29.04279100729446
            ],
            [
              -89.62932504895495,
              29.042782967517457
            ],
            [
              -89.62932733638644,
              29.04287313123326
            ],
            [
              -89.62942993971063,
              29.04287112108595
            ],
            [
              -89.62943680233488,
              29.04314161220285
            ],
            [
              -89.62933419874365,
              29.043143622372416
            ],
            [
              -89.629341061195,
              29.043414113499196
            ],
            [
              -89.62923845732627,
              29.043416123612758
            ],
            [
              -89.62924531960472,
              29.043686614749397
            ],
            [
              -89.6293479237405,
              29.0436846046136
            ],
            [
              -89.62935249882312,
              29.04386493201631
            ],
            [
              -89.62945510312647,
              29.0438629217874
            ],
            [
              -89.6294619660959,
              29.044133412858905
            ],
            [
              -89.62935936152552,
              29.044135423110063
            ],
            [
              -89.6293616491139,
              29.04422558680523
            ],
            [
              -89.62925904444403,
              29.044227596985543
            ],
            [
              -89.62926361947414,
              29.04440792438657
            ],
            [
              -89.62916101461578,
              29.04440993450345
            ],
            [
              -89.62916787697233,
              29.044680425616935
            ],
            [
              -89.62906527183645,
              29.044682435677807
            ],
            [
              -89.62906755922054,
              29.04477259938697
            ],
            [
              -89.62927276965989,
              29.044768579172136
            ],
            [
              -89.62927505723248,
              29.04485874286508
            ],
            [
              -89.62937766252547,
              29.044856732632848
            ],
            [
              -89.62937995019755,
              29.044946896317004
            ],
            [
              -89.62948255556911,
              29.044944885999097
            ],
            [
              -89.62948484334066,
              29.045035049674475
            ],
            [
              -89.62958744879077,
              29.045033039270873
            ],
            [
              -89.6295920245433,
              29.04521336660263
            ],
            [
              -89.62969463016101,
              29.045211356105934
            ],
            [
              -89.62969691814199,
              29.045301519762333
            ],
            [
              -89.62979952383824,
              29.04529950917995
            ],
            [
              -89.62981325247792,
              29.04584049104495
            ],
            [
              -89.62971064624753,
              29.04584250167183
            ],
            [
              -89.62971522236641,
              29.04602282896399
            ],
            [
              -89.6296126159475,
              29.046024839527455
            ],
            [
              -89.6296149039336,
              29.046115003178894
            ],
            [
              -89.62951229741519,
              29.046117013671502
            ],
            [
              -89.62951458532274,
              29.046207177328977
            ],
            [
              -89.62941197870485,
              29.046209187750733
            ],
            [
              -89.62940969088633,
              29.04611902408584
            ],
            [
              -89.629307084347,
              29.046121034421915
            ],
            [
              -89.6293093720765,
              29.046211198094223
            ],
            [
              -89.6292067654377,
              29.04621320835944
            ],
            [
              -89.62920905308862,
              29.046303372037787
            ],
            [
              -89.62910644635032,
              29.04630538223216
            ],
            [
              -89.62910873392268,
              29.046395545916546
            ],
            [
              -89.62921134075,
              29.04639353571476
            ],
            [
              -89.62921362842185,
              29.04648369939037
            ],
            [
              -89.62911102150551,
              29.046485709599565
            ],
            [
              -89.62911330909877,
              29.04657587328121
            ],
            [
              -89.62921591610416,
              29.046573863064587
            ],
            [
              -89.62922277921383,
              29.046844354079
            ],
            [
              -89.62932538647584,
              29.046842343761863
            ],
            [
              -89.62934368927418,
              29.047563653013754
            ],
            [
              -89.62924108129992,
              29.047565663390227
            ],
            [
              -89.62925252044371,
              29.048016481665012
            ],
            [
              -89.62935512886312,
              29.04801447125145
            ],
            [
              -89.62936199274203,
              29.04828496217756
            ],
            [
              -89.62946460141809,
              29.048282951663474
            ],
            [
              -89.62947604187067,
              29.04873376980904
            ],
            [
              -89.62937343274943,
              29.04873578036022
            ],
            [
              -89.62937800882564,
              29.048916107623647
            ],
            [
              -89.62927539951585,
              29.048918118111384
            ],
            [
              -89.62927768748061,
              29.049008281748453
            ],
            [
              -89.62917507807133,
              29.049010292165324
            ],
            [
              -89.62919109349423,
              29.04964143763819
            ],
            [
              -89.62908848345121,
              29.049643448028704
            ],
            [
              -89.62909992290761,
              29.050094266219407
            ],
            [
              -89.62899731240893,
              29.050096276568716
            ],
            [
              -89.62900646380618,
              29.050456931126188
            ],
            [
              -89.62890385294084,
              29.05045894142689
            ],
            [
              -89.62891300414927,
              29.050819595991992
            ],
            [
              -89.6288103929173,
              29.050821606244085
            ],
            [
              -89.62881268065651,
              29.050911769889336
            ],
            [
              -89.62871006932502,
              29.05091378007054
            ],
            [
              -89.62871235698566,
              29.05100394372184
            ]
          ]
        ]
      },
      "properties": {
        "incident_id": "SP-006",
        "type": "AI-detected-slick",
        "source": "Sentinel-1 SAR",
        "method": "U-Net segmentation + radiometric filtering"
      }
    },
    {
      "type": "Feature",
      "geometry": {
        "type": "Polygon",
        "coordinates": [
          [
            [
              -89.62695851144555,
              28.98175785446072
            ],
            [
              -89.62675342511129,
              28.981761863220246
            ],
            [
              -89.6261770537694,
              28.958950144767915
            ],
            [
              -89.62699721935793,
              28.958934122844415
            ],
            [
              -89.62699949690128,
              28.95902428785327
            ],
            [
              -89.62751210049852,
              28.959014271579353
            ],
            [
              -89.62751437849548,
              28.959104436549804
            ],
            [
              -89.62761689927228,
              28.959102433053644
            ],
            [
              -89.62761917736829,
              28.959192598015317
            ],
            [
              -89.62772169822331,
              28.959190594433757
            ],
            [
              -89.62772625462385,
              28.959370924338167
            ],
            [
              -89.62782877564571,
              28.959368920663795
            ],
            [
              -89.62783333226524,
              28.959549250547898
            ],
            [
              -89.62793585345395,
              28.959547246780726
            ],
            [
              -89.62793813186798,
              28.959637411713313
            ],
            [
              -89.6280406531349,
              28.959635407860738
            ],
            [
              -89.62806343873517,
              28.960537057036962
            ],
            [
              -89.62785839441813,
              28.96054106481226
            ],
            [
              -89.62786750824108,
              28.960901724503568
            ],
            [
              -89.62797003075939,
              28.96089972062528
            ],
            [
              -89.62797230932982,
              28.96098988553727
            ],
            [
              -89.62807483192634,
              28.96098788157359
            ],
            [
              -89.62809078283196,
              28.961619035867187
            ],
            [
              -89.62798825961494,
              28.961621039882726
            ],
            [
              -89.62799509560784,
              28.961891534581607
            ],
            [
              -89.62789257211448,
              28.961893538541368
            ],
            [
              -89.62789485071097,
              28.96198370344566
            ],
            [
              -89.62768980351564,
              28.96198771114601
            ],
            [
              -89.62769208194528,
              28.962077876063734
            ],
            [
              -89.62748703453094,
              28.962081883466894
            ],
            [
              -89.62748931279371,
              28.962172048398056
            ],
            [
              -89.62738678898226,
              28.96217405199004
            ],
            [
              -89.62738906716682,
              28.962264216927245
            ],
            [
              -89.62728654325629,
              28.96226622044863
            ],
            [
              -89.62729109947936,
              28.962446550333738
            ],
            [
              -89.62718857538111,
              28.962448553791937
            ],
            [
              -89.62721591253155,
              28.96353053307606
            ],
            [
              -89.62711338735905,
              28.96353253654513
            ],
            [
              -89.62712249972152,
              28.963893196292194
            ],
            [
              -89.62722502524863,
              28.963891192793504
            ],
            [
              -89.62722274705372,
              28.963801027866204
            ],
            [
              -89.62732527248177,
              28.96379902429692
            ],
            [
              -89.62732755076533,
              28.96388918921683
            ],
            [
              -89.6274300762716,
              28.963887185562122
            ],
            [
              -89.62744146828912,
              28.964338010103962
            ],
            [
              -89.62733894233955,
              28.96434001379569
            ],
            [
              -89.62735261257271,
              28.964881003245022
            ],
            [
              -89.6274551390542,
              28.96487899950887
            ],
            [
              -89.62745969605932,
              28.965059329299514
            ],
            [
              -89.62756222270771,
              28.965057325470525
            ],
            [
              -89.62757133719771,
              28.96541798500572
            ],
            [
              -89.62767386419033,
              28.965415981069086
            ],
            [
              -89.62767842167521,
              28.965596310813638
            ],
            [
              -89.62778094883473,
              28.965594306784187
            ],
            [
              -89.62780601672256,
              28.9665861201995
            ],
            [
              -89.62770348858771,
              28.966588124310434
            ],
            [
              -89.62770804634374,
              28.966768454019267
            ],
            [
              -89.62760551802114,
              28.966770458067003
            ],
            [
              -89.62761007564154,
              28.966950787785162
            ],
            [
              -89.62750754713117,
              28.9669527917697
            ],
            [
              -89.62750982586834,
              28.967042956634128
            ],
            [
              -89.62740729725888,
              28.967044960548048
            ],
            [
              -89.62740957591781,
              28.967135125418505
            ],
            [
              -89.62730704720926,
              28.967137129261808
            ],
            [
              -89.62731844021697,
              28.96758795363055
            ],
            [
              -89.6272159110546,
              28.967589957432878
            ],
            [
              -89.62722958247592,
              28.96813094667448
            ],
            [
              -89.62733211217031,
              28.968128942827715
            ],
            [
              -89.6273571783931,
              28.969120756227458
            ],
            [
              -89.62725464772326,
              28.969122760155678
            ],
            [
              -89.62727971423232,
              28.970114573470724
            ],
            [
              -89.62738224587764,
              28.97011256946103
            ],
            [
              -89.62738908268334,
              28.97038306395044
            ],
            [
              -89.62749161458429,
              28.97038105984049
            ],
            [
              -89.62749617268426,
              28.97056138947841
            ],
            [
              -89.62759870475215,
              28.970559385275628
            ],
            [
              -89.62761693827869,
              28.971280703713138
            ],
            [
              -89.62751440550132,
              28.971282707975185
            ],
            [
              -89.62752124297978,
              28.9715532023888
            ],
            [
              -89.62741870992589,
              28.97155520659504
            ],
            [
              -89.62742326811964,
              28.97173553621207
            ],
            [
              -89.62732073487793,
              28.971737540355093
            ],
            [
              -89.62732301390177,
              28.971827705168955
            ],
            [
              -89.62742554723215,
              28.97182570101853
            ],
            [
              -89.62743694295118,
              28.9722765250302
            ],
            [
              -89.62733440917734,
              28.972278529217657
            ],
            [
              -89.62733668826372,
              28.972368694023288
            ],
            [
              -89.62723415439075,
              28.972370698140118
            ],
            [
              -89.62723643339888,
              28.97246086295177
            ],
            [
              -89.6271338994268,
              28.972462866997965
            ],
            [
              -89.62713617835665,
              28.972553031815657
            ],
            [
              -89.62703364428543,
              28.972555035791228
            ],
            [
              -89.62704503864771,
              28.9730058598961
            ],
            [
              -89.62714757316242,
              28.973003855883494
            ],
            [
              -89.62715441017102,
              28.97327435030773
            ],
            [
              -89.62725694494137,
              28.973272346194864
            ],
            [
              -89.62725922405379,
              28.97336251099278
            ],
            [
              -89.62736175890242,
              28.97336050679447
            ],
            [
              -89.62737771360229,
              28.973991660289617
            ],
            [
              -89.62727517813275,
              28.97399366453977
            ],
            [
              -89.6272865742163,
              28.9744444884607
            ],
            [
              -89.62738911012934,
              28.974442484173515
            ],
            [
              -89.62739822753873,
              28.97480314325592
            ],
            [
              -89.62729569127087,
              28.974805147572727
            ],
            [
              -89.62730252917132,
              28.975075641892335
            ],
            [
              -89.62719999262691,
              28.97507764615332
            ],
            [
              -89.62722734410283,
              28.976159623396967
            ],
            [
              -89.62712480648351,
              28.976161627668798
            ],
            [
              -89.62714076158372,
              28.976792781021445
            ],
            [
              -89.62724329982403,
              28.976790776697772
            ],
            [
              -89.62724557925449,
              28.97688094144953
            ],
            [
              -89.62755319417901,
              28.976874927988018
            ],
            [
              -89.62755547388606,
              28.976965092716185
            ],
            [
              -89.62765801226207,
              28.976963088065506
            ],
            [
              -89.62766257188487,
              28.9771434175029
            ],
            [
              -89.62776511042789,
              28.977141412759362
            ],
            [
              -89.627776510111,
              28.977592236291784
            ],
            [
              -89.62767397112441,
              28.977594241072367
            ],
            [
              -89.62768309070381,
              28.977954899903203
            ],
            [
              -89.6275805513519,
              28.977956904635374
            ],
            [
              -89.62758967074333,
              28.978317563473865
            ],
            [
              -89.62748713102611,
              28.978319568157602
            ],
            [
              -89.62749169060697,
              28.97849989758342
            ],
            [
              -89.62738915070189,
              28.978501902203927
            ],
            [
              -89.62739371014703,
              28.978682231639073
            ],
            [
              -89.62729117005406,
              28.978684236196333
            ],
            [
              -89.62730256840587,
              28.979135059797184
            ],
            [
              -89.62740510894245,
              28.979133055202883
            ],
            [
              -89.62742790731564,
              28.980034702227492
            ],
            [
              -89.62732536589179,
              28.980036706895866
            ],
            [
              -89.62733220534098,
              28.980307200998674
            ],
            [
              -89.62722966364052,
              28.98030920561121
            ],
            [
              -89.62723194338903,
              28.98039937031682
            ],
            [
              -89.62733448517824,
              28.980397365696874
            ],
            [
              -89.6273413247526,
              28.980667859783217
            ],
            [
              -89.62744386679756,
              28.98066585506299
            ],
            [
              -89.62744842674341,
              28.980846184432195
            ],
            [
              -89.6275509689554,
              28.980844179619098
            ],
            [
              -89.62755780921863,
              28.98111467364038
            ],
            [
              -89.62745526674045,
              28.981116678475697
            ],
            [
              -89.62745982679064,
              28.981297007831166
            ],
            [
              -89.62735728412456,
              28.981299012603248
            ],
            [
              -89.62735956407656,
              28.981389177286317
            ],
            [
              -89.62725702131131,
              28.981391181987746
            ],
            [
              -89.62725930118502,
              28.981481346676862
            ],
            [
              -89.62705421544575,
              28.981485355860332
            ],
            [
              -89.62705649515242,
              28.981575520562885
            ],
            [
              -89.6269539521784,
              28.981577525044923
            ],
            [
              -89.62695851144555,
              28.98175785446072
            ]
          ]
        ]
      },
      "properties": {
        "incident_id": "SP-006",
        "type": "AI-detected-slick",
        "source": "Sentinel-1 SAR",
        "method": "U-Net segmentation + radiometric filtering"
      }
    },
    {
      "type": "Feature",
      "geometry": {
        "type": "Polygon",
        "coordinates": [
          [
            [
              -89.62637526425695,
              28.958675644586926
            ],
            [
              -89.62617022332908,
              28.958679649555446
            ],
            [
              -89.62559680103006,
              28.93595800760896
            ],
            [
              -89.62580179731283,
              28.93595400637062
            ],
            [
              -89.62580407166833,
              28.93604417177385
            ],
            [
              -89.62590656988263,
              28.936042171030408
            ],
            [
              -89.62590884433706,
              28.93613233642487
            ],
            [
              -89.6260113426295,
              28.936130335596108
            ],
            [
              -89.62601589174665,
              28.936310666366126
            ],
            [
              -89.62611839020572,
              28.93630866544464
            ],
            [
              -89.62612066486845,
              28.93639883082019
            ],
            [
              -89.62601816632085,
              28.93640083174907
            ],
            [
              -89.62602044090546,
              28.936490997130655
            ],
            [
              -89.6261229395416,
              28.936488996194374
            ],
            [
              -89.62612521422514,
              28.936579161567174
            ],
            [
              -89.62622771293941,
              28.936577160545568
            ],
            [
              -89.62622998772191,
              28.936667325909603
            ],
            [
              -89.62643498529627,
              28.936663323617832
            ],
            [
              -89.62643726026624,
              28.93675348896568
            ],
            [
              -89.62653975912633,
              28.93675148769552
            ],
            [
              -89.62654203419527,
              28.9368416530346
            ],
            [
              -89.62664453313347,
              28.936839651679115
            ],
            [
              -89.62664908347963,
              28.93701998233836
            ],
            [
              -89.6267515825845,
              28.937017980890143
            ],
            [
              -89.62675385786174,
              28.93710814621031
            ],
            [
              -89.62685635704473,
              28.93710614467678
            ],
            [
              -89.62685863242092,
              28.937196309988156
            ],
            [
              -89.62696113168202,
              28.93719430836931
            ],
            [
              -89.62697706022678,
              28.937825465458772
            ],
            [
              -89.62687456034591,
              28.93782746712945
            ],
            [
              -89.62688138675573,
              28.93809796302656
            ],
            [
              -89.62677888659883,
              28.938099964641527
            ],
            [
              -89.6267834374137,
              28.93828029524756
            ],
            [
              -89.62668093706931,
              28.938282296799397
            ],
            [
              -89.62668548774877,
              28.938462627414726
            ],
            [
              -89.62648048667457,
              28.938466630314256
            ],
            [
              -89.62648503704152,
              28.93864696095371
            ],
            [
              -89.62638253631171,
              28.93864896230139
            ],
            [
              -89.62638708654323,
              28.938829292950174
            ],
            [
              -89.62648958745012,
              28.938827291587685
            ],
            [
              -89.62649186267004,
              28.93891745690261
            ],
            [
              -89.62669686462966,
              28.938913453929057
            ],
            [
              -89.62669914003709,
              28.939003619227805
            ],
            [
              -89.62690414213212,
              28.938999615927735
            ],
            [
              -89.62691779585795,
              28.93954060760258
            ],
            [
              -89.62681529428437,
              28.939542609335998
            ],
            [
              -89.62681984543255,
              28.939722939898108
            ],
            [
              -89.62671734367146,
              28.939724941568397
            ],
            [
              -89.62672189468421,
              28.93990527213982
            ],
            [
              -89.6266193927356,
              28.939907273746986
            ],
            [
              -89.62662166816905,
              28.939997439038038
            ],
            [
              -89.62651916612148,
              28.93999944057468
            ],
            [
              -89.62652826760525,
              28.9403601017548
            ],
            [
              -89.62663077000701,
              28.94035810018855
            ],
            [
              -89.62663304549254,
              28.940448265472735
            ],
            [
              -89.62673554797244,
              28.940446263821155
            ],
            [
              -89.62673782355695,
              28.94053642909658
            ],
            [
              -89.62694282866259,
              28.940532425544816
            ],
            [
              -89.62694738021705,
              28.94071275606192
            ],
            [
              -89.62684487749233,
              28.94071475789158
            ],
            [
              -89.62685170463647,
              28.94098525367916
            ],
            [
              -89.62674920163566,
              28.94098725545309
            ],
            [
              -89.62675375294008,
              28.941167585986097
            ],
            [
              -89.62665124975175,
              28.941169587696905
            ],
            [
              -89.62665352533102,
              28.94125975296875
            ],
            [
              -89.62655102204374,
              28.94126175460902
            ],
            [
              -89.62655329754487,
              28.941351919886895
            ],
            [
              -89.62645079415861,
              28.94135392145664
            ],
            [
              -89.62645534501502,
              28.94153425202307
            ],
            [
              -89.62635284144123,
              28.94153625352969
            ],
            [
              -89.6263551167965,
              28.94162641881825
            ],
            [
              -89.62645762045885,
              28.941624417304247
            ],
            [
              -89.62647127334053,
              28.942165408962374
            ],
            [
              -89.6265737775238,
              28.942163407326007
            ],
            [
              -89.62657605312909,
              28.942253572590168
            ],
            [
              -89.62647354885726,
              28.942255574233936
            ],
            [
              -89.62647582438441,
              28.94234573950412
            ],
            [
              -89.6265783287448,
              28.94234373785295
            ],
            [
              -89.62658970697959,
              28.942794564146272
            ],
            [
              -89.62669221177235,
              28.942792562380156
            ],
            [
              -89.6266967633163,
              28.94297289287306
            ],
            [
              -89.62679926827578,
              28.942970891014195
            ],
            [
              -89.62681064776076,
              28.943421717185466
            ],
            [
              -89.62691315315263,
              28.94341971521165
            ],
            [
              -89.62691542916946,
              28.943509880434366
            ],
            [
              -89.62701793463945,
              28.943507878375204
            ],
            [
              -89.62702248688147,
              28.94368820880174
            ],
            [
              -89.62712499251819,
              28.943686206649836
            ],
            [
              -89.62712954497901,
              28.943866537056078
            ],
            [
              -89.62723205078245,
              28.943864534811414
            ],
            [
              -89.62724343255965,
              28.94431536076598
            ],
            [
              -89.62714092631339,
              28.944317363047656
            ],
            [
              -89.62714775523904,
              28.944587858626132
            ],
            [
              -89.62704524871663,
              28.944589860852084
            ],
            [
              -89.62706118262118,
              28.945221017205665
            ],
            [
              -89.62695867546836,
              28.945223019405496
            ],
            [
              -89.62696322792914,
              28.94540334979469
            ],
            [
              -89.62686072058877,
              28.94540535193138
            ],
            [
              -89.62686527291407,
              28.945585682329888
            ],
            [
              -89.62676276538615,
              28.945587684403442
            ],
            [
              -89.62676504147585,
              28.94567784960804
            ],
            [
              -89.62666253384893,
              28.945679851611054
            ],
            [
              -89.62666480986047,
              28.945770016821683
            ],
            [
              -89.62656230213457,
              28.94577201875414
            ],
            [
              -89.62656685401176,
              28.945952349186086
            ],
            [
              -89.62646434609829,
              28.945954351055416
            ],
            [
              -89.62646889784,
              28.946134681496673
            ],
            [
              -89.62636638973895,
              28.946136683302836
            ],
            [
              -89.62637094134519,
              28.946317013753422
            ],
            [
              -89.62647344962339,
              28.946315011932445
            ],
            [
              -89.62647800144845,
              28.94649534236273
            ],
            [
              -89.62678552675203,
              28.946489336387668
            ],
            [
              -89.62679690782565,
              28.94694016232832
            ],
            [
              -89.62689941668224,
              28.94693816014372
            ],
            [
              -89.62690624571717,
              28.947208655669435
            ],
            [
              -89.62680373659484,
              28.947210657876244
            ],
            [
              -89.62680828915973,
              28.947390988234666
            ],
            [
              -89.62670577984983,
              28.947392990378336
            ],
            [
              -89.62670805605931,
              28.947483155562885
            ],
            [
              -89.62660554665042,
              28.947485157636
            ],
            [
              -89.62661692741123,
              28.947935983575196
            ],
            [
              -89.62671943726305,
              28.947933981465063
            ],
            [
              -89.62674902961173,
              28.94910612865015
            ],
            [
              -89.62664651860828,
              28.94910813085652
            ],
            [
              -89.62665562394623,
              28.9494687915118
            ],
            [
              -89.62675813530403,
              28.949466789275807
            ],
            [
              -89.62676041175315,
              28.9495569544288
            ],
            [
              -89.62686292318914,
              28.949554952107444
            ],
            [
              -89.62687202944419,
              28.94991561267605
            ],
            [
              -89.62676951765384,
              28.949917615027008
            ],
            [
              -89.62676724116304,
              28.949827449879514
            ],
            [
              -89.62666472945087,
              28.949829452145107
            ],
            [
              -89.62667155868874,
              28.950099947605693
            ],
            [
              -89.62687658263424,
              28.950095942952107
            ],
            [
              -89.62687885924488,
              28.950186108088086
            ],
            [
              -89.6269813712906,
              28.950184105636946
            ],
            [
              -89.62698364800026,
              28.95027427076414
            ],
            [
              -89.62708616012414,
              28.950272268227632
            ],
            [
              -89.62708843693282,
              28.95036243334605
            ],
            [
              -89.62719094913487,
              28.950360430724178
            ],
            [
              -89.62719322604256,
              28.95045059583382
            ],
            [
              -89.6272957383228,
              28.95044859312658
            ],
            [
              -89.62730029234665,
              28.950628923326935
            ],
            [
              -89.62740280479365,
              28.95062692052692
            ],
            [
              -89.62741191332078,
              28.95098758088154
            ],
            [
              -89.6273094005194,
              28.950989583711173
            ],
            [
              -89.62731395466831,
              28.951169913895065
            ],
            [
              -89.62721144167931,
              28.951171916661544
            ],
            [
              -89.62721827271504,
              28.951442411949298
            ],
            [
              -89.62711575944982,
              28.951444414660024
            ],
            [
              -89.62712031334856,
              28.951624744859803
            ],
            [
              -89.62701779989571,
              28.951626747507376
            ],
            [
              -89.6270200767721,
              28.951716912612607
            ],
            [
              -89.62691756322023,
              28.951718915189623
            ],
            [
              -89.62692439364615,
              28.951989410519296
            ],
            [
              -89.62682187981805,
              28.951991413040556
            ],
            [
              -89.62682871007193,
              28.952261908380095
            ],
            [
              -89.62672619596762,
              28.952263910845588
            ],
            [
              -89.6267307493451,
              28.952444241079895
            ],
            [
              -89.62662823505315,
              28.952446243482225
            ],
            [
              -89.62665327839969,
              28.953438059754188
            ],
            [
              -89.62655076312264,
              28.953440062159984
            ],
            [
              -89.62655303976442,
              28.95353022727478
            ],
            [
              -89.62665555513007,
              28.95352822486157
            ],
            [
              -89.62665783187087,
              28.953618389967605
            ],
            [
              -89.62655531641661,
              28.953620392388217
            ],
            [
              -89.62655986975227,
              28.953800722610943
            ],
            [
              -89.62645735411037,
              28.953802724968376
            ],
            [
              -89.62646873718879,
              28.95425355053822
            ],
            [
              -89.62657125327374,
              28.954251548143773
            ],
            [
              -89.62657580675527,
              28.954431878347282
            ],
            [
              -89.62667832300704,
              28.954429875860047
            ],
            [
              -89.62668059985204,
              28.954520040952342
            ],
            [
              -89.626783116182,
              28.954518038379724
            ],
            [
              -89.62678539312604,
              28.954608203463245
            ],
            [
              -89.62688790953419,
              28.954606200805248
            ],
            [
              -89.62690157194898,
              28.955147191233124
            ],
            [
              -89.62679905500914,
              28.95514919393554
            ],
            [
              -89.62680816313963,
              28.955509854222953
            ],
            [
              -89.6267056458349,
              28.955511856877006
            ],
            [
              -89.62671019978544,
              28.955692187027278
            ],
            [
              -89.62660768229306,
              28.95569418961817
            ],
            [
              -89.62660995919533,
              28.955784354698654
            ],
            [
              -89.6265074416039,
              28.955786357218958
            ],
            [
              -89.62651654896274,
              28.956147017556777
            ],
            [
              -89.62641403100642,
              28.956149020028718
            ],
            [
              -89.62641630778356,
              28.956239185117138
            ],
            [
              -89.62651882582851,
              28.956237182637793
            ],
            [
              -89.62652110270469,
              28.956327347717433
            ],
            [
              -89.62641858457113,
              28.95632935020418
            ],
            [
              -89.62642996866524,
              28.956780175618857
            ],
            [
              -89.6265324872419,
              28.9567781730951
            ],
            [
              -89.62653476418062,
              28.956868338166505
            ],
            [
              -89.6264322455153,
              28.956870340697673
            ],
            [
              -89.6264345223758,
              28.956960505775115
            ],
            [
              -89.62653704112974,
              28.956958503236546
            ],
            [
              -89.62653931808929,
              28.957048668305216
            ],
            [
              -89.62643679924673,
              28.95705067085119
            ],
            [
              -89.62643907612807,
              28.957140835925873
            ],
            [
              -89.62654159505927,
              28.957138833372504
            ],
            [
              -89.62654614903045,
              28.95731916350298
            ],
            [
              -89.62675118721607,
              28.95731515813267
            ],
            [
              -89.6267648504433,
              28.95785614840227
            ],
            [
              -89.62666233082393,
              28.95785815117085
            ],
            [
              -89.62667599389458,
              28.95839914143546
            ],
            [
              -89.626573473733,
              28.958401144170473
            ],
            [
              -89.62657802799599,
              28.958581474262505
            ],
            [
              -89.62637298728708,
              28.95858547952817
            ],
            [
              -89.62637526425695,
              28.958675644586926
            ]
          ]
        ]
      },
      "properties": {
        "incident_id": "SP-006",
        "type": "AI-detected-slick",
        "source": "Sentinel-1 SAR",
        "method": "U-Net segmentation + radiometric filtering"
      }
    },
    {
      "type": "Feature",
      "geometry": {
        "type": "Polygon",
        "coordinates": [
          [
            [
              -89.91658562131931,
              28.93871291385087
            ],
            [
              -89.91586829205278,
              28.93872846782746
            ],
            [
              -89.91586576638106,
              28.93863832463707
            ],
            [
              -89.91504596151918,
              28.938656095873068
            ],
            [
              -89.91504343656668,
              28.938565952615555
            ],
            [
              -89.91473600981817,
              28.93857261551975
            ],
            [
              -89.91473348514256,
              28.938482472236192
            ],
            [
              -89.91463100962508,
              28.938484693040326
            ],
            [
              -89.91462848504949,
              28.93839454974715
            ],
            [
              -89.91452600960892,
              28.938396770465218
            ],
            [
              -89.91452348513333,
              28.93830662716242
            ],
            [
              -89.91431853439441,
              28.938311068348558
            ],
            [
              -89.91431601010729,
              28.938220925027917
            ],
            [
              -89.91421353480895,
              28.938223145495996
            ],
            [
              -89.91421101062183,
              28.938133002165745
            ],
            [
              -89.9141085354004,
              28.938135222547754
            ],
            [
              -89.9141060113133,
              28.93804507920789
            ],
            [
              -89.91400353616876,
              28.938047299503822
            ],
            [
              -89.9139984882061,
              28.937867012803437
            ],
            [
              -89.91389601322693,
              28.93786923300509
            ],
            [
              -89.91387077499117,
              28.936967799336536
            ],
            [
              -89.91397324908584,
              28.93696557921696
            ],
            [
              -89.91397072523733,
              28.93687543585057
            ],
            [
              -89.91386825123112,
              28.93687765596193
            ],
            [
              -89.91386572748262,
              28.93678751258591
            ],
            [
              -89.9139682014004,
              28.936785292482757
            ],
            [
              -89.91396567757498,
              28.93669514911355
            ],
            [
              -89.91386320374568,
              28.93669736920849
            ],
            [
              -89.9138581563064,
              28.936517082449406
            ],
            [
              -89.91375568264243,
              28.936519302450073
            ],
            [
              -89.91375063542628,
              28.936339015668942
            ],
            [
              -89.91323826781762,
              28.936350114422414
            ],
            [
              -89.9132357446691,
              28.936259970988694
            ],
            [
              -89.91292832423068,
              28.936266629281935
            ],
            [
              -89.91292580135902,
              28.93617648582219
            ],
            [
              -89.91261838108204,
              28.936183143390156
            ],
            [
              -89.91261585848727,
              28.936092999904382
            ],
            [
              -89.9117960712816,
              28.93611074992785
            ],
            [
              -89.91179859316878,
              28.936200893479253
            ],
            [
              -89.91149117251088,
              28.936207548478112
            ],
            [
              -89.91148865088901,
              28.936117404902095
            ],
            [
              -89.91138617740174,
              28.936119623071136
            ],
            [
              -89.91138365587987,
              28.936029479485498
            ],
            [
              -89.9112811824695,
              28.936031697568502
            ],
            [
              -89.91127109685117,
              28.935671123179073
            ],
            [
              -89.91116862378304,
              28.93567334115141
            ],
            [
              -89.91115349623237,
              28.935132479475794
            ],
            [
              -89.91105102368337,
              28.935134697321075
            ],
            [
              -89.91102077088942,
              28.934052973719307
            ],
            [
              -89.91091829939015,
              28.934055191388325
            ],
            [
              -89.91091073671657,
              28.933784760431575
            ],
            [
              -89.91080826547106,
              28.933786977998146
            ],
            [
              -89.91080322392324,
              28.933606690670207
            ],
            [
              -89.91070075284306,
              28.933608908142542
            ],
            [
              -89.91069571151824,
              28.933428620792565
            ],
            [
              -89.9105932406034,
              28.933430838170647
            ],
            [
              -89.9105806379354,
              28.932980119730058
            ],
            [
              -89.91068310840808,
              28.932977902392977
            ],
            [
              -89.91068058782066,
              28.932887758708823
            ],
            [
              -89.91078305819337,
              28.932885541302095
            ],
            [
              -89.91077549623502,
              28.932615110265807
            ],
            [
              -89.91087796633089,
              28.932612892805842
            ],
            [
              -89.91087040421108,
              28.932342461781484
            ],
            [
              -89.91097287403015,
              28.93234024426827
            ],
            [
              -89.9109602702857,
              28.931889525907156
            ],
            [
              -89.91085780090877,
              28.93189174337937
            ],
            [
              -89.91085023906582,
              28.931621312321198
            ],
            [
              -89.91074776994266,
              28.931623529690963
            ],
            [
              -89.91074272894855,
              28.9314432422954
            ],
            [
              -89.91084519789487,
              28.93144102494203
            ],
            [
              -89.91083259516937,
              28.930990306469493
            ],
            [
              -89.91093506366205,
              28.930988089079293
            ],
            [
              -89.91093002247575,
              28.93080780169682
            ],
            [
              -89.91103249078004,
              28.930805584245178
            ],
            [
              -89.91102997011576,
              28.930715440560032
            ],
            [
              -89.91113243832011,
              28.93071322303875
            ],
            [
              -89.91112739684934,
              28.930532935680624
            ],
            [
              -89.91122986486529,
              28.930530718097916
            ],
            [
              -89.91122482326384,
              28.930350430750572
            ],
            [
              -89.91132729109141,
              28.930348213106434
            ],
            [
              -89.91132477021957,
              28.93025806943884
            ],
            [
              -89.9114272379472,
              28.930255851725068
            ],
            [
              -89.91142471699845,
              28.930165708064273
            ],
            [
              -89.91152718462612,
              28.93016349028088
            ],
            [
              -89.91152466360052,
              28.93007334662687
            ],
            [
              -89.91183206614902,
              28.930066692834284
            ],
            [
              -89.91182954486969,
              28.929976549203477
            ],
            [
              -89.91346902195943,
              28.929941050610523
            ],
            [
              -89.91347154465343,
              28.93003119411006
            ],
            [
              -89.91377894654403,
              28.93002453588106
            ],
            [
              -89.91378146951483,
              28.930114679354546
            ],
            [
              -89.91398640422764,
              28.930110240129643
            ],
            [
              -89.91398892738682,
              28.930200383585305
            ],
            [
              -89.91409139481433,
              28.93019816384789
            ],
            [
              -89.9140939180735,
              28.93028830729395
            ],
            [
              -89.91419638557788,
              28.930286087470495
            ],
            [
              -89.91420143230768,
              28.93046637434194
            ],
            [
              -89.91430389997733,
              28.93046415442423
            ],
            [
              -89.91431904097443,
              28.931005014955513
            ],
            [
              -89.91421657277425,
              28.93100723492248
            ],
            [
              -89.9142266666496,
              28.93136780861464
            ],
            [
              -89.91432913520349,
              28.93136558861483
            ],
            [
              -89.91433922961733,
              28.931726162251632
            ],
            [
              -89.91444169851336,
              28.93172394214116
            ],
            [
              -89.9144517934657,
              28.932084515722554
            ],
            [
              -89.91455426270386,
              28.9320822955014
            ],
            [
              -89.91456183430469,
              28.93235272564803
            ],
            [
              -89.9146643037966,
              28.9323505053244
            ],
            [
              -89.9146693517651,
              28.932530792065343
            ],
            [
              -89.9147718214223,
              28.932528571647456
            ],
            [
              -89.91477434551231,
              28.932618715007614
            ],
            [
              -89.9148768152464,
              28.932616494503666
            ],
            [
              -89.91487933943638,
              28.932706637854192
            ],
            [
              -89.91498180924735,
              28.93270441726421
            ],
            [
              -89.9149843335373,
              28.932794560605114
            ],
            [
              -89.91508680342515,
              28.932792339929076
            ],
            [
              -89.91509185221659,
              28.932972626590235
            ],
            [
              -89.91519432226976,
              28.932970405819937
            ],
            [
              -89.91519937128427,
              28.933150692459037
            ],
            [
              -89.91530184150274,
              28.93314847159446
            ],
            [
              -89.91530689074033,
              28.933328758211506
            ],
            [
              -89.9154093611241,
              28.933326537252658
            ],
            [
              -89.91541441058477,
              28.933506823847637
            ],
            [
              -89.91551688113385,
              28.933504602794525
            ],
            [
              -89.91552193081762,
              28.933684889367438
            ],
            [
              -89.915624401532,
              28.933682668220065
            ],
            [
              -89.91562945143886,
              28.933862954770905
            ],
            [
              -89.91573192231856,
              28.93386073352926
            ],
            [
              -89.9157369724485,
              28.934041020058036
            ],
            [
              -89.91583944349352,
              28.93403879872212
            ],
            [
              -89.91584449384655,
              28.934219085228836
            ],
            [
              -89.91594696505689,
              28.934216863798646
            ],
            [
              -89.91596716763881,
              28.934938009703412
            ],
            [
              -89.91606963954507,
              28.934935788129653
            ],
            [
              -89.91607721596931,
              28.93520621779604
            ],
            [
              -89.91617968812933,
              28.9352039961198
            ],
            [
              -89.91618726492293,
              28.935474425748843
            ],
            [
              -89.91628973733671,
              28.9354722039701
            ],
            [
              -89.9162947887671,
              28.935652490365996
            ],
            [
              -89.91639726134622,
              28.93565026849298
            ],
            [
              -89.91640231299974,
              28.93583055486679
            ],
            [
              -89.91650478574418,
              28.93582833289949
            ],
            [
              -89.91650983762082,
              28.936008619251247
            ],
            [
              -89.9166123105306,
              28.936006397189654
            ],
            [
              -89.91661736263036,
              28.93618668351933
            ],
            [
              -89.91671983570546,
              28.936184461363457
            ],
            [
              -89.9167299403975,
              28.93654503397304
            ],
            [
              -89.91683241381482,
              28.93654281170645
            ],
            [
              -89.91684504538222,
              28.936993527395614
            ],
            [
              -89.9169475192302,
              28.93699130501009
            ],
            [
              -89.91695509857473,
              28.937261734382012
            ],
            [
              -89.91705757267651,
              28.93725951189398
            ],
            [
              -89.91706767898488,
              28.937620084337283
            ],
            [
              -89.91717015342888,
              28.937617861738516
            ],
            [
              -89.91718026027606,
              28.93797843412639
            ],
            [
              -89.91707778547824,
              28.93798065675802
            ],
            [
              -89.91709041885512,
              28.938431372252232
            ],
            [
              -89.91698794360346,
              28.9384335948471
            ],
            [
              -89.91699047022507,
              28.938523737949943
            ],
            [
              -89.91688799487342,
              28.938525960475165
            ],
            [
              -89.91689052141814,
              28.938616103584806
            ],
            [
              -89.9165830950284,
              28.93862277071799
            ],
            [
              -89.91658562131931,
              28.93871291385087
            ]
          ]
        ]
      },
      "properties": {
        "incident_id": "SP-006",
        "type": "AI-detected-slick",
        "source": "Sentinel-1 SAR",
        "method": "U-Net segmentation + radiometric filtering"
      }
    },
    {
      "type": "Feature",
      "geometry": {
        "type": "Polygon",
        "coordinates": [
          [
            [
              -89.91024969497792,
              28.928477367008064
            ],
            [
              -89.90942996596553,
              28.928495098377994
            ],
            [
              -89.90942744692737,
              28.92840495453325
            ],
            [
              -89.9088126502143,
              28.928418249742762
            ],
            [
              -89.90881013171813,
              28.928328105847434
            ],
            [
              -89.90850273347121,
              28.928334752376937
            ],
            [
              -89.90850021525182,
              28.928244608455618
            ],
            [
              -89.90839774923487,
              28.928246823801604
            ],
            [
              -89.90839523111539,
              28.928156679870686
            ],
            [
              -89.90808783326064,
              28.928163325417106
            ],
            [
              -89.90808531541794,
              28.928073181460196
            ],
            [
              -89.90798284953172,
              28.928075396478498
            ],
            [
              -89.90798033178895,
              28.927985252511988
            ],
            [
              -89.90777540015876,
              28.927989682298715
            ],
            [
              -89.90777288260433,
              28.92789953831442
            ],
            [
              -89.90756795110487,
              28.92790396777345
            ],
            [
              -89.90756543373878,
              28.927813823771363
            ],
            [
              -89.90736050237005,
              28.927818252902707
            ],
            [
              -89.9073579851923,
              28.927728108882842
            ],
            [
              -89.90715305395432,
              28.927732537686506
            ],
            [
              -89.9071505369649,
              28.92764239364884
            ],
            [
              -89.90704807141704,
              28.92764460792575
            ],
            [
              -89.90704555452756,
              28.92755446387849
            ],
            [
              -89.90694308905658,
              28.92755667806938
            ],
            [
              -89.90694057226703,
              28.92746653401253
            ],
            [
              -89.90683810687294,
              28.927468748117402
            ],
            [
              -89.90683307350521,
              28.927288459983078
            ],
            [
              -89.90673060827642,
              28.927290673993753
            ],
            [
              -89.90672557513157,
              28.927110385837437
            ],
            [
              -89.90662311006808,
              28.927112599753915
            ],
            [
              -89.90661556070242,
              28.926842167484303
            ],
            [
              -89.90651309589262,
              28.92684438129839
            ],
            [
              -89.90650554689584,
              28.926573948991553
            ],
            [
              -89.90640308233975,
              28.926576162703245
            ],
            [
              -89.90639804990963,
              28.92639587447527
            ],
            [
              -89.9062955855188,
              28.92639808809278
            ],
            [
              -89.90629055331155,
              28.926217799842792
            ],
            [
              -89.90618808908603,
              28.9262200133661
            ],
            [
              -89.90618054112673,
              28.925949580956008
            ],
            [
              -89.9060780771549,
              28.925951794376935
            ],
            [
              -89.90607052956445,
              28.925681361929612
            ],
            [
              -89.9059680658463,
              28.925683575248165
            ],
            [
              -89.90596051862467,
              28.92541314276361
            ],
            [
              -89.90585805516022,
              28.92541535597978
            ],
            [
              -89.9058555395311,
              28.925325211807266
            ],
            [
              -89.90575307614354,
              28.925327424937432
            ],
            [
              -89.90575056061434,
              28.92523728075532
            ],
            [
              -89.90564809730367,
              28.925239493799484
            ],
            [
              -89.90564558187437,
              28.92514934960778
            ],
            [
              -89.90554311864057,
              28.92515156256594
            ],
            [
              -89.9055406033112,
              28.925061418364635
            ],
            [
              -89.90543814015427,
              28.92506363123679
            ],
            [
              -89.9054356249248,
              28.9249734870259
            ],
            [
              -89.9053331618448,
              28.924975699812055
            ],
            [
              -89.90533064671523,
              28.924885555591572
            ],
            [
              -89.90522818371208,
              28.92488776829173
            ],
            [
              -89.90522566868245,
              28.92479762406166
            ],
            [
              -89.90502074281842,
              28.924802049212143
            ],
            [
              -89.90501571314724,
              28.924621760715034
            ],
            [
              -89.90470832479528,
              28.924628397808043
            ],
            [
              -89.90470581024215,
              28.924538253532827
            ],
            [
              -89.9045008847934,
              28.92454267785605
            ],
            [
              -89.90449837042856,
              28.924452533563063
            ],
            [
              -89.9042934451106,
              28.924456957558657
            ],
            [
              -89.90429093093405,
              28.92436681324791
            ],
            [
              -89.90398354313598,
              28.924373448633137
            ],
            [
              -89.90398102923612,
              28.92428330429643
            ],
            [
              -89.90326379125668,
              28.924298784081152
            ],
            [
              -89.9032612779871,
              28.924208639685784
            ],
            [
              -89.90315881546098,
              28.924210850764155
            ],
            [
              -89.9031563022913,
              28.9241207063592
            ],
            [
              -89.90305383984207,
              28.924122917351582
            ],
            [
              -89.90304881371401,
              28.9239426285211
            ],
            [
              -89.90294635143007,
              28.923944839419313
            ],
            [
              -89.90292122236383,
              28.92304339510068
            ],
            [
              -89.90302368376385,
              28.923041184284248
            ],
            [
              -89.9030111192201,
              28.922590462113046
            ],
            [
              -89.90311358016667,
              28.92258825125969
            ],
            [
              -89.90309347678766,
              28.921867095778
            ],
            [
              -89.90319593701565,
              28.92186488491226
            ],
            [
              -89.90317834654418,
              28.921233873849154
            ],
            [
              -89.90307588693487,
              28.92123608465766
            ],
            [
              -89.90306834859908,
              28.920965651299255
            ],
            [
              -89.9029658892434,
              28.92096786200542
            ],
            [
              -89.90296086392046,
              28.92078757307642
            ],
            [
              -89.90285840473005,
              28.92078978368843
            ],
            [
              -89.90285337962987,
              28.920609494737455
            ],
            [
              -89.90275092060473,
              28.920611705255304
            ],
            [
              -89.9027458957273,
              28.92043141628234
            ],
            [
              -89.90264343686742,
              28.920433626706025
            ],
            [
              -89.90264092453434,
              28.920343482209265
            ],
            [
              -89.9024360069568,
              28.920347902806885
            ],
            [
              -89.90243349481197,
              28.92025775829235
            ],
            [
              -89.9021261186246,
              28.92026438858072
            ],
            [
              -89.90212863050428,
              28.92035453311978
            ],
            [
              -89.90202617166378,
              28.920356743068464
            ],
            [
              -89.90202365987246,
              28.92026659852124
            ],
            [
              -89.90161382474898,
              28.920275437505286
            ],
            [
              -89.90161131332268,
              28.920185292923954
            ],
            [
              -89.9013039371245,
              28.92019192132053
            ],
            [
              -89.90130142597481,
              28.920101776713278
            ],
            [
              -89.90109650862864,
              28.92010619523896
            ],
            [
              -89.9010939976672,
              28.920016050613956
            ],
            [
              -89.9008890804518,
              28.920020468812098
            ],
            [
              -89.90088405891693,
              28.919840179525167
            ],
            [
              -89.90078160046875,
              28.919842388491194
            ],
            [
              -89.90077406851773,
              28.91957195452574
            ],
            [
              -89.9003642356706,
              28.91958078951376
            ],
            [
              -89.90036674595595,
              28.919670934202998
            ],
            [
              -89.90005937093483,
              28.9196775596516
            ],
            [
              -89.90006188096653,
              28.919767704363945
            ],
            [
              -89.89965204709068,
              28.91977653723887
            ],
            [
              -89.89965455678038,
              28.91986668198246
            ],
            [
              -89.89914226373521,
              28.919877721366404
            ],
            [
              -89.89914477299452,
              28.91996786614943
            ],
            [
              -89.89873493799814,
              28.919976696288796
            ],
            [
              -89.89873744691542,
              28.920066841103093
            ],
            [
              -89.89822515246968,
              28.920077877067552
            ],
            [
              -89.89822766095655,
              28.92016802192126
            ],
            [
              -89.89771536578186,
              28.920179055981443
            ],
            [
              -89.89771787383832,
              28.920269200874557
            ],
            [
              -89.89751295551132,
              28.92027361397033
            ],
            [
              -89.8975154634025,
              28.920363758878356
            ],
            [
              -89.89731054485284,
              28.920368171679236
            ],
            [
              -89.89731305257874,
              28.920458316602197
            ],
            [
              -89.897005674403,
              28.920464935244457
            ],
            [
              -89.89700818187524,
              28.920555080190482
            ],
            [
              -89.896905722372,
              28.920557286257118
            ],
            [
              -89.89690822976733,
              28.9206474312099
            ],
            [
              -89.89670331054965,
              28.920651843126077
            ],
            [
              -89.8967058177797,
              28.92074198809378
            ],
            [
              -89.89650089833935,
              28.92074639971505
            ],
            [
              -89.89650340540412,
              28.920836544697664
            ],
            [
              -89.89640094557834,
              28.92083875039975
            ],
            [
              -89.8964034525662,
              28.920928895389107
            ],
            [
              -89.89630099264058,
              28.92093110102154
            ],
            [
              -89.89630349955152,
              28.921021246017652
            ],
            [
              -89.89609857948908,
              28.92102565706543
            ],
            [
              -89.89610108623475,
              28.92111580207646
            ],
            [
              -89.89599862609792,
              28.921118007491803
            ],
            [
              -89.89600113276667,
              28.92120815250957
            ],
            [
              -89.89579621228187,
              28.921212563123127
            ],
            [
              -89.89579871878531,
              28.921302708155814
            ],
            [
              -89.8956962584373,
              28.92130491335404
            ],
            [
              -89.89569876486385,
              28.921395058393472
            ],
            [
              -89.89549384395666,
              28.92139946857281
            ],
            [
              -89.89549635021791,
              28.921489613627156
            ],
            [
              -89.89529142908806,
              28.92149402351157
            ],
            [
              -89.89529393518401,
              28.92158416858083
            ],
            [
              -89.89508901383151,
              28.921588578170322
            ],
            [
              -89.89509151976216,
              28.921678723254477
            ],
            [
              -89.89488659818701,
              28.921683132549045
            ],
            [
              -89.89488910395235,
              28.9217732776481
            ],
            [
              -89.89458172123844,
              28.92177989103084
            ],
            [
              -89.8945842267501,
              28.921870036152956
            ],
            [
              -89.89437930470672,
              28.921874444702045
            ],
            [
              -89.89438181005306,
              28.92196458983905
            ],
            [
              -89.89417688778703,
              28.921968998093213
            ],
            [
              -89.89417939296806,
              28.922059143245114
            ],
            [
              -89.89407693172947,
              28.92206134726363
            ],
            [
              -89.89407943683358,
              28.922151492422294
            ],
            [
              -89.89397697549512,
              28.922153696371147
            ],
            [
              -89.89398198556097,
              28.922333986700554
            ],
            [
              -89.89387952403428,
              28.922336190587895
            ],
            [
              -89.893882028996,
              28.92242633575864
            ],
            [
              -89.89377956736945,
              28.922428539576327
            ],
            [
              -89.89378207225427,
              28.922518684753822
            ],
            [
              -89.89367961052785,
              28.922520888501854
            ],
            [
              -89.89368462015508,
              28.92270117886892
            ],
            [
              -89.89358215824045,
              28.922703382555433
            ],
            [
              -89.89358466298286,
              28.922793527745014
            ],
            [
              -89.89348220096835,
              28.922795731361866
            ],
            [
              -89.89348470563384,
              28.92288587655819
            ],
            [
              -89.89338224351948,
              28.92288808010537
            ],
            [
              -89.89338725270808,
              28.92306837051012
            ],
            [
              -89.89328479040547,
              28.923070573995787
            ],
            [
              -89.89328729492857,
              28.92316071920419
            ],
            [
              -89.8931848325261,
              28.923162922620197
            ],
            [
              -89.89318733697228,
              28.923253067835354
            ],
            [
              -89.89308487446995,
              28.923255271181695
            ],
            [
              -89.89308737883918,
              28.923345416403595
            ],
            [
              -89.89277999099824,
              28.9233520260002
            ],
            [
              -89.89278249511376,
              28.923442171245128
            ],
            [
              -89.89237264414511,
              28.92345098298378
            ],
            [
              -89.89237514791853,
              28.923541128259902
            ],
            [
              -89.89217022218865,
              28.923545533678634
            ],
            [
              -89.89217272579673,
              28.92363567896964
            ],
            [
              -89.8918653368508,
              28.923642286538552
            ],
            [
              -89.89186784020514,
              28.9237324318526
            ],
            [
              -89.89176537711184,
              28.92373463422808
            ],
            [
              -89.8917628738459,
              28.923644488905893
            ],
            [
              -89.89155794780173,
              28.92364889340711
            ],
            [
              -89.89155544472402,
              28.923558748067222
            ],
            [
              -89.89145298177314,
              28.923560950192964
            ],
            [
              -89.89145047879529,
              28.92347080484352
            ],
            [
              -89.89134801592137,
              28.92347300688329
            ],
            [
              -89.89134301017683,
              28.923292716163918
            ],
            [
              -89.89124054746821,
              28.923294918109594
            ],
            [
              -89.8912280337493,
              28.922844191245805
            ],
            [
              -89.89112557147122,
              28.92284639307294
            ],
            [
              -89.89093040142718,
              28.91581504881264
            ],
            [
              -89.89103285681188,
              28.915812847620717
            ],
            [
              -89.89090527879486,
              28.91121542601181
            ],
            [
              -89.89100772966223,
              28.911213225157397
            ],
            [
              -89.89099772444946,
              28.91085264294841
            ],
            [
              -89.89110017495203,
              28.910850442048794
            ],
            [
              -89.89109267089765,
              28.910580005401734
            ],
            [
              -89.89119512112376,
              28.910577804448764
            ],
            [
              -89.89119261970687,
              28.91048765890507
            ],
            [
              -89.89129506983318,
              28.91048545788248
            ],
            [
              -89.8912925683394,
              28.910395312345532
            ],
            [
              -89.89159991838461,
              28.91038870883553
            ],
            [
              -89.8916024201434,
              28.910478854348046
            ],
            [
              -89.89180732029295,
              28.910474451602887
            ],
            [
              -89.89180982223986,
              28.910564597097718
            ],
            [
              -89.89252697302086,
              28.91054918498274
            ],
            [
              -89.8925244704556,
              28.91045903954494
            ],
            [
              -89.89272937039897,
              28.910454635399844
            ],
            [
              -89.89272686766849,
              28.91036448997693
            ],
            [
              -89.89282931753465,
              28.91036228779587
            ],
            [
              -89.89282681472729,
              28.910272142379704
            ],
            [
              -89.89292926449366,
              28.91026994012901
            ],
            [
              -89.8929267616094,
              28.910179794719586
            ],
            [
              -89.89302921127599,
              28.91017759239928
            ],
            [
              -89.89302670831486,
              28.910087446996595
            ],
            [
              -89.89312915788166,
              28.91008524460666
            ],
            [
              -89.8931191457984,
              28.909724663014465
            ],
            [
              -89.8932215950004,
              28.909722460579353
            ],
            [
              -89.89321658885085,
              28.909542169791116
            ],
            [
              -89.89331903786471,
              28.909539967294524
            ],
            [
              -89.89331653471879,
              28.90944982190646
            ],
            [
              -89.89403367687669,
              28.90943440230981
            ],
            [
              -89.89403618064092,
              28.909524547640835
            ],
            [
              -89.89424107847384,
              28.909520141325547
            ],
            [
              -89.8942435824262,
              28.909610286638863
            ],
            [
              -89.89434603141379,
              28.909608083356414
            ],
            [
              -89.89435103952957,
              28.909788373962524
            ],
            [
              -89.89445348868237,
              28.909786170586
            ],
            [
              -89.894461001207,
              28.91005660646016
            ],
            [
              -89.89456345061333,
              28.910054402981412
            ],
            [
              -89.89458598960131,
              28.91086571045459
            ],
            [
              -89.89468843979121,
              28.91086350682469
            ],
            [
              -89.89469595325856,
              28.91113394259932
            ],
            [
              -89.89479840370201,
              28.911131738867187
            ],
            [
              -89.89480842217236,
              28.911492319847735
            ],
            [
              -89.89491087295771,
              28.9114901160052
            ],
            [
              -89.89491588243834,
              28.911670406470737
            ],
            [
              -89.8950183333889,
              28.911668202534123
            ],
            [
              -89.89503586755075,
              28.91229921906213
            ],
            [
              -89.8949334159818,
              28.912301423055823
            ],
            [
              -89.89493842566884,
              28.91248171349605
            ],
            [
              -89.89483597391174,
              28.912483917428272
            ],
            [
              -89.89483847868411,
              28.91257406265442
            ],
            [
              -89.89473602682719,
              28.912576266517032
            ],
            [
              -89.89473853152269,
              28.91266641174993
            ],
            [
              -89.89463607956597,
              28.9126686155429
            ],
            [
              -89.89463858418458,
              28.912758760782552
            ],
            [
              -89.89453613212804,
              28.912760964505903
            ],
            [
              -89.89453863666978,
              28.912851109752307
            ],
            [
              -89.89443618451344,
              28.912853313406018
            ],
            [
              -89.89443868897828,
              28.912943458659164
            ],
            [
              -89.89433623672213,
              28.91294566224325
            ],
            [
              -89.89433874111009,
              28.913035807503153
            ],
            [
              -89.89423628875413,
              28.913038011017612
            ],
            [
              -89.89424380172177,
              28.913308446813314
            ],
            [
              -89.89434625434279,
              28.913306243274395
            ],
            [
              -89.8943512632219,
              28.91348653378154
            ],
            [
              -89.89445371600814,
              28.913484330148542
            ],
            [
              -89.89445622055325,
              28.913574475391847
            ],
            [
              -89.89455867341637,
              28.91357227167291
            ],
            [
              -89.89456368271769,
              28.913752562139006
            ],
            [
              -89.89466613574605,
              28.913750358325974
            ],
            [
              -89.89466864050226,
              28.91384050354876
            ],
            [
              -89.8947710936075,
              28.913838299649797
            ],
            [
              -89.89477359846353,
              28.913928444863025
            ],
            [
              -89.89487605164565,
              28.913926240878116
            ],
            [
              -89.8948810615688,
              28.914106531284038
            ],
            [
              -89.89498351491616,
              28.914104327205035
            ],
            [
              -89.89498601998329,
              28.91419447239775
            ],
            [
              -89.89508847340755,
              28.91419226823281
            ],
            [
              -89.89509097857449,
              28.914282413415954
            ],
            [
              -89.89519343207563,
              28.914280209165074
            ],
            [
              -89.89519593734238,
              28.914370354338644
            ],
            [
              -89.89529839092042,
              28.91436815000183
            ],
            [
              -89.89530340166505,
              28.91454844032846
            ],
            [
              -89.89540585540831,
              28.91454623589755
            ],
            [
              -89.89540836088618,
              28.914636381050602
            ],
            [
              -89.89551081470633,
              28.914634176533742
            ],
            [
              -89.89551582587319,
              28.914814466819315
            ],
            [
              -89.8956182798586,
              28.914812262208358
            ],
            [
              -89.89562329124804,
              28.91499255247198
            ],
            [
              -89.89572574539868,
              28.914990347766924
            ],
            [
              -89.89572825119896,
              28.915080492888492
            ],
            [
              -89.89583070542648,
              28.915078288097497
            ],
            [
              -89.89583321132659,
              28.915168433209477
            ],
            [
              -89.89593566563099,
              28.91516622833253
            ],
            [
              -89.89593817163093,
              28.91525637343495
            ],
            [
              -89.89614308038205,
              28.91525196343138
            ],
            [
              -89.89614558657016,
              28.91534210851609
            ],
            [
              -89.8963504954521,
              28.915337698185052
            ],
            [
              -89.89635300182842,
              28.915427843252026
            ],
            [
              -89.89655791084117,
              28.915423432593517
            ],
            [
              -89.89656041740567,
              28.91551357764277
            ],
            [
              -89.89676532654926,
              28.915509166656783
            ],
            [
              -89.89676783330194,
              28.915599311688325
            ],
            [
              -89.89687028794488,
              28.915597106070496
            ],
            [
              -89.8968727947974,
              28.91568725109246
            ],
            [
              -89.89707770422555,
              28.915682839607086
            ],
            [
              -89.89708021126627,
              28.915772984611337
            ],
            [
              -89.89769493980548,
              28.915759748239317
            ],
            [
              -89.8976924322346,
              28.915669603284044
            ],
            [
              -89.89799979608418,
              28.915662984072355
            ],
            [
              -89.89799728825973,
              28.915572839140168
            ],
            [
              -89.89902183279516,
              28.915550770126554
            ],
            [
              -89.89902434150319,
              28.915640914977104
            ],
            [
              -89.90066361178488,
              28.91560558824455
            ],
            [
              -89.90066110166312,
              28.91551544352469
            ],
            [
              -89.90086601006483,
              28.91551102629926
            ],
            [
              -89.90086349977786,
              28.915420881594336
            ],
            [
              -89.90096595387313,
              28.915418672873106
            ],
            [
              -89.90095591248671,
              28.915058094072023
            ],
            [
              -89.90105836621704,
              28.915055885305694
            ],
            [
              -89.90105083503283,
              28.914785451214616
            ],
            [
              -89.90115328848663,
              28.914783242395018
            ],
            [
              -89.90115077802652,
              28.914693097703353
            ],
            [
              -89.90125323138047,
              28.914690888814146
            ],
            [
              -89.90125072084349,
              28.914600744129245
            ],
            [
              -89.90135317409761,
              28.914598535170413
            ],
            [
              -89.90135066348378,
              28.91450839049228
            ],
            [
              -89.90145311663804,
              28.914506181463832
            ],
            [
              -89.90145060594735,
              28.91441603679246
            ],
            [
              -89.9016555120447,
              28.914411618518578
            ],
            [
              -89.90165300118879,
              28.91432147386215
            ],
            [
              -89.90216526578926,
              28.914310426857067
            ],
            [
              -89.90216777708692,
              28.91440057147262
            ],
            [
              -89.90227023006088,
              28.914398361830077
            ],
            [
              -89.90227274145839,
              28.914488506436065
            ],
            [
              -89.90247764754852,
              28.914484086901275
            ],
            [
              -89.90248015913423,
              28.9145742314895
            ],
            [
              -89.90258261225038,
              28.91457202159726
            ],
            [
              -89.902587635633,
              28.914752310753126
            ],
            [
              -89.90269008891437,
              28.91475010076674
            ],
            [
              -89.90269511251967,
              28.91493038990064
            ],
            [
              -89.90279756596625,
              28.914928179820116
            ],
            [
              -89.90280258979423,
              28.915108468932022
            ],
            [
              -89.90290504340604,
              28.915106258757373
            ],
            [
              -89.90291006745674,
              28.9152865478473
            ],
            [
              -89.90301252123373,
              28.915284337578502
            ],
            [
              -89.90301503336468,
              28.915374482113183
            ],
            [
              -89.90311748721855,
              28.915372271758415
            ],
            [
              -89.90311999944936,
              28.915462416283518
            ],
            [
              -89.90322245338008,
              28.91546020584279
            ],
            [
              -89.9032274780529,
              28.915640494872395
            ],
            [
              -89.90332993214882,
              28.91563828433753
            ],
            [
              -89.90333495704436,
              28.91581857334515
            ],
            [
              -89.9034374113055,
              28.91581636271614
            ],
            [
              -89.90343992385888,
              28.915906507209666
            ],
            [
              -89.90354237819689,
              28.915904296494688
            ],
            [
              -89.90354489085013,
              28.91599444097863
            ],
            [
              -89.90364734526497,
              28.915992230177675
            ],
            [
              -89.90364985801807,
              28.916082374652024
            ],
            [
              -89.90375231250978,
              28.91608016376511
            ],
            [
              -89.9037573382272,
              28.916260452693237
            ],
            [
              -89.9038597928841,
              28.91625824171217
            ],
            [
              -89.90386481882425,
              28.91643853061832
            ],
            [
              -89.90396727364639,
              28.916436319543102
            ],
            [
              -89.90397229980927,
              28.91661660842726
            ],
            [
              -89.90407475479662,
              28.916614397257884
            ],
            [
              -89.90407978118223,
              28.91679468612006
            ],
            [
              -89.90418223633482,
              28.916792474856543
            ],
            [
              -89.90418726294315,
              28.91697276369672
            ],
            [
              -89.90428971826096,
              28.91697055233905
            ],
            [
              -89.90429474509205,
              28.91715084115723
            ],
            [
              -89.90439720057506,
              28.91714862970541
            ],
            [
              -89.90440725472875,
              28.917509207292174
            ],
            [
              -89.90450971055371,
              28.917506995729834
            ],
            [
              -89.90451976524496,
              28.917867573261358
            ],
            [
              -89.90462222141187,
              28.917865361588497
            ],
            [
              -89.90463227664068,
              28.91822593906478
            ],
            [
              -89.90473473314955,
              28.9182237272814
            ],
            [
              -89.90473976100974,
              28.918404015994724
            ],
            [
              -89.90484221768384,
              28.91840180411718
            ],
            [
              -89.90484724576677,
              28.91858209280852
            ],
            [
              -89.90494970260612,
              28.918579880836813
            ],
            [
              -89.90495221675322,
              28.91867002517219
            ],
            [
              -89.90505467366943,
              28.918667813114503
            ],
            [
              -89.90506221644489,
              28.918938246087638
            ],
            [
              -89.90516467361468,
              28.918936033927604
            ],
            [
              -89.90517473116324,
              28.919296611172683
            ],
            [
              -89.90527718867502,
              28.91929439890211
            ],
            [
              -89.9052847322224,
              28.9195648317966
            ],
            [
              -89.90538718998778,
              28.919562619423672
            ],
            [
              -89.90539221925367,
              28.9197429079966
            ],
            [
              -89.9054946771843,
              28.9197406955295
            ],
            [
              -89.9055072509923,
              28.92019141689623
            ],
            [
              -89.9056097093533,
              28.92018920431043
            ],
            [
              -89.90562982875169,
              28.92091035835854
            ],
            [
              -89.90573228780819,
              28.920908145629447
            ],
            [
              -89.90573731794966,
              28.92108843411103
            ],
            [
              -89.90583977717141,
              28.921086221287773
            ],
            [
              -89.90584480753569,
              28.921266509747348
            ],
            [
              -89.90594726692268,
              28.921264296829897
            ],
            [
              -89.9059548128206,
              28.921534729484165
            ],
            [
              -89.90605727246121,
              28.921532516464357
            ],
            [
              -89.90606984962992,
              28.92198323748571
            ],
            [
              -89.90617230970093,
              28.92198102434716
            ],
            [
              -89.9061748252576,
              28.92207116853902
            ],
            [
              -89.9062772854055,
              28.922068955314487
            ],
            [
              -89.90627980106206,
              28.92215909949674
            ],
            [
              -89.90638226128682,
              28.922156886186215
            ],
            [
              -89.90638477704329,
              28.922247030358896
            ],
            [
              -89.90648723734492,
              28.922244816962372
            ],
            [
              -89.90648975320128,
              28.922334961125447
            ],
            [
              -89.90659221357978,
              28.92233274764293
            ],
            [
              -89.90659472953605,
              28.922422891796405
            ],
            [
              -89.90669718999142,
              28.92242067822789
            ],
            [
              -89.90669970604759,
              28.922510822371777
            ],
            [
              -89.90680216657982,
              28.922508608717266
            ],
            [
              -89.90680719890348,
              28.922688896984425
            ],
            [
              -89.90690965960098,
              28.92268668323573
            ],
            [
              -89.90691217586847,
              28.922776827359023
            ],
            [
              -89.90701463664284,
              28.922774613524318
            ],
            [
              -89.90701715301023,
              28.922864757638013
            ],
            [
              -89.90711961386147,
              28.92286254371732
            ],
            [
              -89.90712464680759,
              28.923042831924096
            ],
            [
              -89.90722710782408,
              28.923040617909205
            ],
            [
              -89.90723214099305,
              28.923220906093974
            ],
            [
              -89.90733460217481,
              28.9232186919849
            ],
            [
              -89.90733963556661,
              28.923398980147653
            ],
            [
              -89.90744209691364,
              28.923396765944386
            ],
            [
              -89.90744713052831,
              28.92357705408514
            ],
            [
              -89.9075495920406,
              28.923574839787676
            ],
            [
              -89.90755462587813,
              28.923755127906414
            ],
            [
              -89.90765708755566,
              28.92375291351475
            ],
            [
              -89.9076596045801,
              28.923843057563815
            ],
            [
              -89.90776206633451,
              28.923840843086158
            ],
            [
              -89.90776458345887,
              28.923930987125633
            ],
            [
              -89.90786704529015,
              28.923928772561965
            ],
            [
              -89.90786956251442,
              28.924018916591834
            ],
            [
              -89.90797202442256,
              28.92401670194216
            ],
            [
              -89.90797454174674,
              28.92410684596243
            ],
            [
              -89.90807700373176,
              28.924104631226765
            ],
            [
              -89.90808203859147,
              28.924284919246688
            ],
            [
              -89.90818450074175,
              28.924282704416825
            ],
            [
              -89.90818953582435,
              28.92446299241473
            ],
            [
              -89.9082919981399,
              28.924460777490665
            ],
            [
              -89.90829703344538,
              28.924641065466552
            ],
            [
              -89.90839949592619,
              28.92463885044829
            ],
            [
              -89.90840453145455,
              28.92481913840216
            ],
            [
              -89.90850699410062,
              28.924816923289693
            ],
            [
              -89.9085095119705,
              28.924907067256317
            ],
            [
              -89.90861197469344,
              28.924904852057843
            ],
            [
              -89.90861701064453,
              28.9250851399705
            ],
            [
              -89.90871947353276,
              28.925082924677817
            ],
            [
              -89.90872199161399,
              28.925173068623838
            ],
            [
              -89.90882445457908,
              28.925170853245145
            ],
            [
              -89.90882949095291,
              28.925351141116575
            ],
            [
              -89.90893195408327,
              28.925348925643675
            ],
            [
              -89.90893447237586,
              28.92543906956908
            ],
            [
              -89.9090369355831,
              28.925436854010165
            ],
            [
              -89.90903945397562,
              28.925526997925985
            ],
            [
              -89.90914191725973,
              28.925524782281055
            ],
            [
              -89.9091444357522,
              28.925614926187254
            ],
            [
              -89.90924689911319,
              28.925612710456324
            ],
            [
              -89.90924941770555,
              28.925702854352917
            ],
            [
              -89.90945434456974,
              28.92569842264119
            ],
            [
              -89.90945686335044,
              28.925788566519994
            ],
            [
              -89.90955932685364,
              28.9257863505392
            ],
            [
              -89.90956184573427,
              28.925876494408406
            ],
            [
              -89.90966430931434,
              28.925874278341603
            ],
            [
              -89.90966682829489,
              28.9259644222012
            ],
            [
              -89.90976929195183,
              28.925962206048386
            ],
            [
              -89.90977181103233,
              28.926052349898363
            ],
            [
              -89.90987427476614,
              28.926050133659533
            ],
            [
              -89.90987679394655,
              28.926140277499922
            ],
            [
              -89.90997925775726,
              28.926138061175067
            ],
            [
              -89.9099817770376,
              28.92622820500584
            ],
            [
              -89.91008424092516,
              28.92622598859498
            ],
            [
              -89.91008927969726,
              28.92640627623591
            ],
            [
              -89.91019174375009,
              28.92640405973082
            ],
            [
              -89.91019426324183,
              28.926494203540983
            ],
            [
              -89.91029672737154,
              28.926491986949877
            ],
            [
              -89.91030176656643,
              28.926672274549567
            ],
            [
              -89.91040423086142,
              28.926670057864246
            ],
            [
              -89.91041934925332,
              28.92721092058031
            ],
            [
              -89.9105218140672,
              28.92720870376798
            ],
            [
              -89.91052937368406,
              28.927479135082407
            ],
            [
              -89.91063183875161,
              28.927476918167653
            ],
            [
              -89.91064695882719,
              28.928017780709286
            ],
            [
              -89.9105444932292,
              28.928019997673243
            ],
            [
              -89.91054953316983,
              28.928200285192244
            ],
            [
              -89.91044706738347,
              28.928202502094763
            ],
            [
              -89.91044958728268,
              28.928292645860356
            ],
            [
              -89.91034712139638,
              28.928294862693257
            ],
            [
              -89.91034964121872,
              28.928385006465632
            ],
            [
              -89.91024717523247,
              28.9283872232289
            ],
            [
              -89.91024969497792,
              28.928477367008064
            ]
          ]
        ]
      },
      "properties": {
        "incident_id": "SP-006",
        "type": "AI-detected-slick",
        "source": "Sentinel-1 SAR",
        "method": "U-Net segmentation + radiometric filtering"
      }
    },
    {
      "type": "Feature",
      "geometry": {
        "type": "Polygon",
        "coordinates": [
          [
            [
              -89.88932626900403,
              28.924508631984857
            ],
            [
              -89.88860902015597,
              28.92452403381679
            ],
            [
              -89.88860651953875,
              28.92443388825346
            ],
            [
              -89.88819666315594,
              28.924442687555686
            ],
            [
              -89.88819416290377,
              28.924352541958402
            ],
            [
              -89.88686212954443,
              28.924381130985804
            ],
            [
              -89.88685963045292,
              28.92429098528137
            ],
            [
              -89.88655223812985,
              28.924297580857147
            ],
            [
              -89.88654973931497,
              28.924207435126917
            ],
            [
              -89.88624234715418,
              28.92421402997793
            ],
            [
              -89.88623984861594,
              28.924123884221903
            ],
            [
              -89.88593245661741,
              28.924130478348143
            ],
            [
              -89.8859299583558,
              28.924040332566314
            ],
            [
              -89.88562256651959,
              28.924046925967794
            ],
            [
              -89.88562006853459,
              28.923956780160168
            ],
            [
              -89.8854151407634,
              28.9239611753558
            ],
            [
              -89.88541264296666,
              28.923871029530517
            ],
            [
              -89.88500278764069,
              28.923879818955456
            ],
            [
              -89.88500029020896,
              28.923789673096255
            ],
            [
              -89.88469289885965,
              28.923796264323475
            ],
            [
              -89.88469040170457,
              28.92370611843848
            ],
            [
              -89.884587937987,
              28.923708315350463
            ],
            [
              -89.8845804468555,
              28.92343787766269
            ],
            [
              -89.88447798339168,
              28.923440074472467
            ],
            [
              -89.8844754864591,
              28.923349928565624
            ],
            [
              -89.88427055967401,
              28.923354321935477
            ],
            [
              -89.88426806292965,
              28.923264176010967
            ],
            [
              -89.88396067293148,
              28.923270765457744
            ],
            [
              -89.88395817646375,
              28.92318061950745
            ],
            [
              -89.88375324991796,
              28.923185012066643
            ],
            [
              -89.88375075363844,
              28.923094866098698
            ],
            [
              -89.88354582722374,
              28.923099258330375
            ],
            [
              -89.88354333113244,
              28.92300911234479
            ],
            [
              -89.88344086799634,
              28.923011308335767
            ],
            [
              -89.88343837200486,
              28.922921162340643
            ],
            [
              -89.8832334458752,
              28.92292555407294
            ],
            [
              -89.88323095007193,
              28.922835408060163
            ],
            [
              -89.88312848707835,
              28.922837603801455
            ],
            [
              -89.88312599137491,
              28.922747457779156
            ],
            [
              -89.88302352845831,
              28.922749653434522
            ],
            [
              -89.88302103285467,
              28.922659507402685
            ],
            [
              -89.88291857001505,
              28.922661702972114
            ],
            [
              -89.88291607451121,
              28.922571556930762
            ],
            [
              -89.8827111489745,
              28.92257594781993
            ],
            [
              -89.88270865365888,
              28.922485801760928
            ],
            [
              -89.88250372825325,
              28.922490192322588
            ],
            [
              -89.88250123312585,
              28.92240004624594
            ],
            [
              -89.88239877049429,
              28.922402241401926
            ],
            [
              -89.88239627546672,
              28.92231209531575
            ],
            [
              -89.88229381291212,
              28.922314290385803
            ],
            [
              -89.88229131798434,
              28.922224144290116
            ],
            [
              -89.88218885550674,
              28.922226339274232
            ],
            [
              -89.88218636067879,
              28.922136193169024
            ],
            [
              -89.88208389827814,
              28.922138388067207
            ],
            [
              -89.88208140354999,
              28.92204824195246
            ],
            [
              -89.88197894122634,
              28.922050436764714
            ],
            [
              -89.88197644659799,
              28.921960290640463
            ],
            [
              -89.8818739843513,
              28.921962485366777
            ],
            [
              -89.88187148982276,
              28.921872339232987
            ],
            [
              -89.88135917886001,
              28.92188331165679
            ],
            [
              -89.88135668478485,
              28.921793165481013
            ],
            [
              -89.88125422264643,
              28.92179535972422
            ],
            [
              -89.88124175288384,
              28.921344628783707
            ],
            [
              -89.8813442145803,
              28.921342434581085
            ],
            [
              -89.88133423862214,
              28.920981849835865
            ],
            [
              -89.88143669995364,
              28.92097965558789
            ],
            [
              -89.88143171186628,
              28.920799363223082
            ],
            [
              -89.88153417300958,
              28.920797168913552
            ],
            [
              -89.88152918479112,
              28.920616876559357
            ],
            [
              -89.88163164574622,
              28.92061468218824
            ],
            [
              -89.88162915156575,
              28.920524536017155
            ],
            [
              -89.88173161242105,
              28.920522341576348
            ],
            [
              -89.88172911816359,
              28.92043219541197
            ],
            [
              -89.8818315789191,
              28.920430000901476
            ],
            [
              -89.88182908458468,
              28.920339854743812
            ],
            [
              -89.88193154524039,
              28.920337660163618
            ],
            [
              -89.88192905082899,
              28.92024751401268
            ],
            [
              -89.88213397192939,
              28.920243124635114
            ],
            [
              -89.88213147735264,
              28.920152978499
            ],
            [
              -89.8823363982306,
              28.92014858882644
            ],
            [
              -89.88233390348852,
              28.920058442705155
            ],
            [
              -89.88264128445466,
              28.92005185763711
            ],
            [
              -89.88263878945884,
              28.919961711538782
            ],
            [
              -89.88284370986906,
              28.91995732112063
            ],
            [
              -89.88284121470791,
              28.919867175037147
            ],
            [
              -89.88294367480752,
              28.919864979719474
            ],
            [
              -89.88294117956939,
              28.91977483364269
            ],
            [
              -89.88314609955756,
              28.919770442790185
            ],
            [
              -89.8831436041541,
              28.919680296728256
            ],
            [
              -89.88324606404268,
              28.919678101193412
            ],
            [
              -89.88324356856225,
              28.919587955138194
            ],
            [
              -89.88334602835103,
              28.91958575953366
            ],
            [
              -89.88334353279365,
              28.91949561348516
            ],
            [
              -89.8834459924826,
              28.91949341781095
            ],
            [
              -89.88344100122535,
              28.919313125725985
            ],
            [
              -89.88354346072614,
              28.919310929990214
            ],
            [
              -89.88353846933782,
              28.919130637915877
            ],
            [
              -89.88364092865042,
              28.919128442118552
            ],
            [
              -89.88363843288504,
              28.91903829608739
            ],
            [
              -89.88374089209785,
              28.919036100220378
            ],
            [
              -89.88373839625548,
              28.918945954195934
            ],
            [
              -89.88384085536848,
              28.91894375825925
            ],
            [
              -89.88383835944919,
              28.91885361224153
            ],
            [
              -89.8841457364545,
              28.918847023989006
            ],
            [
              -89.88414324028149,
              28.918756877994262
            ],
            [
              -89.88434815805115,
              28.918752485453147
            ],
            [
              -89.88434566171283,
              28.918662339473244
            ],
            [
              -89.88444812049214,
              28.918660143094097
            ],
            [
              -89.88444562407685,
              28.91856999712091
            ],
            [
              -89.88454808275637,
              28.918567800672086
            ],
            [
              -89.88454558626412,
              28.918477654705633
            ],
            [
              -89.88464804484384,
              28.918475458187142
            ],
            [
              -89.88464554827465,
              28.918385312227404
            ],
            [
              -89.88485046522305,
              28.918380918973256
            ],
            [
              -89.88484547176547,
              28.91820062708207
            ],
            [
              -89.88494793004578,
              28.918198430354543
            ],
            [
              -89.88494293645716,
              28.91801813847398
            ],
            [
              -89.88504539454931,
              28.918015941684917
            ],
            [
              -89.88504040082965,
              28.917835649814997
            ],
            [
              -89.88514285873362,
              28.917833452964384
            ],
            [
              -89.88513536797477,
              28.91756301517333
            ],
            [
              -89.88523782560218,
              28.91756081826931
            ],
            [
              -89.88523033468108,
              28.917290380489998
            ],
            [
              -89.88533279203195,
              28.917288183532563
            ],
            [
              -89.88533029499274,
              28.917198037611435
            ],
            [
              -89.88543275224383,
              28.917195840584316
            ],
            [
              -89.88542775802296,
              28.91701554875412
            ],
            [
              -89.88553021508586,
              28.917013351665467
            ],
            [
              -89.88552771790421,
              28.916923205756376
            ],
            [
              -89.88563017486732,
              28.916921008598052
            ],
            [
              -89.88561269429724,
              28.916289987252096
            ],
            [
              -89.88551023795269,
              28.916292184353527
            ],
            [
              -89.88550274671634,
              28.916021746588367
            ],
            [
              -89.88540029062547,
              28.916023943587625
            ],
            [
              -89.88539779365792,
              28.91593379765497
            ],
            [
              -89.88529533764397,
              28.9159359945683
            ],
            [
              -89.88529034391988,
              28.91575570268252
            ],
            [
              -89.88518788807121,
              28.91575789950181
            ],
            [
              -89.88518289456957,
              28.91557760759415
            ],
            [
              -89.8850804388862,
              28.915579804319393
            ],
            [
              -89.88507544560699,
              28.915399512389868
            ],
            [
              -89.88497299008894,
              28.915401709021058
            ],
            [
              -89.88496799703215,
              28.915221417069663
            ],
            [
              -89.88486554167939,
              28.915223613606805
            ],
            [
              -89.88484806695914,
              28.91459259167579
            ],
            [
              -89.88474561221345,
              28.914594788078272
            ],
            [
              -89.88474311595891,
              28.914504642074395
            ],
            [
              -89.88453820660997,
              28.91450903462972
            ],
            [
              -89.88453571054357,
              28.91441888860818
            ],
            [
              -89.88443325594034,
              28.91442108476104
            ],
            [
              -89.88443075997371,
              28.914330938729957
            ],
            [
              -89.88432830544738,
              28.914333134796905
            ],
            [
              -89.88432580958056,
              28.9142429887563
            ],
            [
              -89.88401844619813,
              28.914249576466034
            ],
            [
              -89.88401595060778,
              28.914159430399653
            ],
            [
              -89.88350367851702,
              28.914170408319496
            ],
            [
              -89.8835061736656,
              28.914260554426484
            ],
            [
              -89.88278899164034,
              28.914275920303997
            ],
            [
              -89.88278649711027,
              28.914185774140158
            ],
            [
              -89.88268404257792,
              28.914187968946244
            ],
            [
              -89.88268154814762,
              28.91409782277287
            ],
            [
              -89.8825790936922,
              28.914100017493045
            ],
            [
              -89.88257659936168,
              28.914009871310164
            ],
            [
              -89.8824741449832,
              28.914012065944434
            ],
            [
              -89.88246915653312,
              28.913831773558197
            ],
            [
              -89.88226424809531,
              28.913836162560894
            ],
            [
              -89.88226175406412,
              28.91374601634943
            ],
            [
              -89.88215929991645,
              28.913748210725984
            ],
            [
              -89.88215680598502,
              28.913658064505007
            ],
            [
              -89.88205435191429,
              28.913660258795648
            ],
            [
              -89.88204936426239,
              28.913479966333227
            ],
            [
              -89.88194691035694,
              28.913482160529856
            ],
            [
              -89.88194441663646,
              28.91339201428842
            ],
            [
              -89.88173950896805,
              28.913396402432067
            ],
            [
              -89.88173701543569,
              28.913306256173
            ],
            [
              -89.88142965411251,
              28.91331283778073
            ],
            [
              -89.88142716085663,
              28.9132226914959
            ],
            [
              -89.88091489219816,
              28.913233659245808
            ],
            [
              -89.88091239939546,
              28.913143512919014
            ],
            [
              -89.88070749202889,
              28.913147899458238
            ],
            [
              -89.88070499941429,
              28.9130577531138
            ],
            [
              -89.88050009217879,
              28.913062139325664
            ],
            [
              -89.88049759975232,
              28.912971992963595
            ],
            [
              -89.88029269264788,
              28.91297637884809
            ],
            [
              -89.88029020040952,
              28.91288623246839
            ],
            [
              -89.88008529343614,
              28.912890618025525
            ],
            [
              -89.8800828013859,
              28.91280047162819
            ],
            [
              -89.87998034797045,
              28.91280266428197
            ],
            [
              -89.87997785601995,
              28.91271251787512
            ],
            [
              -89.87987540268145,
              28.912714710442994
            ],
            [
              -89.87987041899136,
              28.912534417608867
            ],
            [
              -89.87976796581816,
              28.912536610082743
            ],
            [
              -89.87975052388065,
              28.911905585062293
            ],
            [
              -89.87964807131448,
              28.9119077774016
            ],
            [
              -89.87963810509736,
              28.911547191612307
            ],
            [
              -89.87953565287316,
              28.911549383841386
            ],
            [
              -89.87952319580012,
              28.91109865153263
            ],
            [
              -89.87962564758259,
              28.9110964593441
            ],
            [
              -89.87961319035296,
              28.9106457270408
            ],
            [
              -89.87971564168231,
              28.910643534815055
            ],
            [
              -89.87971315018225,
              28.910553388358295
            ],
            [
              -89.87981560141188,
              28.91055119606288
            ],
            [
              -89.8798106182693,
              28.910370903161372
            ],
            [
              -89.87991306931082,
              28.9103687108044
            ],
            [
              -89.87991057766831,
              28.910278564359647
            ],
            [
              -89.8800130286101,
              28.91027637193302
            ],
            [
              -89.88001053689064,
              28.91018622549497
            ],
            [
              -89.88011298773267,
              28.910184032998668
            ],
            [
              -89.88010800415131,
              28.910003740134616
            ],
            [
              -89.88021045480527,
              28.910001547576755
            ],
            [
              -89.88020048742608,
              28.909640961864227
            ],
            [
              -89.88009803712548,
              28.90964315438963
            ],
            [
              -89.88009305368101,
              28.909462861508718
            ],
            [
              -89.87999060354568,
              28.90946505394012
            ],
            [
              -89.8799881119289,
              28.909374907489443
            ],
            [
              -89.87988566187049,
              28.90937709983496
            ],
            [
              -89.8798806788478,
              28.909196806913183
            ],
            [
              -89.8796757790501,
              28.909201191338454
            ],
            [
              -89.87967328773254,
              28.909111044859234
            ],
            [
              -89.87957083790494,
              28.9091132369471
            ],
            [
              -89.87956834668711,
              28.909023090458366
            ],
            [
              -89.87946589693641,
              28.909025282460345
            ],
            [
              -89.87946340581833,
              28.908935135962093
            ],
            [
              -89.87936095614457,
              28.908937327878203
            ],
            [
              -89.87935846512622,
              28.90884718137043
            ],
            [
              -89.87925601552939,
              28.90884937320065
            ],
            [
              -89.87923857933853,
              28.908218347550243
            ],
            [
              -89.87934102831703,
              28.90821615577679
            ],
            [
              -89.87933604647418,
              28.908035862737414
            ],
            [
              -89.87943849526461,
              28.908033670902416
            ],
            [
              -89.87943600427197,
              28.907943524388727
            ],
            [
              -89.87964090164196,
              28.907939140501647
            ],
            [
              -89.87963841048406,
              28.90784899400278
            ],
            [
              -89.8800482047339,
              28.90784022532783
            ],
            [
              -89.88004571323408,
              28.907750078860012
            ],
            [
              -89.8806604037367,
              28.90773692356321
            ],
            [
              -89.88065791171832,
              28.907646777142652
            ],
            [
              -89.88137504950065,
              28.90763142581473
            ],
            [
              -89.88137255687539,
              28.90754127944957
            ],
            [
              -89.88188479736452,
              28.907530311922894
            ],
            [
              -89.88188729043141,
              28.907620458247468
            ],
            [
              -89.88506317783174,
              28.90755241593617
            ],
            [
              -89.88506567364816,
              28.907642562007567
            ],
            [
              -89.88547546512454,
              28.90763377687831
            ],
            [
              -89.88547796130571,
              28.907723922915793
            ],
            [
              -89.885785305058,
              28.90771733322791
            ],
            [
              -89.88578280861185,
              28.907627187214803
            ],
            [
              -89.88639749527789,
              28.907614005788094
            ],
            [
              -89.88639499831322,
              28.90752385982236
            ],
            [
              -89.88731702674573,
              28.907504082506232
            ],
            [
              -89.88731452899759,
              28.90741393661226
            ],
            [
              -89.88956837043419,
              28.907365565722554
            ],
            [
              -89.88957087012547,
              28.907455711437542
            ],
            [
              -89.88998065923595,
              28.907446912653963
            ],
            [
              -89.88998315929197,
              28.907537058334988
            ],
            [
              -89.89008560662931,
              28.907534858436538
            ],
            [
              -89.89008810678511,
              28.907625004108016
            ],
            [
              -89.89019055419932,
              28.907622804123662
            ],
            [
              -89.8901930544549,
              28.907712949785598
            ],
            [
              -89.89029550194599,
              28.907710749715342
            ],
            [
              -89.8903005026681,
              28.907891041018708
            ],
            [
              -89.89040295032439,
              28.9078888408544
            ],
            [
              -89.89042045383067,
              28.908519860314946
            ],
            [
              -89.8905229020938,
              28.908517660015885
            ],
            [
              -89.89068546718235,
              28.914377122617864
            ],
            [
              -89.89058301317701,
              28.914379323446134
            ],
            [
              -89.89063804422032,
              28.916362525007234
            ],
            [
              -89.89053558825964,
              28.916364725936837
            ],
            [
              -89.89053808971401,
              28.916454871454317
            ],
            [
              -89.89064054576306,
              28.916452670516566
            ],
            [
              -89.89065805688287,
              28.917083689042617
            ],
            [
              -89.89055560021527,
              28.917085890037367
            ],
            [
              -89.89055810176124,
              28.917176035543612
            ],
            [
              -89.89066055851721,
              28.917173834540716
            ],
            [
              -89.89069057902257,
              28.91825558040829
            ],
            [
              -89.89079303682755,
              28.918253379229885
            ],
            [
              -89.89081055016914,
              28.918884397502172
            ],
            [
              -89.89070809174557,
              28.918886598737565
            ],
            [
              -89.89071059360894,
              28.918976744207555
            ],
            [
              -89.89081305212089,
              28.918974542964012
            ],
            [
              -89.8908155540841,
              28.91906468842446
            ],
            [
              -89.89071309548378,
              28.919066889676138
            ],
            [
              -89.89071559737006,
              28.919157035143318
            ],
            [
              -89.89081805605875,
              28.91915483388349
            ],
            [
              -89.89082055804487,
              28.91924497934112
            ],
            [
              -89.89071809926779,
              28.91924718060909
            ],
            [
              -89.89072060117698,
              28.91933732607345
            ],
            [
              -89.89082306004242,
              28.91933512479734
            ],
            [
              -89.89084057434602,
              28.91996614295157
            ],
            [
              -89.89073811486193,
              28.919968344284673
            ],
            [
              -89.89076813962743,
              28.921050089629393
            ],
            [
              -89.89087060017211,
              28.921047888198565
            ],
            [
              -89.8908956229537,
              28.921949342416447
            ],
            [
              -89.89079316152515,
              28.92195154392871
            ],
            [
              -89.89082819410615,
              28.923213579711614
            ],
            [
              -89.89072573142867,
              28.92321578126007
            ],
            [
              -89.89073824316681,
              28.92366650829934
            ],
            [
              -89.89063578003591,
              28.9236687098107
            ],
            [
              -89.89064078463454,
              28.92384900063284
            ],
            [
              -89.89053832131538,
              28.923851202082666
            ],
            [
              -89.89054082354349,
              28.923941347499778
            ],
            [
              -89.89043836012448,
              28.923943548879926
            ],
            [
              -89.89044086227564,
              28.924033694303777
            ],
            [
              -89.89033839875678,
              28.924035895614253
            ],
            [
              -89.89034090083099,
              28.92412604104483
            ],
            [
              -89.89013597358212,
              28.924130443448597
            ],
            [
              -89.890138475491,
              28.924220588894066
            ],
            [
              -89.88972862050225,
              28.924229392800346
            ],
            [
              -89.88973112206898,
              28.924319538276972
            ],
            [
              -89.88942373044198,
              28.924326140414003
            ],
            [
              -89.88942623175497,
              28.924416285913637
            ],
            [
              -89.889323767768,
              28.92441848647848
            ],
            [
              -89.88932626900403,
              28.924508631984857
            ]
          ],
          [
            [
              -89.88769430625723,
              28.913719748860437
            ],
            [
              -89.88768681014973,
              28.913449311513922
            ],
            [
              -89.88758435678442,
              28.913451509996875
            ],
            [
              -89.88757935961331,
              28.91327121840924
            ],
            [
              -89.88716954674445,
              28.91328001149816
            ],
            [
              -89.88717704145805,
              28.913550448975112
            ],
            [
              -89.88727949495747,
              28.913548250795156
            ],
            [
              -89.88728199330656,
              28.913638396609862
            ],
            [
              -89.8873844468829,
              28.913636198343998
            ],
            [
              -89.88738694533178,
              28.91372634414916
            ],
            [
              -89.88769430625723,
              28.913719748860437
            ]
          ]
        ]
      },
      "properties": {
        "incident_id": "SP-006",
        "type": "AI-detected-slick",
        "source": "Sentinel-1 SAR",
        "method": "U-Net segmentation + radiometric filtering"
      }
    },
    {
      "type": "Feature",
      "geometry": {
        "type": "Polygon",
        "coordinates": [
          [
            [
              -89.89007560612058,
              28.907174275736583
            ],
            [
              -89.87849902459581,
              28.907422368481512
            ],
            [
              -89.87849653447793,
              28.907332221885017
            ],
            [
              -89.87808674166384,
              28.907340985699236
            ],
            [
              -89.87808425191065,
              28.907250839068922
            ],
            [
              -89.87767445926751,
              28.907259601606437
            ],
            [
              -89.87767196987905,
              28.90716945494229
            ],
            [
              -89.87715972926031,
              28.907180406323896
            ],
            [
              -89.87715724032488,
              28.90709025961781
            ],
            [
              -89.87695234417427,
              28.90709463960987
            ],
            [
              -89.87694985542687,
              28.907004492886184
            ],
            [
              -89.87674495940736,
              28.907008872550975
            ],
            [
              -89.876742470848,
              28.906918725809675
            ],
            [
              -89.87664002290948,
              28.906920915517325
            ],
            [
              -89.87663753444984,
              28.906830768766515
            ],
            [
              -89.87653508658826,
              28.906832958388293
            ],
            [
              -89.87653259822832,
              28.906742811627982
            ],
            [
              -89.87643015044367,
              28.906745001163888
            ],
            [
              -89.87642517393466,
              28.906564707622856
            ],
            [
              -89.87632272631525,
              28.906566897064792
            ],
            [
              -89.87632023816616,
              28.906476750284074
            ],
            [
              -89.8762177906237,
              28.906478939640145
            ],
            [
              -89.87621530257431,
              28.906388792849924
            ],
            [
              -89.87611285510877,
              28.90639098212012
            ],
            [
              -89.8761103671591,
              28.906300835320387
            ],
            [
              -89.8760079197705,
              28.906303024504727
            ],
            [
              -89.87600294408197,
              28.906122730884857
            ],
            [
              -89.87590049685863,
              28.90612491997523
            ],
            [
              -89.87589800911978,
              28.906034773155092
            ],
            [
              -89.87579556197336,
              28.906036962159597
            ],
            [
              -89.87579058670646,
              28.90585666849891
            ],
            [
              -89.8756881397253,
              28.905858857409445
            ],
            [
              -89.87568565219725,
              28.90576871056891
            ],
            [
              -89.87537831145042,
              28.905775276809653
            ],
            [
              -89.87537582419871,
              28.905685129943393
            ],
            [
              -89.87527337734866,
              28.905687318526688
            ],
            [
              -89.87527089019666,
              28.90559717165094
            ],
            [
              -89.87506599663902,
              28.90560154856804
            ],
            [
              -89.87506350967504,
              28.905511401674687
            ],
            [
              -89.87496106296747,
              28.905513590008493
            ],
            [
              -89.8749585761032,
              28.905423443105636
            ],
            [
              -89.87475368283053,
              28.905427819523773
            ],
            [
              -89.87475119615429,
              28.905337672603327
            ],
            [
              -89.8746487495892,
              28.905339860687643
            ],
            [
              -89.87464626301265,
              28.905249713757698
            ],
            [
              -89.8745438165245,
              28.905251901756163
            ],
            [
              -89.8745388435822,
              28.905071607875875
            ],
            [
              -89.8744363972593,
              28.905073795780385
            ],
            [
              -89.87443391089354,
              28.904983648830036
            ],
            [
              -89.87433146464757,
              28.904985836648695
            ],
            [
              -89.87432649212685,
              28.904805542727587
            ],
            [
              -89.87422404604614,
              28.90480773045229
            ],
            [
              -89.87422155989117,
              28.904717583481556
            ],
            [
              -89.87411911388737,
              28.904719771120398
            ],
            [
              -89.87411662783211,
              28.904629624140142
            ],
            [
              -89.87401418190527,
              28.904631811693132
            ],
            [
              -89.87401169594969,
              28.904541664703398
            ],
            [
              -89.87390925009977,
              28.904543852170534
            ],
            [
              -89.87389184934761,
              28.903912823146392
            ],
            [
              -89.87399429457932,
              28.903910635735922
            ],
            [
              -89.87398932286165,
              28.903730341732587
            ],
            [
              -89.87409176790536,
              28.903728154260538
            ],
            [
              -89.87408679605657,
              28.9035478602678
            ],
            [
              -89.87418924091227,
              28.903545672734182
            ],
            [
              -89.87418675491666,
              28.903455525743798
            ],
            [
              -89.87428919967266,
              28.90345333814053
            ],
            [
              -89.87428422753894,
              28.903273044171748
            ],
            [
              -89.87448911666357,
              28.903268668764316
            ],
            [
              -89.87448663043716,
              28.903178521794015
            ],
            [
              -89.8745890748941,
              28.903176333981754
            ],
            [
              -89.87458658859074,
              28.90308618701814
            ],
            [
              -89.874689032948,
              28.90308399913623
            ],
            [
              -89.87468406019885,
              28.902903705220986
            ],
            [
              -89.87478650436809,
              28.902901517277517
            ],
            [
              -89.87478153148786,
              28.90272122337286
            ],
            [
              -89.8748839754691,
              28.902719035367834
            ],
            [
              -89.87488148895774,
              28.902628888421496
            ],
            [
              -89.8749839328393,
              28.90262670034681
            ],
            [
              -89.87498144625103,
              28.90253655340717
            ],
            [
              -89.8750838900329,
              28.902534365262824
            ],
            [
              -89.8750814033677,
              28.902444218329872
            ],
            [
              -89.87528629072067,
              28.902439841824116
            ],
            [
              -89.87528380389024,
              28.90234969490596
            ],
            [
              -89.87538624746135,
              28.90234750654456
            ],
            [
              -89.875383760554,
              28.9022573596331
            ],
            [
              -89.87548620402542,
              28.90225517120204
            ],
            [
              -89.87548123006827,
              28.90207487739111
            ],
            [
              -89.8755836733517,
              28.902072688898496
            ],
            [
              -89.8755811863019,
              28.90198254199902
            ],
            [
              -89.87568362948562,
              28.901980353436755
            ],
            [
              -89.87568114235891,
              28.901890206543975
            ],
            [
              -89.87578358544295,
              28.901888017912057
            ],
            [
              -89.87577861104708,
              28.901707724138504
            ],
            [
              -89.87588105394312,
              28.901705535445032
            ],
            [
              -89.87587607941619,
              28.90152524168206
            ],
            [
              -89.87597852212424,
              28.90152305292704
            ],
            [
              -89.87597354746626,
              28.901342759174646
            ],
            [
              -89.87607598998632,
              28.901340570358084
            ],
            [
              -89.8760710151973,
              28.90116027661629
            ],
            [
              -89.87617345752936,
              28.901158087738178
            ],
            [
              -89.87616848260929,
              28.90097779400697
            ],
            [
              -89.87627092475337,
              28.900975605067302
            ],
            [
              -89.87626594970224,
              28.900795311346684
            ],
            [
              -89.87636839165835,
              28.900793122345476
            ],
            [
              -89.87636590406157,
              28.900702975491164
            ],
            [
              -89.87646834591798,
              28.90070078642031
            ],
            [
              -89.8764658582443,
              28.900610639572694
            ],
            [
              -89.87656830000103,
              28.9006084504322
            ],
            [
              -89.87656332451124,
              28.90042815674896
            ],
            [
              -89.87666576607998,
              28.90042596754692
            ],
            [
              -89.87665830266582,
              28.900155527035842
            ],
            [
              -89.87676074395829,
              28.900153337780363
            ],
            [
              -89.87675825608805,
              28.900063190948636
            ],
            [
              -89.87686069728082,
              28.90006100162351
            ],
            [
              -89.87685820933369,
              28.899970854798482
            ],
            [
              -89.87696065042678,
              28.89996866540371
            ],
            [
              -89.87695816240273,
              28.899878518585385
            ],
            [
              -89.87706060339615,
              28.899876329120982
            ],
            [
              -89.8770581152952,
              28.899786182309352
            ],
            [
              -89.87746787880175,
              28.89977742370668
            ],
            [
              -89.87747036725587,
              28.89986757048589
            ],
            [
              -89.87767524911737,
              28.899863190701886
            ],
            [
              -89.87767773775947,
              28.899953337463483
            ],
            [
              -89.87778017876143,
              28.89995114744675
            ],
            [
              -89.87778266750321,
              28.900041294198854
            ],
            [
              -89.87788510858206,
              28.900039104096276
            ],
            [
              -89.87788759742355,
              28.90012925083887
            ],
            [
              -89.87860468527452,
              28.900113917887264
            ],
            [
              -89.87860219581498,
              28.900023771201425
            ],
            [
              -89.87921684157014,
              28.90001062568809
            ],
            [
              -89.87921435159224,
              28.899920479049495
            ],
            [
              -89.87982899640724,
              28.899907330786036
            ],
            [
              -89.87982650591097,
              28.899817184194703
            ],
            [
              -89.88054359039161,
              28.899801841073447
            ],
            [
              -89.88054608150591,
              28.899891987608008
            ],
            [
              -89.88064852218868,
              28.89988979541446
            ],
            [
              -89.88065101340268,
              28.899979941939502
            ],
            [
              -89.88054857263162,
              28.899982134141162
            ],
            [
              -89.88055106376876,
              28.9000722806729
            ],
            [
              -89.88044862289799,
              28.90007447280494
            ],
            [
              -89.88045609611291,
              28.90034491241611
            ],
            [
              -89.88055853724853,
              28.900342720259736
            ],
            [
              -89.88056351962543,
              28.900523013310604
            ],
            [
              -89.88066596092625,
              28.900520821060272
            ],
            [
              -89.88066845222009,
              28.90061096757548
            ],
            [
              -89.88107821766252,
              28.900602197764215
            ],
            [
              -89.8810757260155,
              28.900512051281456
            ],
            [
              -89.88148549092222,
              28.900503280258718
            ],
            [
              -89.88148299893341,
              28.900413133807003
            ],
            [
              -89.88209764542147,
              28.900399974989245
            ],
            [
              -89.88210013794004,
              28.900490121392256
            ],
            [
              -89.88230502018801,
              28.900485734481478
            ],
            [
              -89.88230751289458,
              28.90057588086685
            ],
            [
              -89.88251239527351,
              28.900571493628856
            ],
            [
              -89.88251488816809,
              28.90066163999659
            ],
            [
              -89.88271977067795,
              28.900657252431376
            ],
            [
              -89.88272226376053,
              28.90074739878147
            ],
            [
              -89.88292714640133,
              28.90074301088903
            ],
            [
              -89.88292963967193,
              28.900833157221474
            ],
            [
              -89.88303208106349,
              28.90083096315052
            ],
            [
              -89.8830345744338,
              28.900921109473444
            ],
            [
              -89.88313701590225,
              28.900918915316623
            ],
            [
              -89.88313950937226,
              28.90100906163002
            ],
            [
              -89.8832419509176,
              28.901006867387334
            ],
            [
              -89.88324444448732,
              28.901097013691214
            ],
            [
              -89.88334688610954,
              28.90109481936267
            ],
            [
              -89.88334937977898,
              28.901184965657006
            ],
            [
              -89.88345182147806,
              28.901182771242585
            ],
            [
              -89.88345680902779,
              28.90136306381083
            ],
            [
              -89.88355925089208,
              28.90136086930243
            ],
            [
              -89.88356673256717,
              28.9016313081199
            ],
            [
              -89.88366917468493,
              28.90162911350938
            ],
            [
              -89.88367166868777,
              28.901719259770946
            ],
            [
              -89.88377411088241,
              28.901717065074546
            ],
            [
              -89.88377909909893,
              28.901897357577223
            ],
            [
              -89.88398398380716,
              28.901892967918712
            ],
            [
              -89.88398647810915,
              28.90198311415169
            ],
            [
              -89.88408892053444,
              28.90198091919769
            ],
            [
              -89.88409141493615,
              28.90207106542114
            ],
            [
              -89.88450118487629,
              28.90206228479515
            ],
            [
              -89.88449869012136,
              28.901972138604187
            ],
            [
              -89.88470357484631,
              28.901967747840942
            ],
            [
              -89.88470107992622,
              28.901877601664825
            ],
            [
              -89.88490596442885,
              28.901873210606826
            ],
            [
              -89.88490346934358,
              28.901783064445542
            ],
            [
              -89.88531323785861,
              28.901774281429084
            ],
            [
              -89.88531074243156,
              28.901684135298915
            ],
            [
              -89.88602783627489,
              28.90166876208368
            ],
            [
              -89.88602534024116,
              28.901578616008994
            ],
            [
              -89.88612778208478,
              28.901576419532528
            ],
            [
              -89.8861302782068,
              28.90166656559909
            ],
            [
              -89.88664248769494,
              28.901655582009898
            ],
            [
              -89.88664498426989,
              28.901745728034406
            ],
            [
              -89.8869523100905,
              28.90173913692353
            ],
            [
              -89.88695480694179,
              28.901829282922254
            ],
            [
              -89.88726213292443,
              28.90182269108725
            ],
            [
              -89.88726463005203,
              28.901912837060163
            ],
            [
              -89.88767439822205,
              28.90190404682583
            ],
            [
              -89.88767689571428,
              28.901994192764807
            ],
            [
              -89.88788177990727,
              28.901989797164887
            ],
            [
              -89.88788427758755,
              28.902079943086196
            ],
            [
              -89.88798671975519,
              28.902077745161485
            ],
            [
              -89.88798921753519,
              28.902167891073248
            ],
            [
              -89.88819410201279,
              28.90216349497431
            ],
            [
              -89.88819659998083,
              28.902253640868402
            ],
            [
              -89.88860636915199,
              28.902244847704992
            ],
            [
              -89.88860886748466,
              28.90233499356515
            ],
            [
              -89.88871130983715,
              28.902332795071782
            ],
            [
              -89.88871380826957,
              28.902422940922403
            ],
            [
              -89.88891869311686,
              28.90241854368615
            ],
            [
              -89.88892119173731,
              28.902508689519085
            ],
            [
              -89.88912607671544,
              28.902504291955562
            ],
            [
              -89.88912857552394,
              28.90259443777082
            ],
            [
              -89.88933346063291,
              28.902590039880035
            ],
            [
              -89.88933595962946,
              28.90268018567762
            ],
            [
              -89.88954084486929,
              28.902675787459557
            ],
            [
              -89.88954334405388,
              28.902765933239454
            ],
            [
              -89.88964578674492,
              28.90276373400566
            ],
            [
              -89.88964828602927,
              28.902853879776014
            ],
            [
              -89.88975072879717,
              28.902851680456326
            ],
            [
              -89.88975322818126,
              28.902941826217138
            ],
            [
              -89.88985567102603,
              28.90293962681157
            ],
            [
              -89.88985817050985,
              28.903029772562835
            ],
            [
              -89.8899606134315,
              28.90302757307137
            ],
            [
              -89.8899656126101,
              28.90320786455341
            ],
            [
              -89.89006805569689,
              28.90320566496792
            ],
            [
              -89.89007305509787,
              28.90338595642806
            ],
            [
              -89.89017549834983,
              28.903383756748525
            ],
            [
              -89.8901929972319,
              28.90401477675781
            ],
            [
              -89.89029544109057,
              28.90401257694355
            ],
            [
              -89.89033044177343,
              28.905274616641602
            ],
            [
              -89.89043288685703,
              28.90527241663561
            ],
            [
              -89.8904603899388,
              28.906264018972774
            ],
            [
              -89.89035794388374,
              28.906266219068314
            ],
            [
              -89.89036044414426,
              28.906356364735032
            ],
            [
              -89.89046289028764,
              28.906354164631363
            ],
            [
              -89.89047039140283,
              28.906624601598693
            ],
            [
              -89.89036794499451,
              28.906626801726787
            ],
            [
              -89.8903779462884,
              28.90698738436278
            ],
            [
              -89.89027549951534,
              28.90698958444567
            ],
            [
              -89.8902779997791,
              28.907079730109295
            ],
            [
              -89.89007310602202,
              28.907084130058077
            ],
            [
              -89.89007560612058,
              28.907174275736583
            ]
          ]
        ]
      },
      "properties": {
        "incident_id": "SP-006",
        "type": "AI-detected-slick",
        "source": "Sentinel-1 SAR",
        "method": "U-Net segmentation + radiometric filtering"
      }
    },
    {
      "type": "Feature",
      "geometry": {
        "type": "Polygon",
        "coordinates": [
          [
            [
              -89.86037843804533,
              28.897074823419665
            ],
            [
              -89.85996867900461,
              28.897083529303167
            ],
            [
              -89.85996125989664,
              28.896813084693612
            ],
            [
              -89.859858820373,
              28.896815260945978
            ],
            [
              -89.85984645586095,
              28.896364519861752
            ],
            [
              -89.85994889494316,
              28.896362343649667
            ],
            [
              -89.85993653027275,
              28.895911602570706
            ],
            [
              -89.86003896890223,
              28.895909426321158
            ],
            [
              -89.86003402293674,
              28.895729129895866
            ],
            [
              -89.86013646137835,
              28.895726953584685
            ],
            [
              -89.86013151528161,
              28.895546657169927
            ],
            [
              -89.86023395353531,
              28.89554448079712
            ],
            [
              -89.86022900730731,
              28.895364184392854
            ],
            [
              -89.86033144537313,
              28.895362007958433
            ],
            [
              -89.86032402585121,
              28.895091563365696
            ],
            [
              -89.86042646364088,
              28.895089386877714
            ],
            [
              -89.86042399040129,
              28.894999238685386
            ],
            [
              -89.86052642809135,
              28.894997062127725
            ],
            [
              -89.86052148146955,
              28.894816765754978
            ],
            [
              -89.86062391897175,
              28.894814589135688
            ],
            [
              -89.86062144558956,
              28.894724440955287
            ],
            [
              -89.86072388299216,
              28.89472226426632
            ],
            [
              -89.86071893608522,
              28.894541967917412
            ],
            [
              -89.86082137329991,
              28.894539791166817
            ],
            [
              -89.86081642626174,
              28.894359494828414
            ],
            [
              -89.86091886328857,
              28.894357318016212
            ],
            [
              -89.86091638969819,
              28.894267169852967
            ],
            [
              -89.86112126354135,
              28.894262816011498
            ],
            [
              -89.86111878978573,
              28.89417266786298
            ],
            [
              -89.86132366340703,
              28.894168313726702
            ],
            [
              -89.86132118948622,
              28.89407816559289
            ],
            [
              -89.86142362619161,
              28.894075988416212
            ],
            [
              -89.8614063084451,
              28.893444951496686
            ],
            [
              -89.86130387235761,
              28.893447128616955
            ],
            [
              -89.86129397710474,
              28.893086536028477
            ],
            [
              -89.86119154135899,
              28.893088713038782
            ],
            [
              -89.86116185774692,
              28.892006935042165
            ],
            [
              -89.86126429243348,
              28.892004758128547
            ],
            [
              -89.86125439790548,
              28.891644165450423
            ],
            [
              -89.86115196357198,
              28.8916463423318
            ],
            [
              -89.86114949005656,
              28.891556194150706
            ],
            [
              -89.8610470558,
              28.891558370946303
            ],
            [
              -89.86104952922716,
              28.89164851913545
            ],
            [
              -89.8606397917346,
              28.891657225572853
            ],
            [
              -89.86064226482003,
              28.89174737379284
            ],
            [
              -89.8604373958293,
              28.891751726561324
            ],
            [
              -89.86043492292039,
              28.891661578325238
            ],
            [
              -89.86033248849628,
              28.891663754584837
            ],
            [
              -89.86033001568697,
              28.891573606339293
            ],
            [
              -89.86022758133981,
              28.89157578251312
            ],
            [
              -89.86022016324456,
              28.89130533774392
            ],
            [
              -89.86011772915086,
              28.89130751381586
            ],
            [
              -89.86011525656336,
              28.8912173655486
            ],
            [
              -89.85991038851853,
              28.891221717443205
            ],
            [
              -89.85990791611886,
              28.89113156915844
            ],
            [
              -89.85980548216772,
              28.891133744981104
            ],
            [
              -89.85980300986762,
              28.89104359668689
            ],
            [
              -89.85959814210791,
              28.89104794808296
            ],
            [
              -89.85959319789472,
              28.890867651458112
            ],
            [
              -89.85949076417441,
              28.890869827023455
            ],
            [
              -89.85948582018301,
              28.890689530376893
            ],
            [
              -89.8593833866279,
              28.890691705848415
            ],
            [
              -89.85937597099046,
              28.89042126084392
            ],
            [
              -89.85927353768881,
              28.89042343621356
            ],
            [
              -89.85927106592055,
              28.890333287867865
            ],
            [
              -89.85916863269584,
              28.890335463151747
            ],
            [
              -89.8591636893698,
              28.89015516644006
            ],
            [
              -89.85906125631027,
              28.890157341630115
            ],
            [
              -89.85905878475248,
              28.890067193264123
            ],
            [
              -89.85895635176989,
              28.890069368368405
            ],
            [
              -89.85895388031167,
              28.889979219992966
            ],
            [
              -89.85885144740602,
              28.889981395011482
            ],
            [
              -89.85884897604738,
              28.88989124662659
            ],
            [
              -89.85874654321866,
              28.889893421559336
            ],
            [
              -89.85872924464279,
              28.889262382769495
            ],
            [
              -89.85883167685373,
              28.8892602078931
            ],
            [
              -89.85882673432882,
              28.889079911099508
            ],
            [
              -89.85892916635194,
              28.889077736161504
            ],
            [
              -89.85892422369578,
              28.888897439378393
            ],
            [
              -89.85902665553108,
              28.888895264378785
            ],
            [
              -89.85902418413173,
              28.888805115993193
            ],
            [
              -89.85912661586747,
              28.888802940923917
            ],
            [
              -89.85912167292621,
              28.888622644164627
            ],
            [
              -89.85922410447412,
              28.88862046903374
            ],
            [
              -89.85921916140165,
              28.888440172284945
            ],
            [
              -89.85932159276176,
              28.88843799709245
            ],
            [
              -89.85931664955802,
              28.888257700354178
            ],
            [
              -89.85941908073033,
              28.888255525100067
            ],
            [
              -89.8594166090572,
              28.888165376736886
            ],
            [
              -89.85951904012994,
              28.888163201413125
            ],
            [
              -89.85951409664113,
              28.88798290469864
            ],
            [
              -89.85961652752606,
              28.88798072931328
            ],
            [
              -89.8596140557104,
              28.887890580961994
            ],
            [
              -89.85971648649576,
              28.887888405506974
            ],
            [
              -89.85971401460316,
              28.887798257162334
            ],
            [
              -89.85991887596343,
              28.88779390603527
            ],
            [
              -89.85991640390566,
              28.887703757705346
            ],
            [
              -89.86001883448057,
              28.88770158203331
            ],
            [
              -89.86001636234587,
              28.887611433710045
            ],
            [
              -89.86022122328525,
              28.887607082148932
            ],
            [
              -89.86021875098538,
              28.887516933840367
            ],
            [
              -89.860423611703,
              28.88751258198453
            ],
            [
              -89.86042113923796,
              28.887422433690677
            ],
            [
              -89.8606259997338,
              28.887418081540126
            ],
            [
              -89.86062352710361,
              28.887327933260988
            ],
            [
              -89.8607259572463,
              28.887325757077207
            ],
            [
              -89.8607234845392,
              28.88723560880471
            ],
            [
              -89.86082591458232,
              28.88723343255128
            ],
            [
              -89.86082096902558,
              28.88705313601822
            ],
            [
              -89.86092339888089,
              28.88705095970319
            ],
            [
              -89.86091845319297,
              28.886870663180645
            ],
            [
              -89.86102088286047,
              28.88686848680402
            ],
            [
              -89.86101840994526,
              28.886778338548698
            ],
            [
              -89.8611208395132,
              28.88677616210243
            ],
            [
              -89.86111836652108,
              28.88668601385377
            ],
            [
              -89.86122079598947,
              28.88668383733785
            ],
            [
              -89.86121832292041,
              28.88659368909584
            ],
            [
              -89.86142318164673,
              28.886589335847003
            ],
            [
              -89.86142070841252,
              28.8864991876197
            ],
            [
              -89.86193285458896,
              28.886488303178044
            ],
            [
              -89.86193532826435,
              28.886578451365043
            ],
            [
              -89.86214018683211,
              28.886574097028323
            ],
            [
              -89.86214266069531,
              28.886664245197807
            ],
            [
              -89.86224509005044,
              28.886662067904826
            ],
            [
              -89.8622475640132,
              28.886752216064842
            ],
            [
              -89.86234999344525,
              28.886750038686095
            ],
            [
              -89.86235741566625,
              28.88702048313356
            ],
            [
              -89.86245984535168,
              28.887018305652926
            ],
            [
              -89.86246231953625,
              28.88710845379121
            ],
            [
              -89.86235988976257,
              28.887110631279896
            ],
            [
              -89.86236236387023,
              28.887200779424848
            ],
            [
              -89.86246479373214,
              28.887198601928095
            ],
            [
              -89.86246726793937,
              28.887288750063586
            ],
            [
              -89.86236483798922,
              28.887290927568397
            ],
            [
              -89.86237226041413,
              28.88756137199065
            ],
            [
              -89.86226983018793,
              28.88756354944194
            ],
            [
              -89.86227230426398,
              28.88765369758794
            ],
            [
              -89.86216987393821,
              28.887655874969585
            ],
            [
              -89.86217482194782,
              28.88783617127352
            ],
            [
              -89.86207239143422,
              28.88783834859358
            ],
            [
              -89.86207486536776,
              28.887928496751496
            ],
            [
              -89.86197243475459,
              28.8879306740019
            ],
            [
              -89.86197490861123,
              28.888020822166496
            ],
            [
              -89.86187247789849,
              28.888022999347253
            ],
            [
              -89.86187742546925,
              28.888203295688335
            ],
            [
              -89.86177499456869,
              28.888205472807492
            ],
            [
              -89.86178241574504,
              28.888475917332812
            ],
            [
              -89.86188484691034,
              28.888473740189465
            ],
            [
              -89.8618873207467,
              28.88856388835371
            ],
            [
              -89.86209218321981,
              28.888559533817784
            ],
            [
              -89.862094657244,
              28.888649681964495
            ],
            [
              -89.86219708855181,
              28.888647504571885
            ],
            [
              -89.86219956267557,
              28.888737652709167
            ],
            [
              -89.8623019940603,
              28.888735475230792
            ],
            [
              -89.86230446828364,
              28.888825623358592
            ],
            [
              -89.86240689974528,
              28.88882344579445
            ],
            [
              -89.86241184840245,
              28.889003742029743
            ],
            [
              -89.86251428002926,
              28.889001564371753
            ],
            [
              -89.86253407581707,
              28.889722749192345
            ],
            [
              -89.86263650813855,
              28.88972057139216
            ],
            [
              -89.86264145737532,
              28.889900867567178
            ],
            [
              -89.86284632233733,
              28.88989651170142
            ],
            [
              -89.86284879714923,
              28.889986659770706
            ],
            [
              -89.8629512297015,
              28.88998448171319
            ],
            [
              -89.86295617953576,
              28.89016477783143
            ],
            [
              -89.8630586122532,
              28.890162599680075
            ],
            [
              -89.86306603735436,
              28.890433043822743
            ],
            [
              -89.86316847032523,
              28.89043086556949
            ],
            [
              -89.86317094546989,
              28.890521013606172
            ],
            [
              -89.86327337851769,
              28.890518835267127
            ],
            [
              -89.86327832901749,
              28.890699131320186
            ],
            [
              -89.86338076223046,
              28.8906969528873
            ],
            [
              -89.86338323758562,
              28.890787100903655
            ],
            [
              -89.86348567087553,
              28.89078492238499
            ],
            [
              -89.86348814633027,
              28.89087507039188
            ],
            [
              -89.8635905796971,
              28.890872891787424
            ],
            [
              -89.86359553081711,
              28.891053187780884
            ],
            [
              -89.86369796434911,
              28.89105100908258
            ],
            [
              -89.86374747980828,
              28.892853968547662
            ],
            [
              -89.86364504451102,
              28.892856147407265
            ],
            [
              -89.86365494779392,
              28.89321673926531
            ],
            [
              -89.86355251213226,
              28.893218918079434
            ],
            [
              -89.86355746366519,
              28.89339921401616
            ],
            [
              -89.86345502781565,
              28.8934013927687
            ],
            [
              -89.86345750351086,
              28.89349154074303
            ],
            [
              -89.8633550675617,
              28.89349371942591
            ],
            [
              -89.86335754317997,
              28.8935838674069
            ],
            [
              -89.86325510713122,
              28.893586046020104
            ],
            [
              -89.86325758267256,
              28.893676194007764
            ],
            [
              -89.8631551465242,
              28.893678372551307
            ],
            [
              -89.86316009746433,
              28.893858668538545
            ],
            [
              -89.86295522478055,
              28.893863025424704
            ],
            [
              -89.86295770009107,
              28.89395317343235
            ],
            [
              -89.86265039071559,
              28.89395970820281
            ],
            [
              -89.86265286577262,
              28.894049856233234
            ],
            [
              -89.86234555603032,
              28.894056390328323
            ],
            [
              -89.8623604050216,
              28.894597278626616
            ],
            [
              -89.86225796788854,
              28.894599456551216
            ],
            [
              -89.86226539227232,
              28.894869900705626
            ],
            [
              -89.8621629548631,
              28.894872078576682
            ],
            [
              -89.8621753286213,
              28.89532281884633
            ],
            [
              -89.86207289075936,
              28.89532499667996
            ],
            [
              -89.86207784016541,
              28.895505292794144
            ],
            [
              -89.86197540211559,
              28.89550747056616
            ],
            [
              -89.86197787674733,
              28.8955976186292
            ],
            [
              -89.86187543859789,
              28.895599796331542
            ],
            [
              -89.86187791315268,
              28.89568994440124
            ],
            [
              -89.86177547490364,
              28.895692122033903
            ],
            [
              -89.86177794938148,
              28.89578227011029
            ],
            [
              -89.86167551103281,
              28.89578444767328
            ],
            [
              -89.86168540870435,
              28.896145039996966
            ],
            [
              -89.86158296999125,
              28.89614721751446
            ],
            [
              -89.86158544434916,
              28.896237365599934
            ],
            [
              -89.86148300553644,
              28.89623954304776
            ],
            [
              -89.86148547981742,
              28.896329691139897
            ],
            [
              -89.86128060198143,
              28.89633404581844
            ],
            [
              -89.86128307609715,
              28.8964241939253
            ],
            [
              -89.86118063707389,
              28.896426371156025
            ],
            [
              -89.86118311111265,
              28.896516519269536
            ],
            [
              -89.86097823285557,
              28.896520873513893
            ],
            [
              -89.86098070672911,
              28.896611021642116
            ],
            [
              -89.86077582825014,
              28.89661537559164
            ],
            [
              -89.86077830195843,
              28.89670552373459
            ],
            [
              -89.86067586261369,
              28.8967077006008
            ],
            [
              -89.86067833624502,
              28.896797848750396
            ],
            [
              -89.86057589680065,
              28.89680002554693
            ],
            [
              -89.86058084392073,
              28.89698032185803
            ],
            [
              -89.86037596464489,
              28.89698467525011
            ],
            [
              -89.86037843804533,
              28.897074823419665
            ]
          ]
        ]
      },
      "properties": {
        "incident_id": "SP-006",
        "type": "AI-detected-slick",
        "source": "Sentinel-1 SAR",
        "method": "U-Net segmentation + radiometric filtering"
      }
    },
    {
      "type": "Feature",
      "geometry": {
        "type": "Polygon",
        "coordinates": [
          [
            [
              -89.62544153499462,
              28.872813935831086
            ],
            [
              -89.62554397112348,
              28.87281193933939
            ],
            [
              -89.6255621172088,
              28.873533269434905
            ],
            [
              -89.62545968037396,
              28.873535265985755
            ],
            [
              -89.62546194859313,
              28.873625432248925
            ],
            [
              -89.62525707471578,
              28.87362942513226
            ],
            [
              -89.62525934276883,
              28.873719591408854
            ],
            [
              -89.62505446867341,
              28.873723583996103
            ],
            [
              -89.62505673656037,
              28.873813750286107
            ],
            [
              -89.62495429940883,
              28.873815746470548
            ],
            [
              -89.6249565672179,
              28.87390591276659
            ],
            [
              -89.62485412996773,
              28.873907908880703
            ],
            [
              -89.62488361128372,
              28.87508007070054
            ],
            [
              -89.62498604968123,
              28.875078074490308
            ],
            [
              -89.6249996575641,
              28.87561907213088
            ],
            [
              -89.62489721863706,
              28.875621068385467
            ],
            [
              -89.62490402245396,
              28.875891567209425
            ],
            [
              -89.62531377915894,
              28.875883581635996
            ],
            [
              -89.6253183157949,
              28.87606391411931
            ],
            [
              -89.6254207551217,
              28.87606191751685
            ],
            [
              -89.62542982887136,
              28.876422582437453
            ],
            [
              -89.62532738919151,
              28.876424579069486
            ],
            [
              -89.62533419434808,
              28.876695077767746
            ],
            [
              -89.62523175439306,
              28.876697074344243
            ],
            [
              -89.62523855937832,
              28.876967573052344
            ],
            [
              -89.62513611914811,
              28.87696956957329
            ],
            [
              -89.62514292396209,
              28.877240068291247
            ],
            [
              -89.6252453644571,
              28.87723807174812
            ],
            [
              -89.62524990122823,
              28.877418404205116
            ],
            [
              -89.6253523418894,
              28.877416407569466
            ],
            [
              -89.62536368444039,
              28.877867238651017
            ],
            [
              -89.62526124333789,
              28.877869235323637
            ],
            [
              -89.625263511791,
              28.87795940154324
            ],
            [
              -89.62516107058984,
              28.877961398145526
            ],
            [
              -89.62516333896507,
              28.878051564371134
            ],
            [
              -89.62506089766525,
              28.878053560903084
            ],
            [
              -89.62507223925584,
              28.878504392047603
            ],
            [
              -89.62517468099702,
              28.87850239547869
            ],
            [
              -89.62517694943459,
              28.87859256169608
            ],
            [
              -89.62507450760513,
              28.8785945582724
            ],
            [
              -89.62507677596481,
              28.878684724495827
            ],
            [
              -89.62517921788255,
              28.878682727912114
            ],
            [
              -89.62518148634088,
              28.878772894126776
            ],
            [
              -89.62507904433488,
              28.87877489071787
            ],
            [
              -89.62508131271534,
              28.878865056938558
            ],
            [
              -89.62497887061068,
              28.87886705345932
            ],
            [
              -89.62498113891326,
              28.87895721968603
            ],
            [
              -89.62487869670993,
              28.878959216136447
            ],
            [
              -89.6248809649346,
              28.879049382369175
            ],
            [
              -89.62477852263262,
              28.879051378749253
            ],
            [
              -89.62478079077943,
              28.879141544988
            ],
            [
              -89.62467834837877,
              28.87914354129773
            ],
            [
              -89.62468968882722,
              28.879594372507913
            ],
            [
              -89.62550923127262,
              28.879578399557687
            ],
            [
              -89.62550696245593,
              28.879488233377547
            ],
            [
              -89.62560940512658,
              28.87948623641634
            ],
            [
              -89.62560713623199,
              28.87939607024222
            ],
            [
              -89.62550469364963,
              28.879398067196032
            ],
            [
              -89.62550242485374,
              28.879307901013153
            ],
            [
              -89.62560486734782,
              28.879305904066737
            ],
            [
              -89.62560259847403,
              28.879215737889872
            ],
            [
              -89.62550015606821,
              28.879217734828885
            ],
            [
              -89.6254978872931,
              28.879127568643266
            ],
            [
              -89.62560032961063,
              28.879125571711647
            ],
            [
              -89.62559806075762,
              28.87903540553205
            ],
            [
              -89.62580294518496,
              28.8790314114504
            ],
            [
              -89.62580521421454,
              28.8791215776152
            ],
            [
              -89.62601009877685,
              28.879117583207808
            ],
            [
              -89.62601463722024,
              28.879297915503738
            ],
            [
              -89.62611707966236,
              28.879295918168648
            ],
            [
              -89.62612388767023,
              28.87956641658006
            ],
            [
              -89.62602144496327,
              28.879568413937335
            ],
            [
              -89.62602371423175,
              28.879658580079123
            ],
            [
              -89.62581882861011,
              28.87966257457527
            ],
            [
              -89.6258210977124,
              28.879752740730495
            ],
            [
              -89.62551376893717,
              28.87975873191387
            ],
            [
              -89.62551830664327,
              28.879939064264562
            ],
            [
              -89.62541586352086,
              28.879941061185004
            ],
            [
              -89.62541813230122,
              28.8800312273657
            ],
            [
              -89.62521324584866,
              28.880035220988148
            ],
            [
              -89.62521551446285,
              28.88012538718225
            ],
            [
              -89.6251130711327,
              28.880127383884265
            ],
            [
              -89.62511533966901,
              28.88021755008439
            ],
            [
              -89.62501289624018,
              28.880219546716063
            ],
            [
              -89.62501516469861,
              28.880309712922227
            ],
            [
              -89.62491272117111,
              28.880311709483546
            ],
            [
              -89.62492406317763,
              28.880762540530746
            ],
            [
              -89.62502650714654,
              28.880760543932457
            ],
            [
              -89.62503104419845,
              28.880940876326953
            ],
            [
              -89.62513348833353,
              28.88093887963614
            ],
            [
              -89.62513575696336,
              28.881029045823944
            ],
            [
              -89.62534064537891,
              28.881025052194282
            ],
            [
              -89.62534972070839,
              28.881385716872632
            ],
            [
              -89.62524727615268,
              28.881387713755906
            ],
            [
              -89.62525181370319,
              28.881568046101652
            ],
            [
              -89.6251493689605,
              28.881570042921975
            ],
            [
              -89.62515390637601,
              28.881750375277022
            ],
            [
              -89.62505146144636,
              28.881752372034388
            ],
            [
              -89.62505373008142,
              28.881842538217263
            ],
            [
              -89.62495128505309,
              28.881844534904275
            ],
            [
              -89.62496716517137,
              28.882475698197723
            ],
            [
              -89.62506961081773,
              28.88247370145895
            ],
            [
              -89.6250786857528,
              28.882834366138336
            ],
            [
              -89.62497623975327,
              28.882836362906687
            ],
            [
              -89.6249830457988,
              28.883106861424032
            ],
            [
              -89.62488059952402,
              28.88310885813682
            ],
            [
              -89.62488967404367,
              28.883469522836993
            ],
            [
              -89.62478722740532,
              28.8834715195016
            ],
            [
              -89.62480310759669,
              28.88410268272594
            ],
            [
              -89.62490555485311,
              28.884100686009564
            ],
            [
              -89.62491009232076,
              28.88428101833225
            ],
            [
              -89.6250125397434,
              28.884279021523344
            ],
            [
              -89.62501934628769,
              28.884549519974925
            ],
            [
              -89.62512179396484,
              28.88454752306608
            ],
            [
              -89.62512860086755,
              28.88481802148313
            ],
            [
              -89.6252310487992,
              28.884816024474357
            ],
            [
              -89.6252423942864,
              28.88526685510507
            ],
            [
              -89.62534484264918,
              28.88526485798156
            ],
            [
              -89.62536753528609,
              28.886166519066283
            ],
            [
              -89.62526508604027,
              28.886168516263734
            ],
            [
              -89.62526962451575,
              28.886348848479024
            ],
            [
              -89.62516717508292,
              28.88635084561351
            ],
            [
              -89.62518079022895,
              28.886891842270863
            ],
            [
              -89.62538569014393,
              28.886887847835382
            ],
            [
              -89.62539249838711,
              28.88715834610119
            ],
            [
              -89.62529004816989,
              28.887160343379986
            ],
            [
              -89.62529458687402,
              28.887340675565138
            ],
            [
              -89.62519213646978,
              28.88734267278097
            ],
            [
              -89.62519440574913,
              28.887432838878887
            ],
            [
              -89.62509195524618,
              28.887434836024347
            ],
            [
              -89.62509422444761,
              28.887525002128292
            ],
            [
              -89.62519667503886,
              28.887523004975424
            ],
            [
              -89.62520348297043,
              28.88779350325683
            ],
            [
              -89.62530593381625,
              28.887791506004028
            ],
            [
              -89.62531047266589,
              28.887971838169975
            ],
            [
              -89.62541292367793,
              28.88796984082461
            ],
            [
              -89.62542200185518,
              28.888330505110503
            ],
            [
              -89.6255244532101,
              28.888328507657793
            ],
            [
              -89.62552899253774,
              28.888508839777725
            ],
            [
              -89.62542654100619,
              28.88851083724522
            ],
            [
              -89.62543334981065,
              28.888781335437034
            ],
            [
              -89.62522844618647,
              28.888785330183108
            ],
            [
              -89.6252307156321,
              28.888875496259093
            ],
            [
              -89.62502581178971,
              28.888879490708888
            ],
            [
              -89.62502808106909,
              28.8889696567983
            ],
            [
              -89.6248231770085,
              28.88897365095182
            ],
            [
              -89.62482544612163,
              28.889063817054637
            ],
            [
              -89.62472299398742,
              28.889065814022146
            ],
            [
              -89.62472526302263,
              28.88915598013099
            ],
            [
              -89.62462281078972,
              28.889157977028113
            ],
            [
              -89.62462734871468,
              28.889338309256484
            ],
            [
              -89.62452489629472,
              28.88934030609064
            ],
            [
              -89.62452716518446,
              28.889430472210154
            ],
            [
              -89.62442471266579,
              28.889432468973922
            ],
            [
              -89.62385330321798,
              28.866710561663048
            ],
            [
              -89.62395573349235,
              28.866708566761908
            ],
            [
              -89.62395799977514,
              28.866798733225288
            ],
            [
              -89.62406043012734,
              28.866796738239064
            ],
            [
              -89.62406496290055,
              28.866977071146906
            ],
            [
              -89.62416739341882,
              28.866975076068204
            ],
            [
              -89.6241696599092,
              28.867065242512684
            ],
            [
              -89.6242720905053,
              28.867063247348906
            ],
            [
              -89.62427662369369,
              28.867243580218965
            ],
            [
              -89.62417419292115,
              28.867245575397526
            ],
            [
              -89.6241855256327,
              28.867696407585676
            ],
            [
              -89.62428795684636,
              28.867694412370156
            ],
            [
              -89.62429475686254,
              28.86796491164444
            ],
            [
              -89.62439718833049,
              28.86796291632904
            ],
            [
              -89.62439945511156,
              28.86805308274367
            ],
            [
              -89.62450188665734,
              28.868051087343186
            ],
            [
              -89.62450415353702,
              28.868141253749055
            ],
            [
              -89.62460658516065,
              28.868139258263483
            ],
            [
              -89.62460885213893,
              28.86822942466058
            ],
            [
              -89.62471128384041,
              28.868227429089913
            ],
            [
              -89.62472035221028,
              28.868588094635076
            ],
            [
              -89.62482278425428,
              28.868586098957138
            ],
            [
              -89.62482731867797,
              28.86876643170672
            ],
            [
              -89.62492975088806,
              28.868764435936292
            ],
            [
              -89.62493655286619,
              28.869034935028207
            ],
            [
              -89.62473168790628,
              28.86903892653573
            ],
            [
              -89.62473622225737,
              28.869219259286396
            ],
            [
              -89.62463378958537,
              28.869221254938374
            ],
            [
              -89.62464965952373,
              28.869852419574325
            ],
            [
              -89.62475209281334,
              28.869850423870584
            ],
            [
              -89.62475662735137,
              28.870030756596602
            ],
            [
              -89.62485906080708,
              28.870028760800384
            ],
            [
              -89.62486132817992,
              28.870118927153943
            ],
            [
              -89.62527106225183,
              28.8701109431624
            ],
            [
              -89.62527332998798,
              28.87020110948502
            ],
            [
              -89.62537576356821,
              28.870199113285476
            ],
            [
              -89.62538483496968,
              28.87055977853267
            ],
            [
              -89.62548726889248,
              28.87055778222584
            ],
            [
              -89.62548953685706,
              28.870647948526823
            ],
            [
              -89.62559197085771,
              28.87064595213488
            ],
            [
              -89.62559650699448,
              28.870826284717943
            ],
            [
              -89.62569894116123,
              28.87082428823351
            ],
            [
              -89.62570347751604,
              28.871004620796317
            ],
            [
              -89.62580591184887,
              28.871002624219386
            ],
            [
              -89.62581498503614,
              28.87136328929894
            ],
            [
              -89.62571255035036,
              28.871365285905455
            ],
            [
              -89.62571708682985,
              28.871545618451812
            ],
            [
              -89.6256146519572,
              28.8715476149954
            ],
            [
              -89.62561918830178,
              28.87172794755106
            ],
            [
              -89.62551675324224,
              28.871729944031735
            ],
            [
              -89.6255258257031,
              28.8720906091562
            ],
            [
              -89.6254233902802,
              28.872092605588737
            ],
            [
              -89.62544153499462,
              28.872813935831086
            ]
          ],
          [
            [
              -89.62544153499462,
              28.872813935831086
            ],
            [
              -89.62533909885538,
              28.87281593224507
            ],
            [
              -89.62534136690319,
              28.87290609852658
            ],
            [
              -89.6252389306653,
              28.87290809487024
            ],
            [
              -89.62524119863527,
              28.87299826115779
            ],
            [
              -89.62544607127712,
              28.87299426837797
            ],
            [
              -89.62544153499462,
              28.872813935831086
            ]
          ]
        ]
      },
      "properties": {
        "incident_id": "SP-006",
        "type": "AI-detected-slick",
        "source": "Sentinel-1 SAR",
        "method": "U-Net segmentation + radiometric filtering"
      }
    },
    {
      "type": "Feature",
      "geometry": {
        "type": "Polygon",
        "coordinates": [
          [
            [
              -89.6240468320569,
              28.866255739482657
            ],
            [
              -89.62384197240075,
              28.86625972928872
            ],
            [
              -89.62358370017175,
              28.85598074186588
            ],
            [
              -89.62665628902637,
              28.855920887428002
            ],
            [
              -89.62666535950738,
              28.856281553067493
            ],
            [
              -89.62656293967677,
              28.8562835493711
            ],
            [
              -89.62657427757092,
              28.856734381426627
            ],
            [
              -89.62647185728908,
              28.856736377689558
            ],
            [
              -89.62647865988569,
              28.85700687692863
            ],
            [
              -89.62637623932892,
              28.857008873136074
            ],
            [
              -89.62638077426892,
              28.857189205970073
            ],
            [
              -89.62627835352541,
              28.857191202114656
            ],
            [
              -89.62628062092281,
              28.857281368536995
            ],
            [
              -89.62617820008073,
              28.85728336461131
            ],
            [
              -89.62618273473036,
              28.857463697466667
            ],
            [
              -89.62608031370154,
              28.857465693478105
            ],
            [
              -89.62608484821635,
              28.85764602634278
            ],
            [
              -89.62588000577483,
              28.85765001816223
            ],
            [
              -89.62588227287145,
              28.8577401846073
            ],
            [
              -89.62567743021204,
              28.85774417613088
            ],
            [
              -89.62567969714269,
              28.857834342589367
            ],
            [
              -89.62527001134652,
              28.85784232473409
            ],
            [
              -89.62527227793484,
              28.85793249122079
            ],
            [
              -89.62496501321412,
              28.857938477035997
            ],
            [
              -89.62496727954829,
              28.858028643543506
            ],
            [
              -89.62476243617287,
              28.85803263371341
            ],
            [
              -89.62476696851962,
              28.85821296675388
            ],
            [
              -89.62456212474996,
              28.858216956642682
            ],
            [
              -89.62456892281884,
              28.85848745623748
            ],
            [
              -89.62467134497341,
              28.858485461309737
            ],
            [
              -89.62468720811476,
              28.859116626931232
            ],
            [
              -89.6245847853429,
              28.859118621910717
            ],
            [
              -89.6245870514593,
              28.85920878842998
            ],
            [
              -89.62448462858886,
              28.859210783339186
            ],
            [
              -89.62449142673579,
              28.859481282910963
            ],
            [
              -89.62459384987076,
              28.85947928797959
            ],
            [
              -89.6246233107335,
              28.8606514525521
            ],
            [
              -89.62452088645202,
              28.860653447579548
            ],
            [
              -89.62454581527463,
              28.86164527904147
            ],
            [
              -89.62444339001263,
              28.861647274072553
            ],
            [
              -89.62444565624331,
              28.86173744056827
            ],
            [
              -89.62434323088274,
              28.861739435529064
            ],
            [
              -89.62434549703562,
              28.861829602030788
            ],
            [
              -89.62424307157647,
              28.8618315969213
            ],
            [
              -89.62424533765154,
              28.861921763429056
            ],
            [
              -89.6241429120938,
              28.861923758249276
            ],
            [
              -89.62415650823297,
              28.862464757311383
            ],
            [
              -89.6242589343199,
              28.862462762446825
            ],
            [
              -89.62426120046763,
              28.86255292894499
            ],
            [
              -89.62436362663239,
              28.862550933995358
            ],
            [
              -89.6243658928787,
              28.86264110048478
            ],
            [
              -89.62446831912126,
              28.86263910545007
            ],
            [
              -89.62448418375357,
              28.863270270785844
            ],
            [
              -89.62438175689357,
              28.863272265872283
            ],
            [
              -89.62438402322294,
              28.863362432350748
            ],
            [
              -89.62428159626435,
              28.86336442736689
            ],
            [
              -89.62428612877783,
              28.863544760334477
            ],
            [
              -89.62418370163245,
              28.863546755287718
            ],
            [
              -89.6241905002159,
              28.863817254750987
            ],
            [
              -89.62408807279552,
              28.86381924964872
            ],
            [
              -89.62409033892256,
              28.863909416141126
            ],
            [
              -89.62419276643115,
              28.863907421236004
            ],
            [
              -89.62419956513916,
              28.864177920682856
            ],
            [
              -89.62430199290199,
              28.86417592567787
            ],
            [
              -89.62431785753488,
              28.864807090954162
            ],
            [
              -89.62421542915457,
              28.86480908601087
            ],
            [
              -89.62421769548402,
              28.86489925248083
            ],
            [
              -89.62411526700514,
              28.864901247467238
            ],
            [
              -89.62412433207388,
              28.86526191336293
            ],
            [
              -89.62402190323175,
              28.865263908301205
            ],
            [
              -89.62403776688423,
              28.865895073617672
            ],
            [
              -89.62414019634386,
              28.86589307862766
            ],
            [
              -89.62414246270967,
              28.865983245088568
            ],
            [
              -89.62404003316182,
              28.865985240085976
            ],
            [
              -89.6240468320569,
              28.866255739482657
            ]
          ]
        ]
      },
      "properties": {
        "incident_id": "SP-006",
        "type": "AI-detected-slick",
        "source": "Sentinel-1 SAR",
        "method": "U-Net segmentation + radiometric filtering"
      }
    },
    {
      "type": "Feature",
      "geometry": {
        "type": "Polygon",
        "coordinates": [
          [
            [
              -89.66479241830163,
              28.856615503829822
            ],
            [
              -89.66366583076514,
              28.85663777766206
            ],
            [
              -89.6636635311751,
              28.856547613959755
            ],
            [
              -89.66212727471179,
              28.856577972112042
            ],
            [
              -89.66212497645473,
              28.85648780829587
            ],
            [
              -89.66192014225695,
              28.856491854714374
            ],
            [
              -89.66191784418673,
              28.856401690881842
            ],
            [
              -89.6618154271602,
              28.85640371396712
            ],
            [
              -89.6618131291887,
              28.85631355012571
            ],
            [
              -89.66171071223981,
              28.856315573125833
            ],
            [
              -89.66170841436698,
              28.85622540927554
            ],
            [
              -89.66160599749573,
              28.856227432190515
            ],
            [
              -89.6616036997216,
              28.856137268331373
            ],
            [
              -89.66150128292797,
              28.856139291161192
            ],
            [
              -89.66149898525252,
              28.856049127293183
            ],
            [
              -89.66139656853655,
              28.85605115003786
            ],
            [
              -89.66139427095979,
              28.855960986160976
            ],
            [
              -89.66108702101317,
              28.855967053906586
            ],
            [
              -89.66108472371143,
              28.855876890005852
            ],
            [
              -89.66057264069738,
              28.855887001324664
            ],
            [
              -89.66057493755832,
              28.855977165262868
            ],
            [
              -89.66047252083578,
              28.85597918730115
            ],
            [
              -89.660470224063,
              28.855889023355466
            ],
            [
              -89.6603678074181,
              28.85589104530861
            ],
            [
              -89.66037010410271,
              28.8559812092618
            ],
            [
              -89.66026768735915,
              28.85598323114478
            ],
            [
              -89.66026998396612,
              28.856073395104094
            ],
            [
              -89.66006515027107,
              28.856077438652086
            ],
            [
              -89.66006744671225,
              28.85616760262499
            ],
            [
              -89.65965777884325,
              28.85617568881908
            ],
            [
              -89.65965548275472,
              28.856085524816205
            ],
            [
              -89.65945064893344,
              28.85608956743234
            ],
            [
              -89.65944835303176,
              28.855999403413115
            ],
            [
              -89.65893626873529,
              28.85600950855706
            ],
            [
              -89.65893856419616,
              28.856099672613723
            ],
            [
              -89.65811922806971,
              28.856115836865886
            ],
            [
              -89.65811693331415,
              28.856025672749322
            ],
            [
              -89.6580145163392,
              28.856027692923906
            ],
            [
              -89.6580122216823,
              28.855937528798496
            ],
            [
              -89.65790980478499,
              28.855939548887942
            ],
            [
              -89.65790751022678,
              28.855849384753675
            ],
            [
              -89.65749784288509,
              28.85585746430498
            ],
            [
              -89.65750013709065,
              28.855947628469192
            ],
            [
              -89.65729530318043,
              28.855951667793885
            ],
            [
              -89.6572975972202,
              28.856041831971694
            ],
            [
              -89.65699034601153,
              28.856047890398766
            ],
            [
              -89.6569926397973,
              28.856138054597643
            ],
            [
              -89.65668538822959,
              28.85614411234828
            ],
            [
              -89.65668768176137,
              28.856234276568223
            ],
            [
              -89.65627801250467,
              28.856242352511803
            ],
            [
              -89.65627571932554,
              28.856152188261934
            ],
            [
              -89.65607088481048,
              28.856156225752834
            ],
            [
              -89.65606629883636,
              28.85597589721905
            ],
            [
              -89.65596388173941,
              28.855977915833055
            ],
            [
              -89.65596158885627,
              28.855887751556626
            ],
            [
              -89.65575675480716,
              28.85589178853671
            ],
            [
              -89.65575446211085,
              28.85580162424395
            ],
            [
              -89.65565204515872,
              28.85580364261003
            ],
            [
              -89.65565433776685,
              28.855893806910277
            ],
            [
              -89.65555192071604,
              28.85589582520618
            ],
            [
              -89.65554962819607,
              28.855805660898465
            ],
            [
              -89.6554472112229,
              28.85580767910924
            ],
            [
              -89.65544950365472,
              28.855897843424444
            ],
            [
              -89.6548350010663,
              28.855909951103204
            ],
            [
              -89.65483729297965,
              28.856000115461885
            ],
            [
              -89.65463245852317,
              28.856004150748515
            ],
            [
              -89.65463704202868,
              28.85618447949167
            ],
            [
              -89.65453462460839,
              28.856186497033455
            ],
            [
              -89.65453233293853,
              28.856096332655085
            ],
            [
              -89.65412266350496,
              28.856104402015756
            ],
            [
              -89.65412037219826,
              28.856014237606132
            ],
            [
              -89.65381312027736,
              28.856020288788823
            ],
            [
              -89.65381082924566,
              28.855930124355393
            ],
            [
              -89.65360599475557,
              28.855934158073964
            ],
            [
              -89.65360370391069,
              28.85584399362422
            ],
            [
              -89.65350128673806,
              28.85584601035955
            ],
            [
              -89.65349899599184,
              28.855755845900966
            ],
            [
              -89.65339657889687,
              28.855757862551165
            ],
            [
              -89.65339428824932,
              28.855667698083728
            ],
            [
              -89.65329187123203,
              28.85566971464881
            ],
            [
              -89.6532872901447,
              28.855489385694867
            ],
            [
              -89.65318487329324,
              28.85549140216735
            ],
            [
              -89.65318258285349,
              28.855401237680855
            ],
            [
              -89.67909368838122,
              28.854888596662594
            ],
            [
              -89.67909600112458,
              28.854978759249644
            ],
            [
              -89.67899358693025,
              28.854980795290043
            ],
            [
              -89.67899589959605,
              28.85507095788326
            ],
            [
              -89.67879107099928,
              28.8550750297462
            ],
            [
              -89.6787933834994,
              28.855165192353148
            ],
            [
              -89.67869096909696,
              28.85516722817568
            ],
            [
              -89.67869328151951,
              28.855257390788786
            ],
            [
              -89.67848845250657,
              28.855261462216006
            ],
            [
              -89.6784907647634,
              28.855351624842818
            ],
            [
              -89.67828593553178,
              28.85535569597453
            ],
            [
              -89.67828824762289,
              28.855445858615056
            ],
            [
              -89.67818583290303,
              28.85544789407199
            ],
            [
              -89.6781881449166,
              28.855538056718682
            ],
            [
              -89.67777848557864,
              28.85554619780007
            ],
            [
              -89.67778079725016,
              28.85563636047554
            ],
            [
              -89.67757596734134,
              28.855640430565426
            ],
            [
              -89.67757827884715,
              28.855730593254606
            ],
            [
              -89.67727103364003,
              28.855736697829677
            ],
            [
              -89.67727334489196,
              28.8558268605401
            ],
            [
              -89.67706851452462,
              28.855830929883638
            ],
            [
              -89.67707082561083,
              28.85592109260777
            ],
            [
              -89.67676357971594,
              28.855927196063323
            ],
            [
              -89.67676589054827,
              28.856017358808696
            ],
            [
              -89.67656105972243,
              28.856021427405885
            ],
            [
              -89.67655874906643,
              28.85593126464544
            ],
            [
              -89.67625150301274,
              28.85593736693623
            ],
            [
              -89.67624919263179,
              28.855847204151825
            ],
            [
              -89.67583953143135,
              28.85585533942231
            ],
            [
              -89.67583722141362,
              28.855765176606376
            ],
            [
              -89.67552997566663,
              28.8557712772213
            ],
            [
              -89.6755322854199,
              28.855861440059847
            ],
            [
              -89.67542987006158,
              28.855863473450395
            ],
            [
              -89.67543217973729,
              28.85595363629509
            ],
            [
              -89.67492010234622,
              28.855963802120723
            ],
            [
              -89.67491779311132,
              28.85587363923836
            ],
            [
              -89.67430330042188,
              28.855885835621457
            ],
            [
              -89.6743009917265,
              28.855795672692526
            ],
            [
              -89.67389133007464,
              28.855803802031453
            ],
            [
              -89.67388902174245,
              28.855713639071027
            ],
            [
              -89.6736841910294,
              28.855717703259522
            ],
            [
              -89.67368188288408,
              28.85562754028268
            ],
            [
              -89.6732722216837,
              28.855635667697754
            ],
            [
              -89.67327683727962,
              28.855815993710333
            ],
            [
              -89.67286717520481,
              28.85582411994324
            ],
            [
              -89.672869482666,
              28.855914282977558
            ],
            [
              -89.67245982006943,
              28.855922407998165
            ],
            [
              -89.67246212718855,
              28.85601257106122
            ],
            [
              -89.67195004826425,
              28.856022725627433
            ],
            [
              -89.67194774158592,
              28.85593256252675
            ],
            [
              -89.67174291011854,
              28.85593662379463
            ],
            [
              -89.6717406036271,
              28.855846460677522
            ],
            [
              -89.67163818796571,
              28.855848491187466
            ],
            [
              -89.671640494369,
              28.85593865431209
            ],
            [
              -89.67153807860889,
              28.855940684751896
            ],
            [
              -89.67153577229377,
              28.855850521619754
            ],
            [
              -89.67143335661125,
              28.855852551974383
            ],
            [
              -89.67143566283822,
              28.855942715114054
            ],
            [
              -89.67041150455049,
              28.8559630144648
            ],
            [
              -89.67041380990645,
              28.856053177678312
            ],
            [
              -89.66969689785951,
              28.856067382656178
            ],
            [
              -89.66969459312067,
              28.85597721939003
            ],
            [
              -89.66948976118853,
              28.855981277241238
            ],
            [
              -89.66948745663657,
              28.855891113958688
            ],
            [
              -89.66907779299828,
              28.855899228699194
            ],
            [
              -89.66907548880951,
              28.85580906538519
            ],
            [
              -89.66887065710334,
              28.855813122274512
            ],
            [
              -89.6688729611158,
              28.85590328560354
            ],
            [
              -89.66877054515872,
              28.855905313939235
            ],
            [
              -89.66877284909356,
              28.8559954772744
            ],
            [
              -89.6688752651388,
              28.855993448931184
            ],
            [
              -89.66887756917235,
              28.856083612257464
            ],
            [
              -89.66857032074051,
              28.856089697076673
            ],
            [
              -89.66857262452014,
              28.856179860424128
            ],
            [
              -89.66826537572882,
              28.85618594456701
            ],
            [
              -89.66826767925454,
              28.856276107935628
            ],
            [
              -89.66775559728383,
              28.856286246658264
            ],
            [
              -89.66775790037929,
              28.856376410063078
            ],
            [
              -89.66632406822391,
              28.85640478826369
            ],
            [
              -89.66632637009566,
              28.856494951772262
            ],
            [
              -89.66571186943877,
              28.856507109244056
            ],
            [
              -89.66570956809599,
              28.85641694569043
            ],
            [
              -89.66550473463568,
              28.856420997544767
            ],
            [
              -89.66550703580211,
              28.85651116111341
            ],
            [
              -89.66479011774179,
              28.856525340210027
            ],
            [
              -89.66479241830163,
              28.856615503829822
            ]
          ]
        ]
      },
      "properties": {
        "incident_id": "SP-006",
        "type": "AI-detected-slick",
        "source": "Sentinel-1 SAR",
        "method": "U-Net segmentation + radiometric filtering"
      }
    },
    {
      "type": "Feature",
      "geometry": {
        "type": "Polygon",
        "coordinates": [
          [
            [
              -89.62885475642703,
              28.8577724388332
            ],
            [
              -89.6287523353157,
              28.857774436893575
            ],
            [
              -89.62875006573967,
              28.857684270657035
            ],
            [
              -89.62864764470612,
              28.857686268632342
            ],
            [
              -89.62864537522867,
              28.857596102387028
            ],
            [
              -89.6285429542729,
              28.857598100277265
            ],
            [
              -89.62854068489402,
              28.857507934023175
            ],
            [
              -89.62843826401603,
              28.857509931828343
            ],
            [
              -89.62843599473572,
              28.85741976556548
            ],
            [
              -89.6281287323039,
              28.857425758492766
            ],
            [
              -89.62812646329853,
              28.85733559220634
            ],
            [
              -89.6279216218017,
              28.857339587088052
            ],
            [
              -89.62791935298307,
              28.85724942078546
            ],
            [
              -89.62771451162102,
              28.857253415341717
            ],
            [
              -89.62771224298915,
              28.857163249022957
            ],
            [
              -89.6276098223807,
              28.857165246177182
            ],
            [
              -89.6276075538474,
              28.857075079849647
            ],
            [
              -89.62750513331673,
              28.85707707691882
            ],
            [
              -89.62750286488199,
              28.856986910582513
            ],
            [
              -89.62740044442911,
              28.85698890756662
            ],
            [
              -89.62739590776717,
              28.856808574875092
            ],
            [
              -89.62729348748024,
              28.85681057176673
            ],
            [
              -89.6272889510362,
              28.856630239054937
            ],
            [
              -89.62718653091525,
              28.85663223585411
            ],
            [
              -89.62718199468912,
              28.856451903122043
            ],
            [
              -89.62707957473411,
              28.856453899828765
            ],
            [
              -89.62707050275924,
              28.856093234318596
            ],
            [
              -89.62696808314654,
              28.85609523091806
            ],
            [
              -89.62696354739778,
              28.85591489813996
            ],
            [
              -89.65287533250064,
              28.855407286609953
            ],
            [
              -89.65287762267592,
              28.855497451118865
            ],
            [
              -89.65277520578249,
              28.855499467280726
            ],
            [
              -89.6527774958801,
              28.855589631795738
            ],
            [
              -89.65257266188546,
              28.85559366390144
            ],
            [
              -89.65257495181721,
              28.85568382843002
            ],
            [
              -89.65226770048207,
              28.855689876028567
            ],
            [
              -89.65226999015985,
              28.855780040578175
            ],
            [
              -89.65216757293899,
              28.855782056296515
            ],
            [
              -89.6521698625391,
              28.855872220852227
            ],
            [
              -89.6518626105491,
              28.855878267563728
            ],
            [
              -89.6518648998952,
              28.85596843214046
            ],
            [
              -89.65176248245606,
              28.855970447563124
            ],
            [
              -89.65176477172449,
              28.856060612145956
            ],
            [
              -89.65145751907964,
              28.856066657970388
            ],
            [
              -89.65145980809406,
              28.856156822574246
            ],
            [
              -89.65125497276875,
              28.856160852750524
            ],
            [
              -89.65125726161732,
              28.856251017367942
            ],
            [
              -89.6509500082862,
              28.856257062072316
            ],
            [
              -89.65095229688076,
              28.85634722671077
            ],
            [
              -89.65023537145738,
              28.856361328355234
            ],
            [
              -89.65023765944525,
              28.85645149304456
            ],
            [
              -89.64993040527065,
              28.856457535463992
            ],
            [
              -89.64993269300452,
              28.856547700174346
            ],
            [
              -89.64972785665937,
              28.8565517280806
            ],
            [
              -89.64973014422738,
              28.856641892804483
            ],
            [
              -89.64932047105866,
              28.856649947714946
            ],
            [
              -89.64931589663847,
              28.856469618206106
            ],
            [
              -89.64911106034391,
              28.85647364516555
            ],
            [
              -89.64910877332588,
              28.856383480394157
            ],
            [
              -89.64900635525103,
              28.856385493749936
            ],
            [
              -89.64900406833164,
              28.8562953289697
            ],
            [
              -89.64879923232688,
              28.85629935543336
            ],
            [
              -89.6488038058235,
              28.856479685022276
            ],
            [
              -89.64870138762907,
              28.856481698152532
            ],
            [
              -89.64870596099125,
              28.856662027750893
            ],
            [
              -89.64839870581612,
              28.85666806672047
            ],
            [
              -89.64839641939429,
              28.856577901899612
            ],
            [
              -89.64737223567808,
              28.856598026675783
            ],
            [
              -89.64736995014842,
              28.856507861778972
            ],
            [
              -89.64767720510872,
              28.856501825183894
            ],
            [
              -89.64767491932503,
              28.856411660308094
            ],
            [
              -89.64777733753601,
              28.85640964796188
            ],
            [
              -89.64777505167461,
              28.856319483092157
            ],
            [
              -89.64767263355179,
              28.856321495430926
            ],
            [
              -89.64766806203674,
              28.85614116567244
            ],
            [
              -89.64633662777952,
              28.856167318815647
            ],
            [
              -89.64634119700224,
              28.85634764876793
            ],
            [
              -89.64623877873284,
              28.85634966001947
            ],
            [
              -89.64624334782108,
              28.85652998998117
            ],
            [
              -89.64614092936489,
              28.85653200116995
            ],
            [
              -89.64614549831866,
              28.85671233114108
            ],
            [
              -89.64573582368386,
              28.85672037517926
            ],
            [
              -89.64573353955443,
              28.856630210164592
            ],
            [
              -89.64563112095774,
              28.856632220972536
            ],
            [
              -89.64562883692692,
              28.856542055949024
            ],
            [
              -89.6454239998785,
              28.856546077317045
            ],
            [
              -89.64542171603448,
              28.856455912277273
            ],
            [
              -89.64531929758274,
              28.856457922837347
            ],
            [
              -89.64531701383736,
              28.856367757788753
            ],
            [
              -89.64511217707883,
              28.856371778661025
            ],
            [
              -89.64510989352024,
              28.85628161359616
            ],
            [
              -89.64490505689619,
              28.85628563414289
            ],
            [
              -89.64490277352441,
              28.856195469061763
            ],
            [
              -89.6445955187744,
              28.856201499277084
            ],
            [
              -89.64459323567756,
              28.856111334172233
            ],
            [
              -89.64428598109791,
              28.856117363666282
            ],
            [
              -89.64428369827604,
              28.856027198537717
            ],
            [
              -89.64418128015008,
              28.856029208206312
            ],
            [
              -89.64418356288378,
              28.856119373342313
            ],
            [
              -89.64408114465918,
              28.85612138294069
            ],
            [
              -89.64407886201366,
              28.856031217797238
            ],
            [
              -89.64397644386676,
              28.85603322731051
            ],
            [
              -89.64397872642414,
              28.85612339246141
            ],
            [
              -89.64387630817863,
              28.856125401904464
            ],
            [
              -89.64387859065828,
              28.856215567061437
            ],
            [
              -89.64367375395956,
              28.856219585729466
            ],
            [
              -89.64367603627333,
              28.85630975089995
            ],
            [
              -89.64357361782011,
              28.856311760124928
            ],
            [
              -89.64357590005619,
              28.856401925301487
            ],
            [
              -89.6431662257861,
              28.85640996145456
            ],
            [
              -89.64316394390272,
              28.856319796248226
            ],
            [
              -89.64326636239775,
              28.85631778733389
            ],
            [
              -89.64326408043665,
              28.85622762213363
            ],
            [
              -89.64275198829782,
              28.856237665891513
            ],
            [
              -89.64275655134878,
              28.856417996365092
            ],
            [
              -89.6426541327133,
              28.856420004898574
            ],
            [
              -89.64265641416631,
              28.85651017014074
            ],
            [
              -89.64245157668769,
              28.856514186989624
            ],
            [
              -89.64245385797479,
              28.856604352245306
            ],
            [
              -89.64163450693694,
              28.856620416593913
            ],
            [
              -89.64163678752914,
              28.856710581907763
            ],
            [
              -89.6410222732829,
              28.85672262695213
            ],
            [
              -89.64101999321971,
              28.856632461593648
            ],
            [
              -89.6407127362201,
              28.856638483045096
            ],
            [
              -89.64071045643186,
              28.856548317662956
            ],
            [
              -89.63968626663599,
              28.85656838404549
            ],
            [
              -89.63968854554251,
              28.85665854950198
            ],
            [
              -89.63897161144698,
              28.856672591400983
            ],
            [
              -89.63897388974675,
              28.856762756908143
            ],
            [
              -89.63866663185615,
              28.856768773722237
            ],
            [
              -89.6386643538209,
              28.856678608192777
            ],
            [
              -89.63804983828697,
              28.856690639679528
            ],
            [
              -89.6380521157932,
              28.85678080525356
            ],
            [
              -89.63794969641285,
              28.856782810236965
            ],
            [
              -89.63795197384133,
              28.856872975817048
            ],
            [
              -89.637747134873,
              28.856876985565723
            ],
            [
              -89.63775168940857,
              28.857057316751487
            ],
            [
              -89.6376492697324,
              28.857059321524194
            ],
            [
              -89.63765154692767,
              28.85714948712245
            ],
            [
              -89.63754912715291,
              28.857151491824915
            ],
            [
              -89.63755140427041,
              28.857241657429228
            ],
            [
              -89.63632236510153,
              28.857265707890246
            ],
            [
              -89.6363200890421,
              28.857175542196828
            ],
            [
              -89.63601282927975,
              28.857181553042377
            ],
            [
              -89.63601055349527,
              28.857091387325326
            ],
            [
              -89.63570329390362,
              28.857097397449646
            ],
            [
              -89.63570784495397,
              28.857277728926928
            ],
            [
              -89.63560542489289,
              28.85727973216122
            ],
            [
              -89.63560770034553,
              28.857369897905226
            ],
            [
              -89.63519801964426,
              28.857377910095444
            ],
            [
              -89.63520029475463,
              28.857468075867768
            ],
            [
              -89.63499545416511,
              28.85747208151173
            ],
            [
              -89.6349931792311,
              28.857381915724567
            ],
            [
              -89.63478833877623,
              28.857385921043022
            ],
            [
              -89.634786064029,
              28.85729575523965
            ],
            [
              -89.63447880353307,
              28.857301762612607
            ],
            [
              -89.63447652906078,
              28.8572115967856
            ],
            [
              -89.6343741089628,
              28.857213599080506
            ],
            [
              -89.6343718345891,
              28.857123433244706
            ],
            [
              -89.63416699453826,
              28.857127437586687
            ],
            [
              -89.63416472035132,
              28.857037271734683
            ],
            [
              -89.63395988043514,
              28.857041275751175
            ],
            [
              -89.63395760643498,
              28.856951109882978
            ],
            [
              -89.63375276665349,
              28.856955113573974
            ],
            [
              -89.63375504047728,
              28.857045279457015
            ],
            [
              -89.63365262048275,
              28.857047281193438
            ],
            [
              -89.63365489422881,
              28.857137447082533
            ],
            [
              -89.6334500540321,
              28.857141450337217
            ],
            [
              -89.63345232761223,
              28.857231616239762
            ],
            [
              -89.63304264674115,
              28.857239621846844
            ],
            [
              -89.63304491997897,
              28.857329787777694
            ],
            [
              -89.6327376589518,
              28.857335791189772
            ],
            [
              -89.63273993193552,
              28.857425957141484
            ],
            [
              -89.63243267055007,
              28.857431959876823
            ],
            [
              -89.63243494327969,
              28.85752212584941
            ],
            [
              -89.63110347504713,
              28.857548129721724
            ],
            [
              -89.63110120346383,
              28.85745796365279
            ],
            [
              -89.63089636221751,
              28.85746196306873
            ],
            [
              -89.63089863362447,
              28.857552129152484
            ],
            [
              -89.63007926751759,
              28.857568123768882
            ],
            [
              -89.63007699681604,
              28.857477957625864
            ],
            [
              -89.62997457609404,
              28.85747995659601
            ],
            [
              -89.62997230549108,
              28.857389790444227
            ],
            [
              -89.62935778146971,
              28.857401782589704
            ],
            [
              -89.62936005154363,
              28.85749194878592
            ],
            [
              -89.62925763074881,
              28.85749394721241
            ],
            [
              -89.62925990074494,
              28.857584113414674
            ],
            [
              -89.62915747985156,
              28.857586111770903
            ],
            [
              -89.6291597497699,
              28.857676277979184
            ],
            [
              -89.62885248676282,
              28.857682272604077
            ],
            [
              -89.62885475642703,
              28.8577724388332
            ]
          ]
        ]
      },
      "properties": {
        "incident_id": "SP-006",
        "type": "AI-detected-slick",
        "source": "Sentinel-1 SAR",
        "method": "U-Net segmentation + radiometric filtering"
      }
    }
  ]
}