{
  "type": "FeatureCollection",
  "name": "SP-003_AI_Spill_Footprint",
  "features": [
    {
      "type": "Feature",
      "geometry": {
        "type": "Polygon",
        "coordinates": [
          [
            [
              -88.98593163867885,
              29.013140430159048
            ],
            [
              -88.98449495024252,
              29.01316166117163
            ],
            [
              -88.98449322564363,
              29.013071456007157
            ],
            [
              -88.98398012270093,
              29.01307903476494
            ],
            [
              -88.98397839855512,
              29.012988829571157
            ],
            [
              -88.98367053696192,
              29.012993375869566
            ],
            [
              -88.98366881309111,
              29.01290317065768
            ],
            [
              -88.98356619263332,
              29.012904685928316
            ],
            [
              -88.98356446885944,
              29.012814480709523
            ],
            [
              -88.98346184848279,
              29.01281599589626
            ],
            [
              -88.98345840113676,
              29.01263558544359
            ],
            [
              -88.98335578093028,
              29.012637100540854
            ],
            [
              -88.98335061023752,
              29.01236648483525
            ],
            [
              -88.98345323017688,
              29.012364969754778
            ],
            [
              -88.98344978290974,
              29.012184559289047
            ],
            [
              -88.98355240266315,
              29.012183044141477
            ],
            [
              -88.98355067895237,
              29.012092838912256
            ],
            [
              -88.98365329860884,
              29.012091323692008
            ],
            [
              -88.98365157481692,
              29.012001118467055
            ],
            [
              -88.98375419437647,
              29.01199960317412
            ],
            [
              -88.98375247050342,
              29.011909397953477
            ],
            [
              -88.98395770942079,
              29.011906367143933
            ],
            [
              -88.98395598537756,
              29.01181616193319
            ],
            [
              -88.98416122408531,
              29.011813130821704
            ],
            [
              -88.9841594998719,
              29.01172292562084
            ],
            [
              -88.9842621191249,
              29.01172140995327
            ],
            [
              -88.98426039483034,
              29.011631204756707
            ],
            [
              -88.98436301398644,
              29.011629689016456
            ],
            [
              -88.98436128961073,
              29.011539483824173
            ],
            [
              -88.98456652772117,
              29.011536452120016
            ],
            [
              -88.9845648031753,
              29.011446246937638
            ],
            [
              -88.98477004107612,
              29.01144321493154
            ],
            [
              -88.98476831636007,
              29.011353009759056
            ],
            [
              -88.98538402933889,
              29.01134391189558
            ],
            [
              -88.98538230409658,
              29.0112537067554
            ],
            [
              -88.98548492280972,
              29.011252190176435
            ],
            [
              -88.98548319748623,
              29.01116198504056
            ],
            [
              -88.98558581610247,
              29.011160468388912
            ],
            [
              -88.98558409069786,
              29.01107026325732
            ],
            [
              -88.98578932772855,
              29.011067229730386
            ],
            [
              -88.98578760215379,
              29.010977024608707
            ],
            [
              -88.9861980757643,
              29.01097095663787
            ],
            [
              -88.98619634984132,
              29.010880751537293
            ],
            [
              -88.98640158642114,
              29.0108777170934
            ],
            [
              -88.98639986032799,
              29.010787512002718
            ],
            [
              -88.98681033303671,
              29.01078144219798
            ],
            [
              -88.98681205948596,
              29.010871647266228
            ],
            [
              -88.98711991420163,
              29.0108670940739
            ],
            [
              -88.9871181874853,
              29.010776889022473
            ],
            [
              -88.98742604186276,
              29.01077233514244
            ],
            [
              -88.98742431488726,
              29.010682130106538
            ],
            [
              -88.98752693290825,
              29.01068061199557
            ],
            [
              -88.98752520585161,
              29.010590406963964
            ],
            [
              -88.98824353115404,
              29.01057977803463
            ],
            [
              -88.98824180348214,
              29.01048957304097
            ],
            [
              -88.98854965679752,
              29.010485016628174
            ],
            [
              -88.98854792886644,
              29.010394811650063
            ],
            [
              -88.98865054653339,
              29.01039329269485
            ],
            [
              -88.98864881852118,
              29.010303087721038
            ],
            [
              -88.98875143609122,
              29.010301568693155
            ],
            [
              -88.9887497079979,
              29.010211363723645
            ],
            [
              -88.98885232547099,
              29.01020984462309
            ],
            [
              -88.98885059729656,
              29.010119639657905
            ],
            [
              -88.98895321467272,
              29.010118120484684
            ],
            [
              -88.98895494293618,
              29.010208325444264
            ],
            [
              -88.98905756039343,
              29.010206806187163
            ],
            [
              -88.98905928875382,
              29.010297011139834
            ],
            [
              -88.98998284631452,
              29.010283334252826
            ],
            [
              -88.98998457548403,
              29.010373539153676
            ],
            [
              -88.99029242812891,
              29.01036897876547
            ],
            [
              -88.99029415757342,
              29.01045918364816
            ],
            [
              -88.99039677519491,
              29.010457663356586
            ],
            [
              -88.99040023428573,
              29.010638073106822
            ],
            [
              -88.99050285207736,
              29.010636552725728
            ],
            [
              -88.99052187862203,
              29.01162880619684
            ],
            [
              -88.99041925985111,
              29.01163032663971
            ],
            [
              -88.9904227191477,
              29.011810736355987
            ],
            [
              -88.99032010019079,
              29.011812256731794
            ],
            [
              -88.99032182976192,
              29.011902461593593
            ],
            [
              -88.99021921070808,
              29.01190398189675
            ],
            [
              -88.99022094019809,
              29.011994186762863
            ],
            [
              -88.99011832104728,
              29.011995706993346
            ],
            [
              -88.9901200504562,
              29.012085911863757
            ],
            [
              -88.99001743120844,
              29.01208743202157
            ],
            [
              -88.99001916053622,
              29.01217763689629
            ],
            [
              -88.98971130247838,
              29.01218219691688
            ],
            [
              -88.98971303154698,
              29.01227240180715
            ],
            [
              -88.98950779262414,
              29.012275441440668
            ],
            [
              -88.98950952152258,
              29.01236564634085
            ],
            [
              -88.98940690196025,
              29.0123671660458
            ],
            [
              -88.98940863077758,
              29.012457370950305
            ],
            [
              -88.98920339145111,
              29.012460410136562
            ],
            [
              -88.98920512009828,
              29.01255061505098
            ],
            [
              -88.98828154193639,
              29.012564287564548
            ],
            [
              -88.98828326979013,
              29.01265449252816
            ],
            [
              -88.98746231017405,
              29.01266664059495
            ],
            [
              -88.98746403732343,
              29.012756845602137
            ],
            [
              -88.98736141724682,
              29.01275836376381
            ],
            [
              -88.98736314431507,
              29.012848568775297
            ],
            [
              -88.9872605241415,
              29.012850086864287
            ],
            [
              -88.98726225112863,
              29.01294029188009
            ],
            [
              -88.98613342771857,
              29.012956985753643
            ],
            [
              -88.9861351537342,
              29.013047190829802
            ],
            [
              -88.98592991283341,
              29.01305022507301
            ],
            [
              -88.98593163867885,
              29.013140430159048
            ]
          ]
        ]
      },
      "properties": {
        "incident_id": "SP-003",
        "type": "AI-detected-slick",
        "source": "Sentinel-1 SAR",
        "method": "U-Net segmentation + radiometric filtering"
      }
    },
    {
      "type": "Feature",
      "geometry": {
        "type": "Polygon",
        "coordinates": [
          [
            [
              -88.9903282203678,
              28.947928685027332
            ],
            [
              -88.98981544059956,
              28.94793627054994
            ],
            [
              -88.98981371601148,
              28.947846064802288
            ],
            [
              -88.9897111601229,
              28.94784758166697
            ],
            [
              -88.98970943563144,
              28.947757375912403
            ],
            [
              -88.9896068798237,
              28.94775889269339
            ],
            [
              -88.98960170666297,
              28.947488275405068
            ],
            [
              -88.98949915111355,
              28.947489792091133
            ],
            [
              -88.98948018444169,
              28.94649752853848
            ],
            [
              -88.98958273901498,
              28.946496011914128
            ],
            [
              -88.98957756618589,
              28.94622539457103
            ],
            [
              -88.98968012048508,
              28.946223877885433
            ],
            [
              -88.98967667179436,
              28.946043466328074
            ],
            [
              -88.98977922590818,
              28.94604194957563
            ],
            [
              -88.98977577707157,
              28.94586153802428
            ],
            [
              -88.98987833100001,
              28.94586002120498
            ],
            [
              -88.98987660650484,
              28.94576981543295
            ],
            [
              -88.98997916033665,
              28.945768298541196
            ],
            [
              -88.98997743576064,
              28.945678092773495
            ],
            [
              -88.99007998949583,
              28.945676575809273
            ],
            [
              -88.99007826483896,
              28.945586370045874
            ],
            [
              -88.99018081847751,
              28.945584853009194
            ],
            [
              -88.99017909373983,
              28.94549464725008
            ],
            [
              -88.99028164728176,
              28.945493130140953
            ],
            [
              -88.99027819765259,
              28.945312718630078
            ],
            [
              -88.99038075100916,
              28.94531120145409
            ],
            [
              -88.9903790261177,
              28.94522099570231
            ],
            [
              -88.99048157937763,
              28.94521947845387
            ],
            [
              -88.99047985440532,
              28.945129272706403
            ],
            [
              -88.99058240756864,
              28.945127755385503
            ],
            [
              -88.99058068251551,
              28.94503754964234
            ],
            [
              -88.9906832355822,
              28.94503603224899
            ],
            [
              -88.99068151044823,
              28.94494582651013
            ],
            [
              -88.99078406341829,
              28.94494430904432
            ],
            [
              -88.99078233820349,
              28.944854103309787
            ],
            [
              -88.99098744394244,
              28.94485106815519
            ],
            [
              -88.9909857185581,
              28.94476086243058
            ],
            [
              -88.99108827132699,
              28.944759344741797
            ],
            [
              -88.99108654586182,
              28.944669139021485
            ],
            [
              -88.99129165119844,
              28.944666103420943
            ],
            [
              -88.99128992556369,
              28.944575897710564
            ],
            [
              -88.99149503069125,
              28.944572861808968
            ],
            [
              -88.99149330488697,
              28.944482656108516
            ],
            [
              -88.99169840980547,
              28.944479619905895
            ],
            [
              -88.99169668383163,
              28.94438941421537
            ],
            [
              -88.99179923619029,
              28.944387896002578
            ],
            [
              -88.99179751013564,
              28.944297690316354
            ],
            [
              -88.9920026146518,
              28.944294653667797
            ],
            [
              -88.99200088842758,
              28.94420444799152
            ],
            [
              -88.9921034405851,
              28.944202929555754
            ],
            [
              -88.99210171428007,
              28.944112723883794
            ],
            [
              -88.99230681839389,
              28.944109686789304
            ],
            [
              -88.99230509191932,
              28.94401948112726
            ],
            [
              -88.99240764387565,
              28.944017962468543
            ],
            [
              -88.99240591732026,
              28.943927756810822
            ],
            [
              -88.99261102103175,
              28.9439247192704
            ],
            [
              -88.99260929430682,
              28.943834513622622
            ],
            [
              -88.99271184606198,
              28.943832994740944
            ],
            [
              -88.99271011925622,
              28.94374278909746
            ],
            [
              -88.99291522256537,
              28.94373975111114
            ],
            [
              -88.99291349559007,
              28.9436495454776
            ],
            [
              -88.99332370175858,
              28.943643468590665
            ],
            [
              -88.99332197443631,
              28.943553262978302
            ],
            [
              -88.99373218012337,
              28.943547184864816
            ],
            [
              -88.99373390780053,
              28.943637390454686
            ],
            [
              -88.99383645929124,
              28.943635870725522
            ],
            [
              -88.99384682605273,
              28.944177104203625
            ],
            [
              -88.99374427402968,
              28.94417862396651
            ],
            [
              -88.99375118500734,
              28.944539446281656
            ],
            [
              -88.99364863262147,
              28.94454096598897
            ],
            [
              -88.99365208798031,
              28.944721377149968
            ],
            [
              -88.99354953540907,
              28.944722896790452
            ],
            [
              -88.9935529906221,
              28.944903307957464
            ],
            [
              -88.9934504378655,
              28.944904827531126
            ],
            [
              -88.99345216539517,
              28.944995033118307
            ],
            [
              -88.99334961254192,
              28.94499655261953
            ],
            [
              -88.99335133999075,
              28.945086758211023
            ],
            [
              -88.99324878704087,
              28.94508827763979
            ],
            [
              -88.99325051440889,
              28.9451784832356
            ],
            [
              -88.99314796136235,
              28.945180002591922
            ],
            [
              -88.99315314324768,
              28.945450619388378
            ],
            [
              -88.99305058992705,
              28.9454521386835
            ],
            [
              -88.99305749886328,
              28.945812961083007
            ],
            [
              -88.99295494517982,
              28.945814480322547
            ],
            [
              -88.99295667234492,
              28.94590468592477
            ],
            [
              -88.99285411856481,
              28.945906205091855
            ],
            [
              -88.99285584564909,
              28.94599641069841
            ],
            [
              -88.99275329177233,
              28.94599792979303
            ],
            [
              -88.99275501877578,
              28.946088135403897
            ],
            [
              -88.99265246480239,
              28.94608965442608
            ],
            [
              -88.99265419172502,
              28.94617986004126
            ],
            [
              -88.99244908357704,
              28.946182897862627
            ],
            [
              -88.9924508103301,
              28.946273103487734
            ],
            [
              -88.99234825615551,
              28.946274622286936
            ],
            [
              -88.99234998282775,
              28.946364827916366
            ],
            [
              -88.99224742855651,
              28.946366346643103
            ],
            [
              -88.99224915514793,
              28.946456552276857
            ],
            [
              -88.99214660078005,
              28.94645807093113
            ],
            [
              -88.99214832729062,
              28.946548276569192
            ],
            [
              -88.99204577282612,
              28.946549795151014
            ],
            [
              -88.99204749925586,
              28.946640000793398
            ],
            [
              -88.9919449446947,
              28.946641519302755
            ],
            [
              -88.9919466710436,
              28.94673172494945
            ],
            [
              -88.99184411638582,
              28.946733243386362
            ],
            [
              -88.9918458426539,
              28.946823449037364
            ],
            [
              -88.99174328789945,
              28.946824967401817
            ],
            [
              -88.9917450140867,
              28.94691517305714
            ],
            [
              -88.99164245923562,
              28.946916691349138
            ],
            [
              -88.99164418534204,
              28.947006897008762
            ],
            [
              -88.99154163039431,
              28.947008415228304
            ],
            [
              -88.99154335641988,
              28.94709862089223
            ],
            [
              -88.99144080137553,
              28.94710013903931
            ],
            [
              -88.99144252732027,
              28.947190344707565
            ],
            [
              -88.99123741703033,
              28.947193380778725
            ],
            [
              -88.99123914280551,
              28.947283586456912
            ],
            [
              -88.99113658755996,
              28.947285104380985
            ],
            [
              -88.99113831325428,
              28.94737531006348
            ],
            [
              -88.99093320256199,
              28.947378345688637
            ],
            [
              -88.99093492808673,
              28.947468551381068
            ],
            [
              -88.99083237264,
              28.947470069082133
            ],
            [
              -88.99083409808391,
              28.947560274778866
            ],
            [
              -88.99073154254052,
              28.947561792407484
            ],
            [
              -88.9907332679036,
              28.947651998108526
            ],
            [
              -88.99063071226357,
              28.947653515664673
            ],
            [
              -88.9906324375458,
              28.947743721370017
            ],
            [
              -88.99042732606456,
              28.94774675625932
            ],
            [
              -88.9904290511772,
              28.947836961974595
            ],
            [
              -88.99032649533599,
              28.94783847930774
            ],
            [
              -88.9903282203678,
              28.947928685027332
            ]
          ]
        ]
      },
      "properties": {
        "incident_id": "SP-003",
        "type": "AI-detected-slick",
        "source": "Sentinel-1 SAR",
        "method": "U-Net segmentation + radiometric filtering"
      }
    },
    {
      "type": "Feature",
      "geometry": {
        "type": "Polygon",
        "coordinates": [
          [
            [
              -88.96962371107571,
              28.948865034473915
            ],
            [
              -88.96890580388684,
              28.948875543524554
            ],
            [
              -88.96890409734824,
              28.94878533664729
            ],
            [
              -88.9688015392359,
              28.94878683762234
            ],
            [
              -88.96879471351465,
              28.948426010078023
            ],
            [
              -88.968897271272,
              28.948424509125186
            ],
            [
              -88.96888361949458,
              28.94770285401848
            ],
            [
              -88.96898617653412,
              28.947701353031984
            ],
            [
              -88.96897935047797,
              28.947340525469595
            ],
            [
              -88.9690819071547,
              28.947339024427205
            ],
            [
              -88.96907849399602,
              28.947158610649307
            ],
            [
              -88.96918105048746,
              28.947157109539955
            ],
            [
              -88.96916057112689,
              28.946074626829844
            ],
            [
              -88.96926312654563,
              28.946073125709056
            ],
            [
              -88.96925971325079,
              28.945892711916915
            ],
            [
              -88.96946482370986,
              28.945889709463334
            ],
            [
              -88.96946311689668,
              28.945799502576403
            ],
            [
              -88.96956567202574,
              28.94579800123805
            ],
            [
              -88.96956396513166,
              28.945707794355393
            ],
            [
              -88.96976907518886,
              28.945704791455565
            ],
            [
              -88.96976736812512,
              28.945614584582717
            ],
            [
              -88.97007503288607,
              28.94561007966408
            ],
            [
              -88.97007332556394,
              28.945519872806578
            ],
            [
              -88.970278435188,
              28.94551686914823
            ],
            [
              -88.97027502021224,
              28.945336455451567
            ],
            [
              -88.97037757483508,
              28.94533495351639
            ],
            [
              -88.97037586727018,
              28.945244746671666
            ],
            [
              -88.97047842179647,
              28.94524324466397
            ],
            [
              -88.97047671415065,
              28.9451530378235
            ],
            [
              -88.9705792685804,
              28.94515153574329
            ],
            [
              -88.97057756085366,
              28.945061328907073
            ],
            [
              -88.97068011518684,
              28.94505982675436
            ],
            [
              -88.9706784073792,
              28.944969619922393
            ],
            [
              -88.97088351584462,
              28.944966615393845
            ],
            [
              -88.97088180786734,
              28.944876408571687
            ],
            [
              -88.971086916124,
              28.944873403741965
            ],
            [
              -88.97108520797707,
              28.944783196929627
            ],
            [
              -88.97129031602498,
              28.944780191798735
            ],
            [
              -88.9712886077084,
              28.94468998499622
            ],
            [
              -88.97149371554755,
              28.94468697956415
            ],
            [
              -88.97149200706134,
              28.944596772771444
            ],
            [
              -88.9717996684952,
              28.944592264054506
            ],
            [
              -88.97179795975062,
              28.94450205727718
            ],
            [
              -88.97200306715659,
              28.944499051086645
            ],
            [
              -88.97200135824237,
              28.944408844319142
            ],
            [
              -88.97210391184488,
              28.944407341112328
            ],
            [
              -88.97210220284975,
              28.94431713434908
            ],
            [
              -88.97230730985386,
              28.944314127712364
            ],
            [
              -88.9723056006891,
              28.944223920958944
            ],
            [
              -88.97251070748443,
              28.94422091402108
            ],
            [
              -88.97250899815002,
              28.944130707277484
            ],
            [
              -88.97261155144723,
              28.944129203697006
            ],
            [
              -88.97260984203191,
              28.94403899695766
            ],
            [
              -88.97281494842537,
              28.94403598957363
            ],
            [
              -88.97281323884043,
              28.94394578284412
            ],
            [
              -88.97271068573636,
              28.943947286569603
            ],
            [
              -88.97270726676743,
              28.943766873095534
            ],
            [
              -88.97260471383298,
              28.943768376731825
            ],
            [
              -88.97260300444898,
              28.94367816998728
            ],
            [
              -88.97250045159544,
              28.943679673539943
            ],
            [
              -88.9724953237566,
              28.94340905328179
            ],
            [
              -88.97239277116141,
              28.943410556739696
            ],
            [
              -88.97238935281877,
              28.943230143216628
            ],
            [
              -88.97228680039319,
              28.94323164658535
            ],
            [
              -88.97228338225933,
              28.943051233045956
            ],
            [
              -88.97218083000338,
              28.943052736325484
            ],
            [
              -88.97217741207827,
              28.942872322769745
            ],
            [
              -88.97207485999195,
              28.942873825960078
            ],
            [
              -88.97207144227558,
              28.94269341238802
            ],
            [
              -88.97196889035888,
              28.942694915489163
            ],
            [
              -88.97196718160116,
              28.94260470869562
            ],
            [
              -88.97176207792171,
              28.9426077146526
            ],
            [
              -88.97176036934927,
              28.94251750784663
            ],
            [
              -88.97155526581598,
              28.942520513480225
            ],
            [
              -88.97155355742879,
              28.942430306661834
            ],
            [
              -88.97145100573914,
              28.94243180935598
            ],
            [
              -88.97144758916569,
              28.942251395704176
            ],
            [
              -88.97134503764566,
              28.942252898309132
            ],
            [
              -88.97133991311031,
              28.94198227780497
            ],
            [
              -88.97144246436419,
              28.941980775216685
            ],
            [
              -88.97144075611267,
              28.941890568384935
            ],
            [
              -88.9716458584195,
              28.9418875629853
            ],
            [
              -88.97164414999837,
              28.94179735616335
            ],
            [
              -88.97184925209648,
              28.941794350462594
            ],
            [
              -88.97184754350572,
              28.941704143650465
            ],
            [
              -88.97215519632803,
              28.941699634530533
            ],
            [
              -88.97215348747893,
              28.941609427733795
            ],
            [
              -88.97256369077759,
              28.941603414503266
            ],
            [
              -88.97256198158145,
              28.94151320772746
            ],
            [
              -88.97399769089827,
              28.941492151662807
            ],
            [
              -88.9739959804679,
              28.941401944963616
            ],
            [
              -88.97430363199852,
              28.941397430975904
            ],
            [
              -88.97430192130984,
              28.941307224292107
            ],
            [
              -88.97440447171567,
              28.941305719478994
            ],
            [
              -88.97440276094612,
              28.941215512799467
            ],
            [
              -88.97450531125538,
              28.941214007913835
            ],
            [
              -88.97450360040496,
              28.941123801238575
            ],
            [
              -88.97460615061766,
              28.941122296280465
            ],
            [
              -88.97460443968636,
              28.941032089609465
            ],
            [
              -88.97470698980251,
              28.941030584578865
            ],
            [
              -88.97470527879032,
              28.940940377912128
            ],
            [
              -88.97480782880994,
              28.940938872809046
            ],
            [
              -88.97480611771687,
              28.940848666146575
            ],
            [
              -88.97490866763994,
              28.940847160970993
            ],
            [
              -88.97490695646599,
              28.9407569543128
            ],
            [
              -88.975214605922,
              28.940752438334417
            ],
            [
              -88.97521289448974,
              28.940662231691633
            ],
            [
              -88.9754179939105,
              28.940659220660226
            ],
            [
              -88.97541628230864,
              28.94056901402727
            ],
            [
              -88.97551883191854,
              28.94056750840004
            ],
            [
              -88.97551712023582,
              28.940477301771363
            ],
            [
              -88.97561966974916,
              28.940475796071656
            ],
            [
              -88.97561795798558,
              28.94038558944724
            ],
            [
              -88.97582305681134,
              28.940382577824806
            ],
            [
              -88.97582134487814,
              28.94029237121022
            ],
            [
              -88.97592389419056,
              28.940290865287498
            ],
            [
              -88.97592218217649,
              28.940200658677185
            ],
            [
              -88.97612728060037,
              28.9401976466087
            ],
            [
              -88.97612556841673,
              28.94010744000823
            ],
            [
              -88.97622811752818,
              28.94010593386247
            ],
            [
              -88.97622640526369,
              28.94001572726627
            ],
            [
              -88.97663660127627,
              28.940009701924975
            ],
            [
              -88.97663488866476,
              28.939919495349773
            ],
            [
              -88.97683998644659,
              28.93991648222194
            ],
            [
              -88.97683827366549,
              28.939826275656586
            ],
            [
              -88.97704337123852,
              28.93982326222768
            ],
            [
              -88.97704165828786,
              28.939733055672168
            ],
            [
              -88.9772467556521,
              28.939730041942198
            ],
            [
              -88.97724504253186,
              28.939639835396527
            ],
            [
              -88.9773475911135,
              28.939638328420042
            ],
            [
              -88.9773458779124,
              28.939548121878644
            ],
            [
              -88.97755097487472,
              28.93954510770266
            ],
            [
              -88.97754926150407,
              28.93945490117112
            ],
            [
              -88.97765180988473,
              28.93945339397162
            ],
            [
              -88.97765009643322,
              28.93936318744435
            ],
            [
              -88.97785519299363,
              28.93936017282234
            ],
            [
              -88.97785347937254,
              28.93926996630493
            ],
            [
              -88.97805857572415,
              28.93926695138186
            ],
            [
              -88.97805686193348,
              28.939176744874302
            ],
            [
              -88.97826195807627,
              28.93917372965018
            ],
            [
              -88.97826024411606,
              28.939083523152462
            ],
            [
              -88.97856788800527,
              28.939078999747615
            ],
            [
              -88.97856617378679,
              28.93898879326534
            ],
            [
              -88.97887381733923,
              28.938984269174767
            ],
            [
              -88.97887210286248,
              28.93889406270794
            ],
            [
              -88.97907719834743,
              28.938891046268456
            ],
            [
              -88.97907548370111,
              28.938800839811478
            ],
            [
              -88.97928057897727,
              28.938797823070953
            ],
            [
              -88.9792788641614,
              28.93870761662382
            ],
            [
              -88.9797916017708,
              28.93870007343452
            ],
            [
              -88.97978988651926,
              28.938609867014012
            ],
            [
              -88.98584017023254,
              28.938520710350648
            ],
            [
              -88.98584189071754,
              28.938610916441267
            ],
            [
              -88.9888157515073,
              28.938566993920748
            ],
            [
              -88.98881747457254,
              28.938657199847547
            ],
            [
              -88.98892002146673,
              28.93865568410153
            ],
            [
              -88.98892174462854,
              28.938745890021423
            ],
            [
              -88.98902429160354,
              28.938744374191746
            ],
            [
              -88.98902946140247,
              28.939014991926758
            ],
            [
              -88.98913200863568,
              28.939013476002213
            ],
            [
              -88.98915441307162,
              28.940186152645477
            ],
            [
              -88.98905186468522,
              28.940187668642942
            ],
            [
              -88.98906048168759,
              28.940638698090517
            ],
            [
              -88.98895793284976,
              28.940640214037977
            ],
            [
              -88.98896310287974,
              28.940910831707708
            ],
            [
              -88.98886055376789,
              28.940912347593933
            ],
            [
              -88.9888640003166,
              28.941092759378446
            ],
            [
              -88.98876145101941,
              28.941094275197845
            ],
            [
              -88.9887631742169,
              28.94118448109375
            ],
            [
              -88.98866062482313,
              28.941185996840687
            ],
            [
              -88.98866234793977,
              28.9412762027409
            ],
            [
              -88.9885597984494,
              28.941277718415403
            ],
            [
              -88.98856152148522,
              28.941367924319923
            ],
            [
              -88.98845897189825,
              28.94136943992197
            ],
            [
              -88.98846069485326,
              28.941459645830786
            ],
            [
              -88.98835814516967,
              28.94146116136038
            ],
            [
              -88.98835986804384,
              28.941551367273508
            ],
            [
              -88.98825731826366,
              28.941552882730647
            ],
            [
              -88.98825904105702,
              28.941643088648085
            ],
            [
              -88.98815649118022,
              28.941644604032764
            ],
            [
              -88.98815993661316,
              28.941825015874926
            ],
            [
              -88.98805738655105,
              28.94182653119277
            ],
            [
              -88.98805910919064,
              28.941916737117516
            ],
            [
              -88.98785400886531,
              28.941919767530234
            ],
            [
              -88.98785573133536,
              28.942009973464863
            ],
            [
              -88.98713787932726,
              28.942020577489735
            ],
            [
              -88.98713615747825,
              28.94193037151586
            ],
            [
              -88.9868285067655,
              28.94193491491023
            ],
            [
              -88.98682678519052,
              28.941844708918236
            ],
            [
              -88.98662168485336,
              28.94184773744631
            ],
            [
              -88.9866199634637,
              28.941757531441816
            ],
            [
              -88.98641486327244,
              28.941760559646447
            ],
            [
              -88.98641314206809,
              28.941670353629444
            ],
            [
              -88.98620804202274,
              28.941673381510633
            ],
            [
              -88.98620632100369,
              28.941583175481117
            ],
            [
              -88.98528337120801,
              28.94159679703213
            ],
            [
              -88.98528509142862,
              28.941687003112044
            ],
            [
              -88.98487489095974,
              28.941693055127566
            ],
            [
              -88.98487661083335,
              28.941783261228558
            ],
            [
              -88.98477406060773,
              28.941784774042883
            ],
            [
              -88.98477578040051,
              28.94187498014817
            ],
            [
              -88.98457067974819,
              28.941878005553843
            ],
            [
              -88.98457239937142,
              28.94196821166902
            ],
            [
              -88.98446984894473,
              28.941969724260364
            ],
            [
              -88.9844715684871,
              28.942059930379838
            ],
            [
              -88.98416391689364,
              28.942064467702277
            ],
            [
              -88.98416563617772,
              28.94215467383723
            ],
            [
              -88.98375543358802,
              28.942160722530026
            ],
            [
              -88.98375715252511,
              28.942250928686057
            ],
            [
              -88.98344950023402,
              28.942255464402788
            ],
            [
              -88.98345121891282,
              28.94234567057429
            ],
            [
              -88.98334866804466,
              28.942347182329335
            ],
            [
              -88.98335038664261,
              28.942437388505134
            ],
            [
              -88.98314528470524,
              28.942440411792226
            ],
            [
              -88.98314700313364,
              28.942530617977912
            ],
            [
              -88.98304445206442,
              28.942532129509953
            ],
            [
              -88.98304617041197,
              28.942622335699927
            ],
            [
              -88.98273851689096,
              28.94262686984445
            ],
            [
              -88.98274023498021,
              28.94271707604989
            ],
            [
              -88.9826376837021,
              28.94271858728086
            ],
            [
              -88.98263940171047,
              28.942808793490613
            ],
            [
              -88.98243429895318,
              28.942811815729552
            ],
            [
              -88.982436016792,
              28.942902021949166
            ],
            [
              -88.98233346531282,
              28.94290353295713
            ],
            [
              -88.98233518307077,
              28.94299373918102
            ],
            [
              -88.98223263149504,
              28.942995250116514
            ],
            [
              -88.98223434917212,
              28.943085456344694
            ],
            [
              -88.98213179749978,
              28.943086967207712
            ],
            [
              -88.98213351509602,
              28.943177173440187
            ],
            [
              -88.98192841155029,
              28.943180194943203
            ],
            [
              -88.98193012897694,
              28.943270401185554
            ],
            [
              -88.98182757710356,
              28.94327191182555
            ],
            [
              -88.98182929444937,
              28.943362118072187
            ],
            [
              -88.9817267424794,
              28.943363628639716
            ],
            [
              -88.98172845974433,
              28.943453834890637
            ],
            [
              -88.98162590767777,
              28.943455345385686
            ],
            [
              -88.98162762486184,
              28.943545551640877
            ],
            [
              -88.98142252052769,
              28.943548572407952
            ],
            [
              -88.98142423754217,
              28.943638778673023
            ],
            [
              -88.98132168527457,
              28.94364028894505
            ],
            [
              -88.9813234022082,
              28.94373049521442
            ],
            [
              -88.98122084984401,
              28.943732005413956
            ],
            [
              -88.98122256669676,
              28.94382221168761
            ],
            [
              -88.98112001423598,
              28.943823721814674
            ],
            [
              -88.98112173100789,
              28.943913928092606
            ],
            [
              -88.9809166258853,
              28.943916948123707
            ],
            [
              -88.9809183424876,
              28.944007154411512
            ],
            [
              -88.98081578982577,
              28.94400866431555
            ],
            [
              -88.98081750634722,
              28.94409887060763
            ],
            [
              -88.98071495358882,
              28.94410038043918
            ],
            [
              -88.98071667002938,
              28.94419058673555
            ],
            [
              -88.98051156431154,
              28.94419360617562
            ],
            [
              -88.98051328058251,
              28.944283812481867
            ],
            [
              -88.98041072762307,
              28.944285322090387
            ],
            [
              -88.98041244381318,
              28.9443755284009
            ],
            [
              -88.98030989075716,
              28.944377037936935
            ],
            [
              -88.98031160686638,
              28.944467244251726
            ],
            [
              -88.98020905371376,
              28.94446875371528
            ],
            [
              -88.98021076974213,
              28.944558960034364
            ],
            [
              -88.98010821649292,
              28.944560469425422
            ],
            [
              -88.98010993244041,
              28.944650675748786
            ],
            [
              -88.98000737909462,
              28.944652185067365
            ],
            [
              -88.98000909496123,
              28.94474239139501
            ],
            [
              -88.97990654151886,
              28.944743900641104
            ],
            [
              -88.9799082573046,
              28.944834106973037
            ],
            [
              -88.97980570376562,
              28.94483561614664
            ],
            [
              -88.97980741947049,
              28.944925822482844
            ],
            [
              -88.97970486583495,
              28.944927331583962
            ],
            [
              -88.97970658145894,
              28.945017537924436
            ],
            [
              -88.97939892023894,
              28.945022064776122
            ],
            [
              -88.97940063560459,
              28.945112271132043
            ],
            [
              -88.97929808176013,
              28.94511377993205
            ],
            [
              -88.9792997970449,
              28.94520398629226
            ],
            [
              -88.97909468915499,
              28.9452070036692
            ],
            [
              -88.97909640427015,
              28.945297210039275
            ],
            [
              -88.97899385022468,
              28.945298718616225
            ],
            [
              -88.97899556525896,
              28.945388924990567
            ],
            [
              -88.97879045696698,
              28.945391941921404
            ],
            [
              -88.97879388670417,
              28.9455723546885
            ],
            [
              -88.97858877802585,
              28.94557537132938
            ],
            [
              -88.97859049272874,
              28.94566557772213
            ],
            [
              -88.97848793828908,
              28.945667085931042
            ],
            [
              -88.9784896529111,
              28.94575729232808
            ],
            [
              -88.97828454383071,
              28.945760308522825
            ],
            [
              -88.9782862582831,
              28.945850514929713
            ],
            [
              -88.97787603967319,
              28.94585654640463
            ],
            [
              -88.9778777537785,
              28.945946752832533
            ],
            [
              -88.97757008947244,
              28.94595127563567
            ],
            [
              -88.97757180331938,
              28.946041482079007
            ],
            [
              -88.9773666935653,
              28.946044496901887
            ],
            [
              -88.9773684072426,
              28.946134703355067
            ],
            [
              -88.97726585226505,
              28.946136210654974
            ],
            [
              -88.97726756586147,
              28.946226417112424
            ],
            [
              -88.97716501078733,
              28.94622792433983
            ],
            [
              -88.97716672430286,
              28.946318130801565
            ],
            [
              -88.97706416913215,
              28.94631963795647
            ],
            [
              -88.97706588256679,
              28.946409844422465
            ],
            [
              -88.97696332729947,
              28.94641135150487
            ],
            [
              -88.97696504065323,
              28.94650155797514
            ],
            [
              -88.97675992991758,
              28.94650457191688
            ],
            [
              -88.9767616431017,
              28.946594778396992
            ],
            [
              -88.97665908763338,
              28.946596285256316
            ],
            [
              -88.97666080073658,
              28.946686491740714
            ],
            [
              -88.97635313401832,
              28.946691011866942
            ],
            [
              -88.97635484686317,
              28.946781218366752
            ],
            [
              -88.97502162244818,
              28.946800797532827
            ],
            [
              -88.97501991075697,
              28.94671059096059
            ],
            [
              -88.97460968794847,
              28.946716612642465
            ],
            [
              -88.97460797662008,
              28.946626406046637
            ],
            [
              -88.97419775404116,
              28.946632426457
            ],
            [
              -88.97419604307555,
              28.946542219837603
            ],
            [
              -88.973478153882,
              28.946552752510794
            ],
            [
              -88.97347986422643,
              28.946642959169154
            ],
            [
              -88.9732747527803,
              28.9466459678128
            ],
            [
              -88.97327646295507,
              28.946736174480993
            ],
            [
              -88.97307135130013,
              28.946739182823453
            ],
            [
              -88.97307306130526,
              28.94682938950147
            ],
            [
              -88.97286794944151,
              28.94683239754273
            ],
            [
              -88.97286965927697,
              28.94692260423058
            ],
            [
              -88.97266454720443,
              28.946925611970663
            ],
            [
              -88.97266625687024,
              28.947015818668348
            ],
            [
              -88.97256370073347,
              28.94701732242682
            ],
            [
              -88.97256541031838,
              28.947107529128747
            ],
            [
              -88.97236029784389,
              28.947110536422617
            ],
            [
              -88.97236200725914,
              28.947200743134378
            ],
            [
              -88.9722594509214,
              28.947202246669747
            ],
            [
              -88.97226116025573,
              28.947292453385764
            ],
            [
              -88.97215860382143,
              28.947293956848625
            ],
            [
              -88.97216202233606,
              28.947474370287864
            ],
            [
              -88.97205946571644,
              28.947475873683768
            ],
            [
              -88.97206117489677,
              28.947566080406997
            ],
            [
              -88.97195861818058,
              28.947567583730386
            ],
            [
              -88.97196032727997,
              28.94765779045787
            ],
            [
              -88.97185777046721,
              28.94765929370874
            ],
            [
              -88.97185947948569,
              28.94774950044048
            ],
            [
              -88.97175692257636,
              28.94775100361883
            ],
            [
              -88.97175863151391,
              28.947841210354838
            ],
            [
              -88.971656074508,
              28.947842713460656
            ],
            [
              -88.97165778336463,
              28.947932920200927
            ],
            [
              -88.97145266915186,
              28.947935926189444
            ],
            [
              -88.97145437783882,
              28.948026132939525
            ],
            [
              -88.97135182063197,
              28.94802763582222
            ],
            [
              -88.971353529238,
              28.948117842576565
            ],
            [
              -88.97114841462327,
              28.948120848118833
            ],
            [
              -88.97115012305964,
              28.94821105488299
            ],
            [
              -88.97094500823614,
              28.94821406012405
            ],
            [
              -88.97094671650284,
              28.94830426689802
            ],
            [
              -88.97053648640698,
              28.94831027646536
            ],
            [
              -88.9705381943265,
              28.94840048326026
            ],
            [
              -88.97033307905414,
              28.948403487586553
            ],
            [
              -88.97033478680399,
              28.948493694391264
            ],
            [
              -88.97012967132285,
              28.948496698416324
            ],
            [
              -88.97013137890302,
              28.94858690523084
            ],
            [
              -88.97002882106196,
              28.948588407131815
            ],
            [
              -88.97003052856118,
              28.948678613950587
            ],
            [
              -88.96982541267813,
              28.948681617529374
            ],
            [
              -88.9698271200077,
              28.948771824357962
            ],
            [
              -88.96962200391586,
              28.948774827635518
            ],
            [
              -88.96962371107571,
              28.948865034473915
            ]
          ],
          [
            [
              -88.97354992304693,
              28.944927528104365
            ],
            [
              -88.97354650248606,
              28.944747114747972
            ],
            [
              -88.97364905632607,
              28.944745610347848
            ],
            [
              -88.97364734596864,
              28.944655403673263
            ],
            [
              -88.97354479221737,
              28.944656908067834
            ],
            [
              -88.97354137170348,
              28.944476494703622
            ],
            [
              -88.97343881812182,
              28.94447799900898
            ],
            [
              -88.97343710796535,
              28.944387792319375
            ],
            [
              -88.97333455446461,
              28.944389296541097
            ],
            [
              -88.97333284440471,
              28.944299089844602
            ],
            [
              -88.97302518412165,
              28.944303602024664
            ],
            [
              -88.9730337331685,
              28.944754635577546
            ],
            [
              -88.97313628704768,
              28.944753131567776
            ],
            [
              -88.97313970689869,
              28.944933544968695
            ],
            [
              -88.97354992304693,
              28.944927528104365
            ]
          ]
        ]
      },
      "properties": {
        "incident_id": "SP-003",
        "type": "AI-detected-slick",
        "source": "Sentinel-1 SAR",
        "method": "U-Net segmentation + radiometric filtering"
      }
    },
    {
      "type": "Feature",
      "geometry": {
        "type": "Polygon",
        "coordinates": [
          [
            [
              -88.99444139839869,
              28.943085517388628
            ],
            [
              -88.9943388474878,
              28.943087037552427
            ],
            [
              -88.99433711932578,
              28.94299683198847
            ],
            [
              -88.99413201765766,
              28.94299987207063
            ],
            [
              -88.99412856171226,
              28.94281946091631
            ],
            [
              -88.99402601104377,
              28.94282098082905
            ],
            [
              -88.99401909960275,
              28.94246015848227
            ],
            [
              -88.99391654928124,
              28.94246167829446
            ],
            [
              -88.99390963832168,
              28.94210085590432
            ],
            [
              -88.99380708834713,
              28.94210237561595
            ],
            [
              -88.99380363309224,
              28.94192196440181
            ],
            [
              -88.9937010832872,
              28.94192348402414
            ],
            [
              -88.99369762824142,
              28.94174307279353
            ],
            [
              -88.99359507860588,
              28.941744592326568
            ],
            [
              -88.99359162376916,
              28.941564181079507
            ],
            [
              -88.99348907430316,
              28.941565700523242
            ],
            [
              -88.99348734698538,
              28.94147549489212
            ],
            [
              -88.99338479760016,
              28.941477014252175
            ],
            [
              -88.99338652482923,
              28.941567219888903
            ],
            [
              -88.99297632685447,
              28.941573296571004
            ],
            [
              -88.99297459998026,
              28.94148309091179
            ],
            [
              -88.99246185277744,
              28.94149068498
            ],
            [
              -88.9924601263547,
              28.941400479291385
            ],
            [
              -88.99215247820428,
              28.94140503477877
            ],
            [
              -88.9921507520556,
              28.941314829072006
            ],
            [
              -88.99204820274501,
              28.941316347406072
            ],
            [
              -88.99204647669295,
              28.94122614169236
            ],
            [
              -88.99194392746318,
              28.941227659942754
            ],
            [
              -88.99194220150771,
              28.941137454222144
            ],
            [
              -88.99183965235876,
              28.941138972388853
            ],
            [
              -88.99183792649991,
              28.94104876666132
            ],
            [
              -88.99173537743177,
              28.94105028474436
            ],
            [
              -88.99173365166955,
              28.940960079009912
            ],
            [
              -88.9916311026822,
              28.94096159700927
            ],
            [
              -88.9916293770166,
              28.9408713912679
            ],
            [
              -88.99152682811007,
              28.940872909183586
            ],
            [
              -88.99152337697997,
              28.9406924976857
            ],
            [
              -88.99131827949805,
              28.940695533260456
            ],
            [
              -88.99131655412226,
              28.940605327498314
            ],
            [
              -88.99121400545816,
              28.940606845163
            ],
            [
              -88.991212280179,
              28.940516639393948
            ],
            [
              -88.99110973159571,
              28.940518156974967
            ],
            [
              -88.99110800641314,
              28.940427951198995
            ],
            [
              -88.99100545791067,
              28.940429468696333
            ],
            [
              -88.99100373282472,
              28.940339262913433
            ],
            [
              -88.99090118440304,
              28.940340780327098
            ],
            [
              -88.99089773443227,
              28.9401603687462
            ],
            [
              -88.99079518618011,
              28.940161886070577
            ],
            [
              -88.99079346129528,
              28.940071680272546
            ],
            [
              -88.99007562392998,
              28.940082299318476
            ],
            [
              -88.99007734819386,
              28.9401725051558
            ],
            [
              -88.98997479987852,
              28.94017402185576
            ],
            [
              -88.98997307570335,
              28.94008381601282
            ],
            [
              -88.98976797922641,
              28.940086849167354
            ],
            [
              -88.98976625523655,
              28.9399966433119
            ],
            [
              -88.98966370707494,
              28.939998159766475
            ],
            [
              -88.98966198318168,
              28.9399079539041
            ],
            [
              -88.9895594351009,
              28.939909470275005
            ],
            [
              -88.98955771130424,
              28.939819264405717
            ],
            [
              -88.98945516330426,
              28.939820780692965
            ],
            [
              -88.98943447942459,
              28.938738310092532
            ],
            [
              -88.98953702636013,
              28.938736793872607
            ],
            [
              -88.9895353026661,
              28.938646587986373
            ],
            [
              -88.98963784950503,
              28.93864507169401
            ],
            [
              -88.98963612573017,
              28.93855486581208
            ],
            [
              -88.9918921522374,
              28.938521487757175
            ],
            [
              -88.99189042651903,
              28.93843128199745
            ],
            [
              -88.99681264863071,
              28.93835832629942
            ],
            [
              -88.99681091866269,
              28.938268120808313
            ],
            [
              -88.99773383247961,
              28.9382544216465
            ],
            [
              -88.9977355632459,
              28.93834462708689
            ],
            [
              -88.9988635691259,
              28.93832787501979
            ],
            [
              -88.9988653008758,
              28.9384180803969
            ],
            [
              -88.9990703929283,
              28.93841503354064
            ],
            [
              -88.99907212486353,
              28.938505238905183
            ],
            [
              -88.99917467096658,
              28.93850371535434
            ],
            [
              -88.99917813503824,
              28.938684126068217
            ],
            [
              -88.99928068131076,
              28.93868260242806
            ],
            [
              -88.99928587774384,
              28.93895321847219
            ],
            [
              -88.99938842427453,
              28.938951694737064
            ],
            [
              -88.99939535331782,
              28.93931251608842
            ],
            [
              -88.99929280643234,
              28.939314039846096
            ],
            [
              -88.999298003032,
              28.939584655862827
            ],
            [
              -88.99919545587247,
              28.939586179559356
            ],
            [
              -88.9992006522774,
              28.939856795581274
            ],
            [
              -88.99909810484382,
              28.939858319216675
            ],
            [
              -88.99910156897603,
              28.9400387299027
            ],
            [
              -88.99899902135712,
              28.94004025347132
            ],
            [
              -88.99900248534364,
              28.940220664163387
            ],
            [
              -88.99889993753938,
              28.94022218766523
            ],
            [
              -88.9989034013802,
              28.940402598363374
            ],
            [
              -88.9988008533906,
              28.94040412179844
            ],
            [
              -88.99880431708574,
              28.940584532502626
            ],
            [
              -88.9987017689108,
              28.940586055870916
            ],
            [
              -88.99870523246024,
              28.940766466581152
            ],
            [
              -88.99860268409995,
              28.94076798988265
            ],
            [
              -88.99860441579786,
              28.94085819524146
            ],
            [
              -88.9985018673409,
              28.94085971847054
            ],
            [
              -88.99850359895804,
              28.94094992383367
            ],
            [
              -88.99840105040447,
              28.940951446990333
            ],
            [
              -88.99840278194083,
              28.941041652357796
            ],
            [
              -88.9983002332906,
              28.941043175442037
            ],
            [
              -88.99830196474618,
              28.941133380813838
            ],
            [
              -88.99819941599931,
              28.941134903825645
            ],
            [
              -88.9982011473741,
              28.941225109201792
            ],
            [
              -88.9980985985306,
              28.9412266321412
            ],
            [
              -88.99810032982461,
              28.94131683752164
            ],
            [
              -88.99799778088448,
              28.941318360388635
            ],
            [
              -88.99799951209769,
              28.94140856577341
            ],
            [
              -88.99789696306091,
              28.941410088567963
            ],
            [
              -88.99789869419335,
              28.941500293957077
            ],
            [
              -88.99779614505994,
              28.941501816679214
            ],
            [
              -88.99779787611159,
              28.94159202207266
            ],
            [
              -88.99769532688153,
              28.941593544722373
            ],
            [
              -88.99769705785239,
              28.94168375012014
            ],
            [
              -88.9975945085257,
              28.941685272697427
            ],
            [
              -88.99759623941578,
              28.94177547809955
            ],
            [
              -88.99739114056116,
              28.941778523031214
            ],
            [
              -88.99739287128175,
              28.94186872844327
            ],
            [
              -88.99698267312257,
              28.94187481739244
            ],
            [
              -88.99698440349623,
              28.941965022825716
            ],
            [
              -88.9966767545275,
              28.94196958873488
            ],
            [
              -88.99667848464293,
              28.942059794183766
            ],
            [
              -88.9964733851134,
              28.94206283774417
            ],
            [
              -88.99647511505931,
              28.942153043202996
            ],
            [
              -88.99637256519397,
              28.942154564871746
            ],
            [
              -88.99637429505908,
              28.94224477033491
            ],
            [
              -88.99616919512717,
              28.942247813449477
            ],
            [
              -88.99617092482276,
              28.942338018922584
            ],
            [
              -88.9960683747562,
              28.942339540368422
            ],
            [
              -88.99607010437103,
              28.942429745845853
            ],
            [
              -88.99596755420782,
              28.942431267219245
            ],
            [
              -88.99596928374186,
              28.942521472701003
            ],
            [
              -88.99586673348202,
              28.942522994001965
            ],
            [
              -88.99586846293523,
              28.942613199488054
            ],
            [
              -88.99566336221437,
              28.94261624186705
            ],
            [
              -88.99566509149808,
              28.942706447363086
            ],
            [
              -88.99556254103705,
              28.942707968441127
            ],
            [
              -88.99556427023995,
              28.942798173941483
            ],
            [
              -88.99515406796179,
              28.942804257495524
            ],
            [
              -88.99515579681774,
              28.942894463017083
            ],
            [
              -88.99474559405802,
              28.94290054534464
            ],
            [
              -88.99474732256701,
              28.9429907508874
            ],
            [
              -88.99443967014795,
              28.9429953118303
            ],
            [
              -88.99444139839869,
              28.943085517388628
            ]
          ],
          [
            [
              -88.99338479760016,
              28.941477014252175
            ],
            [
              -88.993383070379,
              28.941386808614144
            ],
            [
              -88.99328052107461,
              28.94138832789051
            ],
            [
              -88.99328224820705,
              28.941478533534166
            ],
            [
              -88.99338479760016,
              28.941477014252175
            ]
          ]
        ]
      },
      "properties": {
        "incident_id": "SP-003",
        "type": "AI-detected-slick",
        "source": "Sentinel-1 SAR",
        "method": "U-Net segmentation + radiometric filtering"
      }
    },
    {
      "type": "Feature",
      "geometry": {
        "type": "Polygon",
        "coordinates": [
          [
            [
              -88.98891312889835,
              28.93829486040893
            ],
            [
              -88.98132466369786,
              28.938406813144855
            ],
            [
              -88.98132294713936,
              28.938316606804218
            ],
            [
              -88.98101530601531,
              28.938321136397207
            ],
            [
              -88.98101358973076,
              28.938230930038493
            ],
            [
              -88.98091104276239,
              28.938232439741125
            ],
            [
              -88.98090932657442,
              28.93814223337553
            ],
            [
              -88.98080677968689,
              28.938143742994537
            ],
            [
              -88.98080334751191,
              28.937963330248262
            ],
            [
              -88.98070080079393,
              28.93796483977805
            ],
            [
              -88.98069222093754,
              28.937513807861652
            ],
            [
              -88.98079476721202,
              28.9375122983598
            ],
            [
              -88.98079133514707,
              28.93733188559528
            ],
            [
              -88.98089388123631,
              28.93733037602655
            ],
            [
              -88.98089044902541,
              28.937149963268006
            ],
            [
              -88.98099299492941,
              28.937148453632382
            ],
            [
              -88.98098956257253,
              28.936968040879805
            ],
            [
              -88.98109210829126,
              28.93696653117732
            ],
            [
              -88.98109039203592,
              28.936876324804665
            ],
            [
              -88.98119293765811,
              28.936874815029718
            ],
            [
              -88.98118950499362,
              28.93669440229165
            ],
            [
              -88.98129205043055,
              28.936692892449837
            ],
            [
              -88.98129033402141,
              28.936602686084445
            ],
            [
              -88.98139287936178,
              28.936601176170175
            ],
            [
              -88.98139116287179,
              28.936510969809056
            ],
            [
              -88.98149370811562,
              28.936509459822332
            ],
            [
              -88.9814919915448,
              28.93641925346551
            ],
            [
              -88.98159453669206,
              28.936417743406324
            ],
            [
              -88.98159282004042,
              28.936327537053774
            ],
            [
              -88.98179791013398,
              28.936324516712457
            ],
            [
              -88.9817961933128,
              28.93623431036979
            ],
            [
              -88.98189873825909,
              28.93623280008765
            ],
            [
              -88.9818970213571,
              28.936142593749274
            ],
            [
              -88.9821021110487,
              28.936139572962055
            ],
            [
              -88.98210039397719,
              28.936049366633544
            ],
            [
              -88.9822029387225,
              28.936047856128457
            ],
            [
              -88.98220122157016,
              28.93595764980423
            ],
            [
              -88.98230376621892,
              28.935956139226704
            ],
            [
              -88.98230204898574,
              28.935865932906754
            ],
            [
              -88.98240459353795,
              28.93586442225677
            ],
            [
              -88.98240287622396,
              28.935774215941127
            ],
            [
              -88.9825054206796,
              28.93577270521868
            ],
            [
              -88.98250370328478,
              28.93568249890733
            ],
            [
              -88.98270879199512,
              28.935679477239503
            ],
            [
              -88.98270707443078,
              28.93558927093802
            ],
            [
              -88.98280961868545,
              28.935587759992632
            ],
            [
              -88.98280790104029,
              28.935497553695438
            ],
            [
              -88.98301298934867,
              28.935494531581735
            ],
            [
              -88.983011271534,
              28.935404325294424
            ],
            [
              -88.98311381558771,
              28.935402814126103
            ],
            [
              -88.98311209769221,
              28.93531260784307
            ],
            [
              -88.98331718559864,
              28.935309585283505
            ],
            [
              -88.98331546753363,
              28.935219379010363
            ],
            [
              -88.98341801138635,
              28.935217867619098
            ],
            [
              -88.98341629324054,
              28.93512766135026
            ],
            [
              -88.98362138074499,
              28.935124638344814
            ],
            [
              -88.98361966242966,
              28.935034432085843
            ],
            [
              -88.98372220608141,
              28.935032920471652
            ],
            [
              -88.98372048768526,
              28.934942714216977
            ],
            [
              -88.98382303124045,
              28.934941202530357
            ],
            [
              -88.9838213127635,
              28.934850996279955
            ],
            [
              -88.98392385622213,
              28.934849484520885
            ],
            [
              -88.98392213766435,
              28.93475927827479
            ],
            [
              -88.98412722438063,
              28.93475625453372
            ],
            [
              -88.98412550565335,
              28.934666048297515
            ],
            [
              -88.984228048911,
              28.934664536315513
            ],
            [
              -88.98422633010291,
              28.934574330083596
            ],
            [
              -88.98443141641721,
              28.934571305896682
            ],
            [
              -88.98442969743964,
              28.93448109967464
            ],
            [
              -88.98453224049629,
              28.934479587469735
            ],
            [
              -88.9845305214379,
              28.934389381251986
            ],
            [
              -88.98473560735025,
              28.934386356619232
            ],
            [
              -88.98473388812235,
              28.93429615041139
            ],
            [
              -88.98493897382583,
              28.934293125477687
            ],
            [
              -88.98493725442844,
              28.93420291927972
            ],
            [
              -88.98514233992306,
              28.934199894045072
            ],
            [
              -88.98514062035619,
              28.934109687857017
            ],
            [
              -88.98534570564193,
              28.934106662321412
            ],
            [
              -88.98534398590559,
              28.93401645614324
            ],
            [
              -88.98544652844795,
              28.93401494326398
            ],
            [
              -88.9854448086308,
              28.933924737090102
            ],
            [
              -88.98554735107662,
              28.93392322413841
            ],
            [
              -88.98554563117865,
              28.933833017968823
            ],
            [
              -88.9857507158693,
              28.933829991842543
            ],
            [
              -88.98574899580186,
              28.933739785682857
            ],
            [
              -88.98585153804667,
              28.93373827250826
            ],
            [
              -88.98584981789843,
              28.93364806635287
            ],
            [
              -88.98605490218709,
              28.933645039780775
            ],
            [
              -88.98605318186935,
              28.933554833635277
            ],
            [
              -88.98625826594913,
              28.933551806762257
            ],
            [
              -88.98625654546193,
              28.933461600626654
            ],
            [
              -88.98646162933284,
              28.933458573452697
            ],
            [
              -88.98645990867614,
              28.933368367326995
            ],
            [
              -88.98666499233818,
              28.933365339852113
            ],
            [
              -88.98666327151201,
              28.933275133736313
            ],
            [
              -88.98676581324253,
              28.93327361988742
            ],
            [
              -88.98676409233556,
              28.933183413775925
            ],
            [
              -88.9869691755956,
              28.933180385855255
            ],
            [
              -88.98696745451917,
              28.93309017975366
            ],
            [
              -88.98717253757032,
              28.933087151532064
            ],
            [
              -88.9871708163244,
              28.932996945440365
            ],
            [
              -88.98737589916668,
              28.932993916917845
            ],
            [
              -88.98737417775129,
              28.932903710836055
            ],
            [
              -88.98768180168953,
              28.932899167483864
            ],
            [
              -88.987680080016,
              28.93280896141758
            ],
            [
              -88.98850040946162,
              28.932796842423215
            ],
            [
              -88.98850213184454,
              28.93288704844464
            ],
            [
              -88.98870721430443,
              28.93288401790453
            ],
            [
              -88.98870893687258,
              28.932974223913448
            ],
            [
              -88.98881147817937,
              28.932972708520733
            ],
            [
              -88.9888132008441,
              28.93306291452275
            ],
            [
              -88.98891574223168,
              28.9330613990464
            ],
            [
              -88.98891918776216,
              28.933241811035277
            ],
            [
              -88.9890217293192,
              28.933240295469677
            ],
            [
              -88.98907514182675,
              28.93603668045683
            ],
            [
              -88.98917768612509,
              28.93603516463932
            ],
            [
              -88.98917940932415,
              28.936125370580193
            ],
            [
              -88.98907686493712,
              28.936126886403308
            ],
            [
              -88.98907858805538,
              28.93621709234848
            ],
            [
              -88.9891811325311,
              28.936215576519754
            ],
            [
              -88.98918285574594,
              28.936305782458017
            ],
            [
              -88.98908031118154,
              28.936307298292345
            ],
            [
              -88.98908203431559,
              28.9363975042349
            ],
            [
              -88.98918457896868,
              28.93639598839497
            ],
            [
              -88.98918630219931,
              28.936486194330623
            ],
            [
              -88.98908375745752,
              28.936487710176166
            ],
            [
              -88.98908548060734,
              28.93657791611612
            ],
            [
              -88.98918802543781,
              28.936576400264954
            ],
            [
              -88.98918974868423,
              28.936666606198003
            ],
            [
              -88.98908720376507,
              28.936668122054773
            ],
            [
              -88.98908892693068,
              28.936758327992123
            ],
            [
              -88.98919147193854,
              28.93675681212975
            ],
            [
              -88.98919319520073,
              28.93684701806018
            ],
            [
              -88.98909065010417,
              28.936848533928174
            ],
            [
              -88.98911477536178,
              28.938111416895936
            ],
            [
              -88.98901222901559,
              28.938112932764398
            ],
            [
              -88.98901395221876,
              28.938203138686504
            ],
            [
              -88.98891140577598,
              28.93820465448253
            ],
            [
              -88.98891312889835,
              28.93829486040893
            ]
          ]
        ]
      },
      "properties": {
        "incident_id": "SP-003",
        "type": "AI-detected-slick",
        "source": "Sentinel-1 SAR",
        "method": "U-Net segmentation + radiometric filtering"
      }
    },
    {
      "type": "Feature",
      "geometry": {
        "type": "Polygon",
        "coordinates": [
          [
            [
              -88.99055214791336,
              28.938180392380392
            ],
            [
              -88.99003941621254,
              28.93818797643362
            ],
            [
              -88.99003769212237,
              28.93809777056762
            ],
            [
              -88.98973005327322,
              28.93810232004615
            ],
            [
              -88.98972832945705,
              28.93801211416201
            ],
            [
              -88.9896257832469,
              28.93801363049315
            ],
            [
              -88.98962061211184,
              28.93774301281609
            ],
            [
              -88.98951806615989,
              28.937744529052345
            ],
            [
              -88.98948876591088,
              28.936211028565342
            ],
            [
              -88.98938622145884,
              28.936212544628187
            ],
            [
              -88.98932246149471,
              28.932874924411447
            ],
            [
              -88.98942500266547,
              28.932873408556166
            ],
            [
              -88.98942155631136,
              28.932692996612946
            ],
            [
              -88.98952409729688,
              28.932691480690846
            ],
            [
              -88.98952065079698,
              28.93251106875363
            ],
            [
              -88.98962319159726,
              28.932509552764714
            ],
            [
              -88.98961974495158,
              28.93232914083351
            ],
            [
              -88.98972228556661,
              28.9323276247778
            ],
            [
              -88.98972056216694,
              28.932237418815852
            ],
            [
              -88.98992564319602,
              28.93223438648155
            ],
            [
              -88.98992391962688,
              28.93214418052951
            ],
            [
              -88.9900264600409,
              28.932142664250936
            ],
            [
              -88.99002473639099,
              28.932052458303215
            ],
            [
              -88.99012727670844,
              28.932050941952212
            ],
            [
              -88.99012555297776,
              28.931960736008797
            ],
            [
              -88.99033063341165,
              28.93195770308393
            ],
            [
              -88.9903289095115,
              28.931867497150453
            ],
            [
              -88.99043144962793,
              28.93186598057659
            ],
            [
              -88.99042972564703,
              28.931775774647395
            ],
            [
              -88.99053226566689,
              28.931774258001116
            ],
            [
              -88.9905305416052,
              28.93168405207625
            ],
            [
              -88.9906330815285,
              28.93168253535757
            ],
            [
              -88.99063135738604,
              28.931592329437006
            ],
            [
              -88.99073389721276,
              28.931590812645904
            ],
            [
              -88.99073044877422,
              28.931410400812073
            ],
            [
              -88.9908329884157,
              28.931408883954173
            ],
            [
              -88.9908312641196,
              28.931318678040927
            ],
            [
              -88.99093380366455,
              28.931317161110613
            ],
            [
              -88.99093207928766,
              28.93122695520167
            ],
            [
              -88.99113715817649,
              28.931223921118203
            ],
            [
              -88.99113543363018,
              28.93113371521919
            ],
            [
              -88.99123797297408,
              28.931132198066027
            ],
            [
              -88.991236248347,
              28.931041992171316
            ],
            [
              -88.99144132683375,
              28.931038957642162
            ],
            [
              -88.99143960203725,
              28.930948751757377
            ],
            [
              -88.99174721944215,
              28.930944199395295
            ],
            [
              -88.99174549438753,
              28.930853993526064
            ],
            [
              -88.99205311145533,
              28.93084944047861
            ],
            [
              -88.99205138614262,
              28.93075923462492
            ],
            [
              -88.99235900287331,
              28.93075468089212
            ],
            [
              -88.9923572773025,
              28.93066447505398
            ],
            [
              -88.99245981610827,
              28.93066295699261
            ],
            [
              -88.99244083437573,
              28.929670692748818
            ],
            [
              -88.99254337219828,
              28.929669174671226
            ],
            [
              -88.9925399208996,
              28.929488762984832
            ],
            [
              -88.99264245853695,
              28.929487244840455
            ],
            [
              -88.99264073281081,
              28.929397039000918
            ],
            [
              -88.9927432703516,
              28.92939552078415
            ],
            [
              -88.99273981874569,
              28.92921510911239
            ],
            [
              -88.99284235610125,
              28.929213590828837
            ],
            [
              -88.9928406302215,
              28.92912338499664
            ],
            [
              -88.9929431674805,
              28.929121866640674
            ],
            [
              -88.99293971556739,
              28.928941454983594
            ],
            [
              -88.99304225264117,
              28.928939936560862
            ],
            [
              -88.99304052660781,
              28.928849730735987
            ],
            [
              -88.99314306358504,
              28.92884821224085
            ],
            [
              -88.99314133747093,
              28.92875800642028
            ],
            [
              -88.99324387435159,
              28.928756487852755
            ],
            [
              -88.99324214815674,
              28.9286662820365
            ],
            [
              -88.99334468494082,
              28.928664763396572
            ],
            [
              -88.99334295866522,
              28.92857455758465
            ],
            [
              -88.99354803203238,
              28.92857152008199
            ],
            [
              -88.99354630558737,
              28.928481314280003
            ],
            [
              -88.99364884217043,
              28.92847979541727
            ],
            [
              -88.99364711564468,
              28.92838958961959
            ],
            [
              -88.99374965213117,
              28.92838807068447
            ],
            [
              -88.99374792552467,
              28.928297864891114
            ],
            [
              -88.9938504619146,
              28.9282963458836
            ],
            [
              -88.99384873522736,
              28.92820614009455
            ],
            [
              -88.99395127152073,
              28.928204621014643
            ],
            [
              -88.99394954475275,
              28.92811441522991
            ],
            [
              -88.99405208094956,
              28.92811289607761
            ],
            [
              -88.99405035410084,
              28.928022690297205
            ],
            [
              -88.9942554262934,
              28.928019651769798
            ],
            [
              -88.99425369927529,
              28.927929445999336
            ],
            [
              -88.99435623527106,
              28.927927926624236
            ],
            [
              -88.99435450817218,
              28.927837720858093
            ],
            [
              -88.99455957996271,
              28.92783468188509
            ],
            [
              -88.99455785269444,
              28.92774447612889
            ],
            [
              -88.99476292427602,
              28.927741436855076
            ],
            [
              -88.99476119683837,
              28.927651231108822
            ],
            [
              -88.99486373252863,
              28.927649711360537
            ],
            [
              -88.99486200501023,
              28.927559505618596
            ],
            [
              -88.99496454060395,
              28.927557985797915
            ],
            [
              -88.99496281300482,
              28.927467780060287
            ],
            [
              -88.99506534850195,
              28.927466260167222
            ],
            [
              -88.99506362082208,
              28.92737605443393
            ],
            [
              -88.99516615622265,
              28.927374534468473
            ],
            [
              -88.99516442846205,
              28.927284328739496
            ],
            [
              -88.99526696376607,
              28.927282808701648
            ],
            [
              -88.99526523592473,
              28.927192602976998
            ],
            [
              -88.99536777113218,
              28.927191082866763
            ],
            [
              -88.99536431529594,
              28.927010671424817
            ],
            [
              -88.99546685031818,
              28.927009151247823
            ],
            [
              -88.99546512232328,
              28.926918945530513
            ],
            [
              -88.99556765724897,
              28.926917425281136
            ],
            [
              -88.99556592917334,
              28.926827219568143
            ],
            [
              -88.99566846400246,
              28.926825699246383
            ],
            [
              -88.9956667358461,
              28.926735493537723
            ],
            [
              -88.99576927057866,
              28.92673397314358
            ],
            [
              -88.99576754234155,
              28.92664376743924
            ],
            [
              -88.99587007697757,
              28.926642246972715
            ],
            [
              -88.99586662034983,
              28.926461835571384
            ],
            [
              -88.99596915480062,
              28.926460315038106
            ],
            [
              -88.99596742640999,
              28.926370109341107
            ],
            [
              -88.99606996076422,
              28.926368588735446
            ],
            [
              -88.99606823229284,
              28.92627838304277
            ],
            [
              -88.99617076655052,
              28.926276862364734
            ],
            [
              -88.99616903799841,
              28.926186656676386
            ],
            [
              -88.99627157215953,
              28.92618513592595
            ],
            [
              -88.9962698435267,
              28.92609493024194
            ],
            [
              -88.99637237759126,
              28.92609340941914
            ],
            [
              -88.9963706488777,
              28.92600320373944
            ],
            [
              -88.99657571680576,
              28.926000161871073
            ],
            [
              -88.99657398792284,
              28.925909956201323
            ],
            [
              -88.9968815894896,
              28.925905392830607
            ],
            [
              -88.99687986034868,
              28.92581518717645
            ],
            [
              -88.99698239409979,
              28.92581366590249
            ],
            [
              -88.99698412332936,
              28.925903871551014
            ],
            [
              -88.9971891909851,
              28.92590082875782
            ],
            [
              -88.99719092039987,
              28.925991034393775
            ],
            [
              -88.9973959882012,
              28.925987991277292
            ],
            [
              -88.99739425860915,
              28.925897785652595
            ],
            [
              -88.99790692753065,
              28.925890176524412
            ],
            [
              -88.99790519750331,
              28.925799970926565
            ],
            [
              -88.99841786578351,
              28.925792359876386
            ],
            [
              -88.99841613532088,
              28.92570215430541
            ],
            [
              -88.99872373592797,
              28.925697586756122
            ],
            [
              -88.99872200520734,
              28.925607381200752
            ],
            [
              -88.9989270720618,
              28.92560433578914
            ],
            [
              -88.99892534117183,
              28.925514130243723
            ],
            [
              -88.99902787449854,
              28.925512607426548
            ],
            [
              -88.99902614352784,
              28.92542240188547
            ],
            [
              -88.9992312099802,
              28.925419356028364
            ],
            [
              -88.99922947884015,
              28.925329150497255
            ],
            [
              -88.99953707819328,
              28.925324581143467
            ],
            [
              -88.99953534679524,
              28.925234375627976
            ],
            [
              -88.9998429458111,
              28.925229805589066
            ],
            [
              -88.99984121415508,
              28.925139600089178
            ],
            [
              -89.00014881283363,
              28.92513502936514
            ],
            [
              -89.00014708091963,
              28.92504482388087
            ],
            [
              -89.0003521464884,
              28.925041776352767
            ],
            [
              -89.00035041440505,
              28.924951570878477
            ],
            [
              -89.00055547976481,
              28.92494852304964
            ],
            [
              -89.00055374751211,
              28.92485831758531
            ],
            [
              -89.00086134522633,
              28.924853745273953
            ],
            [
              -89.00085961271566,
              28.924763539825253
            ],
            [
              -89.00106467764154,
              28.92476049123896
            ],
            [
              -89.00106294496153,
              28.924670285800243
            ],
            [
              -89.00126800967837,
              28.92466723691321
            ],
            [
              -89.00126627682904,
              28.92457703148447
            ],
            [
              -89.00147134133688,
              28.924573982296717
            ],
            [
              -89.0014696083182,
              28.924483776877953
            ],
            [
              -89.001674672617,
              28.924480727389483
            ],
            [
              -89.001672939429,
              28.9243905219807
            ],
            [
              -89.0018780035188,
              28.924387472191505
            ],
            [
              -89.00187627016145,
              28.924297266792713
            ],
            [
              -89.00208133404222,
              28.9242942167028
            ],
            [
              -89.00207960051556,
              28.924204011313993
            ],
            [
              -89.00218213235539,
              28.924202486157675
            ],
            [
              -89.00218039874802,
              28.924112280773212
            ],
            [
              -89.00248799395399,
              28.924107704853213
            ],
            [
              -89.00248626008869,
              28.92401749948438
            ],
            [
              -89.00258879171949,
              28.92401597402736
            ],
            [
              -89.00258705777348,
              28.923925768662855
            ],
            [
              -89.002792120834,
              28.923922717526107
            ],
            [
              -89.00279038671867,
              28.923832512171597
            ],
            [
              -89.00299544957016,
              28.92382946073414
            ],
            [
              -89.00299371528551,
              28.92373925538963
            ],
            [
              -89.00319877792796,
              28.923736203651472
            ],
            [
              -89.00319704347399,
              28.923645998316935
            ],
            [
              -89.00340210590741,
              28.92364294627809
            ],
            [
              -89.00340037128412,
              28.923552740953554
            ],
            [
              -89.00442568208814,
              28.92353747613584
            ],
            [
              -89.00442394658648,
              28.9234472708665
            ],
            [
              -89.00483407033103,
              28.92344116277806
            ],
            [
              -89.0048323344828,
              28.923350957530022
            ],
            [
              -89.0050373961301,
              28.923347903029125
            ],
            [
              -89.0050356601126,
              28.923257697791094
            ],
            [
              -89.00534325225803,
              28.92325311547173
            ],
            [
              -89.00534151598256,
              28.92316291024936
            ],
            [
              -89.0057516383773,
              28.923156799420866
            ],
            [
              -89.00574990175528,
              28.923066594219787
            ],
            [
              -89.00616002366824,
              28.92306048216596
            ],
            [
              -89.00615828669967,
              28.92297027698622
            ],
            [
              -89.00636334743116,
              28.92296722050264
            ],
            [
              -89.0063616102933,
              28.922877015332897
            ],
            [
              -89.0065666708157,
              28.922873958548657
            ],
            [
              -89.00656493350853,
              28.92278375338893
            ],
            [
              -89.00676999382186,
              28.92278069630401
            ],
            [
              -89.0067682563454,
              28.922690491154288
            ],
            [
              -89.00697331644965,
              28.922687433768708
            ],
            [
              -89.00697157880388,
              28.922597228629005
            ],
            [
              -89.00707410875545,
              28.92259569982488
            ],
            [
              -89.00707237102903,
              28.922505494689528
            ],
            [
              -89.00717490088401,
              28.92250396581306
            ],
            [
              -89.00717316307691,
              28.922413760682062
            ],
            [
              -89.00737822258573,
              28.922410702706472
            ],
            [
              -89.00737648460935,
              28.922320497585492
            ],
            [
              -89.0074790142632,
              28.92231896848637
            ],
            [
              -89.00747727620616,
              28.922228763369738
            ],
            [
              -89.00757980576341,
              28.92222723419829
            ],
            [
              -89.0075780676257,
              28.922137029086006
            ],
            [
              -89.00768059708639,
              28.922135499842216
            ],
            [
              -89.00767885886802,
              28.922045294734296
            ],
            [
              -89.0077813882321,
              28.92204376541817
            ],
            [
              -89.00777964993308,
              28.921953560314606
            ],
            [
              -89.00788217920059,
              28.921952030926153
            ],
            [
              -89.0078804408209,
              28.921861825826934
            ],
            [
              -89.00808549915479,
              28.92185876682737
            ],
            [
              -89.00808376060581,
              28.921768561738183
            ],
            [
              -89.0081862896722,
              28.92176703212707
            ],
            [
              -89.00818455104256,
              28.92167682704224
            ],
            [
              -89.00838960897418,
              28.92167376759737
            ],
            [
              -89.00838787017528,
              28.921583562522557
            ],
            [
              -89.00849039904053,
              28.92158203268879
            ],
            [
              -89.00848866016095,
              28.921491827618343
            ],
            [
              -89.00869371769032,
              28.921488767728167
            ],
            [
              -89.00869197864147,
              28.921398562667736
            ],
            [
              -89.00879450730558,
              28.92139703261133
            ],
            [
              -89.00879276817608,
              28.921306827555245
            ],
            [
              -89.0088952967436,
              28.921305297426514
            ],
            [
              -89.00889355753345,
              28.921215092374805
            ],
            [
              -89.0089960860044,
              28.92121356217374
            ],
            [
              -89.0089943467136,
              28.921123357126383
            ],
            [
              -89.00909687508795,
              28.921121826853
            ],
            [
              -89.0090951357165,
              28.921031621810005
            ],
            [
              -89.00919766399427,
              28.92103009146428
            ],
            [
              -89.00919418509804,
              28.920849681385704
            ],
            [
              -89.0092967131906,
              28.920848150973338
            ],
            [
              -89.00929497366582,
              28.920757945937755
            ],
            [
              -89.0093975016618,
              28.92075641545306
            ],
            [
              -89.0093940224589,
              28.920576005389304
            ],
            [
              -89.00949655026969,
              28.92057447483794
            ],
            [
              -89.00949481059156,
              28.92048426980978
            ],
            [
              -89.00959733830578,
              28.920482739186102
            ],
            [
              -89.00959559854701,
              28.9203925341623
            ],
            [
              -89.00969812616462,
              28.920391003466296
            ],
            [
              -89.00969638632522,
              28.92030079844686
            ],
            [
              -89.00979891384624,
              28.920299267678537
            ],
            [
              -89.0097971739262,
              28.920209062663453
            ],
            [
              -89.00989970135065,
              28.92020753182282
            ],
            [
              -89.00989796134994,
              28.920117326812083
            ],
            [
              -89.01010301599769,
              28.920114264908182
            ],
            [
              -89.01010127582774,
              28.92002405990749
            ],
            [
              -89.01020380305106,
              28.92002252884422
            ],
            [
              -89.01020206280046,
              28.9199323238479
            ],
            [
              -89.01040711704593,
              28.91992926149875
            ],
            [
              -89.0104053766261,
              28.91983905651244
            ],
            [
              -89.01071295766867,
              28.919834462420827
            ],
            [
              -89.01071121699096,
              28.919744257450233
            ],
            [
              -89.01091627080227,
              28.919741194343903
            ],
            [
              -89.0109145299553,
              28.919650989383328
            ],
            [
              -89.01101705676038,
              28.919649457718858
            ],
            [
              -89.01101531583278,
              28.919559252762657
            ],
            [
              -89.0112203692418,
              28.91955618921109
            ],
            [
              -89.01122211034662,
              28.919646394155958
            ],
            [
              -89.01142716390096,
              28.919643330281115
            ],
            [
              -89.01143064648898,
              28.91982374014425
            ],
            [
              -89.01153317343142,
              28.9198222080785
            ],
            [
              -89.01153491482599,
              28.919912413002447
            ],
            [
              -89.01163744184906,
              28.919910880853042
            ],
            [
              -89.01163570036586,
              28.919820675934776
            ],
            [
              -89.01173822729234,
              28.919819143713074
            ],
            [
              -89.01173648572852,
              28.919728938799175
            ],
            [
              -89.01163395889064,
              28.919730471015214
            ],
            [
              -89.0116322174234,
              28.919640266094337
            ],
            [
              -89.01152969066617,
              28.919641798226717
            ],
            [
              -89.01152620793283,
              28.919461388369708
            ],
            [
              -89.01162873451284,
              28.91945985624867
            ],
            [
              -89.01162699306953,
              28.919369651323887
            ],
            [
              -89.01183204602839,
              28.9193665868592
            ],
            [
              -89.01183030441584,
              28.91927638194445
            ],
            [
              -89.01213788352847,
              28.919271784679562
            ],
            [
              -89.01213614165808,
              28.919181579780513
            ],
            [
              -89.01234119418271,
              28.9191785145587
            ],
            [
              -89.01233945214307,
              28.919088309669696
            ],
            [
              -89.01244197830482,
              28.919086776947477
            ],
            [
              -89.01243849407224,
              28.918906367176923
            ],
            [
              -89.0125410200488,
              28.91890483438807
            ],
            [
              -89.01252882486591,
              28.918273400189708
            ],
            [
              -89.01263135021424,
              28.918271867362588
            ],
            [
              -89.01262438135943,
              28.917911047814655
            ],
            [
              -89.01272690634536,
              28.91790951493226
            ],
            [
              -89.01271993726382,
              28.91754869538612
            ],
            [
              -89.01282246188738,
              28.917547162448454
            ],
            [
              -89.01279981210241,
              28.916374498853102
            ],
            [
              -89.0129023355662,
              28.916372965911226
            ],
            [
              -89.01288839719858,
              28.915651326711412
            ],
            [
              -89.01299091994562,
              28.91564979373696
            ],
            [
              -89.01298743525633,
              28.9154693839353
            ],
            [
              -89.01319248037211,
              28.91546631777517
            ],
            [
              -89.01319073786225,
              28.915376112883724
            ],
            [
              -89.01339578276892,
              28.91537304642307
            ],
            [
              -89.01339404008986,
              28.91528284154169
            ],
            [
              -89.01411169639158,
              28.91527210651305
            ],
            [
              -89.01411343969077,
              28.915362311354695
            ],
            [
              -89.01431848445371,
              28.915359243490574
            ],
            [
              -89.01432022793809,
              28.915449448319553
            ],
            [
              -89.01462779528839,
              28.915444845921552
            ],
            [
              -89.01462953904651,
              28.915535050732192
            ],
            [
              -89.01473206156923,
              28.9155335164379
            ],
            [
              -89.01473380542393,
              28.915623721241566
            ],
            [
              -89.01483632802726,
              28.915622186863622
            ],
            [
              -89.0148624881353,
              28.916975258676654
            ],
            [
              -89.01475996420304,
              28.916976793139792
            ],
            [
              -89.01476868419547,
              28.91742781704061
            ],
            [
              -89.01487120857072,
              28.917426282549062
            ],
            [
              -89.01490434804685,
              28.91914017296662
            ],
            [
              -89.01500687409761,
              28.919138638289166
            ],
            [
              -89.01502780684238,
              28.920221095084027
            ],
            [
              -89.0149252797283,
              28.920222629829652
            ],
            [
              -89.01492702408702,
              28.920312834559756
            ],
            [
              -89.0150295512897,
              28.920311299808446
            ],
            [
              -89.01503129574503,
              28.92040150453157
            ],
            [
              -89.01492876845373,
              28.92040303928856
            ],
            [
              -89.01493051282843,
              28.920493244016047
            ],
            [
              -89.01503304020834,
              28.92049170925338
            ],
            [
              -89.01513248782581,
              28.9256333762386
            ],
            [
              -89.01502995539423,
              28.925634911325105
            ],
            [
              -89.0150386796649,
              28.926085934570914
            ],
            [
              -89.01493614678213,
              28.926087469607815
            ],
            [
              -89.01493963636906,
              28.92626787890836
            ],
            [
              -89.01483710330103,
              28.92626941387862
            ],
            [
              -89.01484059274264,
              28.926449823185308
            ],
            [
              -89.01473805948935,
              28.926451358088926
            ],
            [
              -89.0147398041335,
              28.926541562745992
            ],
            [
              -89.0145347374256,
              28.926544632330568
            ],
            [
              -89.01453648190048,
              28.92663483699769
            ],
            [
              -89.01433141498336,
              28.9266379062816
            ],
            [
              -89.01433315928891,
              28.926728110958773
            ],
            [
              -89.01423062572972,
              28.9267296454894
            ],
            [
              -89.01423236995464,
              28.926819850170943
            ],
            [
              -89.01412983629882,
              28.926821384629243
            ],
            [
              -89.01413158044308,
              28.926911589315157
            ],
            [
              -89.01402904669064,
              28.92691312370113
            ],
            [
              -89.01403079075425,
              28.927003328391425
            ],
            [
              -89.01392825690515,
              28.92700486270506
            ],
            [
              -89.01393000088811,
              28.92709506739973
            ],
            [
              -89.01382746694239,
              28.927096601641047
            ],
            [
              -89.01382921084468,
              28.92718680634009
            ],
            [
              -89.01372667680234,
              28.92718834050906
            ],
            [
              -89.01372842062398,
              28.927278545212477
            ],
            [
              -89.013625886485,
              28.92728007930913
            ],
            [
              -89.01362763022597,
              28.927370284016913
            ],
            [
              -89.01352509599036,
              28.927371818041227
            ],
            [
              -89.01352858331897,
              28.927552227464247
            ],
            [
              -89.0134260488981,
              28.927553761421905
            ],
            [
              -89.01342779248573,
              28.92764396613713
            ],
            [
              -89.01332525796822,
              28.927645500022457
            ],
            [
              -89.01332700147519,
              28.927735704742048
            ],
            [
              -89.0131219322389,
              28.92773877229003
            ],
            [
              -89.01312541892223,
              28.927919181748017
            ],
            [
              -89.01302288411482,
              28.927920715416327
            ],
            [
              -89.0130246273798,
              28.928010920149042
            ],
            [
              -89.01292209247576,
              28.928012453745037
            ],
            [
              -89.01292383566009,
              28.92810265848212
            ],
            [
              -89.01282130065941,
              28.928104192005776
            ],
            [
              -89.01282304376306,
              28.928194396747223
            ],
            [
              -89.01272050866575,
              28.92819593019854
            ],
            [
              -89.01272225168876,
              28.928286134944354
            ],
            [
              -89.01261971649481,
              28.928287668323335
            ],
            [
              -89.01262145943713,
              28.928377873073522
            ],
            [
              -89.012416388848,
              28.928380939608797
            ],
            [
              -89.012418131621,
              28.928471144369038
            ],
            [
              -89.01231559622582,
              28.928472677525335
            ],
            [
              -89.01231733891815,
              28.928562882289928
            ],
            [
              -89.01221480342633,
              28.928564415373888
            ],
            [
              -89.012216546038,
              28.92865462014285
            ],
            [
              -89.0119089392487,
              28.92865921894365
            ],
            [
              -89.01191068160239,
              28.928749423728345
            ],
            [
              -89.01119293152752,
              28.928760151572796
            ],
            [
              -89.01119467326862,
              28.928850356395866
            ],
            [
              -89.01088706570805,
              28.928854952890294
            ],
            [
              -89.01088880719118,
              28.92894515772908
            ],
            [
              -89.01078627123304,
              28.928946689743523
            ],
            [
              -89.01078801263549,
              28.929036894586684
            ],
            [
              -89.01068547658073,
              28.929038426528788
            ],
            [
              -89.0106872179025,
              28.9291286313763
            ],
            [
              -89.01058468175111,
              28.929130163246054
            ],
            [
              -89.0105864229922,
              28.929220368097923
            ],
            [
              -89.0104838867442,
              28.92922189989534
            ],
            [
              -89.0104856279046,
              28.929312104751585
            ],
            [
              -89.01038309155994,
              28.92931363647665
            ],
            [
              -89.01038483263967,
              28.929403841337244
            ],
            [
              -89.01028229619841,
              28.929405372989965
            ],
            [
              -89.01028403719745,
              28.929495577854937
            ],
            [
              -89.01018150065954,
              28.929497109435314
            ],
            [
              -89.01018324157792,
              28.929587314304644
            ],
            [
              -89.00997816830088,
              28.929590377242672
            ],
            [
              -89.0099799090499,
              28.929680582122028
            ],
            [
              -89.00987737231078,
              28.929682113479682
            ],
            [
              -89.00987911297912,
              28.929772318363398
            ],
            [
              -89.00977657614335,
              28.9297738496487
            ],
            [
              -89.009778316731,
              28.92986405453679
            ],
            [
              -89.00957324285825,
              28.92986711688468
            ],
            [
              -89.00957498327656,
              28.9299573217828
            ],
            [
              -89.00947244623957,
              28.929958852845377
            ],
            [
              -89.0094741865772,
              28.930049057747848
            ],
            [
              -89.00926911230198,
              28.930052119650302
            ],
            [
              -89.00927085247027,
              28.93014232456279
            ],
            [
              -89.00916831523205,
              28.93014385540265
            ],
            [
              -89.00917005531963,
              28.93023406031951
            ],
            [
              -89.00906751798479,
              28.930235591087026
            ],
            [
              -89.00906925799168,
              28.93032579600823
            ],
            [
              -89.00886418312076,
              28.930328857320525
            ],
            [
              -89.00886592295831,
              28.930419062251765
            ],
            [
              -89.0086608478782,
              28.930422123263316
            ],
            [
              -89.00866258754638,
              28.93051232820457
            ],
            [
              -89.00845751225708,
              28.93051538891536
            ],
            [
              -89.00845925175592,
              28.930605593866645
            ],
            [
              -89.0077414873718,
              28.930616303936414
            ],
            [
              -89.00773974849359,
              28.930526098945492
            ],
            [
              -89.00753467306093,
              28.93052915825192
            ],
            [
              -89.00753119568303,
              28.930348748243517
            ],
            [
              -89.00742865813207,
              28.93035027776838
            ],
            [
              -89.00742518096337,
              28.930169867743437
            ],
            [
              -89.00732264358176,
              28.930171397178963
            ],
            [
              -89.00731047436267,
              28.929539962010946
            ],
            [
              -89.00741301112367,
              28.929538432615047
            ],
            [
              -89.00740953409827,
              28.929358022566614
            ],
            [
              -89.007512070674,
              28.92935649310401
            ],
            [
              -89.00751033208459,
              28.929266288083497
            ],
            [
              -89.00740779559752,
              28.929267817540435
            ],
            [
              -89.0074043186199,
              28.92908740748418
            ],
            [
              -89.0071992459765,
              28.92909046614138
            ],
            [
              -89.00719750767693,
              28.92900026109996
            ],
            [
              -89.00709497143195,
              28.929001790305875
            ],
            [
              -89.00709323322901,
              28.9289115852575
            ],
            [
              -89.00699069706471,
              28.928913114379746
            ],
            [
              -89.00698895895839,
              28.928822909324413
            ],
            [
              -89.00688642287479,
              28.928824438362984
            ],
            [
              -89.00688468486507,
              28.92873423330067
            ],
            [
              -89.00678214886216,
              28.92873576225557
            ],
            [
              -89.00677867304391,
              28.928555352115747
            ],
            [
              -89.00667613721035,
              28.92855688098131
            ],
            [
              -89.00667439940182,
              28.92846667590377
            ],
            [
              -89.00657186364896,
              28.928468204685657
            ],
            [
              -89.00657012593702,
              28.92837799960117
            ],
            [
              -89.00646759026485,
              28.928379528299384
            ],
            [
              -89.00646585264954,
              28.928289323207927
            ],
            [
              -89.00626078145861,
              28.928292380359014
            ],
            [
              -89.00625904402857,
              28.928202175254945
            ],
            [
              -89.00615650850982,
              28.928203703707812
            ],
            [
              -89.00615824585122,
              28.92829390881754
            ],
            [
              -89.00595317461256,
              28.928296965500532
            ],
            [
              -89.0059549117846,
              28.928387170620272
            ],
            [
              -89.00574984033682,
              28.928390227002538
            ],
            [
              -89.00575331435019,
              28.92857063726072
            ],
            [
              -89.00565077843704,
              28.928572165346143
            ],
            [
              -89.0056559892508,
              28.928842780740595
            ],
            [
              -89.00555345306375,
              28.92884430876497
            ],
            [
              -89.00555692680206,
              28.929024719032714
            ],
            [
              -89.00545439042973,
              28.929026246990386
            ],
            [
              -89.00545612722217,
              28.92911645212797
            ],
            [
              -89.00535359075326,
              28.929117980013267
            ],
            [
              -89.00535706418466,
              28.929298390295813
            ],
            [
              -89.00525452753047,
              28.929299918114413
            ],
            [
              -89.00525800081638,
              28.929480328403052
            ],
            [
              -89.00515546397693,
              28.929481856154936
            ],
            [
              -89.00515720054317,
              28.929572061302945
            ],
            [
              -89.00505466360711,
              28.929573588982475
            ],
            [
              -89.0050581365861,
              28.929753999285904
            ],
            [
              -89.00516067369949,
              28.929752471595073
            ],
            [
              -89.00516414688762,
              28.929932881881967
            ],
            [
              -89.00536922144516,
              28.92992982624363
            ],
            [
              -89.00537095822847,
              28.930020031373815
            ],
            [
              -89.00547349558397,
              28.930018503431974
            ],
            [
              -89.0054752324639,
              28.93010870855519
            ],
            [
              -89.0055777699001,
              28.93010718052966
            ],
            [
              -89.00558124386113,
              28.930287590760887
            ],
            [
              -89.0056837814667,
              28.930286062646037
            ],
            [
              -89.00568725563689,
              28.930466472860733
            ],
            [
              -89.00578979341181,
              28.93046494465655
            ],
            [
              -89.00579326779115,
              28.930645354854715
            ],
            [
              -89.00589580573543,
              28.9306438265612
            ],
            [
              -89.0059010176301,
              28.930914441831696
            ],
            [
              -89.00600355583242,
              28.930912913443187
            ],
            [
              -89.00600703064596,
              28.93109332360568
            ],
            [
              -89.00610956901767,
              28.931091795127845
            ],
            [
              -89.00612868203642,
              28.932084050866017
            ],
            [
              -89.0060261426894,
              28.93208557940608
            ],
            [
              -89.00602961770983,
              28.932265989534642
            ],
            [
              -89.0059270781775,
              28.932267518007986
            ],
            [
              -89.00593055305242,
              28.93244792814265
            ],
            [
              -89.00582801333482,
              28.932449456549282
            ],
            [
              -89.00582975069554,
              28.93253966162031
            ],
            [
              -89.0057272108813,
              28.932541189954573
            ],
            [
              -89.00572894816132,
              28.93263139502994
            ],
            [
              -89.00562640825045,
              28.932632923291834
            ],
            [
              -89.00562814544975,
              28.932723128371556
            ],
            [
              -89.00552560544224,
              28.93272465656107
            ],
            [
              -89.00552734256082,
              28.932814861645163
            ],
            [
              -89.00532226234463,
              28.932817917801426
            ],
            [
              -89.00532399929382,
              28.932908122895505
            ],
            [
              -89.00501637864383,
              28.93291270656164
            ],
            [
              -89.00501811533498,
              28.933002911671377
            ],
            [
              -89.00481303468455,
              28.933005967069978
            ],
            [
              -89.00481477120628,
              28.933096172189725
            ],
            [
              -89.00460969034668,
              28.93309922728751
            ],
            [
              -89.00461142669903,
              28.93318943241725
            ],
            [
              -89.00450888616864,
              28.93319095985475
            ],
            [
              -89.00451062244026,
              28.93328116498884
            ],
            [
              -89.00440808181322,
              28.933282692353963
            ],
            [
              -89.00440981800413,
              28.933372897492408
            ],
            [
              -89.00420473654889,
              28.93337595199988
            ],
            [
              -89.00420647257039,
              28.933466157148302
            ],
            [
              -89.00400139090598,
              28.933469211354947
            ],
            [
              -89.00400312675809,
              28.933559416513383
            ],
            [
              -89.00379804488453,
              28.93356247041921
            ],
            [
              -89.00379978056725,
              28.93365267558763
            ],
            [
              -89.00369723952987,
              28.933654202429153
            ],
            [
              -89.00369897513184,
              28.93374440760193
            ],
            [
              -89.0034938928559,
              28.933747461062183
            ],
            [
              -89.00349562828846,
              28.933837666244944
            ],
            [
              -89.0033930870499,
              28.933839192863665
            ],
            [
              -89.00339482240175,
              28.93392939805078
            ],
            [
              -89.00318973972341,
              28.93393245106542
            ],
            [
              -89.00319147490585,
              28.934022656262538
            ],
            [
              -89.00308893346606,
              28.93402418265846
            ],
            [
              -89.00309066856778,
              28.934114387859907
            ],
            [
              -89.00288558548705,
              28.93411744042896
            ],
            [
              -89.00288732041933,
              28.934207645640406
            ],
            [
              -89.00278477877836,
              28.934209171813528
            ],
            [
              -89.00278824848944,
              28.934389582243792
            ],
            [
              -89.00268570666317,
              28.93439110835018
            ],
            [
              -89.00268917622866,
              28.93457151878651
            ],
            [
              -89.0025866342171,
              28.934573044826163
            ],
            [
              -89.00258836892306,
              28.934663250048025
            ],
            [
              -89.00248582681488,
              28.934664776015275
            ],
            [
              -89.0024875614401,
              28.934754981241475
            ],
            [
              -89.00228247702253,
              28.934758032953184
            ],
            [
              -89.00228421147834,
              28.934848238189378
            ],
            [
              -89.00218166916896,
              28.934849763933837
            ],
            [
              -89.00218513792707,
              28.935030174413576
            ],
            [
              -89.00208259543238,
              28.935031700091283
            ],
            [
              -89.00208432973466,
              28.935121905334846
            ],
            [
              -89.00198178714335,
              28.935123430940163
            ],
            [
              -89.00198525559438,
              28.935303841434674
            ],
            [
              -89.00188271281776,
              28.935305366973243
            ],
            [
              -89.00188618112318,
              28.93548577747383
            ],
            [
              -89.00178363816124,
              28.935487302945642
            ],
            [
              -89.0017853722372,
              28.93557750819962
            ],
            [
              -89.00168282917863,
              28.93557903359904
            ],
            [
              -89.00168456317384,
              28.935669238857365
            ],
            [
              -89.00158202001865,
              28.9356707641844
            ],
            [
              -89.00158375393309,
              28.935760969447063
            ],
            [
              -89.00148121068128,
              28.935762494701706
            ],
            [
              -89.00148294451499,
              28.935852699968706
            ],
            [
              -89.00138040116656,
              28.93585422515095
            ],
            [
              -89.00138213491951,
              28.935944430422282
            ],
            [
              -89.00127959147446,
              28.935945955532127
            ],
            [
              -89.00128132514666,
              28.936036160807802
            ],
            [
              -89.00117878160496,
              28.936037685845275
            ],
            [
              -89.00118224879586,
              28.93621809640398
            ],
            [
              -89.00107970506883,
              28.936219621374693
            ],
            [
              -89.00108143858749,
              28.936309826657745
            ],
            [
              -89.00097889476386,
              28.936311351556053
            ],
            [
              -89.00098062820177,
              28.936401556843435
            ],
            [
              -89.0008780842815,
              28.936403081669344
            ],
            [
              -89.00087981763866,
              28.936493286961056
            ],
            [
              -89.00077727362178,
              28.936494811714567
            ],
            [
              -89.00077900689818,
              28.93658501701064
            ],
            [
              -89.0005739186632,
              28.93658806629482
            ],
            [
              -89.00057565177018,
              28.936678271600858
            ],
            [
              -89.00037056332607,
              28.936681320584167
            ],
            [
              -89.00037229626359,
              28.936771525900173
            ],
            [
              -89.00026975194095,
              28.93677305028041
            ],
            [
              -89.00027148479772,
              28.936863255600755
            ],
            [
              -89.00006639595124,
              28.936866304138373
            ],
            [
              -89.00006812863855,
              28.936956509468704
            ],
            [
              -88.99986303958296,
              28.936959557705435
            ],
            [
              -88.99986477210082,
              28.93704976304573
            ],
            [
              -88.99965968283611,
              28.937052810981577
            ],
            [
              -88.99965795049562,
              28.936962605629994
            ],
            [
              -88.99945286137654,
              28.936965653242385
            ],
            [
              -88.99945112922137,
              28.936875447878226
            ],
            [
              -88.99934858473863,
              28.936876971561716
            ],
            [
              -88.99934338858678,
              28.9366063554445
            ],
            [
              -88.99924084436219,
              28.936607879033044
            ],
            [
              -88.9992165978391,
              28.93534500358518
            ],
            [
              -88.99931914082208,
              28.935343480075577
            ],
            [
              -88.99930874939882,
              28.934802247696343
            ],
            [
              -88.99941129184177,
              28.93480072414252
            ],
            [
              -88.99940436403017,
              28.934439902552825
            ],
            [
              -88.99930182194194,
              28.934441426084106
            ],
            [
              -88.99929662643255,
              28.934170809861225
            ],
            [
              -88.99919408460244,
              28.934172333297546
            ],
            [
              -88.99919062114654,
              28.9339919224645
            ],
            [
              -88.99908807948584,
              28.933993445811524
            ],
            [
              -88.99908634785847,
              28.933903240387412
            ],
            [
              -88.99898380627853,
              28.93390476365076
            ],
            [
              -88.99898207474776,
              28.933814558219705
            ],
            [
              -88.99877699174145,
              28.933817604501048
            ],
            [
              -88.99877526039596,
              28.9337273990574
            ],
            [
              -88.99836509464289,
              28.933733490661147
            ],
            [
              -88.99836336366005,
              28.933643285193657
            ],
            [
              -88.99723540816062,
              28.933660030604347
            ],
            [
              -88.99723713816803,
              28.933750236133793
            ],
            [
              -88.99682697193946,
              28.93375632305561
            ],
            [
              -88.99682870160005,
              28.933846528606285
            ],
            [
              -88.99662361826088,
              28.933849571610256
            ],
            [
              -88.99662534775206,
              28.93393977717088
            ],
            [
              -88.99652280598191,
              28.933941298561454
            ],
            [
              -88.99652453539233,
              28.934031504126402
            ],
            [
              -88.99642199352557,
              28.93403302544456
            ],
            [
              -88.99642372285523,
              28.93412323101384
            ],
            [
              -88.99632118089188,
              28.934124752259592
            ],
            [
              -88.99632291014076,
              28.9342149578332
            ],
            [
              -88.99622036808083,
              28.934216479006558
            ],
            [
              -88.99622209724896,
              28.934306684584485
            ],
            [
              -88.99611955509242,
              28.93430820568544
            ],
            [
              -88.9961212841798,
              28.934398411267697
            ],
            [
              -88.99601874192665,
              28.934399932296234
            ],
            [
              -88.99602047093326,
              28.934490137882804
            ],
            [
              -88.99591792858351,
              28.934491658838954
            ],
            [
              -88.99591965750936,
              28.934581864429852
            ],
            [
              -88.99571457260876,
              28.934584906119277
            ],
            [
              -88.99571630136515,
              28.934675111720125
            ],
            [
              -88.99551121625551,
              28.934678153108678
            ],
            [
              -88.99551294484247,
              28.93476835871948
            ],
            [
              -88.9953078595238,
              28.934771399807133
            ],
            [
              -88.9953095879413,
              28.934861605427876
            ],
            [
              -88.99520704518142,
              28.93486312586028
            ],
            [
              -88.99520877351814,
              28.934953331485353
            ],
            [
              -88.99500368779727,
              28.934956372127296
            ],
            [
              -88.99500541596454,
              28.935046577762318
            ],
            [
              -88.99480033003462,
              28.935049618103363
            ],
            [
              -88.99480205803245,
              28.93513982374833
            ],
            [
              -88.99469951496694,
              28.93514134380742
            ],
            [
              -88.994701242884,
              28.93523154945671
            ],
            [
              -88.99459869972188,
              28.93523306944339
            ],
            [
              -88.99460042755817,
              28.935323275097
            ],
            [
              -88.99449788429946,
              28.935324795011265
            ],
            [
              -88.99449961205497,
              28.935415000669195
            ],
            [
              -88.99439706869966,
              28.935416520511055
            ],
            [
              -88.9943987963744,
              28.9355067261733
            ],
            [
              -88.9942962529225,
              28.935508245942746
            ],
            [
              -88.99429798051645,
              28.935598451609298
            ],
            [
              -88.99419543696796,
              28.935599971306335
            ],
            [
              -88.99419716448114,
              28.935690176977214
            ],
            [
              -88.99409462083604,
              28.935691696601822
            ],
            [
              -88.99409634826844,
              28.935781902277025
            ],
            [
              -88.99399380452675,
              28.935783421829225
            ],
            [
              -88.9939955318784,
              28.935873627508755
            ],
            [
              -88.99389298804009,
              28.935875146988533
            ],
            [
              -88.99389471531094,
              28.935965352672365
            ],
            [
              -88.99379217137606,
              28.935966872079728
            ],
            [
              -88.99379389856614,
              28.936057077767888
            ],
            [
              -88.99369135453463,
              28.936058597102825
            ],
            [
              -88.99369308164393,
              28.936148802795312
            ],
            [
              -88.99359053751584,
              28.936150322057834
            ],
            [
              -88.99359226454436,
              28.93624052775464
            ],
            [
              -88.99348972031966,
              28.936242046944734
            ],
            [
              -88.9934914472674,
              28.936332252645848
            ],
            [
              -88.99338890294611,
              28.936333771763536
            ],
            [
              -88.99339062981308,
              28.93642397746897
            ],
            [
              -88.99328808539518,
              28.936425496514232
            ],
            [
              -88.99328981218136,
              28.93651570222398
            ],
            [
              -88.99318726766685,
              28.936517221196826
            ],
            [
              -88.99318899437225,
              28.936607426910886
            ],
            [
              -88.99308644976117,
              28.936608945811308
            ],
            [
              -88.99308990301829,
              28.936789357246777
            ],
            [
              -88.99298735822191,
              28.936790876080394
            ],
            [
              -88.99299253790082,
              28.93706149324067
            ],
            [
              -88.99288999283046,
              28.9370630120131
            ],
            [
              -88.99289344581187,
              28.937243423458003
            ],
            [
              -88.99279090055622,
              28.93724494216364
            ],
            [
              -88.9927926269701,
              28.93733514788975
            ],
            [
              -88.99269008161782,
              28.937336666522963
            ],
            [
              -88.99269180795092,
              28.937426872253386
            ],
            [
              -88.99248671704528,
              28.937429909296913
            ],
            [
              -88.99248844320888,
              28.93752011503727
            ],
            [
              -88.99228335209425,
              28.937523151779843
            ],
            [
              -88.99228507808837,
              28.937613357530147
            ],
            [
              -88.99187489540945,
              28.937619430101233
            ],
            [
              -88.99187662105669,
              28.937709635872686
            ],
            [
              -88.99156898369841,
              28.937714189498372
            ],
            [
              -88.99157070908747,
              28.937804395285365
            ],
            [
              -88.99136561729838,
              28.93780743065683
            ],
            [
              -88.99136734251795,
              28.937897636453766
            ],
            [
              -88.99116225051988,
              28.93790067152427
            ],
            [
              -88.99116397556993,
              28.937990877331135
            ],
            [
              -88.99085633724748,
              28.937995429368375
            ],
            [
              -88.99085806203935,
              28.938085635190774
            ],
            [
              -88.99055042337972,
              28.93809018654245
            ],
            [
              -88.99055214791336,
              28.938180392380392
            ]
          ]
        ]
      },
      "properties": {
        "incident_id": "SP-003",
        "type": "AI-detected-slick",
        "source": "Sentinel-1 SAR",
        "method": "U-Net segmentation + radiometric filtering"
      }
    },
    {
      "type": "Feature",
      "geometry": {
        "type": "Polygon",
        "coordinates": [
          [
            [
              -89.0161543200997,
              28.925437611901
            ],
            [
              -89.01594925574295,
              28.925440683533317
            ],
            [
              -89.01594751013106,
              28.92535047892878
            ],
            [
              -89.01563991380188,
              28.92535508577518
            ],
            [
              -89.01563816846388,
              28.925264881152287
            ],
            [
              -89.0155356364268,
              28.92526641660607
            ],
            [
              -89.01553214595204,
              28.92508600734498
            ],
            [
              -89.01542961408425,
              28.925087542709395
            ],
            [
              -89.01542437869797,
              28.924816928790925
            ],
            [
              -89.01532184708807,
              28.924818464060294
            ],
            [
              -89.01514040737915,
              28.9154371736988
            ],
            [
              -89.01524292977334,
              28.915435639020327
            ],
            [
              -89.01523944121796,
              28.9152552294633
            ],
            [
              -89.01534196342696,
              28.915253694718224
            ],
            [
              -89.01534021907267,
              28.915163489943428
            ],
            [
              -89.0154427411851,
              28.915161955126074
            ],
            [
              -89.01544099675021,
              28.91507175035566
            ],
            [
              -89.01605612872545,
              28.915062539848236
            ],
            [
              -89.01605438376701,
              28.91497233511062
            ],
            [
              -89.02927964006443,
              28.914773631028098
            ],
            [
              -89.02928139645067,
              28.91486383503013
            ],
            [
              -89.02999904281565,
              28.914853015485743
            ],
            [
              -89.03000079983003,
              28.914943219446407
            ],
            [
              -89.03071844642076,
              28.914932396041614
            ],
            [
              -89.0307166887863,
              28.91484219212101
            ],
            [
              -89.03266458300335,
              28.9148127951592
            ],
            [
              -89.03266634232095,
              28.914902998970962
            ],
            [
              -89.03287138382547,
              28.914899902905184
            ],
            [
              -89.03287314332829,
              28.914990106704206
            ],
            [
              -89.03307818497775,
              28.914987010315105
            ],
            [
              -89.03308522377834,
              28.915347825452212
            ],
            [
              -89.03318774494532,
              28.915346277117788
            ],
            [
              -89.03319126457114,
              28.91552668466703
            ],
            [
              -89.03308874322698,
              28.91552823301292
            ],
            [
              -89.03309578222103,
              28.915889048118675
            ],
            [
              -89.03299326051444,
              28.91589059640952
            ],
            [
              -89.03299502019452,
              28.915980800188414
            ],
            [
              -89.03289249839129,
              28.915982348407027
            ],
            [
              -89.03289425799083,
              28.916072552190343
            ],
            [
              -89.03279173609096,
              28.916074100336722
            ],
            [
              -89.03279349560997,
              28.91616430412448
            ],
            [
              -89.03269097361344,
              28.916165852198613
            ],
            [
              -89.03269449249846,
              28.916346259781637
            ],
            [
              -89.03259197031669,
              28.916347807789272
            ],
            [
              -89.03259548905676,
              28.916528215378538
            ],
            [
              -89.03249296668976,
              28.916529763319648
            ],
            [
              -89.03249472598328,
              28.91661996711806
            ],
            [
              -89.0323922035196,
              28.91662151498693
            ],
            [
              -89.03239396273261,
              28.916711718789767
            ],
            [
              -89.0322914401723,
              28.91671326658639
            ],
            [
              -89.03229319930476,
              28.916803470393642
            ],
            [
              -89.0321906766478,
              28.91680501811803
            ],
            [
              -89.03219243569971,
              28.9168952219297
            ],
            [
              -89.0320899129461,
              28.916896769581843
            ],
            [
              -89.03209167191748,
              28.916986973397943
            ],
            [
              -89.03198914906723,
              28.916988520977846
            ],
            [
              -89.03199090795806,
              28.91707872479837
            ],
            [
              -89.03188838501114,
              28.917080272306027
            ],
            [
              -89.03189014382146,
              28.917170476130963
            ],
            [
              -89.03178762077789,
              28.917172023566366
            ],
            [
              -89.03178937950766,
              28.91726222739574
            ],
            [
              -89.03168685636743,
              28.917263774758897
            ],
            [
              -89.03168861501666,
              28.917353978592683
            ],
            [
              -89.0315860917798,
              28.917355525883604
            ],
            [
              -89.03158785034849,
              28.917445729721805
            ],
            [
              -89.03138280367338,
              28.917448824081184
            ],
            [
              -89.03138456207293,
              28.91753902792953
            ],
            [
              -89.0309744682717,
              28.917545215735505
            ],
            [
              -89.03097622632491,
              28.91763541960546
            ],
            [
              -89.03077117919878,
              28.917638513052044
            ],
            [
              -89.03077293708284,
              28.91772871693213
            ],
            [
              -89.0305678897473,
              28.91773181007827
            ],
            [
              -89.03056964746223,
              28.917822013968504
            ],
            [
              -89.0304671236938,
              28.91782356043033
            ],
            [
              -89.03046888132816,
              28.917913764324986
            ],
            [
              -89.03026383358994,
              28.917916857026174
            ],
            [
              -89.03026559105516,
              28.918007060930968
            ],
            [
              -89.03006054310752,
              28.9180101533317
            ],
            [
              -89.0300623004036,
              28.91810035724664
            ],
            [
              -89.02995977632911,
              28.918101903335756
            ],
            [
              -89.02996153354464,
              28.918192107255106
            ],
            [
              -89.0298590093735,
              28.918193653271974
            ],
            [
              -89.02986076650846,
              28.91828385719574
            ],
            [
              -89.02975824224067,
              28.91828540314036
            ],
            [
              -89.0297599992951,
              28.918375607068537
            ],
            [
              -89.02965747493067,
              28.9183771529409
            ],
            [
              -89.02965923190453,
              28.918467356873503
            ],
            [
              -89.0294541829743,
              28.918470448395734
            ],
            [
              -89.02945593977901,
              28.91856065233847
            ],
            [
              -89.02935341521322,
              28.918562197988336
            ],
            [
              -89.02935517193738,
              28.918652401935482
            ],
            [
              -89.02915012260448,
              28.918655493012732
            ],
            [
              -89.02915187915947,
              28.918745696970017
            ],
            [
              -89.02904935439234,
              28.918747242397398
            ],
            [
              -89.02905111086677,
              28.918837446359092
            ],
            [
              -89.02884606113119,
              28.91884053699135
            ],
            [
              -89.02884781743644,
              28.918930740963187
            ],
            [
              -89.02854024250692,
              28.918935376343885
            ],
            [
              -89.02854199855442,
              28.919025580331564
            ],
            [
              -89.02813189818136,
              28.919031759770334
            ],
            [
              -89.02813365388248,
              28.91912196377959
            ],
            [
              -89.02792860347049,
              28.919125053042524
            ],
            [
              -89.02793035900244,
              28.91921525706191
            ],
            [
              -89.0278278336958,
              28.919216801582117
            ],
            [
              -89.02782958914717,
              28.9193070056059
            ],
            [
              -89.0276245383325,
              28.91931009442383
            ],
            [
              -89.02762629361473,
              28.919400298457752
            ],
            [
              -89.0274212425907,
              28.919403386975187
            ],
            [
              -89.02742299770374,
              28.919493591019233
            ],
            [
              -89.02721794647033,
              28.919496679236172
            ],
            [
              -89.02721970141421,
              28.919586883290343
            ],
            [
              -89.02711717569686,
              28.919588427287554
            ],
            [
              -89.02711893056015,
              28.91967863134614
            ],
            [
              -89.02691387892409,
              28.919681719118046
            ],
            [
              -89.0269156336182,
              28.91977192318674
            ],
            [
              -89.02681310769951,
              28.91977346696143
            ],
            [
              -89.02681486231306,
              28.91986367103455
            ],
            [
              -89.02671233629773,
              28.91986521473697
            ],
            [
              -89.02671409083071,
              28.919955418814496
            ],
            [
              -89.0265090385987,
              28.91995850599683
            ],
            [
              -89.02651079296248,
              28.92004871008447
            ],
            [
              -89.02640826674582,
              28.920050253564373
            ],
            [
              -89.02641002102904,
              28.92014045765641
            ],
            [
              -89.02620496839438,
              28.920143544393696
            ],
            [
              -89.02620672250842,
              28.92023374849586
            ],
            [
              -89.02610419609043,
              28.920235291753244
            ],
            [
              -89.02610595012389,
              28.920325495859807
            ],
            [
              -89.02590089708659,
              28.920328582152045
            ],
            [
              -89.02590265095085,
              28.920418786268726
            ],
            [
              -89.02580012433154,
              28.920420329303585
            ],
            [
              -89.02580187811525,
              28.920510533424675
            ],
            [
              -89.02559682467529,
              28.920513619271848
            ],
            [
              -89.02559857828979,
              28.92060382340306
            ],
            [
              -89.02549605146916,
              28.920605366215376
            ],
            [
              -89.02549780500307,
              28.92069557035098
            ],
            [
              -89.02529275116049,
              28.920698655753082
            ],
            [
              -89.0252945045252,
              28.92078885989881
            ],
            [
              -89.02519197750325,
              28.920790402488592
            ],
            [
              -89.0251937307874,
              28.920880606638715
            ],
            [
              -89.02488614940751,
              28.920885233957286
            ],
            [
              -89.02488790243383,
              28.920975438123236
            ],
            [
              -89.02478537520254,
              28.920976980412487
            ],
            [
              -89.02478712814828,
              28.92106718458283
            ],
            [
              -89.02458207348437,
              28.9210702689388
            ],
            [
              -89.02458382626092,
              28.921160473119272
            ],
            [
              -89.02437877138766,
              28.921163557174705
            ],
            [
              -89.02438052399499,
              28.92125376136527
            ],
            [
              -89.02407294135907,
              28.921258386880638
            ],
            [
              -89.02407469370858,
              28.921348591087035
            ],
            [
              -89.0238696384006,
              28.92135167438542
            ],
            [
              -89.02387139058091,
              28.921441878601915
            ],
            [
              -89.02366633506358,
              28.921444961599768
            ],
            [
              -89.0236680870747,
              28.921535165826356
            ],
            [
              -89.02356555921537,
              28.921536707214006
            ],
            [
              -89.02356731114588,
              28.921626911444996
            ],
            [
              -89.02325972725394,
              28.921631535157122
            ],
            [
              -89.02326147892663,
              28.921721739403928
            ],
            [
              -89.02295389469663,
              28.921726362431254
            ],
            [
              -89.02295564611148,
              28.92181656669388
            ],
            [
              -89.02264806154342,
              28.921821189036407
            ],
            [
              -89.02264981270045,
              28.921911393314822
            ],
            [
              -89.02254728440644,
              28.92191293394539
            ],
            [
              -89.02254903548285,
              28.92200313822819
            ],
            [
              -89.02234397869353,
              28.922006219266773
            ],
            [
              -89.02234572960074,
              28.922096423559683
            ],
            [
              -89.0221406726021,
              28.922099504297694
            ],
            [
              -89.02214242334009,
              28.922189708600694
            ],
            [
              -89.02193736613212,
              28.92219278903815
            ],
            [
              -89.02193911670088,
              28.92228299335125
            ],
            [
              -89.02183658799626,
              28.922284533458686
            ],
            [
              -89.02183833848441,
              28.922374737776188
            ],
            [
              -89.02163328087386,
              28.9223778177685
            ],
            [
              -89.02163503119279,
              28.922468022096083
            ],
            [
              -89.02142997337295,
              28.922471101787814
            ],
            [
              -89.02143172352264,
              28.922561306125502
            ],
            [
              -89.02122666549349,
              28.92256438551667
            ],
            [
              -89.02122841547396,
              28.92265458986445
            ],
            [
              -89.02092082810424,
              28.92265920838334
            ],
            [
              -89.02092257782685,
              28.922749412746903
            ],
            [
              -89.02071751936305,
              28.92275249138094
            ],
            [
              -89.02071926891644,
              28.9228426957546
            ],
            [
              -89.02051421024335,
              28.922845774088053
            ],
            [
              -89.02051595962749,
              28.922935978471795
            ],
            [
              -89.01959319440438,
              28.922949827162935
            ],
            [
              -89.0195949429989,
              28.923040031596614
            ],
            [
              -89.01938988379509,
              28.923043108237003
            ],
            [
              -89.0193916322204,
              28.92313331268077
            ],
            [
              -89.01908404308872,
              28.923137927073455
            ],
            [
              -89.01908579125615,
              28.92322813153301
            ],
            [
              -89.01898326144095,
              28.9232296695136
            ],
            [
              -89.01898500952778,
              28.923319873977537
            ],
            [
              -89.01867741976825,
              28.923324487468435
            ],
            [
              -89.01867916759721,
              28.92341469194814
            ],
            [
              -89.01847410754024,
              28.92341776723015
            ],
            [
              -89.01847585519994,
              28.92350797171994
            ],
            [
              -89.01827079493371,
              28.923511046701343
            ],
            [
              -89.01827254242417,
              28.92360125120119
            ],
            [
              -89.01796495169891,
              28.923605863105408
            ],
            [
              -89.01796669893149,
              28.92369606762102
            ],
            [
              -89.01776163823072,
              28.92369914184523
            ],
            [
              -89.01776338529403,
              28.92378934637093
            ],
            [
              -89.01766085484302,
              28.923790883371723
            ],
            [
              -89.0176626018257,
              28.9238810879018
            ],
            [
              -89.01756007127806,
              28.92388262483029
            ],
            [
              -89.0175670589343,
              28.92424344296029
            ],
            [
              -89.01746452802414,
              28.924244979833528
            ],
            [
              -89.01746627486956,
              28.92433518436846
            ],
            [
              -89.01736374386276,
              28.92433672116939
            ],
            [
              -89.01736549062757,
              28.924426925708694
            ],
            [
              -89.01726295952415,
              28.924428462437323
            ],
            [
              -89.01726470620832,
              28.924518666981
            ],
            [
              -89.01716217500825,
              28.924520203637314
            ],
            [
              -89.01716392161178,
              28.924610408185384
            ],
            [
              -89.0170613903151,
              28.924611944769374
            ],
            [
              -89.01706488336892,
              28.92479235387299
            ],
            [
              -89.016859820397,
              28.924795426829732
            ],
            [
              -89.01686331312827,
              28.924975835950853
            ],
            [
              -89.01665824976982,
              28.92497890861834
            ],
            [
              -89.0166599959702,
              28.925069113188307
            ],
            [
              -89.01655746419036,
              28.925070649410742
            ],
            [
              -89.01655921031008,
              28.9251608539851
            ],
            [
              -89.01645667843358,
              28.92516239013522
            ],
            [
              -89.01645842447267,
              28.92525259471395
            ],
            [
              -89.01635589249958,
              28.925254130791757
            ],
            [
              -89.01635763845802,
              28.925344335374866
            ],
            [
              -89.01615257431052,
              28.92534740730783
            ],
            [
              -89.0161543200997,
              28.925437611901
            ]
          ]
        ]
      },
      "properties": {
        "incident_id": "SP-003",
        "type": "AI-detected-slick",
        "source": "Sentinel-1 SAR",
        "method": "U-Net segmentation + radiometric filtering"
      }
    },
    {
      "type": "Feature",
      "geometry": {
        "type": "Polygon",
        "coordinates": [
          [
            [
              -89.01471811101916,
              28.914811877961654
            ],
            [
              -89.00928444388059,
              28.914893085709522
            ],
            [
              -89.00928270479301,
              28.91480288059349
            ],
            [
              -89.00887261615256,
              28.914809000568948
            ],
            [
              -89.00887087742731,
              28.914718795428954
            ],
            [
              -89.00876835533587,
              28.914720325222234
            ],
            [
              -89.00876313947366,
              28.914449709777415
            ],
            [
              -89.00866061764003,
              28.914451239475735
            ],
            [
              -89.00865540211525,
              28.914180624002213
            ],
            [
              -89.00875792368312,
              28.914179094320883
            ],
            [
              -89.00875270796426,
              28.91390847885259
            ],
            [
              -89.0088552292584,
              28.913906949110277
            ],
            [
              -89.00885175197514,
              28.913726538802905
            ],
            [
              -89.00895427308416,
              28.913725008993953
            ],
            [
              -89.00895079565557,
              28.913544598692667
            ],
            [
              -89.00905331657944,
              28.913543068817074
            ],
            [
              -89.00904462270447,
              28.91309204306937
            ],
            [
              -89.0089421022235,
              28.913093572916647
            ],
            [
              -89.00893688625983,
              28.912822957435374
            ],
            [
              -89.00903940647504,
              28.912821427605092
            ],
            [
              -89.0090359290286,
              28.912641017289044
            ],
            [
              -89.00913844905868,
              28.912639487392127
            ],
            [
              -89.00913671025883,
              28.912549282237826
            ],
            [
              -89.00923923019236,
              28.91254775226861
            ],
            [
              -89.0092374913119,
              28.912457547118645
            ],
            [
              -89.00944253097792,
              28.91245448695767
            ],
            [
              -89.00944079192826,
              28.912364281817748
            ],
            [
              -89.00974835110182,
              28.912359691008554
            ],
            [
              -89.00974661179438,
              28.912269485884323
            ],
            [
              -89.01015669022661,
              28.91226336373661
            ],
            [
              -89.01015321092702,
              28.912082953529545
            ],
            [
              -89.010255730338,
              28.912081422809038
            ],
            [
              -89.01025399061157,
              28.91199121770923
            ],
            [
              -89.01035650992601,
              28.911989686916435
            ],
            [
              -89.01035477011898,
              28.91189948182098
            ],
            [
              -89.01045728933687,
              28.911897950955897
            ],
            [
              -89.01045554944923,
              28.911807745864802
            ],
            [
              -89.01066058768394,
              28.911804683912088
            ],
            [
              -89.01065884762713,
              28.911714478831023
            ],
            [
              -89.01086388565281,
              28.911711416577816
            ],
            [
              -89.0108621454268,
              28.911621211506777
            ],
            [
              -89.0111697021398,
              28.911616617559275
            ],
            [
              -89.01116796165606,
              28.91152641250394
            ],
            [
              -89.0119881118313,
              28.91151415859244
            ],
            [
              -89.01198637064694,
              28.91142395358118
            ],
            [
              -89.01239644518884,
              28.91141782477712
            ],
            [
              -89.01239470365816,
              28.911327619787237
            ],
            [
              -89.01331737011358,
              28.9113138254686
            ],
            [
              -89.01331911244144,
              28.911404030407414
            ],
            [
              -89.01362666804866,
              28.911399430880937
            ],
            [
              -89.01362841065023,
              28.91148963580141
            ],
            [
              -89.01393596645133,
              28.911485035556282
            ],
            [
              -89.0139377093266,
              28.91157524045843
            ],
            [
              -89.01414274666456,
              28.91157217322719
            ],
            [
              -89.01414448972496,
              28.91166237811667
            ],
            [
              -89.01434952720813,
              28.911659310562243
            ],
            [
              -89.01435127045366,
              28.911749515439066
            ],
            [
              -89.01445378927185,
              28.911747981539246
            ],
            [
              -89.01445553261394,
              28.911838186409078
            ],
            [
              -89.01455805151271,
              28.911836652425606
            ],
            [
              -89.01455979495137,
              28.911926857288456
            ],
            [
              -89.01466231393073,
              28.911925323221357
            ],
            [
              -89.01466405746595,
              28.912015528077212
            ],
            [
              -89.0147665765259,
              28.91201399392647
            ],
            [
              -89.01477006379746,
              28.91219440362293
            ],
            [
              -89.01487258302657,
              28.912192869382867
            ],
            [
              -89.0149196667112,
              28.914628399620646
            ],
            [
              -89.01481714509035,
              28.914629934014076
            ],
            [
              -89.01481888895377,
              28.914720138825114
            ],
            [
              -89.01471636723636,
              28.914721673146257
            ],
            [
              -89.01471811101916,
              28.914811877961654
            ]
          ]
        ]
      },
      "properties": {
        "incident_id": "SP-003",
        "type": "AI-detected-slick",
        "source": "Sentinel-1 SAR",
        "method": "U-Net segmentation + radiometric filtering"
      }
    },
    {
      "type": "Feature",
      "geometry": {
        "type": "Polygon",
        "coordinates": [
          [
            [
              -89.03511979252073,
              28.914505010894242
            ],
            [
              -89.02045931984307,
              28.91472583558872
            ],
            [
              -89.02045757109934,
              28.91463563109184
            ],
            [
              -89.01891975109622,
              28.91465870204574
            ],
            [
              -89.0189180036893,
              28.91456849746214
            ],
            [
              -89.01871296106329,
              28.91457157225251
            ],
            [
              -89.01871121384156,
              28.914481367656222
            ],
            [
              -89.01860869260513,
              28.91448290492876
            ],
            [
              -89.01860694547999,
              28.914392700325493
            ],
            [
              -89.01850442432415,
              28.91439423751436
            ],
            [
              -89.01850267729559,
              28.914304032904088
            ],
            [
              -89.01840015622032,
              28.91430557000931
            ],
            [
              -89.01839666236438,
              28.914125160773473
            ],
            [
              -89.0182941414583,
              28.914126697789353
            ],
            [
              -89.01829064781153,
              28.9139462885369
            ],
            [
              -89.01839316854044,
              28.913944751532405
            ],
            [
              -89.01838618098859,
              28.913583933034612
            ],
            [
              -89.01848870135518,
              28.913582395974917
            ],
            [
              -89.01848695439864,
              28.913492191352894
            ],
            [
              -89.01838443412063,
              28.913493728406902
            ],
            [
              -89.01837569990086,
              28.91304270524875
            ],
            [
              -89.01827318005776,
              28.913044242196346
            ],
            [
              -89.01826095310619,
              28.912412809680283
            ],
            [
              -89.01836347232926,
              28.912411272772516
            ],
            [
              -89.01836172556531,
              28.912321068127838
            ],
            [
              -89.01846424469178,
              28.912319531147794
            ],
            [
              -89.01846249784727,
              28.912229326507504
            ],
            [
              -89.01856501687716,
              28.912227789455194
            ],
            [
              -89.01856326995207,
              28.912137584819288
            ],
            [
              -89.0187683078107,
              28.912134510492173
            ],
            [
              -89.01876656071646,
              28.91204430586632
            ],
            [
              -89.0188690795452,
              28.91204276859152
            ],
            [
              -89.01886733237038,
              28.91195256397007
            ],
            [
              -89.01896985110253,
              28.911951026623004
            ],
            [
              -89.01896810384714,
              28.911860822005938
            ],
            [
              -89.01907062248273,
              28.911859284586598
            ],
            [
              -89.01906887514677,
              28.911769079973926
            ],
            [
              -89.01917139368577,
              28.911767542482327
            ],
            [
              -89.01916964626925,
              28.911677337874032
            ],
            [
              -89.01927216471167,
              28.91167580031016
            ],
            [
              -89.01927041721457,
              28.91158559570625
            ],
            [
              -89.01947545389825,
              28.91158252035602
            ],
            [
              -89.01947370623202,
              28.911492315762196
            ],
            [
              -89.01967874270652,
              28.91148924011153
            ],
            [
              -89.01967699487116,
              28.911399035527783
            ],
            [
              -89.0198820311365,
              28.911395959576684
            ],
            [
              -89.01988028313198,
              28.911305755003017
            ],
            [
              -89.01998280116406,
              28.91130421691622
            ],
            [
              -89.019981053079,
              28.91121401234695
            ],
            [
              -89.02049364267646,
              28.911206320772106
            ],
            [
              -89.02049539120438,
              28.911296525312903
            ],
            [
              -89.02059790918841,
              28.911294986758367
            ],
            [
              -89.02059965781292,
              28.91138519129216
            ],
            [
              -89.02080469393411,
              28.911382113937833
            ],
            [
              -89.02080644274379,
              28.91147231845893
            ],
            [
              -89.02111399713121,
              28.911467701825668
            ],
            [
              -89.02111574621459,
              28.911557906328362
            ],
            [
              -89.02132078260996,
              28.91155482817167
            ],
            [
              -89.02131903334941,
              28.911464623680377
            ],
            [
              -89.02162658761664,
              28.91146000587776
            ],
            [
              -89.02162483809839,
              28.911369801402248
            ],
            [
              -89.02203490998821,
              28.9113636432635
            ],
            [
              -89.0220331601237,
              28.91127343880949
            ],
            [
              -89.02285330280998,
              28.911261118835707
            ],
            [
              -89.02285155224492,
              28.911170914425995
            ],
            [
              -89.02295406995604,
              28.91116937408417
            ],
            [
              -89.02295056867283,
              28.910988965272225
            ],
            [
              -89.0230530861988,
              28.910987424863862
            ],
            [
              -89.02305133548064,
              28.910897220461628
            ],
            [
              -89.02315385291003,
              28.910895679981017
            ],
            [
              -89.02315035132065,
              28.91071527118406
            ],
            [
              -89.02325286856487,
              28.910713730636886
            ],
            [
              -89.02325111769366,
              28.910623526242144
            ],
            [
              -89.02335363484129,
              28.910621985622722
            ],
            [
              -89.0233518838895,
              28.91053178123238
            ],
            [
              -89.0235569179836,
              28.91052869977109
            ],
            [
              -89.0235551668627,
              28.91043849539086
            ],
            [
              -89.02365768380915,
              28.91043695454898
            ],
            [
              -89.02365593260771,
              28.910346750173147
            ],
            [
              -89.02375844945756,
              28.910345209259035
            ],
            [
              -89.02375669817559,
              28.91025500488759
            ],
            [
              -89.02396173167408,
              28.9102519228369
            ],
            [
              -89.02395998022298,
              28.910161718475564
            ],
            [
              -89.02406249687165,
              28.910160177339
            ],
            [
              -89.02406074534001,
              28.910069972982072
            ],
            [
              -89.02416326189207,
              28.910068431773258
            ],
            [
              -89.02415975867574,
              28.909888023066888
            ],
            [
              -89.02426227504266,
              28.90988648179153
            ],
            [
              -89.02426052335797,
              28.909796277442105
            ],
            [
              -89.02436303962828,
              28.909794736094504
            ],
            [
              -89.02436128786304,
              28.90970453174946
            ],
            [
              -89.0245663202025,
              28.90970144883184
            ],
            [
              -89.02456456826816,
              28.9096112444969
            ],
            [
              -89.02466708433728,
              28.909609702926872
            ],
            [
              -89.0246653323224,
              28.90951949859635
            ],
            [
              -89.02476784829494,
              28.909517956954073
            ],
            [
              -89.02476609619953,
              28.90942775262795
            ],
            [
              -89.02486861207547,
              28.90942621091343
            ],
            [
              -89.02486685989952,
              28.909336006591708
            ],
            [
              -89.0250718914502,
              28.909332922940226
            ],
            [
              -89.02507013910517,
              28.90924271862863
            ],
            [
              -89.02527517044662,
              28.909239634676776
            ],
            [
              -89.02527341793248,
              28.90914943037527
            ],
            [
              -89.02547844906469,
              28.909146346123045
            ],
            [
              -89.02547669638146,
              28.909056141831663
            ],
            [
              -89.02568172730444,
              28.90905305727906
            ],
            [
              -89.02567997445212,
              28.90896285299779
            ],
            [
              -89.025782489813,
              28.90896131061027
            ],
            [
              -89.02578073688015,
              28.908871106333415
            ],
            [
              -89.02598576740071,
              28.908868021335966
            ],
            [
              -89.02598401429876,
              28.90877781706921
            ],
            [
              -89.02608652945844,
              28.908776274459285
            ],
            [
              -89.02608477627597,
              28.908686070196932
            ],
            [
              -89.02618729133906,
              28.908684527514772
            ],
            [
              -89.02618553807606,
              28.90859432325682
            ],
            [
              -89.02628805304256,
              28.90859278050242
            ],
            [
              -89.02628629969902,
              28.908502576248885
            ],
            [
              -89.02638881456893,
              28.90850103342225
            ],
            [
              -89.02638706114489,
              28.90841082917311
            ],
            [
              -89.0264895759182,
              28.90840928627425
            ],
            [
              -89.02648782241363,
              28.90831908202953
            ],
            [
              -89.02659033709035,
              28.908317539058423
            ],
            [
              -89.02658858350526,
              28.9082273348181
            ],
            [
              -89.02669109808538,
              28.90822579177477
            ],
            [
              -89.02668934441976,
              28.908135587538855
            ],
            [
              -89.02679185890331,
              28.908134044423292
            ],
            [
              -89.02679010515716,
              28.908043840191787
            ],
            [
              -89.02689261954413,
              28.908042297003988
            ],
            [
              -89.02688911189883,
              28.907861888548492
            ],
            [
              -89.02699162610062,
              28.90786034529418
            ],
            [
              -89.02698987220147,
              28.907770141070184
            ],
            [
              -89.02688735808822,
              28.90777168431878
            ],
            [
              -89.02688560428565,
              28.907681480087774
            ],
            [
              -89.02698811831036,
              28.907679936844886
            ],
            [
              -89.02698636442727,
              28.907589732618277
            ],
            [
              -89.02719139227547,
              28.907586645910097
            ],
            [
              -89.0271896382233,
              28.907496441693613
            ],
            [
              -89.02739466586226,
              28.907493354685094
            ],
            [
              -89.02739291164103,
              28.907403150478736
            ],
            [
              -89.02862307573699,
              28.907384621948978
            ],
            [
              -89.02862132046118,
              28.907294417809904
            ],
            [
              -89.02892886103862,
              28.907289783940918
            ],
            [
              -89.02892710550519,
              28.907199579817703
            ],
            [
              -89.02902961892636,
              28.90719803504455
            ],
            [
              -89.02902786331241,
              28.907107830925757
            ],
            [
              -89.02923288995355,
              28.90710474115705
            ],
            [
              -89.02923113417054,
              28.907014537048376
            ],
            [
              -89.0294361606024,
              28.907011446979357
            ],
            [
              -89.02943440465035,
              28.906921242880824
            ],
            [
              -89.03045953544144,
              28.90690578791643
            ],
            [
              -89.03045777861192,
              28.906815583873808
            ],
            [
              -89.03199547196124,
              28.906792386899244
            ],
            [
              -89.03199371381153,
              28.906702182941206
            ],
            [
              -89.03240376471116,
              28.906695994142517
            ],
            [
              -89.03240200621532,
              28.9066057902061
            ],
            [
              -89.03260703143971,
              28.906602695350568
            ],
            [
              -89.03260527277483,
              28.906512491424312
            ],
            [
              -89.03291281028535,
              28.906507848573675
            ],
            [
              -89.03291105136287,
              28.90641764466328
            ],
            [
              -89.03301356376171,
              28.906416096896262
            ],
            [
              -89.03301180475876,
              28.9063258929903
            ],
            [
              -89.03321682935518,
              28.906322797233887
            ],
            [
              -89.0332150701832,
              28.906232593338082
            ],
            [
              -89.03331758238076,
              28.906231045348697
            ],
            [
              -89.03331582312829,
              28.906140841457322
            ],
            [
              -89.03341833522927,
              28.906139293395732
            ],
            [
              -89.0334165758963,
              28.906049089508777
            ],
            [
              -89.03362159989697,
              28.90604599316326
            ],
            [
              -89.03361984039498,
              28.905955789286462
            ],
            [
              -89.03372235229467,
              28.905954241002533
            ],
            [
              -89.0337205927122,
              28.90586403713016
            ],
            [
              -89.03392561631034,
              28.905860940339952
            ],
            [
              -89.03392385655881,
              28.905770736477734
            ],
            [
              -89.03402636825726,
              28.905769187971465
            ],
            [
              -89.03402460842527,
              28.905678984113678
            ],
            [
              -89.0341271200271,
              28.905677435535203
            ],
            [
              -89.03412536011463,
              28.905587231681853
            ],
            [
              -89.034330383117,
              28.905584134302543
            ],
            [
              -89.03432862303549,
              28.90549393045935
            ],
            [
              -89.03473866858933,
              28.90548773478846
            ],
            [
              -89.03474042902499,
              28.905577938608722
            ],
            [
              -89.03504796337131,
              28.905573291020026
            ],
            [
              -89.03504620267002,
              28.905483087216975
            ],
            [
              -89.03525122535015,
              28.90547998844631
            ],
            [
              -89.03524946447985,
              28.905389784653433
            ],
            [
              -89.03535197571927,
              28.905388235156934
            ],
            [
              -89.03534845382576,
              28.90520782757874
            ],
            [
              -89.03524594276341,
              28.905209377063755
            ],
            [
              -89.03524242107926,
              28.90502896946886
            ],
            [
              -89.03513991018593,
              28.90503051886447
            ],
            [
              -89.03512758516523,
              28.904399092200983
            ],
            [
              -89.03523009543879,
              28.90439754284553
            ],
            [
              -89.03522657389982,
              28.904217135227107
            ],
            [
              -89.03532908398823,
              28.904215585805186
            ],
            [
              -89.03532732314231,
              28.90412538199976
            ],
            [
              -89.03542983313412,
              28.90412383250564
            ],
            [
              -89.03542807220774,
              28.904033628704642
            ],
            [
              -89.03563309199009,
              28.904030529494108
            ],
            [
              -89.03563133089469,
              28.90394032570326
            ],
            [
              -89.0358363504677,
              28.90393722619249
            ],
            [
              -89.03583458920332,
              28.90384702241182
            ],
            [
              -89.03614211823671,
              28.903842372578403
            ],
            [
              -89.03614035671478,
              28.903752168813643
            ],
            [
              -89.03634537585296,
              28.903749068546517
            ],
            [
              -89.03634361416204,
              28.903658864791947
            ],
            [
              -89.03665114254318,
              28.90365421382402
            ],
            [
              -89.03664938059472,
              28.903564010085354
            ],
            [
              -89.03798200158917,
              28.903543847861027
            ],
            [
              -89.03798376468856,
              28.90363405152503
            ],
            [
              -89.03818878335903,
              28.90363094846394
            ],
            [
              -89.03819054664358,
              28.903721152115157
            ],
            [
              -89.0383955654588,
              28.90371804873086
            ],
            [
              -89.03839732892848,
              28.90380825236928
            ],
            [
              -89.0384998384125,
              28.90380670055449
            ],
            [
              -89.03850160197881,
              28.90389690418584
            ],
            [
              -89.03891164018827,
              28.903890696124424
            ],
            [
              -89.03890987626784,
              28.90380049251605
            ],
            [
              -89.03911489514702,
              28.903797388029265
            ],
            [
              -89.03911313105759,
              28.903707184431063
            ],
            [
              -89.0398306962604,
              28.90369631631277
            ],
            [
              -89.03983246096956,
              28.903786519870707
            ],
            [
              -89.03993497034044,
              28.90378496696492
            ],
            [
              -89.03993673514621,
              28.903875170515796
            ],
            [
              -89.04003924459757,
              28.90387361752633
            ],
            [
              -89.04004100949996,
              28.90396382107015
            ],
            [
              -89.04014351903174,
              28.903962267997
            ],
            [
              -89.04014528403076,
              28.90405247153377
            ],
            [
              -89.04024779364299,
              28.904050918376946
            ],
            [
              -89.04025132384234,
              28.904231325435045
            ],
            [
              -89.04035383362357,
              28.90422977218878
            ],
            [
              -89.04035736403233,
              28.90441017923016
            ],
            [
              -89.04045987398254,
              28.90440862589446
            ],
            [
              -89.04047929278286,
              28.905400864465317
            ],
            [
              -89.04058180369891,
              28.905399310988404
            ],
            [
              -89.04058533467209,
              28.9055797179728
            ],
            [
              -89.04068784575712,
              28.90557816440645
            ],
            [
              -89.04069137693975,
              28.905758571374115
            ],
            [
              -89.04079388819378,
              28.90575701771833
            ],
            [
              -89.04079565388575,
              28.905847221194435
            ],
            [
              -89.04089816522024,
              28.90584566745496
            ],
            [
              -89.04090876007326,
              28.906386888249656
            ],
            [
              -89.04101127193093,
              28.906385334397733
            ],
            [
              -89.04111900820308,
              28.911887742787638
            ],
            [
              -89.0410164909434,
              28.911889296990537
            ],
            [
              -89.0410235563145,
              28.912250110508474
            ],
            [
              -89.04092103869246,
              28.912251664656438
            ],
            [
              -89.0409228049669,
              28.912341868038403
            ],
            [
              -89.0408202872482,
              28.91234342211416
            ],
            [
              -89.04082205344214,
              28.91243362550058
            ],
            [
              -89.04071953562676,
              28.912435179504133
            ],
            [
              -89.04072130174023,
              28.912525382894987
            ],
            [
              -89.04051626590808,
              28.91252849067973
            ],
            [
              -89.0405180318525,
              28.91261869408079
            ],
            [
              -89.04010795973686,
              28.912624908737786
            ],
            [
              -89.04010972533506,
              28.912715112160544
            ],
            [
              -89.03980217089769,
              28.912719772352002
            ],
            [
              -89.03980393623824,
              28.912809975790704
            ],
            [
              -89.03970141798771,
              28.912811529037693
            ],
            [
              -89.0397031832478,
              28.912901732480844
            ],
            [
              -89.03949814654531,
              28.912904838752436
            ],
            [
              -89.03949991163633,
              28.912995042205775
            ],
            [
              -89.03939739318439,
              28.912996595230386
            ],
            [
              -89.03939915819491,
              28.913086798688166
            ],
            [
              -89.03929663964631,
              28.913088351640567
            ],
            [
              -89.03929840457634,
              28.913178555102792
            ],
            [
              -89.03919588593108,
              28.913180107982985
            ],
            [
              -89.03919765078062,
              28.913270311449658
            ],
            [
              -89.0390951320387,
              28.913271864257634
            ],
            [
              -89.03909689680776,
              28.91336206772873
            ],
            [
              -89.0388918591225,
              28.91336517312232
            ],
            [
              -89.03889362372249,
              28.9134553766036
            ],
            [
              -89.03868858582774,
              28.913458481696843
            ],
            [
              -89.03869035025865,
              28.913548685188324
            ],
            [
              -89.03848531215444,
              28.913551789981213
            ],
            [
              -89.03848707641626,
              28.91364199348288
            ],
            [
              -89.03828203810255,
              28.913645097975415
            ],
            [
              -89.03828380219532,
              28.91373530148727
            ],
            [
              -89.03797624439842,
              28.913739957658617
            ],
            [
              -89.03797800823352,
              28.913830161186404
            ],
            [
              -89.0377729694847,
              28.913833264922317
            ],
            [
              -89.03777473315073,
              28.91392346846028
            ],
            [
              -89.03746717470116,
              28.913928123496664
            ],
            [
              -89.03746893810954,
              28.914018327050552
            ],
            [
              -89.03716137932155,
              28.914022981402514
            ],
            [
              -89.03716314247225,
              28.914113184972333
            ],
            [
              -89.03624046487498,
              28.914127143869916
            ],
            [
              -89.03624222723651,
              28.914217347490105
            ],
            [
              -89.03593466762638,
              28.914221999069856
            ],
            [
              -89.03593642973024,
              28.91431220270595
            ],
            [
              -89.0356288697817,
              28.914316853601253
            ],
            [
              -89.03563063162791,
              28.914407057253264
            ],
            [
              -89.03511803110936,
              28.91441480721486
            ],
            [
              -89.03511979252073,
              28.914505010894242
            ]
          ]
        ]
      },
      "properties": {
        "incident_id": "SP-003",
        "type": "AI-detected-slick",
        "source": "Sentinel-1 SAR",
        "method": "U-Net segmentation + radiometric filtering"
      }
    },
    {
      "type": "Feature",
      "geometry": {
        "type": "Polygon",
        "coordinates": [
          [
            [
              -89.04226613929879,
              28.912862877775037
            ],
            [
              -89.04175354849319,
              28.912870652614085
            ],
            [
              -89.04175178146163,
              28.912780449286004
            ],
            [
              -89.04164926336479,
              28.912782004014183
            ],
            [
              -89.0416474964299,
              28.912691800679024
            ],
            [
              -89.04154497841355,
              28.912693355323498
            ],
            [
              -89.04154144474518,
              28.912512948637765
            ],
            [
              -89.04143892689788,
              28.912514503192764
            ],
            [
              -89.04142832661844,
              28.91197328306964
            ],
            [
              -89.04132580929448,
              28.911974837512158
            ],
            [
              -89.04131167675028,
              28.911253210562066
            ],
            [
              -89.0414141933657,
              28.911251656165586
            ],
            [
              -89.0413894614196,
              28.90998880888211
            ],
            [
              -89.04128694604407,
              28.90999036319803
            ],
            [
              -89.04127281492401,
              28.909268736017804
            ],
            [
              -89.04137532959105,
              28.909267181747918
            ],
            [
              -89.04135943190295,
              28.908455351121926
            ],
            [
              -89.04125691803291,
              28.908456905340007
            ],
            [
              -89.0411951030196,
              28.905299785030742
            ],
            [
              -89.04129761379049,
              28.905298231014058
            ],
            [
              -89.04128525135732,
              28.904666806800286
            ],
            [
              -89.04138776150033,
              28.904665252745932
            ],
            [
              -89.04137716491333,
              28.90412403197482
            ],
            [
              -89.04147967451705,
              28.904122477877067
            ],
            [
              -89.0414708438077,
              28.903671460560616
            ],
            [
              -89.04157335296065,
              28.90366990641372
            ],
            [
              -89.04156982055649,
              28.9034894994895
            ],
            [
              -89.04146731158059,
              28.903491053624897
            ],
            [
              -89.04146377938586,
              28.903310646683934
            ],
            [
              -89.04156628818468,
              28.903309092560047
            ],
            [
              -89.04156098968765,
              28.903038482156063
            ],
            [
              -89.04166349821278,
              28.90303692797152
            ],
            [
              -89.04166173197477,
              28.902946724506666
            ],
            [
              -89.0417642404033,
              28.902945170249954
            ],
            [
              -89.04176247408483,
              28.902854966789533
            ],
            [
              -89.04196749074055,
              28.902851858053836
            ],
            [
              -89.04196572425312,
              28.902761654603633
            ],
            [
              -89.0421707406994,
              28.902758545567757
            ],
            [
              -89.04216897404301,
              28.902668342127757
            ],
            [
              -89.04247649838615,
              28.902663678006753
            ],
            [
              -89.04247473147227,
              28.90257347458273
            ],
            [
              -89.04288476346235,
              28.902567254686808
            ],
            [
              -89.04288653073036,
              28.902657458087802
            ],
            [
              -89.0431940549035,
              28.902652792330386
            ],
            [
              -89.04319582244517,
              28.902742995712792
            ],
            [
              -89.04350334681102,
              28.90273832923677
            ],
            [
              -89.04350511462637,
              28.902828532600594
            ],
            [
              -89.04360762282066,
              28.90282697694697
            ],
            [
              -89.04360939073264,
              28.902917180303746
            ],
            [
              -89.04381440727397,
              28.902914068751212
            ],
            [
              -89.0438161753711,
              28.903004272095135
            ],
            [
              -89.04473875020285,
              28.902990266199534
            ],
            [
              -89.04474051910486,
              28.903080469490295
            ],
            [
              -89.04494553582208,
              28.90307735620034
            ],
            [
              -89.04494730490924,
              28.903167559478277
            ],
            [
              -89.04535733860052,
              28.903161331940193
            ],
            [
              -89.04535910804991,
              28.903251535193743
            ],
            [
              -89.04597415887483,
              28.90324219151424
            ],
            [
              -89.04597238889427,
              28.90315198829529
            ],
            [
              -89.04627991393167,
              28.903147315420835
            ],
            [
              -89.04627814369363,
              28.903057112217866
            ],
            [
              -89.04638065193468,
              28.903055554442965
            ],
            [
              -89.04637888161622,
              28.902965351244465
            ],
            [
              -89.04668640602515,
              28.902960677469515
            ],
            [
              -89.0466846354492,
              28.902870474287013
            ],
            [
              -89.04740219149976,
              28.902859566125137
            ],
            [
              -89.04740042031223,
              28.90276936298171
            ],
            [
              -89.04750292819848,
              28.902767804366945
            ],
            [
              -89.04750115693054,
              28.902677601227982
            ],
            [
              -89.04770617250163,
              28.902674483776224
            ],
            [
              -89.04770440106473,
              28.9025842806475
            ],
            [
              -89.04842195468822,
              28.90257336715213
            ],
            [
              -89.04842018263977,
              28.90248316406252
            ],
            [
              -89.04893272025609,
              28.90247536639984
            ],
            [
              -89.04893094777314,
              28.902385163337787
            ],
            [
              -89.0491359625858,
              28.902382043738804
            ],
            [
              -89.04913418993391,
              28.902291840686996
            ],
            [
              -89.04944171182638,
              28.902287160721436
            ],
            [
              -89.04943993891703,
              28.90219695768564
            ],
            [
              -89.05087503887596,
              28.902175108654475
            ],
            [
              -89.0508732647354,
              28.90208490569829
            ],
            [
              -89.05118078568239,
              28.90208022179337
            ],
            [
              -89.05117901128439,
              28.90199001885322
            ],
            [
              -89.0518965592565,
              28.901979087054965
            ],
            [
              -89.05189478424698,
              28.901888884153987
            ],
            [
              -89.05220230441893,
              28.901884197946124
            ],
            [
              -89.05220052915196,
              28.901793995061176
            ],
            [
              -89.05240554238222,
              28.90179087054457
            ],
            [
              -89.05240376694634,
              28.901700667669896
            ],
            [
              -89.05260877996702,
              28.901697542853167
            ],
            [
              -89.05260700436224,
              28.901607339988765
            ],
            [
              -89.05281201717335,
              28.90160421487194
            ],
            [
              -89.05281024139964,
              28.901514012017785
            ],
            [
              -89.05291274770448,
              28.901512449348278
            ],
            [
              -89.05291097185041,
              28.90142224649861
            ],
            [
              -89.05311598425861,
              28.901419120937415
            ],
            [
              -89.05311420823563,
              28.901328918098
            ],
            [
              -89.05331922043426,
              28.9013257922367
            ],
            [
              -89.05331744424238,
              28.901235589407563
            ],
            [
              -89.05362496221373,
              28.901230900048585
            ],
            [
              -89.05362318576442,
              28.901140697235505
            ],
            [
              -89.05382819752761,
              28.901137570618175
            ],
            [
              -89.0538264209094,
              28.901047367815362
            ],
            [
              -89.05413393822755,
              28.901042677322344
            ],
            [
              -89.05413216135194,
              28.900952474535593
            ],
            [
              -89.05443967833129,
              28.900947783358685
            ],
            [
              -89.05443790119826,
              28.900857580588
            ],
            [
              -89.05464291230008,
              28.900854452758722
            ],
            [
              -89.05464113499816,
              28.90076424999831
            ],
            [
              -89.05484614589038,
              28.900761121868953
            ],
            [
              -89.05484436841957,
              28.90067091911881
            ],
            [
              -89.05515188443128,
              28.90066622635777
            ],
            [
              -89.05515010670307,
              28.9005760236237
            ],
            [
              -89.05545762237594,
              28.900571330178796
            ],
            [
              -89.05545584439031,
              28.9004811274608
            ],
            [
              -89.05617338005564,
              28.900470173402873
            ],
            [
              -89.05617160145856,
              28.900379970724117
            ],
            [
              -89.0562741064325,
              28.90037840555282
            ],
            [
              -89.0562758851181,
              28.900468608225783
            ],
            [
              -89.05658340025659,
              28.90046391222704
            ],
            [
              -89.05658517921586,
              28.900554114881285
            ],
            [
              -89.05730271487334,
              28.900543154783264
            ],
            [
              -89.05730093529445,
              28.900452952169605
            ],
            [
              -89.0575059452319,
              28.90044982002338
            ],
            [
              -89.05750416548412,
              28.900359617419998
            ],
            [
              -89.05770917521193,
              28.900356484973724
            ],
            [
              -89.05770739529528,
              28.900266282380635
            ],
            [
              -89.05780990005844,
              28.900264716046422
            ],
            [
              -89.05780812006144,
              28.900174513457824
            ],
            [
              -89.05801312938628,
              28.900171380567258
            ],
            [
              -89.0580113492204,
              28.90008117798896
            ],
            [
              -89.05821635833559,
              28.900078044798335
            ],
            [
              -89.05821457800081,
              28.899987842230328
            ],
            [
              -89.05862459577926,
              28.89998157493732
            ],
            [
              -89.05862281509863,
              28.89989137239121
            ],
            [
              -89.0590328323925,
              28.899885103874798
            ],
            [
              -89.05903105136596,
              28.899794901350592
            ],
            [
              -89.05913355558053,
              28.899793334032505
            ],
            [
              -89.05913177447363,
              28.899703131512805
            ],
            [
              -89.05933678270125,
              28.8996999966545
            ],
            [
              -89.05933500142551,
              28.8996097941451
            ],
            [
              -89.05943750543857,
              28.89960822660489
            ],
            [
              -89.05943572408248,
              28.899518024099972
            ],
            [
              -89.0596407319071,
              28.899514888797427
            ],
            [
              -89.05963895038214,
              28.899424686302808
            ],
            [
              -89.05994646179231,
              28.899419982782067
            ],
            [
              -89.05994468000999,
              28.89932978030356
            ],
            [
              -89.06025219108118,
              28.899325076099025
            ],
            [
              -89.06025040904149,
              28.899234873636644
            ],
            [
              -89.06066042333474,
              28.89922860029641
            ],
            [
              -89.06065864094919,
              28.899138397855932
            ],
            [
              -89.06117115818948,
              28.899130554456686
            ],
            [
              -89.06116937536954,
              28.89904035204396
            ],
            [
              -89.06362945315568,
              28.89900267675433
            ],
            [
              -89.06362766821975,
              28.898912474479804
            ],
            [
              -89.06444769239401,
              28.89889990612403
            ],
            [
              -89.06444947803801,
              28.898990108352006
            ],
            [
              -89.06516699938058,
              28.898979106909714
            ],
            [
              -89.06516878565228,
              28.899069309095648
            ],
            [
              -89.06537379185353,
              28.89906616511359
            ],
            [
              -89.06537557831045,
              28.89915636728658
            ],
            [
              -89.06558058465598,
              28.899153222981244
            ],
            [
              -89.06558237129809,
              28.899243425141265
            ],
            [
              -89.06568487454707,
              28.899241852865906
            ],
            [
              -89.06568666128588,
              28.899332055018814
            ],
            [
              -89.06578916461518,
              28.899330482659725
            ],
            [
              -89.06579273829436,
              28.899510886949933
            ],
            [
              -89.06589524179252,
              28.899509314501287
            ],
            [
              -89.06590417657625,
              28.899960325174792
            ],
            [
              -89.06580167263557,
              28.899961897652553
            ],
            [
              -89.06580524642935,
              28.900142301924426
            ],
            [
              -89.06570274230344,
              28.90014387433591
            ],
            [
              -89.06570631595294,
              28.900324278614196
            ],
            [
              -89.06560381164184,
              28.90032585095942
            ],
            [
              -89.06560559839033,
              28.900416053102425
            ],
            [
              -89.06550309398253,
              28.90041762537555
            ],
            [
              -89.06550666732709,
              28.900598029669272
            ],
            [
              -89.06540416273407,
              28.90059960187613
            ],
            [
              -89.06541130916735,
              28.90096041047113
            ],
            [
              -89.06530880421208,
              28.90096198262337
            ],
            [
              -89.06531773699525,
              28.901412993366772
            ],
            [
              -89.06521523158924,
              28.901414565470194
            ],
            [
              -89.06522237760902,
              28.901775374064627
            ],
            [
              -89.06511987184074,
              28.90177694611342
            ],
            [
              -89.06512165827762,
              28.90186714826458
            ],
            [
              -89.06501915241263,
              28.901868720241275
            ],
            [
              -89.06502093876918,
              28.90195892239694
            ],
            [
              -89.06491843280749,
              28.901960494301534
            ],
            [
              -89.06492200536809,
              28.902140898620576
            ],
            [
              -89.06481949922117,
              28.90214247045891
            ],
            [
              -89.06482128542524,
              28.902232672622283
            ],
            [
              -89.06461627292983,
              28.902235816076807
            ],
            [
              -89.06461805896501,
              28.90232601825051
            ],
            [
              -89.06451555261651,
              28.90232758986672
            ],
            [
              -89.06451733857138,
              28.902417792044925
            ],
            [
              -89.06431232567277,
              28.902420935055208
            ],
            [
              -89.06431411145877,
              28.902511137243753
            ],
            [
              -89.0641090983504,
              28.902514279953987
            ],
            [
              -89.06411088396754,
              28.902604482152867
            ],
            [
              -89.0639058706494,
              28.90260762456306
            ],
            [
              -89.06390765609767,
              28.902697826772258
            ],
            [
              -89.06370264256978,
              28.90270096888239
            ],
            [
              -89.06370442784917,
              28.902791171101917
            ],
            [
              -89.06349941411153,
              28.902794312912004
            ],
            [
              -89.06350119922206,
              28.902884515141853
            ],
            [
              -89.06329618527464,
              28.90288765665188
            ],
            [
              -89.06329797021628,
              28.90297785889206
            ],
            [
              -89.06299044896828,
              28.902982570590137
            ],
            [
              -89.06299223365254,
              28.903072772846443
            ],
            [
              -89.06288972646497,
              28.90307434326244
            ],
            [
              -89.0628915110689,
              28.903164545523268
            ],
            [
              -89.06258398919162,
              28.903169256321164
            ],
            [
              -89.06258577353812,
              28.903259458598107
            ],
            [
              -89.06217574389989,
              28.903265738594293
            ],
            [
              -89.06217752790046,
              28.903355940893178
            ],
            [
              -89.06197251285525,
              28.903359080435365
            ],
            [
              -89.06197429668694,
              28.903449282744578
            ],
            [
              -89.06187178906356,
              28.903450852404596
            ],
            [
              -89.06187357281489,
              28.903541054718296
            ],
            [
              -89.0617710650948,
              28.903542624306205
            ],
            [
              -89.06177284876578,
              28.90363282662442
            ],
            [
              -89.06156783312403,
              28.903635965578083
            ],
            [
              -89.06156961662612,
              28.903726167906612
            ],
            [
              -89.06136460077465,
              28.903729306560184
            ],
            [
              -89.06136638410786,
              28.903819508899023
            ],
            [
              -89.06105886000377,
              28.903824216312383
            ],
            [
              -89.06106064307956,
              28.903914418667345
            ],
            [
              -89.05993305309526,
              28.903931673246607
            ],
            [
              -89.0599348352054,
              28.904021875664156
            ],
            [
              -89.05972981856141,
              28.904025011858955
            ],
            [
              -89.05973160050264,
              28.904115214286815
            ],
            [
              -89.05962909207987,
              28.904116782273128
            ],
            [
              -89.05963087394072,
              28.90420698470547
            ],
            [
              -89.05952836542127,
              28.904208552619664
            ],
            [
              -89.05953014720177,
              28.904298755056505
            ],
            [
              -89.05922262132881,
              28.904303458348952
            ],
            [
              -89.05922440285187,
              28.904393660801908
            ],
            [
              -89.05891687663987,
              28.904398363410415
            ],
            [
              -89.0589186579055,
              28.90448856587946
            ],
            [
              -89.05820109583887,
              28.90449953594581
            ],
            [
              -89.05819931519298,
              28.904409333436128
            ],
            [
              -89.05799429756331,
              28.904412467027853
            ],
            [
              -89.05799251710263,
              28.904322264505264
            ],
            [
              -89.05778749961739,
              28.904325397773665
            ],
            [
              -89.05778571934195,
              28.90423519523817
            ],
            [
              -89.05758070200115,
              28.90423832818326
            ],
            [
              -89.0575789219109,
              28.90414812563486
            ],
            [
              -89.05737390471457,
              28.904151258256643
            ],
            [
              -89.05737568462774,
              28.90424146081664
            ],
            [
              -89.05727317592881,
              28.904243027016445
            ],
            [
              -89.05727673560254,
              28.904423432144117
            ],
            [
              -89.05717422671839,
              28.904424998277584
            ],
            [
              -89.05717600647895,
              28.90451520084526
            ],
            [
              -89.05707349749812,
              28.90451676690659
            ],
            [
              -89.05707527717831,
              28.904606969478756
            ],
            [
              -89.05697276810078,
              28.90460853546797
            ],
            [
              -89.05697454770059,
              28.904698738044626
            ],
            [
              -89.05687203852638,
              28.904700303961697
            ],
            [
              -89.0568738180458,
              28.904790506542835
            ],
            [
              -89.05666879949585,
              28.90479363815481
            ],
            [
              -89.05667057884637,
              28.904883840746233
            ],
            [
              -89.05646556008675,
              28.904886972058076
            ],
            [
              -89.05646733926832,
              28.904977174659784
            ],
            [
              -89.05595479178399,
              28.904985001604604
            ],
            [
              -89.05595657053105,
              28.905075204233995
            ],
            [
              -89.05544402240031,
              28.905083029259536
            ],
            [
              -89.05544580071285,
              28.90517323191658
            ],
            [
              -89.05534329097372,
              28.905174796693693
            ],
            [
              -89.05534506920586,
              28.905264999355232
            ],
            [
              -89.0551400495261,
              28.905268128687247
            ],
            [
              -89.0551418275893,
              28.905358331359054
            ],
            [
              -89.05483429774297,
              28.905363024789967
            ],
            [
              -89.05483607554872,
              28.905453227477842
            ],
            [
              -89.05432352519927,
              28.905461048333038
            ],
            [
              -89.05432174783621,
              28.9053708456162
            ],
            [
              -89.05401421779445,
              28.90537553717676
            ],
            [
              -89.05401244070515,
              28.90528533444124
            ],
            [
              -89.05319236094394,
              28.90529784179408
            ],
            [
              -89.05319413732494,
              28.90538804457591
            ],
            [
              -89.05309162722962,
              28.90538960765011
            ],
            [
              -89.05310583786223,
              28.90611122990396
            ],
            [
              -89.05300332705046,
              28.906112792946534
            ],
            [
              -89.05300865590634,
              28.9063834012875
            ],
            [
              -89.05290614482081,
              28.9063849642695
            ],
            [
              -89.05290792103382,
              28.90647516705299
            ],
            [
              -89.05280540985162,
              28.906476729962833
            ],
            [
              -89.05282494775786,
              28.90746896055854
            ],
            [
              -89.05272243559352,
              28.907470523454098
            ],
            [
              -89.05272598786878,
              28.907650929011517
            ],
            [
              -89.05262347551923,
              28.907652491840715
            ],
            [
              -89.05262702764993,
              28.90783289740446
            ],
            [
              -89.05252451511512,
              28.9078344601673
            ],
            [
              -89.05252629110414,
              28.907924662953004
            ],
            [
              -89.05242377847264,
              28.907926225643678
            ],
            [
              -89.05242555438124,
              28.90801642843385
            ],
            [
              -89.05222052891676,
              28.908019553592958
            ],
            [
              -89.0522223046564,
              28.9081097563934
            ],
            [
              -89.0521197918234,
              28.908111318861817
            ],
            [
              -89.05212156748262,
              28.908201521666737
            ],
            [
              -89.05201905455294,
              28.908203084063015
            ],
            [
              -89.05202083013174,
              28.908293286872404
            ],
            [
              -89.05181580407088,
              28.908296411442688
            ],
            [
              -89.05181757948071,
              28.908386614262344
            ],
            [
              -89.05171506634953,
              28.90838817643635
            ],
            [
              -89.05171861701649,
              28.9085685820833
            ],
            [
              -89.05161610370006,
              28.90857014419094
            ],
            [
              -89.05161787895719,
              28.90866034701823
            ],
            [
              -89.05151536554409,
              28.908661909053716
            ],
            [
              -89.05151714072079,
              28.908752111885487
            ],
            [
              -89.051414627211,
              28.90875367384881
            ],
            [
              -89.05141640230728,
              28.90884387668505
            ],
            [
              -89.05131388870082,
              28.90884543857621
            ],
            [
              -89.05131566371666,
              28.90893564141693
            ],
            [
              -89.05121315001351,
              28.908937203235926
            ],
            [
              -89.05121669989252,
              28.909117608925
            ],
            [
              -89.05101167210759,
              28.909120732352303
            ],
            [
              -89.05101344688218,
              28.90921093520644
            ],
            [
              -89.05091093288895,
              28.909212496808955
            ],
            [
              -89.05091270758311,
              28.90930269966757
            ],
            [
              -89.05081019349322,
              28.909304261197917
            ],
            [
              -89.05081196810696,
              28.90939446406101
            ],
            [
              -89.05060693972565,
              28.909397586899438
            ],
            [
              -89.05060871417041,
              28.909487789772772
            ],
            [
              -89.05040368557948,
              28.909490912310982
            ],
            [
              -89.05040545985526,
              28.909581115194577
            ],
            [
              -89.0502004310547,
              28.909584237432558
            ],
            [
              -89.05020220516148,
              28.909674440326395
            ],
            [
              -89.05009969066046,
              28.909676001334255
            ],
            [
              -89.0501014646868,
              28.909766204232568
            ],
            [
              -89.0499989500891,
              28.90976776516825
            ],
            [
              -89.05000072403502,
              28.90985796807103
            ],
            [
              -89.04989820934063,
              28.909859528934554
            ],
            [
              -89.04989998320609,
              28.90994973184182
            ],
            [
              -89.04979746841502,
              28.909951292633167
            ],
            [
              -89.04979924220007,
              28.91004149554489
            ],
            [
              -89.04969672731231,
              28.91004305626407
            ],
            [
              -89.0496985010169,
              28.910133259180263
            ],
            [
              -89.04959598603247,
              28.910134819827277
            ],
            [
              -89.04959775965665,
              28.910225022747937
            ],
            [
              -89.04939272948627,
              28.91022814381967
            ],
            [
              -89.04939450294144,
              28.910318346750593
            ],
            [
              -89.04929198775551,
              28.910319907175317
            ],
            [
              -89.04929376113024,
              28.91041011011069
            ],
            [
              -89.04908873055689,
              28.91041323073784
            ],
            [
              -89.04909050376263,
              28.910503433683477
            ],
            [
              -89.0489879883752,
              28.910504993885908
            ],
            [
              -89.0489897615005,
              28.910595196835995
            ],
            [
              -89.04878473052416,
              28.910598317018565
            ],
            [
              -89.04878650348044,
              28.910688519978898
            ],
            [
              -89.04827392545467,
              28.910696319100076
            ],
            [
              -89.04827569797627,
              28.910786522087985
            ],
            [
              -89.04796815079769,
              28.910791200642613
            ],
            [
              -89.04796992306171,
              28.910881403646528
            ],
            [
              -89.04776489139161,
              28.910884522304748
            ],
            [
              -89.04776666348663,
              28.910974725318898
            ],
            [
              -89.04745911565487,
              28.910979402738914
            ],
            [
              -89.04746088749232,
              28.91106960576907
            ],
            [
              -89.04694830716761,
              28.911077399938943
            ],
            [
              -89.04695007857035,
              28.911167602996645
            ],
            [
              -89.04654001381026,
              28.911173836952496
            ],
            [
              -89.04654178486686,
              28.91126404003198
            ],
            [
              -89.04592668695197,
              28.91127338866182
            ],
            [
              -89.04592845748527,
              28.911363591774613
            ],
            [
              -89.04572342460496,
              28.91136670737247
            ],
            [
              -89.04572519496924,
              28.911456910495478
            ],
            [
              -89.04541764532225,
              28.911461583324932
            ],
            [
              -89.04541941542894,
              28.91155178646393
            ],
            [
              -89.04531689877516,
              28.91155334392361
            ],
            [
              -89.04531866880139,
              28.91164354706707
            ],
            [
              -89.04521615205093,
              28.911645104454553
            ],
            [
              -89.0452179219967,
              28.911735307602477
            ],
            [
              -89.04511540514957,
              28.911736864917792
            ],
            [
              -89.04511717501487,
              28.911827068070156
            ],
            [
              -89.04491214111916,
              28.911830182478433
            ],
            [
              -89.04491391081542,
              28.911920385641025
            ],
            [
              -89.04470887671015,
              28.911923499749022
            ],
            [
              -89.04471064623739,
              28.912013702921843
            ],
            [
              -89.04440309475297,
              28.912018373516464
            ],
            [
              -89.04440486402261,
              28.912108576705258
            ],
            [
              -89.04409731219953,
              28.912113246615572
            ],
            [
              -89.04409908121157,
              28.912203449820364
            ],
            [
              -89.04379152904987,
              28.912208119046372
            ],
            [
              -89.04379329780429,
              28.91229832226713
            ],
            [
              -89.04358826281215,
              28.91230143470622
            ],
            [
              -89.04359003139754,
              28.912391637937183
            ],
            [
              -89.04348751380076,
              28.912393194045556
            ],
            [
              -89.04348928230567,
              28.912483397280983
            ],
            [
              -89.04328424691064,
              28.912486509275375
            ],
            [
              -89.04328601524652,
              28.912576712521023
            ],
            [
              -89.04308097964196,
              28.912579824215108
            ],
            [
              -89.04308274780878,
              28.912670027470952
            ],
            [
              -89.04267267614819,
              28.912676249946692
            ],
            [
              -89.04267444396882,
              28.912766453224275
            ],
            [
              -89.04226437182434,
              28.91277267447573
            ],
            [
              -89.04226613929879,
              28.912862877775037
            ]
          ],
          [
            [
              -89.05736678514342,
              28.903790448003544
            ],
            [
              -89.05736500527101,
              28.903700245436987
            ],
            [
              -89.05746751343061,
              28.90369867919406
            ],
            [
              -89.05746573347783,
              28.903608476632
            ],
            [
              -89.05756824154075,
              28.903606910316956
            ],
            [
              -89.05756646150759,
              28.903516707759394
            ],
            [
              -89.05766896947382,
              28.90351514137221
            ],
            [
              -89.05766540925492,
              28.903334736264757
            ],
            [
              -89.0571528702275,
              28.9033425673634
            ],
            [
              -89.05715998892735,
              28.903703377689077
            ],
            [
              -89.05726249710327,
              28.903701811601998
            ],
            [
              -89.05726427688714,
              28.90379201417435
            ],
            [
              -89.05736678514342,
              28.903790448003544
            ]
          ]
        ]
      },
      "properties": {
        "incident_id": "SP-003",
        "type": "AI-detected-slick",
        "source": "Sentinel-1 SAR",
        "method": "U-Net segmentation + radiometric filtering"
      }
    },
    {
      "type": "Feature",
      "geometry": {
        "type": "Polygon",
        "coordinates": [
          [
            [
              -89.07961984370908,
              28.898756693534402
            ],
            [
              -89.07931233808466,
              28.89876144186067
            ],
            [
              -89.07931053960756,
              28.898671240479484
            ],
            [
              -89.07879803051125,
              28.898679152769148
            ],
            [
              -89.07879623248489,
              28.89858895135735
            ],
            [
              -89.07828372362516,
              28.89859686167007
            ],
            [
              -89.07828192604956,
              28.898506660227675
            ],
            [
              -89.07787191916755,
              28.898512987052133
            ],
            [
              -89.07787012195418,
              28.898422785584994
            ],
            [
              -89.07776762030159,
              28.898424367090477
            ],
            [
              -89.07776582318495,
              28.89833416561617
            ],
            [
              -89.07766332161265,
              28.898335747037905
            ],
            [
              -89.07766152459273,
              28.898245545556424
            ],
            [
              -89.07755902310069,
              28.89824712689439
            ],
            [
              -89.07755183545738,
              28.89788632093194
            ],
            [
              -89.07765433659543,
              28.897884739617396
            ],
            [
              -89.07765074264618,
              28.897704336640004
            ],
            [
              -89.077753243599,
              28.897702755259274
            ],
            [
              -89.07774964950569,
              28.897522352288377
            ],
            [
              -89.07785215027329,
              28.897520770841446
            ],
            [
              -89.0778485560359,
              28.897340367877007
            ],
            [
              -89.07795105661826,
              28.897338786363893
            ],
            [
              -89.07794925942342,
              28.897248584885563
            ],
            [
              -89.07805175990906,
              28.897247003300404
            ],
            [
              -89.07804996263395,
              28.89715680182661
            ],
            [
              -89.07815246302287,
              28.897155220169406
            ],
            [
              -89.07814886832038,
              28.89697481722963
            ],
            [
              -89.07825136852406,
              28.896973235506238
            ],
            [
              -89.07824957109668,
              28.896883034040243
            ],
            [
              -89.07835207120364,
              28.89688145224481
            ],
            [
              -89.07835027369599,
              28.89679125078336
            ],
            [
              -89.0785552737082,
              28.89678808697051
            ],
            [
              -89.07855347603181,
              28.896697885519465
            ],
            [
              -89.07865597593708,
              28.896696303502043
            ],
            [
              -89.07865417818041,
              28.89660610205555
            ],
            [
              -89.07885917778925,
              28.896602937798736
            ],
            [
              -89.07885737986383,
              28.896512736362645
            ],
            [
              -89.07906237926275,
              28.89650957180595
            ],
            [
              -89.07906058116859,
              28.89641937038028
            ],
            [
              -89.07947057951357,
              28.896413040355537
            ],
            [
              -89.07946878107369,
              28.896322838951995
            ],
            [
              -89.07977627948044,
              28.896318090633102
            ],
            [
              -89.07977448078333,
              28.896227889245814
            ],
            [
              -89.07987698014728,
              28.89622630632291
            ],
            [
              -89.0798751813699,
              28.89613610494019
            ],
            [
              -89.0800801798961,
              28.896132938872423
            ],
            [
              -89.08007838094998,
              28.896042737500114
            ],
            [
              -89.08018088011224,
              28.89604115435525
            ],
            [
              -89.08017908108587,
              28.89595095298748
            ],
            [
              -89.08038407920866,
              28.89594778647578
            ],
            [
              -89.08038228001357,
              28.895857585118446
            ],
            [
              -89.08048477897411,
              28.89585600175161
            ],
            [
              -89.08048297969877,
              28.895765800398824
            ],
            [
              -89.08058547856257,
              28.895764216959957
            ],
            [
              -89.080583679207,
              28.89567401561171
            ],
            [
              -89.08068617797406,
              28.895672432100817
            ],
            [
              -89.08068437853824,
              28.895582230757142
            ],
            [
              -89.08078687720858,
              28.89558064717421
            ],
            [
              -89.08078507769251,
              28.895490445835094
            ],
            [
              -89.08088757626612,
              28.895488862180123
            ],
            [
              -89.0808857766698,
              28.895398660845544
            ],
            [
              -89.0809882751467,
              28.89539707711856
            ],
            [
              -89.08098647547013,
              28.895306875788535
            ],
            [
              -89.08108897385029,
              28.89530529198952
            ],
            [
              -89.08108717409348,
              28.895215090664053
            ],
            [
              -89.0811896723769,
              28.895213506793006
            ],
            [
              -89.08118787253987,
              28.895123305472094
            ],
            [
              -89.08129037072653,
              28.895121721529012
            ],
            [
              -89.08128857080928,
              28.89503152021266
            ],
            [
              -89.08139106889922,
              28.895029936197563
            ],
            [
              -89.0813892689017,
              28.894939734885767
            ],
            [
              -89.08149176689493,
              28.894938150798634
            ],
            [
              -89.08148996681717,
              28.89484794949138
            ],
            [
              -89.08159246471367,
              28.894846365332217
            ],
            [
              -89.08158886440592,
              28.89466596272554
            ],
            [
              -89.08169136211721,
              28.89466437850022
            ],
            [
              -89.08168956188723,
              28.894574177200784
            ],
            [
              -89.08179205950177,
              28.894572592903447
            ],
            [
              -89.08179025919155,
              28.894482391608552
            ],
            [
              -89.08189275670937,
              28.894480807239187
            ],
            [
              -89.08189095631892,
              28.894390605948853
            ],
            [
              -89.08199345374,
              28.894389021507454
            ],
            [
              -89.08199165326931,
              28.89429882022169
            ],
            [
              -89.08219664790978,
              28.894295651116966
            ],
            [
              -89.08219484727039,
              28.89420544984162
            ],
            [
              -89.08229734448976,
              28.8942038651783
            ],
            [
              -89.08229554377013,
              28.894113663907504
            ],
            [
              -89.08250053800717,
              28.89411049435892
            ],
            [
              -89.08249873711883,
              28.894020293098553
            ],
            [
              -89.08260123413649,
              28.8940187082133
            ],
            [
              -89.08259943316793,
              28.893928506957486
            ],
            [
              -89.08270193008886,
              28.893926922000208
            ],
            [
              -89.08270012904005,
              28.89383672074896
            ],
            [
              -89.08280262586426,
              28.89383513571966
            ],
            [
              -89.08280082473523,
              28.89374493447298
            ],
            [
              -89.08300581818192,
              28.893741764192445
            ],
            [
              -89.08300401688419,
              28.893651562956187
            ],
            [
              -89.08310651350666,
              28.893649977704957
            ],
            [
              -89.08310471212872,
              28.89355977647327
            ],
            [
              -89.08330970517198,
              28.89355660574889
            ],
            [
              -89.08330790362533,
              28.893466404527626
            ],
            [
              -89.08351289645861,
              28.893463233503432
            ],
            [
              -89.08351109474324,
              28.893373032292597
            ],
            [
              -89.08381858366585,
              28.893368275189758
            ],
            [
              -89.0838167816933,
              28.893278073995237
            ],
            [
              -89.08402177409015,
              28.893274902215666
            ],
            [
              -89.0840199719489,
              28.893184701031583
            ],
            [
              -89.08422496413577,
              28.893181528952194
            ],
            [
              -89.08422316182583,
              28.89309132777854
            ],
            [
              -89.0844281538027,
              28.893088155399358
            ],
            [
              -89.08442635132408,
              28.89299795423615
            ],
            [
              -89.08483633482483,
              28.892991608566632
            ],
            [
              -89.08483453200057,
              28.892901407425605
            ],
            [
              -89.08514201927399,
              28.8928966473733
            ],
            [
              -89.08514021619256,
              28.892806446248596
            ],
            [
              -89.0854477031262,
              28.892801685512932
            ],
            [
              -89.08544589978762,
              28.892711484404536
            ],
            [
              -89.08565089085846,
              28.89270831020309
            ],
            [
              -89.08564908735117,
              28.89261810910516
            ],
            [
              -89.08595657363007,
              28.892613347236484
            ],
            [
              -89.08595476986562,
              28.892523146154875
            ],
            [
              -89.08615976049994,
              28.892519971198087
            ],
            [
              -89.08615795656684,
              28.892429770126917
            ],
            [
              -89.08626045178312,
              28.89242818253757
            ],
            [
              -89.0862586477698,
              28.892337981470977
            ],
            [
              -89.08636114288934,
              28.89233639380963
            ],
            [
              -89.08635933879582,
              28.892246192747617
            ],
            [
              -89.08646183381863,
              28.892244605014263
            ],
            [
              -89.0864600296449,
              28.892154403956802
            ],
            [
              -89.08656252457098,
              28.892152816151444
            ],
            [
              -89.08656072031702,
              28.89206261509856
            ],
            [
              -89.08666321514637,
              28.892061027221214
            ],
            [
              -89.08666141081223,
              28.891970826172884
            ],
            [
              -89.08676390554484,
              28.891969238223528
            ],
            [
              -89.08676210113049,
              28.891879037179777
            ],
            [
              -89.08696709039396,
              28.891875861059177
            ],
            [
              -89.08696528581095,
              28.891785660025878
            ],
            [
              -89.0870677803418,
              28.89178407185464
            ],
            [
              -89.08706597567858,
              28.891693870825915
            ],
            [
              -89.08737345895616,
              28.891689105862543
            ],
            [
              -89.08737165403579,
              28.89159890485015
            ],
            [
              -89.08767913697356,
              28.891594139203484
            ],
            [
              -89.08767733179606,
              28.891503938207435
            ],
            [
              -89.08839479107542,
              28.891492815680557
            ],
            [
              -89.0883929852869,
              28.89140261472439
            ],
            [
              -89.0887004674457,
              28.891397846776602
            ],
            [
              -89.08869866140009,
              28.89130764583678
            ],
            [
              -89.08890364928764,
              28.891304466827275
            ],
            [
              -89.08890184307336,
              28.89121426589793
            ],
            [
              -89.08920932457724,
              28.891209496817247
            ],
            [
              -89.08920751810584,
              28.891119295904254
            ],
            [
              -89.08931001183544,
              28.89111770606081
            ],
            [
              -89.08930820528384,
              28.891027505152387
            ],
            [
              -89.090128154115,
              28.891014783648362
            ],
            [
              -89.09012634686395,
              28.890924582785743
            ],
            [
              -89.09094629445748,
              28.890911856344577
            ],
            [
              -89.090944486507,
              28.890821655527784
            ],
            [
              -89.09166193959724,
              28.89081051584438
            ],
            [
              -89.09166013103581,
              28.890720315067522
            ],
            [
              -89.0920701036941,
              28.8907139478444
            ],
            [
              -89.09207191260938,
              28.890804148597674
            ],
            [
              -89.09268687187895,
              28.890794595391263
            ],
            [
              -89.09268868133331,
              28.89088479610783
            ],
            [
              -89.09289366786713,
              28.890881611070863
            ],
            [
              -89.09289547750672,
              28.89097181177433
            ],
            [
              -89.09310046418429,
              28.890968626414057
            ],
            [
              -89.0931294223761,
              28.89241183730228
            ],
            [
              -89.09302692762598,
              28.89241343011575
            ],
            [
              -89.09303054737227,
              28.892593831464957
            ],
            [
              -89.09292805243692,
              28.89259542421233
            ],
            [
              -89.09292986223403,
              28.892685624890866
            ],
            [
              -89.0928273672019,
              28.892687217566262
            ],
            [
              -89.09282917691884,
              28.89277741824938
            ],
            [
              -89.09272668178997,
              28.892779010852784
            ],
            [
              -89.09272849142671,
              28.892869211540496
            ],
            [
              -89.09252350096713,
              28.892872396525444
            ],
            [
              -89.09252531043524,
              28.89296259722364
            ],
            [
              -89.09232031976556,
              28.892965781908845
            ],
            [
              -89.09232212906498,
              28.893055982617526
            ],
            [
              -89.09191214727227,
              28.893062351076903
            ],
            [
              -89.09191395622611,
              28.893152551807844
            ],
            [
              -89.09181146066874,
              28.893154143733877
            ],
            [
              -89.09181326954237,
              28.89324434446941
            ],
            [
              -89.09160827822582,
              28.893247528099597
            ],
            [
              -89.0916100869308,
              28.893337728845612
            ],
            [
              -89.09150759117162,
              28.893339320549767
            ],
            [
              -89.09150939979641,
              28.893429521300366
            ],
            [
              -89.09140690394047,
              28.893431112932536
            ],
            [
              -89.09140871248506,
              28.89352131368771
            ],
            [
              -89.09120372057137,
              28.893524496730162
            ],
            [
              -89.09120552894731,
              28.893614697495824
            ],
            [
              -89.09110303288956,
              28.893616288906117
            ],
            [
              -89.0911048411853,
              28.893706489676347
            ],
            [
              -89.09089984886799,
              28.89370967227505
            ],
            [
              -89.09090165699506,
              28.893799873055766
            ],
            [
              -89.09079916073551,
              28.893801464244188
            ],
            [
              -89.09080096878237,
              28.89389166502949
            ],
            [
              -89.09059597606146,
              28.89389484718444
            ],
            [
              -89.09059778393967,
              28.893985047980205
            ],
            [
              -89.0904952874783,
              28.893986638946746
            ],
            [
              -89.09049709527632,
              28.89407683974709
            ],
            [
              -89.09029210215179,
              28.894080021458272
            ],
            [
              -89.09029390978112,
              28.894170222269096
            ],
            [
              -89.09008891644652,
              28.89417340368051
            ],
            [
              -89.09009072390718,
              28.8942636045018
            ],
            [
              -89.08978323357772,
              28.89426837605242
            ],
            [
              -89.08978504078122,
              28.894358576890067
            ],
            [
              -89.08958004700989,
              28.894361757546143
            ],
            [
              -89.08958185404471,
              28.89445195839426
            ],
            [
              -89.08937686006331,
              28.89445513875055
            ],
            [
              -89.08937866692945,
              28.894545339609138
            ],
            [
              -89.08907117562981,
              28.894550109577054
            ],
            [
              -89.08907298223878,
              28.894640310452
            ],
            [
              -89.08886798782068,
              28.894643490052935
            ],
            [
              -89.08886979426096,
              28.894733690938335
            ],
            [
              -89.0886647996328,
              28.894736870239488
            ],
            [
              -89.0886666059044,
              28.894827071135357
            ],
            [
              -89.08856410848941,
              28.894828660674975
            ],
            [
              -89.08856591468079,
              28.894918861575416
            ],
            [
              -89.08846341716907,
              28.89492045104303
            ],
            [
              -89.08846522328024,
              28.89501065194804
            ],
            [
              -89.08826022805498,
              28.89501383066138
            ],
            [
              -89.08826203399747,
              28.89510403157686
            ],
            [
              -89.08815953628394,
              28.895105620822562
            ],
            [
              -89.08816134214621,
              28.89519582174262
            ],
            [
              -89.08795634651737,
              28.89519900001212
            ],
            [
              -89.08795815221094,
              28.895289200942642
            ],
            [
              -89.08785565429564,
              28.895290789966438
            ],
            [
              -89.087857459909,
              28.89538099090153
            ],
            [
              -89.08775496189693,
              28.895382579853322
            ],
            [
              -89.08775676743008,
              28.895472780792968
            ],
            [
              -89.08765426932126,
              28.895474369672755
            ],
            [
              -89.08765607477419,
              28.89556457061698
            ],
            [
              -89.08755357656861,
              28.895566159424757
            ],
            [
              -89.08755538194133,
              28.895656360373557
            ],
            [
              -89.087452883639,
              28.89565794910932
            ],
            [
              -89.0874546889315,
              28.895748150062694
            ],
            [
              -89.08724969212504,
              28.895751327312308
            ],
            [
              -89.08725149724883,
              28.895841528276126
            ],
            [
              -89.08714899874471,
              28.895843116789973
            ],
            [
              -89.0871508037883,
              28.895933317758374
            ],
            [
              -89.08694580657827,
              28.895936494564143
            ],
            [
              -89.08694761145314,
              28.896026695542986
            ],
            [
              -89.08684511274726,
              28.89602828383491
            ],
            [
              -89.0868469175419,
              28.896118484818334
            ],
            [
              -89.08664191992831,
              28.89612166118025
            ],
            [
              -89.08664372455426,
              28.896211862174127
            ],
            [
              -89.08654122564657,
              28.896213450244133
            ],
            [
              -89.08654303019229,
              28.89630365124257
            ],
            [
              -89.08633803217515,
              28.89630682716063
            ],
            [
              -89.08633983655216,
              28.896397028169527
            ],
            [
              -89.0862373374427,
              28.89639861601759
            ],
            [
              -89.08623914173948,
              28.89648881703106
            ],
            [
              -89.08603414331877,
              28.896491992505258
            ],
            [
              -89.08603594744685,
              28.896582193529163
            ],
            [
              -89.0858309488161,
              28.896585368703533
            ],
            [
              -89.08583275277545,
              28.89667556973789
            ],
            [
              -89.08552525450187,
              28.896680331932842
            ],
            [
              -89.08552705820401,
              28.896770532983524
            ],
            [
              -89.08532205913667,
              28.896773707402424
            ],
            [
              -89.0853238626701,
              28.896863908463562
            ],
            [
              -89.08491386408227,
              28.896870256390077
            ],
            [
              -89.08491566727,
              28.8969604574734
            ],
            [
              -89.08481316751389,
              28.896962044266164
            ],
            [
              -89.08481497062137,
              28.89705224535405
            ],
            [
              -89.08450747103802,
              28.89705700528256
            ],
            [
              -89.08450927388829,
              28.89714720638676
            ],
            [
              -89.08440677392217,
              28.897148792879673
            ],
            [
              -89.08440857669218,
              28.89723899398845
            ],
            [
              -89.08420357655818,
              28.89724216675232
            ],
            [
              -89.08420537915947,
              28.897332367871524
            ],
            [
              -89.08400037881543,
              28.897335540335547
            ],
            [
              -89.084002181248,
              28.897425741465188
            ],
            [
              -89.08369468040453,
              28.897430499594588
            ],
            [
              -89.08369648257987,
              28.897520700740532
            ],
            [
              -89.08349148179929,
              28.897523872449035
            ],
            [
              -89.08349328380588,
              28.89761407360542
            ],
            [
              -89.08328828281529,
              28.897617245014057
            ],
            [
              -89.08329008465314,
              28.897707446180902
            ],
            [
              -89.08308508345254,
              28.897710617289672
            ],
            [
              -89.08308688512166,
              28.89780081846693
            ],
            [
              -89.08288188371105,
              28.897803989275832
            ],
            [
              -89.08288368521143,
              28.897894190463518
            ],
            [
              -89.08278118440523,
              28.897895775756986
            ],
            [
              -89.08278298582538,
              28.89798597694924
            ],
            [
              -89.08227048122818,
              28.89799390227741
            ],
            [
              -89.08227228221408,
              28.898084103497688
            ],
            [
              -89.08206728014045,
              28.89808727309537
            ],
            [
              -89.0820690809576,
              28.898177474326083
            ],
            [
              -89.08176157751979,
              28.898182228155942
            ],
            [
              -89.08176337807967,
              28.898272429402944
            ],
            [
              -89.08135337302646,
              28.898278766775565
            ],
            [
              -89.08135157282055,
              28.89818856550509
            ],
            [
              -89.08094156798936,
              28.898194901607777
            ],
            [
              -89.08094336784127,
              28.898285102901717
            ],
            [
              -89.0807383651992,
              28.898288270497368
            ],
            [
              -89.08074016488236,
              28.898378471801713
            ],
            [
              -89.08043266059191,
              28.8983832226285
            ],
            [
              -89.08043446001781,
              28.898473423949138
            ],
            [
              -89.0802294569393,
              28.89847659078919
            ],
            [
              -89.08023125619644,
              28.898566792120235
            ],
            [
              -89.07992375125136,
              28.898571541813634
            ],
            [
              -89.07992555025125,
              28.89866174316098
            ],
            [
              -89.07961804496648,
              28.8986664921708
            ],
            [
              -89.07961984370908,
              28.898756693534402
            ]
          ]
        ]
      },
      "properties": {
        "incident_id": "SP-003",
        "type": "AI-detected-slick",
        "source": "Sentinel-1 SAR",
        "method": "U-Net segmentation + radiometric filtering"
      }
    },
    {
      "type": "Feature",
      "geometry": {
        "type": "Polygon",
        "coordinates": [
          [
            [
              -89.09862601904672,
              28.890431502057975
            ],
            [
              -89.0940138508424,
              28.890503285231905
            ],
            [
              -89.0940120402712,
              28.890413084586783
            ],
            [
              -89.09370456205863,
              28.890417864506876
            ],
            [
              -89.09370094147188,
              28.89023746317729
            ],
            [
              -89.0935984488947,
              28.890239056316442
            ],
            [
              -89.09359120817453,
              28.889878253617912
            ],
            [
              -89.09369370039788,
              28.889876660502377
            ],
            [
              -89.09369007991064,
              28.889696259157038
            ],
            [
              -89.09379257194877,
              28.88969466597543
            ],
            [
              -89.09379076162912,
              28.889604465306697
            ],
            [
              -89.09389325357051,
              28.889602872053114
            ],
            [
              -89.09389144317072,
              28.889512671388957
            ],
            [
              -89.09399393501533,
              28.889511078063403
            ],
            [
              -89.09399212453539,
              28.88942087740385
            ],
            [
              -89.09409461628326,
              28.889419284006316
            ],
            [
              -89.09409280572312,
              28.889329083351363
            ],
            [
              -89.09419529737426,
              28.889327489881858
            ],
            [
              -89.09419348673397,
              28.889237289231485
            ],
            [
              -89.09429597828834,
              28.889235695690008
            ],
            [
              -89.09429235685575,
              28.889055294397128
            ],
            [
              -89.09449733958579,
              28.88905210710417
            ],
            [
              -89.09449371783255,
              28.888871705829654
            ],
            [
              -89.09469870017558,
              28.88886851824882
            ],
            [
              -89.0946968891345,
              28.888778317621412
            ],
            [
              -89.0947993802051,
              28.88877672372009
            ],
            [
              -89.09479756908388,
              28.88868652309726
            ],
            [
              -89.09490006005774,
              28.888684929123972
            ],
            [
              -89.09489824885635,
              28.88859472850573
            ],
            [
              -89.09500073973346,
              28.888593134460482
            ],
            [
              -89.09499892845191,
              28.88850293384683
            ],
            [
              -89.09520391000434,
              28.888499745534528
            ],
            [
              -89.09520209855418,
              28.888409544931385
            ],
            [
              -89.0953045892295,
              28.888407950664323
            ],
            [
              -89.0953027776992,
              28.888317750065767
            ],
            [
              -89.09540526827776,
              28.88831615572674
            ],
            [
              -89.0954034566673,
              28.888225955132793
            ],
            [
              -89.0955059471491,
              28.888224360721804
            ],
            [
              -89.09550413545848,
              28.888134160132434
            ],
            [
              -89.0957091162203,
              28.888130971088668
            ],
            [
              -89.0957073043611,
              28.888040770509797
            ],
            [
              -89.0972446576893,
              28.888016842841846
            ],
            [
              -89.09724284451165,
              28.8879266423503
            ],
            [
              -89.09765280472976,
              28.887920258703492
            ],
            [
              -89.0976509912066,
              28.887830058234275
            ],
            [
              -89.09795846101761,
              28.887825269699274
            ],
            [
              -89.09795664723742,
              28.887735069246485
            ],
            [
              -89.09836660651527,
              28.887728683466662
            ],
            [
              -89.0983647923896,
              28.8876384830362
            ],
            [
              -89.09867226149538,
              28.887633692901467
            ],
            [
              -89.09867044711267,
              28.88754349248745
            ],
            [
              -89.0989779158783,
              28.887538701669662
            ],
            [
              -89.09897610123856,
              28.887448501272072
            ],
            [
              -89.09928356966401,
              28.887443709771222
            ],
            [
              -89.09928175476725,
              28.887353509390074
            ],
            [
              -89.09958922285253,
              28.887348717206187
            ],
            [
              -89.09958740769875,
              28.887258516841474
            ],
            [
              -89.0997923862038,
              28.887255321674704
            ],
            [
              -89.09979057088144,
              28.887165121320518
            ],
            [
              -89.09999554917633,
              28.887161925854137
            ],
            [
              -89.0999937336854,
              28.887071725510463
            ],
            [
              -89.1001987117701,
              28.887068529744454
            ],
            [
              -89.10019689611062,
              28.886978329411313
            ],
            [
              -89.10040187398516,
              28.886975133345686
            ],
            [
              -89.1004000581571,
              28.886884933023072
            ],
            [
              -89.10060503582149,
              28.886881736657816
            ],
            [
              -89.10060321982485,
              28.886791536345726
            ],
            [
              -89.10080819727906,
              28.886788339680862
            ],
            [
              -89.10080638111386,
              28.88669813937929
            ],
            [
              -89.10090886974005,
              28.886696540935986
            ],
            [
              -89.10090705349472,
              28.886606340639027
            ],
            [
              -89.10100954202413,
              28.886604742123776
            ],
            [
              -89.1010077256987,
              28.88651454183144
            ],
            [
              -89.10111021413134,
              28.88651294324424
            ],
            [
              -89.10110839772578,
              28.8864227429565
            ],
            [
              -89.10121088606168,
              28.88642114429737
            ],
            [
              -89.10120906957599,
              28.886330944014254
            ],
            [
              -89.10131155781511,
              28.88632934528317
            ],
            [
              -89.1013097412493,
              28.886239145004655
            ],
            [
              -89.10141222939167,
              28.88623754620163
            ],
            [
              -89.10141041274574,
              28.886147345927714
            ],
            [
              -89.10151290079135,
              28.88614574705277
            ],
            [
              -89.1015110840653,
              28.88605554678347
            ],
            [
              -89.10181854788684,
              28.8860507497092
            ],
            [
              -89.10181673090379,
              28.88596054945635
            ],
            [
              -89.10202170656632,
              28.885957351029386
            ],
            [
              -89.10201988941472,
              28.88586715078707
            ],
            [
              -89.10222486486707,
              28.885863952060507
            ],
            [
              -89.10222304754691,
              28.885773751828733
            ],
            [
              -89.10242802278908,
              28.88577055280258
            ],
            [
              -89.10242620530038,
              28.885680352581332
            ],
            [
              -89.10252869282053,
              28.885678752957386
            ],
            [
              -89.10253051039767,
              28.885768953172697
            ],
            [
              -89.10294046074874,
              28.88576255387461
            ],
            [
              -89.10294227868796,
              28.8858527540649
            ],
            [
              -89.10324974162913,
              28.885847953756013
            ],
            [
              -89.10324792342459,
              28.88575775358351
            ],
            [
              -89.10365787354243,
              28.885751352105324
            ],
            [
              -89.10365605499248,
              28.8856611519552
            ],
            [
              -89.10386102982454,
              28.8856579507608
            ],
            [
              -89.10385921110603,
              28.88556775062125
            ],
            [
              -89.10416667302631,
              28.88556294826349
            ],
            [
              -89.10416485405084,
              28.8854727481404
            ],
            [
              -89.10457480280743,
              28.885466343930414
            ],
            [
              -89.10457298348655,
              28.885376143829735
            ],
            [
              -89.1052903928706,
              28.885364933506214
            ],
            [
              -89.105288572939,
              28.885274733445744
            ],
            [
              -89.1056985206213,
              28.88526832585743
            ],
            [
              -89.10569670034428,
              28.88517812581938
            ],
            [
              -89.1063116210869,
              28.88516851213677
            ],
            [
              -89.1063098002876,
              28.88507831213303
            ],
            [
              -89.106617260281,
              28.885073504258447
            ],
            [
              -89.10661543922475,
              28.884983304271184
            ],
            [
              -89.10671792578408,
              28.884981701496557
            ],
            [
              -89.10671610464776,
              28.884891501513927
            ],
            [
              -89.10681859111033,
              28.88488989866737
            ],
            [
              -89.1068167698939,
              28.884799698689378
            ],
            [
              -89.10691925625967,
              28.88479809577089
            ],
            [
              -89.10691743496317,
              28.88470789579751
            ],
            [
              -89.10701992123218,
              28.884706292807103
            ],
            [
              -89.10701809985557,
              28.88461609283836
            ],
            [
              -89.1071205860278,
              28.884614489776045
            ],
            [
              -89.10711876457111,
              28.88452428981191
            ],
            [
              -89.10722125064657,
              28.884522686677688
            ],
            [
              -89.10721942910979,
              28.884432486718175
            ],
            [
              -89.10732191508846,
              28.88443088351203
            ],
            [
              -89.10732009347161,
              28.884340683557156
            ],
            [
              -89.10752506522707,
              28.884337476923164
            ],
            [
              -89.10752324344169,
              28.88424727697885
            ],
            [
              -89.10762572921846,
              28.884245673551014
            ],
            [
              -89.107623907353,
              28.88415547361133
            ],
            [
              -89.10782887870464,
              28.884152266533963
            ],
            [
              -89.10782705667066,
              28.88406206660486
            ],
            [
              -89.10792954224554,
              28.88406046295534
            ],
            [
              -89.10792772013149,
              28.883970263030843
            ],
            [
              -89.10813269107932,
              28.88396705551013
            ],
            [
              -89.10813086879675,
              28.8838768555962
            ],
            [
              -89.10833583953432,
              28.883873647775953
            ],
            [
              -89.10833401708327,
              28.883783447872588
            ],
            [
              -89.10853898761059,
              28.883780239752816
            ],
            [
              -89.108537164991,
              28.883690039860035
            ],
            [
              -89.10863965015372,
              28.883688435689308
            ],
            [
              -89.10863782745406,
              28.88359823580114
            ],
            [
              -89.10874031251997,
              28.883596631558504
            ],
            [
              -89.10873848974025,
              28.88350643167498
            ],
            [
              -89.1088409747094,
              28.88350482736044
            ],
            [
              -89.1088391518496,
              28.883414627481535
            ],
            [
              -89.10894163672197,
              28.883413023095084
            ],
            [
              -89.10893981378209,
              28.883322823220826
            ],
            [
              -89.10904229855767,
              28.883321218762458
            ],
            [
              -89.10903865252611,
              28.88314081902187
            ],
            [
              -89.10914113711651,
              28.88313921449754
            ],
            [
              -89.10913931402483,
              28.883049014631226
            ],
            [
              -89.10924179851844,
              28.88304741003499
            ],
            [
              -89.10923997534668,
              28.882957210173295
            ],
            [
              -89.10934245974352,
              28.882955605505156
            ],
            [
              -89.10933881324823,
              28.88277520578972
            ],
            [
              -89.10944129745987,
              28.88277360105563
            ],
            [
              -89.10943765082115,
              28.88259320134683
            ],
            [
              -89.10954013484758,
              28.88259159654677
            ],
            [
              -89.10953831145233,
              28.88250139669635
            ],
            [
              -89.10964079538199,
              28.882499791824387
            ],
            [
              -89.1096353249811,
              28.882229192283074
            ],
            [
              -89.10973780863714,
              28.8822275873511
            ],
            [
              -89.10973416156814,
              28.88204718766221
            ],
            [
              -89.10983664503897,
              28.882045582664276
            ],
            [
              -89.10983482142858,
              28.88195538282381
            ],
            [
              -89.10993730480266,
              28.881953777753978
            ],
            [
              -89.1099354811122,
              28.88186357791814
            ],
            [
              -89.11003796438948,
              28.881861972776406
            ],
            [
              -89.11003431685681,
              28.881681573112694
            ],
            [
              -89.1101367999489,
              28.881679967905008
            ],
            [
              -89.11013497610669,
              28.88158976807712
            ],
            [
              -89.11023745910201,
              28.88158816279754
            ],
            [
              -89.11023563517972,
              28.881497962974283
            ],
            [
              -89.11033811807827,
              28.8814963576228
            ],
            [
              -89.11033447008195,
              28.88131595798426
            ],
            [
              -89.1104369527953,
              28.88131435256682
            ],
            [
              -89.11043330465557,
              28.881133952934924
            ],
            [
              -89.11053578718374,
              28.881132347451537
            ],
            [
              -89.11053031477157,
              28.88086174801167
            ],
            [
              -89.11063279702614,
              28.88086014246828
            ],
            [
              -89.11063097281705,
              28.880769942658322
            ],
            [
              -89.11073345497483,
              28.880768337043044
            ],
            [
              -89.11073163068569,
              28.8806781372377
            ],
            [
              -89.1108341127467,
              28.880676531550517
            ],
            [
              -89.11083228837751,
              28.880586331749836
            ],
            [
              -89.11093477034176,
              28.88058472599076
            ],
            [
              -89.1109329458925,
              28.880494526194692
            ],
            [
              -89.11103542775996,
              28.880492920363732
            ],
            [
              -89.11103360323067,
              28.880402720572306
            ],
            [
              -89.11113608500135,
              28.880401114669446
            ],
            [
              -89.11113426039199,
              28.880310914882664
            ],
            [
              -89.11133922373146,
              28.880307702855312
            ],
            [
              -89.11133739895365,
              28.880217503079113
            ],
            [
              -89.11184980671396,
              28.880209471678274
            ],
            [
              -89.11185163193385,
              28.880299671424726
            ],
            [
              -89.11195411354923,
              28.880298064905084
            ],
            [
              -89.11195593886588,
              28.880388264644267
            ],
            [
              -89.11205842056131,
              28.880386658040827
            ],
            [
              -89.11206207139654,
              28.880567057503352
            ],
            [
              -89.11216455326044,
              28.880565450810177
            ],
            [
              -89.11217733206608,
              28.881196848845956
            ],
            [
              -89.11207484958328,
              28.881198455580808
            ],
            [
              -89.11208032607448,
              28.88146905473716
            ],
            [
              -89.11197784331807,
              28.88147066141202
            ],
            [
              -89.1119814941772,
              28.88165106085492
            ],
            [
              -89.11187901123559,
              28.881652667463836
            ],
            [
              -89.11188266195131,
              28.881833066913373
            ],
            [
              -89.1117801788245,
              28.881834673456357
            ],
            [
              -89.1117820041065,
              28.88192487318512
            ],
            [
              -89.11167952088292,
              28.881926479656194
            ],
            [
              -89.11168317129516,
              28.882106879121665
            ],
            [
              -89.11158068788636,
              28.8821084855268
            ],
            [
              -89.1115825130166,
              28.88219868526352
            ],
            [
              -89.11148002951103,
              28.88220029159676
            ],
            [
              -89.11148550468667,
              28.88247089081689
            ],
            [
              -89.11138302090747,
              28.882472497090134
            ],
            [
              -89.1113884958931,
              28.882743096316275
            ],
            [
              -89.11128601184028,
              28.88274470252952
            ],
            [
              -89.11129878648046,
              28.88337610071956
            ],
            [
              -89.11140127115226,
              28.88337449446467
            ],
            [
              -89.11140674638877,
              28.88364509365141
            ],
            [
              -89.11150923131748,
              28.883643487300816
            ],
            [
              -89.11151653210358,
              28.884004286174292
            ],
            [
              -89.11141404682115,
              28.884005892548686
            ],
            [
              -89.11142134738735,
              28.88436669142495
            ],
            [
              -89.11131886174283,
              28.884368297745297
            ],
            [
              -89.11132068681685,
              28.88445849746703
            ],
            [
              -89.11121820107554,
              28.88446010371547
            ],
            [
              -89.1112200260695,
              28.88455030344183
            ],
            [
              -89.1111175402314,
              28.88455190961837
            ],
            [
              -89.11111936514529,
              28.88464210934938
            ],
            [
              -89.11091439326714,
              28.88464532148077
            ],
            [
              -89.11091621801252,
              28.884735521222368
            ],
            [
              -89.11071124592407,
              28.884738733054252
            ],
            [
              -89.11071307050095,
              28.88482893280642
            ],
            [
              -89.11061058435575,
              28.884830538611528
            ],
            [
              -89.11061240885255,
              28.884920738368336
            ],
            [
              -89.11040743636022,
              28.884923949756868
            ],
            [
              -89.11040926068851,
              28.885014149524263
            ],
            [
              -89.11030677434137,
              28.885015755107695
            ],
            [
              -89.11030859858958,
              28.885105954879712
            ],
            [
              -89.11010362569338,
              28.885109165824893
            ],
            [
              -89.11010544977309,
              28.885199365607505
            ],
            [
              -89.10990047666657,
              28.88520257625316
            ],
            [
              -89.10990230057777,
              28.88529277604634
            ],
            [
              -89.10969732726095,
              28.885295986392457
            ],
            [
              -89.10969915100364,
              28.885386186196214
            ],
            [
              -89.10959666424426,
              28.885387791258427
            ],
            [
              -89.10959848790687,
              28.885477991066825
            ],
            [
              -89.1094960010507,
              28.885479596057124
            ],
            [
              -89.10949782463322,
              28.885569795870143
            ],
            [
              -89.10929285071896,
              28.885573005629066
            ],
            [
              -89.10929467413297,
              28.885663205452673
            ],
            [
              -89.10908970000841,
              28.885666414912052
            ],
            [
              -89.10909152325388,
              28.885756614746224
            ],
            [
              -89.10878406173909,
              28.88576142836916
            ],
            [
              -89.10878588472762,
              28.885851628219857
            ],
            [
              -89.10868339745087,
              28.88585323261107
            ],
            [
              -89.10868704327612,
              28.8860336323204
            ],
            [
              -89.10827709337813,
              28.88604004915417
            ],
            [
              -89.10827891594953,
              28.88613024903064
            ],
            [
              -89.10797145317304,
              28.886135060856244
            ],
            [
              -89.10797327548747,
              28.88622526074923
            ],
            [
              -89.1077683000845,
              28.886228468255545
            ],
            [
              -89.1077701222304,
              28.886318668159095
            ],
            [
              -89.10766763442797,
              28.886320271801406
            ],
            [
              -89.10766945649377,
              28.88641047170957
            ],
            [
              -89.10756696859454,
              28.886412075279953
            ],
            [
              -89.10756879058026,
              28.886502275192758
            ],
            [
              -89.10746630258424,
              28.88650387869122
            ],
            [
              -89.10746812448986,
              28.88659407860864
            ],
            [
              -89.10716066018641,
              28.88659888865468
            ],
            [
              -89.10716248183505,
              28.886689088588614
            ],
            [
              -89.10685501719117,
              28.8866938979517
            ],
            [
              -89.10685683858283,
              28.88678409790214
            ],
            [
              -89.1065493735985,
              28.88678890658227
            ],
            [
              -89.10655119473319,
              28.886879106549202
            ],
            [
              -89.10603875248357,
              28.886887119488524
            ],
            [
              -89.10604057318439,
              28.886977319483808
            ],
            [
              -89.1052206644437,
              28.886990136185304
            ],
            [
              -89.10521884445043,
              28.886899936142537
            ],
            [
              -89.10511635590876,
              28.886901537873904
            ],
            [
              -89.1051181758136,
              28.8869917379226
            ],
            [
              -89.10470822120978,
              28.886998144093155
            ],
            [
              -89.10471004076915,
              28.88708834416427
            ],
            [
              -89.1046075520089,
              28.887089945518177
            ],
            [
              -89.10460937148818,
              28.88718014559392
            ],
            [
              -89.10450688263116,
              28.887181746875893
            ],
            [
              -89.10450870203033,
              28.88727194695624
            ],
            [
              -89.10440621307653,
              28.88727354816629
            ],
            [
              -89.10440803239557,
              28.88736374825126
            ],
            [
              -89.10430554334499,
              28.887365349389366
            ],
            [
              -89.10430736258394,
              28.887455549478954
            ],
            [
              -89.10420487343657,
              28.887457150545135
            ],
            [
              -89.10420669259541,
              28.88754735063934
            ],
            [
              -89.10410420335127,
              28.88754895163358
            ],
            [
              -89.10410602242999,
              28.887639151732408
            ],
            [
              -89.1039010437398,
              28.887642353499135
            ],
            [
              -89.10390286264996,
              28.88773255360851
            ],
            [
              -89.10380037320392,
              28.887734154381015
            ],
            [
              -89.10380219203397,
              28.887824354495
            ],
            [
              -89.10369970249114,
              28.88782595519556
            ],
            [
              -89.10370333999936,
              28.888006355431457
            ],
            [
              -89.10360085027129,
              28.88800795606601
            ],
            [
              -89.10360266894945,
              28.88809815618792
            ],
            [
              -89.10350017912462,
              28.88809975675053
            ],
            [
              -89.10350199772266,
              28.888189956877042
            ],
            [
              -89.10339950780104,
              28.88819155736772
            ],
            [
              -89.10340132631896,
              28.88828175749886
            ],
            [
              -89.10329883630057,
              28.88828335791759
            ],
            [
              -89.10330065473836,
              28.88837355805334
            ],
            [
              -89.1031981646232,
              28.888375158400137
            ],
            [
              -89.10319998298088,
              28.888465358540497
            ],
            [
              -89.10299500254864,
              28.888468559012328
            ],
            [
              -89.10299682073774,
              28.888558759163253
            ],
            [
              -89.10279184009528,
              28.888561959335455
            ],
            [
              -89.10279365811581,
              28.888652159496903
            ],
            [
              -89.10258867726314,
              28.88865535936949
            ],
            [
              -89.1025904951151,
              28.888745559541476
            ],
            [
              -89.1023855140522,
              28.888748759114424
            ],
            [
              -89.10238733173559,
              28.888838959296958
            ],
            [
              -89.10228484110318,
              28.888840558972554
            ],
            [
              -89.10228665870645,
              28.88893075915969
            ],
            [
              -89.10208167723977,
              28.888933958289122
            ],
            [
              -89.10208349467445,
              28.88902415848681
            ],
            [
              -89.10167353128737,
              28.88903055583492
            ],
            [
              -89.10167534837656,
              28.889120756054968
            ],
            [
              -89.10147036645617,
              28.889123954273643
            ],
            [
              -89.10147218337677,
              28.88921415450424
            ],
            [
              -89.10136969231563,
              28.889215753502693
            ],
            [
              -89.10137150915611,
              28.8893059537379
            ],
            [
              -89.10116652683196,
              28.889309151513032
            ],
            [
              -89.10116834350386,
              28.88939935175876
            ],
            [
              -89.10075837840184,
              28.88940574639825
            ],
            [
              -89.10076019472824,
              28.88949594666637
            ],
            [
              -89.10035022913925,
              28.889502340083588
            ],
            [
              -89.10035204512015,
              28.88959254037405
            ],
            [
              -89.10024955361364,
              28.88959413853959
            ],
            [
              -89.1002513695144,
              28.889684338834662
            ],
            [
              -89.10004638629952,
              28.889687534943974
            ],
            [
              -89.10004820203167,
              28.88977773524958
            ],
            [
              -89.09994571032331,
              28.88977933319333
            ],
            [
              -89.09994752597532,
              28.889869533503546
            ],
            [
              -89.09974254235671,
              28.889872729169273
            ],
            [
              -89.09974435784014,
              28.889962929490007
            ],
            [
              -89.09953937401134,
              28.889966124856073
            ],
            [
              -89.09954118932616,
              28.890056325187334
            ],
            [
              -89.09933620528717,
              28.89005952025375
            ],
            [
              -89.09933802043341,
              28.89014972059552
            ],
            [
              -89.09923552831297,
              28.890151318017832
            ],
            [
              -89.09923734337906,
              28.89024151836421
            ],
            [
              -89.09903235893634,
              28.890244712987037
            ],
            [
              -89.09903417383381,
              28.890334913343935
            ],
            [
              -89.09862420449477,
              28.89034130167874
            ],
            [
              -89.09862601904672,
              28.890431502057975
            ]
          ]
        ]
      },
      "properties": {
        "incident_id": "SP-003",
        "type": "AI-detected-slick",
        "source": "Sentinel-1 SAR",
        "method": "U-Net segmentation + radiometric filtering"
      }
    },
    {
      "type": "Feature",
      "geometry": {
        "type": "Polygon",
        "coordinates": [
          [
            [
              -89.11501393466952,
              28.879528236588385
            ],
            [
              -89.11429656989442,
              28.87953949660411
            ],
            [
              -89.11429474261966,
              28.879449296990057
            ],
            [
              -89.11388482006046,
              28.87945572954849
            ],
            [
              -89.11388299314768,
              28.879365529909307
            ],
            [
              -89.11378051257537,
              28.87936713784835
            ],
            [
              -89.11377320536164,
              28.879006339254644
            ],
            [
              -89.11387568558033,
              28.879004731339432
            ],
            [
              -89.11387203184687,
              28.878824332046598
            ],
            [
              -89.11397451188037,
              28.87882272406545
            ],
            [
              -89.1139726849378,
              28.878732524423025
            ],
            [
              -89.11407516487454,
              28.87873091637
            ],
            [
              -89.11407151083769,
              28.878550517093124
            ],
            [
              -89.11417399058924,
              28.87854890897417
            ],
            [
              -89.11417216349496,
              28.87845870933973
            ],
            [
              -89.11427464314976,
              28.8784571011489
            ],
            [
              -89.11427281597544,
              28.87836690151909
            ],
            [
              -89.11437529553345,
              28.878365293256394
            ],
            [
              -89.11437346827911,
              28.878275093631224
            ],
            [
              -89.11457842719321,
              28.878271876884238
            ],
            [
              -89.11457659977044,
              28.87818167726968
            ],
            [
              -89.11467907912653,
              28.878180068785394
            ],
            [
              -89.11467725162373,
              28.87808986917547
            ],
            [
              -89.11477973088304,
              28.878088260619307
            ],
            [
              -89.11477790330021,
              28.87799806101404
            ],
            [
              -89.11498286161691,
              28.877994843680142
            ],
            [
              -89.11498103386566,
              28.877904644085476
            ],
            [
              -89.11518599197206,
              28.877901426452155
            ],
            [
              -89.11518416405238,
              28.877811226868108
            ],
            [
              -89.11538912194847,
              28.87780800893536
            ],
            [
              -89.11538729386037,
              28.87771780936192
            ],
            [
              -89.11559225154616,
              28.87771459112978
            ],
            [
              -89.11559042328963,
              28.87762439156694
            ],
            [
              -89.1157953807651,
              28.877621173035397
            ],
            [
              -89.11579355234018,
              28.877530973483175
            ],
            [
              -89.11589603097694,
              28.87752936410661
            ],
            [
              -89.11589420247198,
              28.877439164559036
            ],
            [
              -89.11599668101198,
              28.877437555110603
            ],
            [
              -89.115994852427,
              28.87734735556767
            ],
            [
              -89.11619980930506,
              28.877344136449253
            ],
            [
              -89.11619798055166,
              28.877253936916947
            ],
            [
              -89.11630045888973,
              28.87725232724695
            ],
            [
              -89.1162986300563,
              28.877162127719274
            ],
            [
              -89.11670854297118,
              28.877155688284844
            ],
            [
              -89.11670488462231,
              28.876975289273282
            ],
            [
              -89.11680736265328,
              28.876973679232037
            ],
            [
              -89.11680553340302,
              28.876883479730246
            ],
            [
              -89.11690801133722,
              28.876881869617126
            ],
            [
              -89.11690618200694,
              28.876791670119996
            ],
            [
              -89.11700865984437,
              28.87679005993501
            ],
            [
              -89.11700500103218,
              28.87660966094872
            ],
            [
              -89.1172099563283,
              28.876606440369148
            ],
            [
              -89.11720812675799,
              28.876516240885962
            ],
            [
              -89.11731060430508,
              28.876514630485392
            ],
            [
              -89.11730877465475,
              28.876424431006868
            ],
            [
              -89.11771868440569,
              28.876417988650164
            ],
            [
              -89.11771685441018,
              28.876327789194196
            ],
            [
              -89.11833171825465,
              28.87631812336013
            ],
            [
              -89.11832988773718,
              28.876227923938657
            ],
            [
              -89.11843236492685,
              28.876226312699885
            ],
            [
              -89.11843419553271,
              28.87631651211538
            ],
            [
              -89.11863915006366,
              28.876313289392417
            ],
            [
              -89.1186409808547,
              28.876403488794672
            ],
            [
              -89.1188459355289,
              28.876400265748455
            ],
            [
              -89.1188477665051,
              28.87649046513745
            ],
            [
              -89.11895024391801,
              28.87648885349163
            ],
            [
              -89.11895207499101,
              28.87657905287334
            ],
            [
              -89.11905455248392,
              28.876577441143723
            ],
            [
              -89.11906004601843,
              28.876848039263052
            ],
            [
              -89.11916252376814,
              28.876846427437695
            ],
            [
              -89.11918816249863,
              28.878109218421265
            ],
            [
              -89.11908568351136,
              28.878110830330236
            ],
            [
              -89.11909117747382,
              28.878381428382543
            ],
            [
              -89.11898869821296,
              28.878383040231597
            ],
            [
              -89.11899052946215,
              28.878473239585702
            ],
            [
              -89.1188880501045,
              28.87847485136289
            ],
            [
              -89.11889171245127,
              28.878655250079124
            ],
            [
              -89.11878923290843,
              28.87865686179042
            ],
            [
              -89.11879289511194,
              28.878837260513322
            ],
            [
              -89.11858793564747,
              28.878840483726282
            ],
            [
              -89.118589766585,
              28.878930683097717
            ],
            [
              -89.11838480691016,
              28.878933906011277
            ],
            [
              -89.11838663767928,
              28.879024105393334
            ],
            [
              -89.11807919783888,
              28.879028939197813
            ],
            [
              -89.11808102835118,
              28.87911913859646
            ],
            [
              -89.11736366781125,
              28.87913041479109
            ],
            [
              -89.1173618379178,
              28.879040215350674
            ],
            [
              -89.11613207709729,
              28.87905953702507
            ],
            [
              -89.11613390592989,
              28.87914973653707
            ],
            [
              -89.11582646527098,
              28.879154565222237
            ],
            [
              -89.11582829384673,
              28.879244764750815
            ],
            [
              -89.1155208528472,
              28.87924959275333
            ],
            [
              -89.11552268116611,
              28.879339792298477
            ],
            [
              -89.11521523982596,
              28.87934461961834
            ],
            [
              -89.11521706788803,
              28.87943481918007
            ],
            [
              -89.11501210677591,
              28.87943803701604
            ],
            [
              -89.11501393466952,
              28.879528236588385
            ]
          ]
        ]
      },
      "properties": {
        "incident_id": "SP-003",
        "type": "AI-detected-slick",
        "source": "Sentinel-1 SAR",
        "method": "U-Net segmentation + radiometric filtering"
      }
    },
    {
      "type": "Feature",
      "geometry": {
        "type": "Polygon",
        "coordinates": [
          [
            [
              -88.96849777589956,
              28.87841010271125
            ],
            [
              -88.96788284214641,
              28.878419085629353
            ],
            [
              -88.96788114143685,
              28.87832887775276
            ],
            [
              -88.96736869687041,
              28.878336361348964
            ],
            [
              -88.96736699661079,
              28.87824615344334
            ],
            [
              -88.96726450776258,
              28.878247649923455
            ],
            [
              -88.96726620793375,
              28.87833785783463
            ],
            [
              -88.96675376313357,
              28.87834533909504
            ],
            [
              -88.96675206340458,
              28.878255131156145
            ],
            [
              -88.96634210777798,
              28.87826111474083
            ],
            [
              -88.9663404084105,
              28.878170906778482
            ],
            [
              -88.96603294187409,
              28.87817539363284
            ],
            [
              -88.96603124277972,
              28.87808518565256
            ],
            [
              -88.96572377643854,
              28.87808967178957
            ],
            [
              -88.96572207761724,
              28.877999463791358
            ],
            [
              -88.9654146114713,
              28.878003949211006
            ],
            [
              -88.9654129129231,
              28.877913741194888
            ],
            [
              -88.9650029583066,
              28.877919720642243
            ],
            [
              -88.96500126011992,
              28.87782951260267
            ],
            [
              -88.96489877153478,
              28.877831007264327
            ],
            [
              -88.96489028116022,
              28.877379967019277
            ],
            [
              -88.96478779300945,
              28.877381461575382
            ],
            [
              -88.96478439709097,
              28.8772010454572
            ],
            [
              -88.96468190910927,
              28.877202539924376
            ],
            [
              -88.96468021125014,
              28.87711233185778
            ],
            [
              -88.96457772334911,
              28.87711382624157
            ],
            [
              -88.96457602558617,
              28.87702361816815
            ],
            [
              -88.96447353776578,
              28.877025112468544
            ],
            [
              -88.96447184009907,
              28.87693490438828
            ],
            [
              -88.96436935235933,
              28.87693639860528
            ],
            [
              -88.96436256212394,
              28.876575566249127
            ],
            [
              -88.96446504950997,
              28.87657407205428
            ],
            [
              -88.96445316627853,
              28.87594261541973
            ],
            [
              -88.9643506795115,
              28.87594410957583
            ],
            [
              -88.96434728454938,
              28.87576369337176
            ],
            [
              -88.96424479795141,
              28.875765187438937
            ],
            [
              -88.96424310057044,
              28.875674979329418
            ],
            [
              -88.96414061405312,
              28.875676473313195
            ],
            [
              -88.96413891676836,
              28.87558626519685
            ],
            [
              -88.96403643033169,
              28.875587759097247
            ],
            [
              -88.96403303596233,
              28.87540734284957
            ],
            [
              -88.96393054969472,
              28.875408836661055
            ],
            [
              -88.96392036730386,
              28.874867587853633
            ],
            [
              -88.96402285304093,
              28.874866094075365
            ],
            [
              -88.96401606458222,
              28.87450526153325
            ],
            [
              -88.96391357919882,
              28.874506755289364
            ],
            [
              -88.96391018519296,
              28.87432633899943
            ],
            [
              -88.96380769997862,
              28.87432783266664
            ],
            [
              -88.96380600307576,
              28.874237624514198
            ],
            [
              -88.96370351794206,
              28.874239118098025
            ],
            [
              -88.9637018211354,
              28.874148909938743
            ],
            [
              -88.96349685102152,
              28.87415189686178
            ],
            [
              -88.96349515439947,
              28.874061688690137
            ],
            [
              -88.96308521443206,
              28.874067661579907
            ],
            [
              -88.96308351817144,
              28.873977453384832
            ],
            [
              -88.96298103324857,
              28.87397894640712
            ],
            [
              -88.96297255250423,
              28.873527905384577
            ],
            [
              -88.96307503698503,
              28.873526412389946
            ],
            [
              -88.96307334077106,
              28.87343620418706
            ],
            [
              -88.96317582515566,
              28.873434711120115
            ],
            [
              -88.96317412886106,
              28.873344502921476
            ],
            [
              -88.96327661314949,
              28.873343009782225
            ],
            [
              -88.96327491677424,
              28.87325280158781
            ],
            [
              -88.96347988515093,
              28.87324981508683
            ],
            [
              -88.96347818860664,
              28.8731596069022
            ],
            [
              -88.9635806726949,
              28.87315811354047
            ],
            [
              -88.96357897606997,
              28.873067905360074
            ],
            [
              -88.96368146006206,
              28.873066411926033
            ],
            [
              -88.96366110010837,
              28.871983913726233
            ],
            [
              -88.96376358303176,
              28.87198242028077
            ],
            [
              -88.96375849295306,
              28.871711795718188
            ],
            [
              -88.96386097560347,
              28.871710302211486
            ],
            [
              -88.96385758207973,
              28.871529885841003
            ],
            [
              -88.96396006454553,
              28.87152839226754
            ],
            [
              -88.96395836770694,
              28.871438184085886
            ],
            [
              -88.96406085007656,
              28.871436690440106
            ],
            [
              -88.96405915315732,
              28.871346482262695
            ],
            [
              -88.96416163543077,
              28.87134498854462
            ],
            [
              -88.96415824143882,
              28.871164572196946
            ],
            [
              -88.96426072352769,
              28.871163078412113
            ],
            [
              -88.96425902645497,
              28.87107287024186
            ],
            [
              -88.96436150844767,
              28.871071376384705
            ],
            [
              -88.96435981129432,
              28.870981168218712
            ],
            [
              -88.96456477507955,
              28.870978180281966
            ],
            [
              -88.96456307775719,
              28.870887972125736
            ],
            [
              -88.96466555954973,
              28.870886478046142
            ],
            [
              -88.96466386214674,
              28.87079626989415
            ],
            [
              -88.96476634384311,
              28.87079477574227
            ],
            [
              -88.9647646463595,
              28.87070456759452
            ],
            [
              -88.96486712795968,
              28.870703073370333
            ],
            [
              -88.96486543039545,
              28.8706128652268
            ],
            [
              -88.96496791189945,
              28.870611370930316
            ],
            [
              -88.96496451661751,
              28.87043095465046
            ],
            [
              -88.96506699793694,
              28.870429460287216
            ],
            [
              -88.96506360250933,
              28.87024904401323
            ],
            [
              -88.96516608364418,
              28.87024754958323
            ],
            [
              -88.96516438585365,
              28.870157341449822
            ],
            [
              -88.9652668668923,
              28.870155846947526
            ],
            [
              -88.96526516902115,
              28.87006563881836
            ],
            [
              -88.96536764996364,
              28.87006414424377
            ],
            [
              -88.96536595201188,
              28.86997393611885
            ],
            [
              -88.96546843285817,
              28.869972441471965
            ],
            [
              -88.9654667348258,
              28.86988223335128
            ],
            [
              -88.96567169631827,
              28.869879243835083
            ],
            [
              -88.96566999811688,
              28.869789035724178
            ],
            [
              -88.96597744003202,
              28.86978455088275
            ],
            [
              -88.9659757415732,
              28.86969434278717
            ],
            [
              -88.96679558563058,
              28.869682379829754
            ],
            [
              -88.96679728479656,
              28.869772587881
            ],
            [
              -88.96710472645479,
              28.86976810047111
            ],
            [
              -88.96710642589375,
              28.869858308504437
            ],
            [
              -88.96731138713709,
              28.869855316497592
            ],
            [
              -88.96731308676063,
              28.869945524518528
            ],
            [
              -88.96762052883241,
              28.86994103590788
            ],
            [
              -88.96762222872893,
              28.87003124391088
            ],
            [
              -88.96782719024796,
              28.870028251103527
            ],
            [
              -88.96782889032906,
              28.87011845909415
            ],
            [
              -88.96803385199372,
              28.87011546596437
            ],
            [
              -88.96803555225942,
              28.870205673942593
            ],
            [
              -88.96885539931355,
              28.87019369826578
            ],
            [
              -88.96885710029422,
              28.87028390619832
            ],
            [
              -88.96906206215661,
              28.870280911489683
            ],
            [
              -88.96906376332187,
              28.870371119409832
            ],
            [
              -88.96926872532987,
              28.870368124378754
            ],
            [
              -88.96927042667971,
              28.870458332286507
            ],
            [
              -88.96937290776043,
              28.87045683464866
            ],
            [
              -88.96937971359142,
              28.870817666244463
            ],
            [
              -88.96927723215713,
              28.870819163904496
            ],
            [
              -88.96928233634704,
              28.871089787604348
            ],
            [
              -88.96917985463973,
              28.8710912852032
            ],
            [
              -88.96918155596357,
              28.871181493106103
            ],
            [
              -88.96907907416006,
              28.87118299063266
            ],
            [
              -88.96908077540328,
              28.871273198539814
            ],
            [
              -88.96897829350358,
              28.871274695994085
            ],
            [
              -88.96897999466621,
              28.871364903905484
            ],
            [
              -88.9686725486551,
              28.87136939581793
            ],
            [
              -88.96867424956032,
              28.871459603744675
            ],
            [
              -88.96846928533714,
              28.871462597974887
            ],
            [
              -88.96847098607334,
              28.871552805911435
            ],
            [
              -88.96836850386165,
              28.87155430291533
            ],
            [
              -88.96837020451724,
              28.871644510856118
            ],
            [
              -88.96826772220936,
              28.87164600778772
            ],
            [
              -88.96826942278433,
              28.87173621573276
            ],
            [
              -88.96816694038024,
              28.871737712592072
            ],
            [
              -88.96817204188669,
              28.872008336436025
            ],
            [
              -88.9680695592096,
              28.87200983323414
            ],
            [
              -88.96807125963893,
              28.872100041185078
            ],
            [
              -88.96817374240443,
              28.87209854438141
            ],
            [
              -88.9681907480104,
              28.87300062376379
            ],
            [
              -88.9682932316522,
              28.87299912682682
            ],
            [
              -88.96829663304374,
              28.8731795426766
            ],
            [
              -88.96839911685456,
              28.873178045650686
            ],
            [
              -88.96840251845408,
              28.873358461484177
            ],
            [
              -88.96850500243393,
              28.873356964369336
            ],
            [
              -88.96851010515692,
              28.873627588093182
            ],
            [
              -88.96861258939423,
              28.873626090883857
            ],
            [
              -88.96862789877986,
              28.874437961935282
            ],
            [
              -88.9687303838051,
              28.87443646459817
            ],
            [
              -88.9687354873392,
              28.87470708824194
            ],
            [
              -88.9688379726219,
              28.874705590810343
            ],
            [
              -88.9688413751938,
              28.87488600655526
            ],
            [
              -88.96894386064554,
              28.874884509034715
            ],
            [
              -88.96894726342545,
              28.87506492476333
            ],
            [
              -88.96904974904622,
              28.87506342715383
            ],
            [
              -88.96905485353983,
              28.875334050720372
            ],
            [
              -88.96915733941809,
              28.87533255301637
            ],
            [
              -88.96915904101996,
              28.875422760863728
            ],
            [
              -88.9690565550533,
              28.875424258573275
            ],
            [
              -88.96906336118514,
              28.87578508997194
            ],
            [
              -88.9691658475055,
              28.875783592240193
            ],
            [
              -88.96916754914636,
              28.875873800081052
            ],
            [
              -88.96927003554734,
              28.875872302265908
            ],
            [
              -88.96927173728444,
              28.87596251009992
            ],
            [
              -88.96947671023985,
              28.87595951422498
            ],
            [
              -88.96947841216159,
              28.876049722046602
            ],
            [
              -88.96958089871602,
              28.876048223986803
            ],
            [
              -88.96958260073399,
              28.876138431801564
            ],
            [
              -88.96968508736904,
              28.87613693365836
            ],
            [
              -88.96968678948323,
              28.876227141466273
            ],
            [
              -88.96978927619891,
              28.876225643239668
            ],
            [
              -88.96979608508738,
              28.876586474436113
            ],
            [
              -88.96989857214895,
              28.87658497610945
            ],
            [
              -88.96990878624624,
              28.877126222831805
            ],
            [
              -88.96980629865408,
              28.877127721191783
            ],
            [
              -88.9698148101742,
              28.877578760119096
            ],
            [
              -88.9697123221321,
              28.87758025842898
            ],
            [
              -88.96971402437109,
              28.877670466216088
            ],
            [
              -88.96981651250161,
              28.877668967900657
            ],
            [
              -88.96981821483685,
              28.877759175680925
            ],
            [
              -88.96971572661789,
              28.877760674001898
            ],
            [
              -88.96972083340506,
              28.878031297351555
            ],
            [
              -88.969618344913,
              28.878032795611336
            ],
            [
              -88.96962004710257,
              28.878123003397487
            ],
            [
              -88.96951755851427,
              28.878124501584963
            ],
            [
              -88.9695192606232,
              28.87821470937537
            ],
            [
              -88.96931428324635,
              28.87821770552784
            ],
            [
              -88.9693159851862,
              28.878307913328058
            ],
            [
              -88.9684960746594,
              28.878319894867943
            ],
            [
              -88.96849777589956,
              28.87841010271125
            ]
          ]
        ]
      },
      "properties": {
        "incident_id": "SP-003",
        "type": "AI-detected-slick",
        "source": "Sentinel-1 SAR",
        "method": "U-Net segmentation + radiometric filtering"
      }
    },
    {
      "type": "Feature",
      "geometry": {
        "type": "Polygon",
        "coordinates": [
          [
            [
              -89.12040325030033,
              28.877368275199935
            ],
            [
              -89.1197883810983,
              28.87737795080344
            ],
            [
              -89.11978654924262,
              28.87728775148134
            ],
            [
              -89.1196840711013,
              28.877289363803545
            ],
            [
              -89.1196822393424,
              28.877199164474153
            ],
            [
              -89.11957976128107,
              28.877200776712552
            ],
            [
              -89.11957792961897,
              28.87711057737587
            ],
            [
              -89.11947545163765,
              28.877112189530457
            ],
            [
              -89.11946446237162,
              28.87657099344695
            ],
            [
              -89.11956693982256,
              28.87656938132819
            ],
            [
              -89.1195541187753,
              28.87593798587945
            ],
            [
              -89.1196565955991,
              28.875936373724674
            ],
            [
              -89.1196529323415,
              28.87575597502516
            ],
            [
              -89.11975540898013,
              28.875754362804507
            ],
            [
              -89.11975357727552,
              28.875664163458733
            ],
            [
              -89.11985605381737,
              28.875662551166222
            ],
            [
              -89.11985239025655,
              28.87548215248272
            ],
            [
              -89.11995486661324,
              28.87548054012432
            ],
            [
              -89.11995303475703,
              28.87539034078658
            ],
            [
              -89.12015798726844,
              28.87538711584827
            ],
            [
              -89.12015615524385,
              28.875296916521155
            ],
            [
              -89.12025863139858,
              28.875295303941243
            ],
            [
              -89.120256799294,
              28.875205104618782
            ],
            [
              -89.12056422744264,
              28.875200266430035
            ],
            [
              -89.12056605981238,
              28.87529046573457
            ],
            [
              -89.12066853593353,
              28.875288852843358
            ],
            [
              -89.12066670347541,
              28.8751986535448
            ],
            [
              -89.12076917949976,
              28.875197040581746
            ],
            [
              -89.12077101204628,
              28.87528723987433
            ],
            [
              -89.12087348815062,
              28.87528562682748
            ],
            [
              -89.12087165551571,
              28.875195427540866
            ],
            [
              -89.12107660752245,
              28.875192201225634
            ],
            [
              -89.12107477471918,
              28.875102001949667
            ],
            [
              -89.12117725062156,
              28.875100388681307
            ],
            [
              -89.1211754177383,
              28.875010189410002
            ],
            [
              -89.12127789354389,
              28.875008576069785
            ],
            [
              -89.12127606058063,
              28.874918376803148
            ],
            [
              -89.12137853628946,
              28.874916763391088
            ],
            [
              -89.1213767032462,
              28.87482656412911
            ],
            [
              -89.12147917885824,
              28.874824950645202
            ],
            [
              -89.121477345735,
              28.87473475138789
            ],
            [
              -89.12157982125025,
              28.874733137832134
            ],
            [
              -89.12157798804704,
              28.87464293857949
            ],
            [
              -89.1216804634655,
              28.8746413249519
            ],
            [
              -89.12167863018229,
              28.874551125703903
            ],
            [
              -89.12178110550397,
              28.874549512004474
            ],
            [
              -89.1217792721408,
              28.87445931276115
            ],
            [
              -89.12229164818123,
              28.874451243126558
            ],
            [
              -89.12228981438453,
              28.87436104391183
            ],
            [
              -89.12249476456512,
              28.874357815525205
            ],
            [
              -89.12249293060007,
              28.874267616321113
            ],
            [
              -89.12259540558938,
              28.87426600201705
            ],
            [
              -89.12259357154434,
              28.87417580281762
            ],
            [
              -89.12269604643686,
              28.874174188441728
            ],
            [
              -89.12269421231184,
              28.87408398924698
            ],
            [
              -89.12279668710758,
              28.874082374799237
            ],
            [
              -89.12279485290259,
              28.873992175609157
            ],
            [
              -89.12289732760154,
              28.873990561089588
            ],
            [
              -89.12289549331658,
              28.873900361904152
            ],
            [
              -89.12299796791874,
              28.873898747312744
            ],
            [
              -89.12299613355378,
              28.87380854813199
            ],
            [
              -89.12320108255615,
              28.873805318727673
            ],
            [
              -89.12319924802284,
              28.87371511955757
            ],
            [
              -89.12350667119819,
              28.87371027488541
            ],
            [
              -89.12350483640816,
              28.87362007573194
            ],
            [
              -89.12422215623769,
              28.87360876881515
            ],
            [
              -89.12422032083741,
              28.873518569702266
            ],
            [
              -89.12442526910769,
              28.873515338466223
            ],
            [
              -89.12442343353906,
              28.873425139364
            ],
            [
              -89.12462838159895,
              28.873421907828664
            ],
            [
              -89.12462654586197,
              28.873331708737084
            ],
            [
              -89.12472901979092,
              28.873330092858676
            ],
            [
              -89.12472718397399,
              28.873239893771775
            ],
            [
              -89.12482965780613,
              28.873238277821542
            ],
            [
              -89.12482782190924,
              28.873148078739323
            ],
            [
              -89.12493029564462,
              28.873146462717248
            ],
            [
              -89.12492845966774,
              28.873056263639697
            ],
            [
              -89.12503093330632,
              28.8730546475458
            ],
            [
              -89.12502726120108,
              28.872874249398738
            ],
            [
              -89.1251297346545,
              28.872872633239
            ],
            [
              -89.1251278985261,
              28.87278243416948
            ],
            [
              -89.12523037188272,
              28.872780817937915
            ],
            [
              -89.1252285356744,
              28.872690618873072
            ],
            [
              -89.12533100893422,
              28.872689002569686
            ],
            [
              -89.12532733636604,
              28.872508604448036
            ],
            [
              -89.12542980944072,
              28.87250698807882
            ],
            [
              -89.12542797308087,
              28.872416789022
            ],
            [
              -89.12553044605875,
              28.872415172580954
            ],
            [
              -89.12552677318756,
              28.872234774475366
            ],
            [
              -89.12562924598028,
              28.87223315796848
            ],
            [
              -89.12562740946892,
              28.872142958919707
            ],
            [
              -89.12572988216486,
              28.872141342341
            ],
            [
              -89.12572804557357,
              28.872051143296904
            ],
            [
              -89.1258305181727,
              28.87204952664637
            ],
            [
              -89.12582868150145,
              28.871959327606955
            ],
            [
              -89.12603362649776,
              28.871956094084435
            ],
            [
              -89.12603178965816,
              28.871865895055663
            ],
            [
              -89.12613426205532,
              28.87186427818368
            ],
            [
              -89.12613242513578,
              28.8717740791596
            ],
            [
              -89.12623489743615,
              28.871772462215795
            ],
            [
              -89.12623122344559,
              28.871592064175676
            ],
            [
              -89.12633369556079,
              28.87159044716604
            ],
            [
              -89.12633185848976,
              28.87150024815
            ],
            [
              -89.12643433050818,
              28.871498631068548
            ],
            [
              -89.1264324933572,
              28.871408432057176
            ],
            [
              -89.12653496527884,
              28.871406814903906
            ],
            [
              -89.12653312804791,
              28.871316615897204
            ],
            [
              -89.12663559987276,
              28.87131499867212
            ],
            [
              -89.12663376256188,
              28.871224799670117
            ],
            [
              -89.12683870600958,
              28.87122156499849
            ],
            [
              -89.12683686853039,
              28.871131366007155
            ],
            [
              -89.12704181176767,
              28.871128131036283
            ],
            [
              -89.12703997412018,
              28.87103793205561
            ],
            [
              -89.1271424456378,
              28.871036314459456
            ],
            [
              -89.12714060791036,
              28.870946115483452
            ],
            [
              -89.12734555074366,
              28.8709428800697
            ],
            [
              -89.12734371284789,
              28.870852681104388
            ],
            [
              -89.12775359805995,
              28.87084620936715
            ],
            [
              -89.12775175981913,
              28.8707560104245
            ],
            [
              -89.12805917337464,
              28.87075115582258
            ],
            [
              -89.12805733487716,
              28.87066095689661
            ],
            [
              -89.12836474809176,
              28.8706561016124
            ],
            [
              -89.12836290933761,
              28.87056590270311
            ],
            [
              -89.1285678512618,
              28.870562665469926
            ],
            [
              -89.12856601233935,
              28.87047246657131
            ],
            [
              -89.12877095405311,
              28.870469229038893
            ],
            [
              -89.12876911496237,
              28.870379030150946
            ],
            [
              -89.1289740564657,
              28.870375792319305
            ],
            [
              -89.12897221720664,
              28.870285593442052
            ],
            [
              -89.12917715849954,
              28.870282355311183
            ],
            [
              -89.12917164024277,
              28.870011758707513
            ],
            [
              -89.12927411061148,
              28.870010139543375
            ],
            [
              -89.12927043163907,
              28.86982974181302
            ],
            [
              -89.12937290182263,
              28.869828122583073
            ],
            [
              -89.1293692227072,
              28.86964772485946
            ],
            [
              -89.12947169270562,
              28.869646105563714
            ],
            [
              -89.12946985307218,
              28.869555906705926
            ],
            [
              -89.12957232297381,
              28.869554287338367
            ],
            [
              -89.12957048326045,
              28.869464088485273
            ],
            [
              -89.12967295306528,
              28.86946246904591
            ],
            [
              -89.129671113272,
              28.869372270197513
            ],
            [
              -89.12977358298005,
              28.86937065068635
            ],
            [
              -89.12977174310683,
              28.869280451842627
            ],
            [
              -89.12987421271808,
              28.869278832259656
            ],
            [
              -89.12987237276495,
              28.86918863342062
            ],
            [
              -89.13007731178544,
              28.86918539403329
            ],
            [
              -89.13007363155101,
              28.869004996375274
            ],
            [
              -89.1301761008719,
              28.86900337657691
            ],
            [
              -89.13017426067898,
              28.868913177751946
            ],
            [
              -89.13027672990307,
              28.868911557881777
            ],
            [
              -89.13027488963023,
              28.868821359061492
            ],
            [
              -89.13037735875754,
              28.868819739119534
            ],
            [
              -89.13037551840478,
              28.86872954030394
            ],
            [
              -89.13058045645738,
              28.868726300198606
            ],
            [
              -89.13057861593633,
              28.86863610139369
            ],
            [
              -89.1307835537785,
              28.868632860989162
            ],
            [
              -89.13078171308918,
              28.868542662194947
            ],
            [
              -89.13108911952408,
              28.868537801022665
            ],
            [
              -89.13108727857814,
              28.868447602245148
            ],
            [
              -89.13180455934582,
              28.868436256828854
            ],
            [
              -89.13180271778982,
              28.868346058092065
            ],
            [
              -89.13200765489938,
              28.86834281585636
            ],
            [
              -89.13200581317511,
              28.868252617130278
            ],
            [
              -89.1322107500742,
              28.868249374595397
            ],
            [
              -89.13220890818167,
              28.868159175880006
            ],
            [
              -89.13251631320193,
              28.86815431151222
            ],
            [
              -89.13251447105279,
              28.868064112813524
            ],
            [
              -89.13292434394154,
              28.868057625924664
            ],
            [
              -89.13292250144742,
              28.867967427248708
            ],
            [
              -89.13322990576029,
              28.867962561283196
            ],
            [
              -89.13322806300957,
              28.867872362623963
            ],
            [
              -89.13343299899923,
              28.867869118269994
            ],
            [
              -89.13343115608023,
              28.867778919621454
            ],
            [
              -89.13363609185942,
              28.867775674968318
            ],
            [
              -89.13363424877217,
              28.867685476330497
            ],
            [
              -89.13383918434086,
              28.86768223137819
            ],
            [
              -89.13383734108537,
              28.867592032751073
            ],
            [
              -89.13404227644355,
              28.86758878749961
            ],
            [
              -89.1340404330198,
              28.867498588883194
            ],
            [
              -89.1343478357287,
              28.86749372044056
            ],
            [
              -89.13434599204835,
              28.86740352184088
            ],
            [
              -89.13444845951274,
              28.867401898877095
            ],
            [
              -89.1344466157525,
              28.867311700282116
            ],
            [
              -89.13465155047923,
              28.867308454133173
            ],
            [
              -89.13464970655073,
              28.867218255548906
            ],
            [
              -89.13475217381308,
              28.867216632363753
            ],
            [
              -89.13475032980469,
              28.867126433784183
            ],
            [
              -89.13495526412733,
              28.867123187192533
            ],
            [
              -89.13495341995068,
              28.86703298862368
            ],
            [
              -89.1352608211062,
              28.867028118170776
            ],
            [
              -89.13525897667299,
              28.866937919618664
            ],
            [
              -89.13689844680394,
              28.86691193214141
            ],
            [
              -89.13690029265071,
              28.86700213059722
            ],
            [
              -89.13720769332429,
              28.86699725571004
            ],
            [
              -89.13721138557328,
              28.867177652581596
            ],
            [
              -89.13731385262425,
              28.867176027451567
            ],
            [
              -89.13731569884978,
              28.867266225879355
            ],
            [
              -89.13721323171048,
              28.867267851015413
            ],
            [
              -89.13721877017278,
              28.867538446308934
            ],
            [
              -89.13711630275996,
              28.86754007138525
            ],
            [
              -89.13712184103338,
              28.867810666685013
            ],
            [
              -89.13701937334706,
              28.867812291701608
            ],
            [
              -89.13702675747663,
              28.868173085440283
            ],
            [
              -89.13692428942845,
              28.86817471040315
            ],
            [
              -89.13692798136728,
              28.86835510727665
            ],
            [
              -89.13682551313393,
              28.86835673217377
            ],
            [
              -89.13682735902769,
              28.868446930614553
            ],
            [
              -89.13672489069752,
              28.8684485554399
            ],
            [
              -89.13672673651139,
              28.8685387538854
            ],
            [
              -89.13662426808442,
              28.86854037863896
            ],
            [
              -89.13662611381838,
              28.868630577089167
            ],
            [
              -89.13652364529459,
              28.868632201770957
            ],
            [
              -89.13652549094866,
              28.868722400225856
            ],
            [
              -89.13642302232806,
              28.86872402483586
            ],
            [
              -89.13642486790222,
              28.868814223295477
            ],
            [
              -89.13621993045896,
              28.868817472294122
            ],
            [
              -89.13622362127926,
              28.86899786923348
            ],
            [
              -89.13612115236822,
              28.868999493628152
            ],
            [
              -89.13612484304564,
              28.86917989057427
            ],
            [
              -89.13602237394943,
              28.86918151490317
            ],
            [
              -89.13602421921246,
              28.869271713380282
            ],
            [
              -89.13592175001943,
              28.86927333763741
            ],
            [
              -89.13592544039415,
              28.869453734599723
            ],
            [
              -89.13582297101597,
              28.869455358791072
            ],
            [
              -89.13582481612765,
              28.869545557276275
            ],
            [
              -89.1356198771692,
              28.86954880543761
            ],
            [
              -89.13562172211263,
              28.86963900393353
            ],
            [
              -89.13551925253236,
              28.869640627903507
            ],
            [
              -89.13552109739588,
              28.869730826404133
            ],
            [
              -89.1354186277188,
              28.869732450302322
            ],
            [
              -89.13542047250242,
              28.86982264880766
            ],
            [
              -89.13531800272852,
              28.869824272634062
            ],
            [
              -89.13531984743223,
              28.86991447114409
            ],
            [
              -89.13521737756153,
              28.869916094898716
            ],
            [
              -89.13521922218533,
              28.870006293413436
            ],
            [
              -89.1351167522178,
              28.87000791709627
            ],
            [
              -89.1351185967617,
              28.870098115615697
            ],
            [
              -89.13501612669737,
              28.870099739226752
            ],
            [
              -89.13501981563378,
              28.87028013627369
            ],
            [
              -89.13491734538428,
              28.870281759818955
            ],
            [
              -89.13491918977681,
              28.87037195834648
            ],
            [
              -89.13481671943048,
              28.870373581819972
            ],
            [
              -89.1348185637431,
              28.87046378035218
            ],
            [
              -89.13471609329997,
              28.870465403753872
            ],
            [
              -89.13471793753267,
              28.870555602290786
            ],
            [
              -89.13451299644433,
              28.870558848872783
            ],
            [
              -89.13451484050876,
              28.87064904742041
            ],
            [
              -89.13441236986354,
              28.870650670600718
            ],
            [
              -89.13441421384806,
              28.870740869153046
            ],
            [
              -89.13420927235558,
              28.870744115292258
            ],
            [
              -89.1342111161718,
              28.870834313855298
            ],
            [
              -89.13400617446878,
              28.870837559695318
            ],
            [
              -89.13400801811673,
              28.87092775826907
            ],
            [
              -89.13390554716419,
              28.870929381078383
            ],
            [
              -89.13390739073223,
              28.871019579656835
            ],
            [
              -89.13370244862506,
              28.87102282505406
            ],
            [
              -89.13370613543302,
              28.871203222231053
            ],
            [
              -89.13350119293861,
              28.871206467341096
            ],
            [
              -89.13350303617851,
              28.871296665939656
            ],
            [
              -89.13340056483028,
              28.871298288383976
            ],
            [
              -89.13340240799026,
              28.87138848698722
            ],
            [
              -89.13329993654521,
              28.87139010935975
            ],
            [
              -89.13330177962528,
              28.871480307967687
            ],
            [
              -89.13319930808342,
              28.871481930268416
            ],
            [
              -89.13320115108357,
              28.871572128881056
            ],
            [
              -89.13299620779776,
              28.8715753732611
            ],
            [
              -89.13299805062962,
              28.87166557188445
            ],
            [
              -89.13289557888568,
              28.871667193963766
            ],
            [
              -89.13289742163762,
              28.87175739259181
            ],
            [
              -89.13279494979686,
              28.87175901459932
            ],
            [
              -89.13279679246888,
              28.871849213232064
            ],
            [
              -89.13269432053131,
              28.87185083516778
            ],
            [
              -89.1326961631234,
              28.871941033805207
            ],
            [
              -89.13259369108903,
              28.87194265566912
            ],
            [
              -89.13259553360119,
              28.872032854311247
            ],
            [
              -89.13249306147,
              28.872034476103362
            ],
            [
              -89.13249490390223,
              28.87212467475017
            ],
            [
              -89.13239243167422,
              28.872126296470487
            ],
            [
              -89.13239427402652,
              28.872216495121993
            ],
            [
              -89.13229180170171,
              28.87221811677051
            ],
            [
              -89.13229364397408,
              28.87230831542672
            ],
            [
              -89.13219117155245,
              28.872309937003426
            ],
            [
              -89.1321930137449,
              28.872400135664325
            ],
            [
              -89.13209054122645,
              28.87240175716923
            ],
            [
              -89.13209238333897,
              28.872491955834814
            ],
            [
              -89.13188743810002,
              28.872495198623195
            ],
            [
              -89.13189112199687,
              28.872675595974457
            ],
            [
              -89.13168617637068,
              28.872678838475608
            ],
            [
              -89.13168801815502,
              28.872769037161294
            ],
            [
              -89.13158554524088,
              28.872770658301153
            ],
            [
              -89.1315873869453,
              28.87286085699152
            ],
            [
              -89.13148491393436,
              28.872862478059574
            ],
            [
              -89.13148675555883,
              28.872952676754633
            ],
            [
              -89.13138428245107,
              28.872954297750884
            ],
            [
              -89.1313861239956,
              28.87304449645063
            ],
            [
              -89.13128365079103,
              28.87304611737507
            ],
            [
              -89.13128549225563,
              28.873136316079503
            ],
            [
              -89.13118301895425,
              28.873137936932135
            ],
            [
              -89.1311848603389,
              28.87322813564127
            ],
            [
              -89.13097991353408,
              28.873231377125094
            ],
            [
              -89.1309835959752,
              28.873411774563433
            ],
            [
              -89.13077864878312,
              28.873415015760006
            ],
            [
              -89.1307804898396,
              28.873505214489214
            ],
            [
              -89.13067801614251,
              28.873506834976777
            ],
            [
              -89.13067985711903,
              28.873597033710677
            ],
            [
              -89.13057738332515,
              28.87359865412644
            ],
            [
              -89.13057922422173,
              28.873688852865012
            ],
            [
              -89.13047675033103,
              28.873690473208963
            ],
            [
              -89.13047859114768,
              28.873780671952233
            ],
            [
              -89.13027364316422,
              28.873783912418688
            ],
            [
              -89.13027548381254,
              28.873874111172643
            ],
            [
              -89.13017300971977,
              28.873875731295144
            ],
            [
              -89.13017485028814,
              28.873965930053796
            ],
            [
              -89.12986742769414,
              28.873970789972397
            ],
            [
              -89.12986926800579,
              28.874060988747733
            ],
            [
              -89.12925442205984,
              28.87407070651986
            ],
            [
              -89.12925626184965,
              28.874160905329887
            ],
            [
              -89.1281290425217,
              28.87417871403542
            ],
            [
              -89.12813088134776,
              28.874268912910125
            ],
            [
              -89.12782345745258,
              28.8742737682136
            ],
            [
              -89.12782529602192,
              28.87436396710497
            ],
            [
              -89.1264931237845,
              28.874384998738105
            ],
            [
              -89.12649496121328,
              28.87447519770608
            ],
            [
              -89.12618753638357,
              28.87448004931019
            ],
            [
              -89.12618937355563,
              28.87457024829483
            ],
            [
              -89.125881948385,
              28.87457509921652
            ],
            [
              -89.12588378530033,
              28.87466529821781
            ],
            [
              -89.12578131013824,
              28.874666915042063
            ],
            [
              -89.1257831469736,
              28.874757114048048
            ],
            [
              -89.1256806717147,
              28.87475873080046
            ],
            [
              -89.12568250847012,
              28.874848929811122
            ],
            [
              -89.12558003311442,
              28.8748505464917
            ],
            [
              -89.12558186978985,
              28.874940745507025
            ],
            [
              -89.12547939433736,
              28.874942362115778
            ],
            [
              -89.12548123093282,
              28.875032561135775
            ],
            [
              -89.12537875538352,
              28.8750341776727
            ],
            [
              -89.12538059189902,
              28.875124376697382
            ],
            [
              -89.12527811625291,
              28.875125993162463
            ],
            [
              -89.12528178913237,
              28.87530639121985
            ],
            [
              -89.1251793133011,
              28.87530800761909
            ],
            [
              -89.12518114966507,
              28.875398206651802
            ],
            [
              -89.12507867373698,
              28.875399822979208
            ],
            [
              -89.12508051002098,
              28.87549002201659
            ],
            [
              -89.12497803399609,
              28.87549163827216
            ],
            [
              -89.12497987020011,
              28.87558183731422
            ],
            [
              -89.12477491794832,
              28.875585069603865
            ],
            [
              -89.12477675398398,
              28.875675268656597
            ],
            [
              -89.12457180152177,
              28.875678500646927
            ],
            [
              -89.12457363738906,
              28.8757686997103
            ],
            [
              -89.12436868471642,
              28.875771931401303
            ],
            [
              -89.12437052041534,
              28.875862130475337
            ],
            [
              -89.124268043978,
              28.87586374621008
            ],
            [
              -89.12426987959697,
              28.875953945288796
            ],
            [
              -89.12406492652029,
              28.875957176536794
            ],
            [
              -89.12406676197088,
              28.876047375626158
            ],
            [
              -89.12396428533154,
              28.8760489911394
            ],
            [
              -89.12396612070214,
              28.876139190233438
            ],
            [
              -89.12376116722146,
              28.876142421038434
            ],
            [
              -89.12376300242369,
              28.876232620143117
            ],
            [
              -89.12355804873258,
              28.876235850648772
            ],
            [
              -89.12355988376643,
              28.87632604976412
            ],
            [
              -89.12335492986492,
              28.87632927997043
            ],
            [
              -89.1233567647304,
              28.876419479096427
            ],
            [
              -89.12181960807139,
              28.876443695810593
            ],
            [
              -89.1218214416194,
              28.876533895025
            ],
            [
              -89.12171896435318,
              28.87653550885597
            ],
            [
              -89.12172079782118,
              28.87662570807505
            ],
            [
              -89.12161832045818,
              28.87662732183417
            ],
            [
              -89.1216201538462,
              28.876717521057905
            ],
            [
              -89.12151767638639,
              28.87671913474518
            ],
            [
              -89.12151950969441,
              28.87680933397358
            ],
            [
              -89.12141703213781,
              28.876810947588996
            ],
            [
              -89.12141886536584,
              28.87690114682207
            ],
            [
              -89.12131638771244,
              28.87690276036564
            ],
            [
              -89.12131822086049,
              28.876992959603363
            ],
            [
              -89.12111326535171,
              28.876996186468983
            ],
            [
              -89.12111509833134,
              28.877086385717345
            ],
            [
              -89.12101262047598,
              28.877087999039386
            ],
            [
              -89.12101445337562,
              28.877178198292423
            ],
            [
              -89.1207070194939,
              28.877183037809502
            ],
            [
              -89.12070885213676,
              28.877273237079148
            ],
            [
              -89.12040141791428,
              28.877278075913686
            ],
            [
              -89.12040325030033,
              28.877368275199935
            ]
          ]
        ]
      },
      "properties": {
        "incident_id": "SP-003",
        "type": "AI-detected-slick",
        "source": "Sentinel-1 SAR",
        "method": "U-Net segmentation + radiometric filtering"
      }
    },
    {
      "type": "Feature",
      "geometry": {
        "type": "Polygon",
        "coordinates": [
          [
            [
              -89.1396613513001,
              28.866687636523856
            ],
            [
              -89.1358700883245,
              28.866747779612542
            ],
            [
              -89.13586824338655,
              28.866657581092586
            ],
            [
              -89.13576577674726,
              28.866659205097374
            ],
            [
              -89.13576393190613,
              28.866569006570067
            ],
            [
              -89.13566146534671,
              28.866570630491047
            ],
            [
              -89.13565593113906,
              28.86630003488322
            ],
            [
              -89.13555346483624,
              28.86630165870835
            ],
            [
              -89.13554793096968,
              28.866031063070626
            ],
            [
              -89.13565039700747,
              28.866029439263546
            ],
            [
              -89.13564486295195,
              28.86575884363204
            ],
            [
              -89.13574732871626,
              28.865757219765218
            ],
            [
              -89.13574363921151,
              28.865576822683003
            ],
            [
              -89.13584610479067,
              28.865575198750427
            ],
            [
              -89.13584241514306,
              28.86539480167498
            ],
            [
              -89.13594488053711,
              28.865393177676655
            ],
            [
              -89.1359411907466,
              28.86521278060799
            ],
            [
              -89.13604365595553,
              28.86521115654391
            ],
            [
              -89.13603996602218,
              28.86503075948202
            ],
            [
              -89.13614243104595,
              28.86502913535219
            ],
            [
              -89.13614058600363,
              28.864938936825304
            ],
            [
              -89.13624305093062,
              28.864937312623695
            ],
            [
              -89.1362412058084,
              28.8648471141015
            ],
            [
              -89.1363436706386,
              28.864845489828134
            ],
            [
              -89.1363418254365,
              28.864755291310637
            ],
            [
              -89.13654675489485,
              28.864752042542577
            ],
            [
              -89.13654490952453,
              28.864661844035812
            ],
            [
              -89.13664737415269,
              28.864660219541115
            ],
            [
              -89.1366455287025,
              28.864570021039047
            ],
            [
              -89.13674799323385,
              28.8645683964726
            ],
            [
              -89.1367461477038,
              28.864478197975245
            ],
            [
              -89.13695107656447,
              28.864474948621005
            ],
            [
              -89.13694923086618,
              28.86438475013438
            ],
            [
              -89.13725662382876,
              28.864379875537697
            ],
            [
              -89.13725477787393,
              28.864289677067802
            ],
            [
              -89.13735724208954,
              28.864288052052693
            ],
            [
              -89.13735539605483,
              28.864197853587516
            ],
            [
              -89.137560324284,
              28.864194603335985
            ],
            [
              -89.13755847808109,
              28.864104404881544
            ],
            [
              -89.13766094209463,
              28.864102779645116
            ],
            [
              -89.13765909581187,
              28.864012581195375
            ],
            [
              -89.13786402363692,
              28.864009330501226
            ],
            [
              -89.13786033074341,
              28.8638289336219
            ],
            [
              -89.13796279446659,
              28.863827308170194
            ],
            [
              -89.1379609479442,
              28.863737109734572
            ],
            [
              -89.13806341157057,
              28.86373548421111
            ],
            [
              -89.13806156496831,
              28.86364528578021
            ],
            [
              -89.13816402849791,
              28.863643660184984
            ],
            [
              -89.13816218181577,
              28.863553461758777
            ],
            [
              -89.13826464524857,
              28.863551836091798
            ],
            [
              -89.13826279848656,
              28.863461637670305
            ],
            [
              -89.13836526182256,
              28.86346001193157
            ],
            [
              -89.13836341498069,
              28.863369813514783
            ],
            [
              -89.1384658782199,
              28.863368187704292
            ],
            [
              -89.13846403129817,
              28.863277989292218
            ],
            [
              -89.13866895757452,
              28.86327473744992
            ],
            [
              -89.1386671104846,
              28.863184539048593
            ],
            [
              -89.13917942558572,
              28.863176408111798
            ],
            [
              -89.13917757806261,
              28.863086209739286
            ],
            [
              -89.13958742963781,
              28.863079703613895
            ],
            [
              -89.13958558176985,
              28.862989505264167
            ],
            [
              -89.13979050732998,
              28.862986251746843
            ],
            [
              -89.13978865929384,
              28.862896053407873
            ],
            [
              -89.13999358464345,
              28.86289279959148
            ],
            [
              -89.13999173643911,
              28.862802601263244
            ],
            [
              -89.14019666157819,
              28.862799347147778
            ],
            [
              -89.14019481320568,
              28.862709148830294
            ],
            [
              -89.14060466302885,
              28.862702639690138
            ],
            [
              -89.14060281431152,
              28.86261244139546
            ],
            [
              -89.1407052766578,
              28.862610813922004
            ],
            [
              -89.1407034278606,
              28.862520615632025
            ],
            [
              -89.14090835235112,
              28.86251736046384
            ],
            [
              -89.14090650338574,
              28.862427162184623
            ],
            [
              -89.14100896552996,
              28.862425534489887
            ],
            [
              -89.14100711648474,
              28.862335336215388
            ],
            [
              -89.14110957853215,
              28.862333708448904
            ],
            [
              -89.14110772940708,
              28.862243510179113
            ],
            [
              -89.1412101913577,
              28.862241882340886
            ],
            [
              -89.14120834215277,
              28.86215168407582
            ],
            [
              -89.14172065133715,
              28.862143543748207
            ],
            [
              -89.14171880169907,
              28.86205334551198
            ],
            [
              -89.14212864854072,
              28.86204683187402
            ],
            [
              -89.14212679855783,
              28.861956633660622
            ],
            [
              -89.14253664491054,
              28.861950118802362
            ],
            [
              -89.14253479458283,
              28.861859920611796
            ],
            [
              -89.14273971753167,
              28.861856662728073
            ],
            [
              -89.14273601654843,
              28.861676266367137
            ],
            [
              -89.14283847783348,
              28.861674637320693
            ],
            [
              -89.14283292615724,
              28.861404042787534
            ],
            [
              -89.14293538716885,
              28.86140241368142
            ],
            [
              -89.14292983530397,
              28.86113181915454
            ],
            [
              -89.14303229604214,
              28.861130189988764
            ],
            [
              -89.14303044534917,
              28.861039991816536
            ],
            [
              -89.14313290599054,
              28.861038362579023
            ],
            [
              -89.14312920445339,
              28.86085796624271
            ],
            [
              -89.14323166490964,
              28.860856336939495
            ],
            [
              -89.14322981406548,
              28.8607661387754
            ],
            [
              -89.1434347347759,
              28.860762879947732
            ],
            [
              -89.14343288376358,
              28.860672681794398
            ],
            [
              -89.14384272472937,
              28.860666163229958
            ],
            [
              -89.14384457609495,
              28.860756361359137
            ],
            [
              -89.14415195699517,
              28.860751471601073
            ],
            [
              -89.1441538086342,
              28.860841669710815
            ],
            [
              -89.1442562690056,
              28.86084003962987
            ],
            [
              -89.14425812074143,
              28.860930237732244
            ],
            [
              -89.14436058119269,
              28.860928607567484
            ],
            [
              -89.14436428486644,
              28.861109003756216
            ],
            [
              -89.14456920609673,
              28.86110574316921
            ],
            [
              -89.14457291015772,
              28.861286139328506
            ],
            [
              -89.14467537093677,
              28.861284508906248
            ],
            [
              -89.14467722306831,
              28.86137470697788
            ],
            [
              -89.1447796839272,
              28.86137307647182
            ],
            [
              -89.14478338839237,
              28.86155347259905
            ],
            [
              -89.14488584941942,
              28.861551842003113
            ],
            [
              -89.14488770175305,
              28.861642040058708
            ],
            [
              -89.14499016285994,
              28.861640409378957
            ],
            [
              -89.14501239258563,
              28.862722785870922
            ],
            [
              -89.14490993041886,
              28.862724416623188
            ],
            [
              -89.14491548777632,
              28.8629950107347
            ],
            [
              -89.14481302533609,
              28.862996641427316
            ],
            [
              -89.14481858250497,
              28.863267235545116
            ],
            [
              -89.14471611979128,
              28.863268866178085
            ],
            [
              -89.14471982443631,
              28.86344926226211
            ],
            [
              -89.14461736153748,
              28.863450892829384
            ],
            [
              -89.1446192137844,
              28.86354109087546
            ],
            [
              -89.1444142877846,
              28.863544351788754
            ],
            [
              -89.14441613986337,
              28.863634549845603
            ],
            [
              -89.14421121365295,
              28.86363781045984
            ],
            [
              -89.14421306556353,
              28.863728008527467
            ],
            [
              -89.14411060235727,
              28.863729638723957
            ],
            [
              -89.144112454188,
              28.863819836796303
            ],
            [
              -89.14400999088492,
              28.86382146692105
            ],
            [
              -89.14401369439518,
              28.864001863073874
            ],
            [
              -89.14391123090697,
              28.864003493132916
            ],
            [
              -89.1439149342745,
              28.864183889292555
            ],
            [
              -89.14381247060115,
              28.864185519285893
            ],
            [
              -89.14381432220931,
              28.86427571736979
            ],
            [
              -89.14371185843912,
              28.864277347291388
            ],
            [
              -89.14371370996744,
              28.86436754538
            ],
            [
              -89.14361124610042,
              28.86436917522985
            ],
            [
              -89.1436130975489,
              28.864459373323186
            ],
            [
              -89.14340816961277,
              28.864462632801622
            ],
            [
              -89.14341002089306,
              28.864552830905716
            ],
            [
              -89.14310262866022,
              28.864557719558103
            ],
            [
              -89.14310447968398,
              28.864647917679
            ],
            [
              -89.14300201550107,
              28.864649547080262
            ],
            [
              -89.143003866445,
              28.86473974520588
            ],
            [
              -89.14290140216526,
              28.864741374535395
            ],
            [
              -89.14290325302933,
              28.86483157266574
            ],
            [
              -89.14280078865279,
              28.864833201923506
            ],
            [
              -89.142802639437,
              28.864923400058565
            ],
            [
              -89.14270017496362,
              28.864925029244578
            ],
            [
              -89.14270202566799,
              28.86501522738436
            ],
            [
              -89.14259956109781,
              28.865016856498624
            ],
            [
              -89.1426014117223,
              28.865107054643133
            ],
            [
              -89.14249894705532,
              28.865108683685655
            ],
            [
              -89.14250264815307,
              28.865289079982798
            ],
            [
              -89.14240018330092,
              28.865290708959595
            ],
            [
              -89.14240388425594,
              28.865471105263545
            ],
            [
              -89.14230141921864,
              28.865472734174627
            ],
            [
              -89.14230326962051,
              28.86556293233067
            ],
            [
              -89.14209833934379,
              28.86556618993154
            ],
            [
              -89.14210018957748,
              28.865656388098333
            ],
            [
              -89.14199772433805,
              28.865658016788124
            ],
            [
              -89.14199957449188,
              28.865748214959638
            ],
            [
              -89.14189710915564,
              28.86574984357768
            ],
            [
              -89.14189895922961,
              28.865840041753913
            ],
            [
              -89.14179649379655,
              28.8658416703002
            ],
            [
              -89.14179834379065,
              28.865931868481145
            ],
            [
              -89.14169587826079,
              28.86593349695567
            ],
            [
              -89.14169772817503,
              28.86602369514134
            ],
            [
              -89.14159526254834,
              28.866025323544118
            ],
            [
              -89.14159711238271,
              28.866115521734507
            ],
            [
              -89.1414946466592,
              28.866117150065524
            ],
            [
              -89.14149649641371,
              28.866207348260623
            ],
            [
              -89.14129156476457,
              28.866210604701354
            ],
            [
              -89.14129341435088,
              28.86630080290721
            ],
            [
              -89.14098601654858,
              28.86630568700297
            ],
            [
              -89.14098786587834,
              28.86639588522561
            ],
            [
              -89.14027060342467,
              28.86640727876856
            ],
            [
              -89.1402724521445,
              28.866497477032105
            ],
            [
              -89.14006751976193,
              28.866500731642027
            ],
            [
              -89.14006936831355,
              28.866590929916324
            ],
            [
              -89.1396595030934,
              28.866597438226776
            ],
            [
              -89.1396613513001,
              28.866687636523856
            ]
          ]
        ]
      },
      "properties": {
        "incident_id": "SP-003",
        "type": "AI-detected-slick",
        "source": "Sentinel-1 SAR",
        "method": "U-Net segmentation + radiometric filtering"
      }
    },
    {
      "type": "Feature",
      "geometry": {
        "type": "Polygon",
        "coordinates": [
          [
            [
              -89.14599624079229,
              28.86072211835357
            ],
            [
              -89.14589378065351,
              28.860723749750615
            ],
            [
              -89.14589192752159,
              28.86063355174231
            ],
            [
              -89.14599438757205,
              28.860631920351306
            ],
            [
              -89.14599624079229,
              28.86072211835357
            ]
          ]
        ]
      },
      "properties": {
        "incident_id": "SP-003",
        "type": "AI-detected-slick",
        "source": "Sentinel-1 SAR",
        "method": "U-Net segmentation + radiometric filtering"
      }
    },
    {
      "type": "Feature",
      "geometry": {
        "type": "Polygon",
        "coordinates": [
          [
            [
              -89.14684373151775,
              28.862062033527746
            ],
            [
              -89.1463314244547,
              28.86207019329973
            ],
            [
              -89.1463295708421,
              28.86197999533535
            ],
            [
              -89.14602218676731,
              28.861984890247076
            ],
            [
              -89.14602033342817,
              28.861894692263235
            ],
            [
              -89.14581541084583,
              28.861897955136747
            ],
            [
              -89.14581355769182,
              28.861807757139495
            ],
            [
              -89.14571109647623,
              28.861809388453544
            ],
            [
              -89.14570924341903,
              28.861719190448937
            ],
            [
              -89.14560678228328,
              28.861720821679153
            ],
            [
              -89.14559195883805,
              28.86099923754655
            ],
            [
              -89.14569441926726,
              28.860997606364695
            ],
            [
              -89.1456925662865,
              28.86090740834824
            ],
            [
              -89.1457950266189,
              28.860905777094647
            ],
            [
              -89.14579317355832,
              28.860815579082924
            ],
            [
              -89.14620301444972,
              28.86080905331503
            ],
            [
              -89.14620116104437,
              28.86071885532617
            ],
            [
              -89.14630362115767,
              28.86071722369582
            ],
            [
              -89.14629991419581,
              28.860536827726254
            ],
            [
              -89.14619745425914,
              28.860538459344518
            ],
            [
              -89.14619560087927,
              28.860448261351706
            ],
            [
              -89.1460931410224,
              28.860449892886155
            ],
            [
              -89.14609499431397,
              28.860540090885014
            ],
            [
              -89.14589007439815,
              28.860543353732687
            ],
            [
              -89.14589192752159,
              28.86063355174231
            ],
            [
              -89.14578946746262,
              28.860635183055525
            ],
            [
              -89.14579132050622,
              28.860725381069887
            ],
            [
              -89.1455864001862,
              28.860728643475106
            ],
            [
              -89.1455715774882,
              28.860007059226675
            ],
            [
              -89.14567403694593,
              28.86000542811131
            ],
            [
              -89.14566847830935,
              28.859734834014557
            ],
            [
              -89.14577093749367,
              28.85973320283956
            ],
            [
              -89.14576723160177,
              28.859552806780584
            ],
            [
              -89.14586969060096,
              28.859551175539906
            ],
            [
              -89.14586783757946,
              28.859460977514487
            ],
            [
              -89.14597029648183,
              28.859459346202094
            ],
            [
              -89.14596844338051,
              28.859369148181404
            ],
            [
              -89.1461733609832,
              28.859365885335393
            ],
            [
              -89.14617150771375,
              28.859275687325482
            ],
            [
              -89.14627396641403,
              28.859274055791875
            ],
            [
              -89.14627211306475,
              28.859183857786693
            ],
            [
              -89.14637457166825,
              28.859182226181357
            ],
            [
              -89.14637271823915,
              28.859092028180907
            ],
            [
              -89.14657763524403,
              28.85908876474905
            ],
            [
              -89.14657578164682,
              28.85899856675936
            ],
            [
              -89.1467806984411,
              28.858995303028525
            ],
            [
              -89.14677884467577,
              28.858905105049633
            ],
            [
              -89.14688130297186,
              28.85890347307361
            ],
            [
              -89.14687944912671,
              28.858813275099457
            ],
            [
              -89.14698190732601,
              28.858811643051713
            ],
            [
              -89.14697819948456,
              28.858631247111543
            ],
            [
              -89.14708065749875,
              28.858629614998133
            ],
            [
              -89.14707880350247,
              28.85853941703212
            ],
            [
              -89.14718126141985,
              28.858537784846995
            ],
            [
              -89.14717940734376,
              28.858447586885703
            ],
            [
              -89.14728186516433,
              28.85844595462887
            ],
            [
              -89.14728001100843,
              28.85835575667233
            ],
            [
              -89.1473824687322,
              28.858354124343776
            ],
            [
              -89.14737876026929,
              28.85817372843883
            ],
            [
              -89.14748121780795,
              28.858172096044612
            ],
            [
              -89.14747936350095,
              28.85808189809621
            ],
            [
              -89.1475818209428,
              28.858080265630285
            ],
            [
              -89.14757811217765,
              28.857899869741644
            ],
            [
              -89.14768056943441,
              28.85789823721005
            ],
            [
              -89.1476787149763,
              28.857808039269813
            ],
            [
              -89.1478836292877,
              28.85780477398543
            ],
            [
              -89.14788177466147,
              28.857714576055976
            ],
            [
              -89.14798423171612,
              28.8577129433032
            ],
            [
              -89.1479823770101,
              28.85762274537848
            ],
            [
              -89.14828974785816,
              28.85761784667172
            ],
            [
              -89.1482878928957,
              28.857527648763828
            ],
            [
              -89.1484928065753,
              28.857524382582618
            ],
            [
              -89.14849095144476,
              28.857434184685523
            ],
            [
              -89.14931060511664,
              28.857421116898628
            ],
            [
              -89.1493087492882,
              28.85733091904866
            ],
            [
              -89.14961611900993,
              28.85732601736367
            ],
            [
              -89.14961426292508,
              28.85723581953054
            ],
            [
              -89.14981917585378,
              28.85723255136386
            ],
            [
              -89.14981731960086,
              28.85714235354154
            ],
            [
              -89.15043205765295,
              28.857132547211584
            ],
            [
              -89.15043020087873,
              28.85704234942428
            ],
            [
              -89.15084002572341,
              28.857035810339998
            ],
            [
              -89.15083816860451,
              28.85694561257562
            ],
            [
              -89.15124799295982,
              28.856939072271427
            ],
            [
              -89.15124985043192,
              28.857029270011562
            ],
            [
              -89.15186458723932,
              28.85701945718611
            ],
            [
              -89.15186644524972,
              28.85710965488856
            ],
            [
              -89.15196890144279,
              28.857108019139428
            ],
            [
              -89.15197447578998,
              28.85737861222068
            ],
            [
              -89.15187201933202,
              28.857380247987997
            ],
            [
              -89.15187387737649,
              28.85747044568517
            ],
            [
              -89.1517714208217,
              28.857472081380784
            ],
            [
              -89.15177327878638,
              28.857562279082735
            ],
            [
              -89.15167082213479,
              28.85756391470665
            ],
            [
              -89.15167268001969,
              28.857654112413318
            ],
            [
              -89.15157022327128,
              28.857655747965545
            ],
            [
              -89.15157208107638,
              28.857745945676946
            ],
            [
              -89.15146962423117,
              28.85774758115748
            ],
            [
              -89.15147148195648,
              28.85783777887364
            ],
            [
              -89.15136902501445,
              28.857839414282452
            ],
            [
              -89.15137088265996,
              28.857929612003364
            ],
            [
              -89.15116596857375,
              28.857932882599847
            ],
            [
              -89.15116782605119,
              28.858023080331556
            ],
            [
              -89.151065368907,
              28.858024715519214
            ],
            [
              -89.15106722630466,
              28.85811491325567
            ],
            [
              -89.15096476906365,
              28.858116548371626
            ],
            [
              -89.1509666263815,
              28.858206746112828
            ],
            [
              -89.15076171169737,
              28.85821001612356
            ],
            [
              -89.15076356884713,
              28.858300213875566
            ],
            [
              -89.15055865395236,
              28.858303483587353
            ],
            [
              -89.15056051093401,
              28.858393681350158
            ],
            [
              -89.15045805338553,
              28.85839531609547
            ],
            [
              -89.15045991028741,
              28.858485513863023
            ],
            [
              -89.15035745264213,
              28.858487148536632
            ],
            [
              -89.15036487998147,
              28.858847939617892
            ],
            [
              -89.15046733797996,
              28.858846304920043
            ],
            [
              -89.1504784797741,
              28.859387491466077
            ],
            [
              -89.15058093829394,
              28.859385856654118
            ],
            [
              -89.15058650957083,
              28.859656449891176
            ],
            [
              -89.15048405078606,
              28.859658084721314
            ],
            [
              -89.15048962187461,
              28.859928677964707
            ],
            [
              -89.15038716281639,
              28.859930312735255
            ],
            [
              -89.15038901977462,
              28.86002051048648
            ],
            [
              -89.15028656061958,
              28.860022145185308
            ],
            [
              -89.15029027438494,
              28.86020254069592
            ],
            [
              -89.15018781504477,
              28.860204175329105
            ],
            [
              -89.15018967185189,
              28.86029437308849
            ],
            [
              -89.1499847529694,
              28.86029764213365
            ],
            [
              -89.14998660960842,
              28.860387839903847
            ],
            [
              -89.14978169051527,
              28.86039110865004
            ],
            [
              -89.14978354698616,
              28.86048130643104
            ],
            [
              -89.14957862768235,
              28.86048457487827
            ],
            [
              -89.14958048398512,
              28.860574772670045
            ],
            [
              -89.14937556447065,
              28.86057804081831
            ],
            [
              -89.14937742060529,
              28.860668238620878
            ],
            [
              -89.14927496074698,
              28.860669872584406
            ],
            [
              -89.14927681680183,
              28.860760070391727
            ],
            [
              -89.14917435684669,
              28.860761704283544
            ],
            [
              -89.14917621282171,
              28.860851902095597
            ],
            [
              -89.14907375276977,
              28.86085353591569
            ],
            [
              -89.1490774645687,
              28.861033931547972
            ],
            [
              -89.1489750043316,
              28.8610355653024
            ],
            [
              -89.14897686015551,
              28.861125763122608
            ],
            [
              -89.14866947912827,
              28.86113066393742
            ],
            [
              -89.14867133469573,
              28.861220861774484
            ],
            [
              -89.148568874248,
              28.861222495229928
            ],
            [
              -89.14857072973564,
              28.86131269307174
            ],
            [
              -89.14846826919108,
              28.861314326455457
            ],
            [
              -89.14847012459892,
              28.861404524302
            ],
            [
              -89.14836766395753,
              28.861406157614002
            ],
            [
              -89.14836951928554,
              28.86149635546527
            ],
            [
              -89.14826705854733,
              28.86149798870556
            ],
            [
              -89.14826891379553,
              28.861588186561566
            ],
            [
              -89.14816645296051,
              28.861589819730124
            ],
            [
              -89.14816830812889,
              28.86168001759087
            ],
            [
              -89.14806584719705,
              28.861681650687714
            ],
            [
              -89.1480677022856,
              28.86177184855319
            ],
            [
              -89.14786278021977,
              28.861775114525642
            ],
            [
              -89.14786463514018,
              28.861865312401918
            ],
            [
              -89.14745479055323,
              28.86187184343772
            ],
            [
              -89.14745664512886,
              28.861962041336884
            ],
            [
              -89.14684187746353,
              28.8619718355936
            ],
            [
              -89.14684373151775,
              28.862062033527746
            ]
          ],
          [
            [
              -89.14936257176629,
              28.859946656163395
            ],
            [
              -89.14936071569969,
              28.85985645835028
            ],
            [
              -89.14946317475467,
              28.859854824363484
            ],
            [
              -89.14945760634097,
              28.859584230934423
            ],
            [
              -89.14935514755092,
              28.85958586490305
            ],
            [
              -89.14935329151835,
              28.85949566708468
            ],
            [
              -89.14914837408936,
              28.859498934776507
            ],
            [
              -89.1491502299453,
              28.859589132606995
            ],
            [
              -89.14904777112974,
              28.85959076634233
            ],
            [
              -89.14905333848371,
              28.859861359844047
            ],
            [
              -89.1492582566362,
              28.85985809225931
            ],
            [
              -89.14926011261448,
              28.859948290078478
            ],
            [
              -89.14936257176629,
              28.859946656163395
            ]
          ]
        ]
      },
      "properties": {
        "incident_id": "SP-003",
        "type": "AI-detected-slick",
        "source": "Sentinel-1 SAR",
        "method": "U-Net segmentation + radiometric filtering"
      }
    },
    {
      "type": "Feature",
      "geometry": {
        "type": "Polygon",
        "coordinates": [
          [
            [
              -89.15535553412305,
              28.85732458827538
            ],
            [
              -89.15310149626544,
              28.857360613647945
            ],
            [
              -89.15309963716989,
              28.857270416022224
            ],
            [
              -89.15289472460944,
              28.857273689177706
            ],
            [
              -89.152892865699,
              28.857183491538535
            ],
            [
              -89.1527904094943,
              28.857185127993567
            ],
            [
              -89.1527885506807,
              28.857094930347017
            ],
            [
              -89.15268609455576,
              28.85709656671823
            ],
            [
              -89.15267865973972,
              28.856735776094585
            ],
            [
              -89.15278111551146,
              28.85673413974763
            ],
            [
              -89.1527736804785,
              28.856373349127168
            ],
            [
              -89.15287613588855,
              28.856371712726713
            ],
            [
              -89.1528705594384,
              28.85610111976574
            ],
            [
              -89.15297301457504,
              28.856099483305734
            ],
            [
              -89.15296929680761,
              28.85591908800397
            ],
            [
              -89.15307175175913,
              28.855917451478337
            ],
            [
              -89.1530680338492,
              28.855737056183436
            ],
            [
              -89.15317048861561,
              28.855735419592182
            ],
            [
              -89.15316305254481,
              28.855374629010832
            ],
            [
              -89.15326550694955,
              28.85537299236609
            ],
            [
              -89.15326178878868,
              28.85519259707964
            ],
            [
              -89.15336424300831,
              28.855190960369274
            ],
            [
              -89.15336238385238,
              28.855100762730146
            ],
            [
              -89.1534648379752,
              28.855099125948097
            ],
            [
              -89.1534629787395,
              28.855008928313715
            ],
            [
              -89.15356543276552,
              28.855007291459977
            ],
            [
              -89.15356357345003,
              28.85491709383035
            ],
            [
              -89.15376848129993,
              28.854913819901743
            ],
            [
              -89.1537666218164,
              28.854823622282925
            ],
            [
              -89.15397152945562,
              28.85482034805545
            ],
            [
              -89.15396966980404,
              28.85473015044745
            ],
            [
              -89.1542770309341,
              28.854725238541295
            ],
            [
              -89.15428075077553,
              28.854905633719554
            ],
            [
              -89.15438320464506,
              28.854903996249845
            ],
            [
              -89.15438506466684,
              28.85499419383093
            ],
            [
              -89.15489733432815,
              28.854986005285816
            ],
            [
              -89.15489547386493,
              28.85489580773509
            ],
            [
              -89.15499792768333,
              28.85489416979887
            ],
            [
              -89.15499606714033,
              28.8548039722529
            ],
            [
              -89.15520097457497,
              28.854800696159366
            ],
            [
              -89.15519911386393,
              28.854710498624218
            ],
            [
              -89.15540402108788,
              28.854707222231816
            ],
            [
              -89.1554021602088,
              28.854617024707494
            ],
            [
              -89.15550461371969,
              28.85461538640073
            ],
            [
              -89.15550275276085,
              28.85452518888118
            ],
            [
              -89.15560520617493,
              28.85452355050274
            ],
            [
              -89.15560334513633,
              28.854433352987943
            ],
            [
              -89.15570579845358,
              28.854431714537824
            ],
            [
              -89.15570393733523,
              28.85434151702777
            ],
            [
              -89.15580639055568,
              28.854339878505975
            ],
            [
              -89.15580452935758,
              28.854249681000688
            ],
            [
              -89.15621434180093,
              28.854243126160323
            ],
            [
              -89.15621620335219,
              28.85433332364132
            ],
            [
              -89.15652356285999,
              28.854328406676448
            ],
            [
              -89.15652170104387,
              28.854238209213676
            ],
            [
              -89.15693151324832,
              28.854231652196304
            ],
            [
              -89.15692965108762,
              28.854141454756522
            ],
            [
              -89.15713455696208,
              28.854138175793494
            ],
            [
              -89.15713269463333,
              28.854047978364537
            ],
            [
              -89.15744005311615,
              28.854043059355103
            ],
            [
              -89.15744191570974,
              28.85413325676583
            ],
            [
              -89.15754436860857,
              28.854131616934442
            ],
            [
              -89.15754250592668,
              28.854041419529796
            ],
            [
              -89.15784986430707,
              28.854036499587373
            ],
            [
              -89.1578517272538,
              28.854126696973772
            ],
            [
              -89.15795418011847,
              28.854125056831393
            ],
            [
              -89.15795231708346,
              28.854034859451072
            ],
            [
              -89.1583621281036,
              28.854028298128355
            ],
            [
              -89.158360264724,
              28.85393810077104
            ],
            [
              -89.1584627173694,
              28.85393646025206
            ],
            [
              -89.15846085391006,
              28.853846262899506
            ],
            [
              -89.15866575899868,
              28.853842981640494
            ],
            [
              -89.1586638953713,
              28.85375278429878
            ],
            [
              -89.15876634781452,
              28.85375114355873
            ],
            [
              -89.15876448410741,
              28.853660946221773
            ],
            [
              -89.1588669364538,
              28.853659305410055
            ],
            [
              -89.15886507266696,
              28.85356910807787
            ],
            [
              -89.15896752491652,
              28.85356746719449
            ],
            [
              -89.15896566104992,
              28.85347726986708
            ],
            [
              -89.15906811320268,
              28.85347562891203
            ],
            [
              -89.15906624925634,
              28.853385431589373
            ],
            [
              -89.15927115335965,
              28.853382149458202
            ],
            [
              -89.1592692892453,
              28.8532919521464
            ],
            [
              -89.15937174119586,
              28.85329031097028
            ],
            [
              -89.15936987700177,
              28.85320011366325
            ],
            [
              -89.15947232885551,
              28.853198472415443
            ],
            [
              -89.15947046458167,
              28.853108275113183
            ],
            [
              -89.1595729163386,
              28.85310663379373
            ],
            [
              -89.15957105198504,
              28.85301643649623
            ],
            [
              -89.15967350364514,
              28.85301479510511
            ],
            [
              -89.15967163921184,
              28.852924597812386
            ],
            [
              -89.15987654232983,
              28.85292131480909
            ],
            [
              -89.15987467772854,
              28.852831117527213
            ],
            [
              -89.16018203207659,
              28.852826192457435
            ],
            [
              -89.160180167219,
              28.852735995192486
            ],
            [
              -89.16120468027418,
              28.852719573300725
            ],
            [
              -89.16120654601455,
              28.852809770504802
            ],
            [
              -89.16141144869954,
              28.85280648518134
            ],
            [
              -89.161413314625,
              28.85289668237192
            ],
            [
              -89.16161821745234,
              28.852893396725307
            ],
            [
              -89.16162008356292,
              28.85298359390238
            ],
            [
              -89.16172253505205,
              28.852981950956366
            ],
            [
              -89.16172440125945,
              28.853072148126035
            ],
            [
              -89.16182685282828,
              28.853070505096174
            ],
            [
              -89.16182871913254,
              28.853160702258446
            ],
            [
              -89.1619311707811,
              28.853159059144758
            ],
            [
              -89.16194423576822,
              28.853790439201088
            ],
            [
              -89.1618417835017,
              28.853792082357415
            ],
            [
              -89.16184364987437,
              28.853882279509143
            ],
            [
              -89.16174119751099,
              28.853883922593806
            ],
            [
              -89.16174306380394,
              28.853974119750294
            ],
            [
              -89.16153815887498,
              28.853977405698565
            ],
            [
              -89.1615400249999,
              28.854067602865932
            ],
            [
              -89.16143757243431,
              28.85406924572953
            ],
            [
              -89.1614394384795,
              28.85415944290167
            ],
            [
              -89.16123453314611,
              28.8541627284078
            ],
            [
              -89.16123639902328,
              28.854252925590785
            ],
            [
              -89.16103149347911,
              28.85425621079811
            ],
            [
              -89.16103335918827,
              28.854346407991965
            ],
            [
              -89.16082845343333,
              28.854349692900453
            ],
            [
              -89.16083031897448,
              28.85443989010517
            ],
            [
              -89.1607278659959,
              28.854441532448874
            ],
            [
              -89.16073532789282,
              28.85480232127889
            ],
            [
              -89.16083778122454,
              28.85480067891083
            ],
            [
              -89.16083964680845,
              28.854890876108954
            ],
            [
              -89.1609421002199,
              28.854889233657058
            ],
            [
              -89.16095329443253,
              28.85543041678159
            ],
            [
              -89.16085084049136,
              28.855432059270022
            ],
            [
              -89.16085643744823,
              28.855702650832765
            ],
            [
              -89.16075398323363,
              28.8557042932617
            ],
            [
              -89.16075584881474,
              28.85579449045274
            ],
            [
              -89.1605509401833,
              28.855797775089524
            ],
            [
              -89.16055280559637,
              28.855887972291406
            ],
            [
              -89.15963071553713,
              28.855902749362897
            ],
            [
              -89.1596288509187,
              28.855812552106237
            ],
            [
              -89.15952639651323,
              28.855814193608207
            ],
            [
              -89.15952453199161,
              28.85572399634415
            ],
            [
              -89.15921716898882,
              28.855728920365284
            ],
            [
              -89.15921530474063,
              28.855638723081647
            ],
            [
              -89.15911285047756,
              28.85564036426044
            ],
            [
              -89.15911471463747,
              28.855730561550157
            ],
            [
              -89.15829507951912,
              28.85574368822997
            ],
            [
              -89.15829694298124,
              28.855833885567016
            ],
            [
              -89.15809203393967,
              28.855837166471588
            ],
            [
              -89.15809576053636,
              28.856017561166055
            ],
            [
              -89.15799330582618,
              28.85601920151387
            ],
            [
              -89.15799516904904,
              28.85610939886522
            ],
            [
              -89.15789271424204,
              28.85611103914136
            ],
            [
              -89.15789457738515,
              28.856201236497466
            ],
            [
              -89.15768966756892,
              28.85620451682863
            ],
            [
              -89.15769153054399,
              28.85629471419557
            ],
            [
              -89.15758907553477,
              28.856296354250595
            ],
            [
              -89.15759093843008,
              28.856386551622307
            ],
            [
              -89.15748848332403,
              28.85638819160565
            ],
            [
              -89.15749034613957,
              28.856478388982115
            ],
            [
              -89.1573878909367,
              28.856480028893785
            ],
            [
              -89.15738975367249,
              28.85657022627502
            ],
            [
              -89.15718484306454,
              28.85657350587725
            ],
            [
              -89.15718670563228,
              28.85666370326932
            ],
            [
              -89.15687933939144,
              28.856668622107716
            ],
            [
              -89.15688120170283,
              28.856758819516685
            ],
            [
              -89.15667629065635,
              28.85676209836564
            ],
            [
              -89.15667815279967,
              28.856852295785455
            ],
            [
              -89.15657569717533,
              28.856853935099377
            ],
            [
              -89.1565775592389,
              28.856944132523957
            ],
            [
              -89.15637264778803,
              28.85694741093067
            ],
            [
              -89.15637450968353,
              28.857037608366074
            ],
            [
              -89.1559646863262,
              28.85704416427069
            ],
            [
              -89.15596654787704,
              28.857134361729077
            ],
            [
              -89.15545426804695,
              28.85714255489064
            ],
            [
              -89.15545612916485,
              28.85723275237808
            ],
            [
              -89.15535367308493,
              28.857234390783187
            ],
            [
              -89.15535553412305,
              28.85732458827538
            ]
          ]
        ]
      },
      "properties": {
        "incident_id": "SP-003",
        "type": "AI-detected-slick",
        "source": "Sentinel-1 SAR",
        "method": "U-Net segmentation + radiometric filtering"
      }
    },
    {
      "type": "Feature",
      "geometry": {
        "type": "Polygon",
        "coordinates": [
          [
            [
              -89.18244841924876,
              28.849219376937437
            ],
            [
              -89.18173129433342,
              28.849230984764162
            ],
            [
              -89.18172941116075,
              28.849140788742226
            ],
            [
              -89.18152451842661,
              28.8491441045523
            ],
            [
              -89.18152263543908,
              28.849053908516744
            ],
            [
              -89.18131774284694,
              28.8490572240036
            ],
            [
              -89.18131586004455,
              28.848967027954455
            ],
            [
              -89.1811109675944,
              28.84897034311811
            ],
            [
              -89.18110531976852,
              28.84869975492585
            ],
            [
              -89.18100287379526,
              28.84870141237266
            ],
            [
              -89.18100099129215,
              28.848611216299787
            ],
            [
              -89.18110343717714,
              28.84860955885913
            ],
            [
              -89.1810977894548,
              28.848338970651046
            ],
            [
              -89.18130268066939,
              28.848335655573425
            ],
            [
              -89.18130079793602,
              28.84824545951371
            ],
            [
              -89.18181302538021,
              28.848237170490155
            ],
            [
              -89.18181114221422,
              28.848146974459848
            ],
            [
              -89.18201603295496,
              28.848143658318634
            ],
            [
              -89.1820141496211,
              28.84805346229931
            ],
            [
              -89.18211659489027,
              28.848051804118256
            ],
            [
              -89.1821147114768,
              28.847961608103763
            ],
            [
              -89.1822171566491,
              28.847959949851138
            ],
            [
              -89.18221150619569,
              28.84768936181816
            ],
            [
              -89.1823139510946,
              28.84768770350625
            ],
            [
              -89.18230830045412,
              28.847417115479843
            ],
            [
              -89.18241074507966,
              28.847415457108653
            ],
            [
              -89.18240509425215,
              28.847144869088805
            ],
            [
              -89.1825075386043,
              28.84714321065834
            ],
            [
              -89.1824962366529,
              28.846602034619917
            ],
            [
              -89.18259868046694,
              28.846600376148622
            ],
            [
              -89.18259114565235,
              28.846239592121208
            ],
            [
              -89.1826935891048,
              28.846237933596775
            ],
            [
              -89.18268228661248,
              28.845696757552965
            ],
            [
              -89.18257984368948,
              28.845698416040502
            ],
            [
              -89.18257796005922,
              28.84560822002243
            ],
            [
              -89.18247551721582,
              28.845609878426103
            ],
            [
              -89.18247363368243,
              28.845519682400575
            ],
            [
              -89.18237119091866,
              28.845521340720374
            ],
            [
              -89.18237307436381,
              28.845611536752052
            ],
            [
              -89.18227063150314,
              28.845613195000297
            ],
            [
              -89.18227251486869,
              28.845703391036814
            ],
            [
              -89.18217007191116,
              28.845705049213468
            ],
            [
              -89.18217195519709,
              28.845795245254816
            ],
            [
              -89.181864626008,
              28.845800219336937
            ],
            [
              -89.18186650903785,
              28.84589041539539
            ],
            [
              -89.18176406586932,
              28.845892073273475
            ],
            [
              -89.18176594881955,
              28.84598226933677
            ],
            [
              -89.18145861899744,
              28.84598724252315
            ],
            [
              -89.18146050169157,
              28.84607743860355
            ],
            [
              -89.18115317152707,
              28.846082411108885
            ],
            [
              -89.18115128909767,
              28.845992215010053
            ],
            [
              -89.1810488457805,
              28.84599387235025
            ],
            [
              -89.18103755191466,
              28.84545269569263
            ],
            [
              -89.18113999470239,
              28.845451038389296
            ],
            [
              -89.18113622997299,
              28.845270646171837
            ],
            [
              -89.18123867257562,
              28.845268988803074
            ],
            [
              -89.18123679013563,
              28.8451787926985
            ],
            [
              -89.18144167513852,
              28.845175477740124
            ],
            [
              -89.18143979253067,
              28.845085281646526
            ],
            [
              -89.18184956207996,
              28.845078650821744
            ],
            [
              -89.18184767912778,
              28.844988454751412
            ],
            [
              -89.1819501214053,
              28.844986796857068
            ],
            [
              -89.1819520044457,
              28.84507699292126
            ],
            [
              -89.18205444680282,
              28.845075334943054
            ],
            [
              -89.18205256367418,
              28.84498513888501
            ],
            [
              -89.18225744818605,
              28.84498182270776
            ],
            [
              -89.1822536816017,
              28.844801430612304
            ],
            [
              -89.18235612366821,
              28.844799772419396
            ],
            [
              -89.18235424030075,
              28.844709576375845
            ],
            [
              -89.1824566822704,
              28.844707918111368
            ],
            [
              -89.18245479882334,
              28.844617722072634
            ],
            [
              -89.1825572406961,
              28.8446160637366
            ],
            [
              -89.18255535716945,
              28.8445258677027
            ],
            [
              -89.18265779894534,
              28.8445242092951
            ],
            [
              -89.18265591533908,
              28.84443401326601
            ],
            [
              -89.18286079868852,
              28.84443069622995
            ],
            [
              -89.18285703114896,
              28.844250304192446
            ],
            [
              -89.18275458965502,
              28.84425196273704
            ],
            [
              -89.18275270598642,
              28.84416176671015
            ],
            [
              -89.18254782314911,
              28.84416508355389
            ],
            [
              -89.18254028926688,
              28.843804299383976
            ],
            [
              -89.18264273033694,
              28.84380264102556
            ],
            [
              -89.18264084679973,
              28.843712444985943
            ],
            [
              -89.18274328777291,
              28.84371078655595
            ],
            [
              -89.18274140415609,
              28.843620590521148
            ],
            [
              -89.18284384503241,
              28.84361893201961
            ],
            [
              -89.18284196133601,
              28.84352873598964
            ],
            [
              -89.18304684288627,
              28.843525418765704
            ],
            [
              -89.18304495902204,
              28.843435222746713
            ],
            [
              -89.183147399696,
              28.843433564024338
            ],
            [
              -89.18314551575217,
              28.84334336801017
            ],
            [
              -89.1833503968977,
              28.843340050344576
            ],
            [
              -89.18334851278605,
              28.843249854341405
            ],
            [
              -89.18478267860218,
              28.84322662206484
            ],
            [
              -89.18478079326395,
              28.84313642614648
            ],
            [
              -89.18560031512128,
              28.843123143770665
            ],
            [
              -89.1856022011653,
              28.843213339639767
            ],
            [
              -89.18570464144679,
              28.84321167898695
            ],
            [
              -89.18570652758771,
              28.843301874848592
            ],
            [
              -89.18580896794879,
              28.843300214111903
            ],
            [
              -89.18581085418658,
              28.84339040996607
            ],
            [
              -89.18570841373726,
              28.843392070708912
            ],
            [
              -89.18572350324496,
              28.844113637544
            ],
            [
              -89.18562106208114,
              28.84411529825839
            ],
            [
              -89.18562483436806,
              28.84429568996628
            ],
            [
              -89.18552239301914,
              28.844297350615278
            ],
            [
              -89.18552427908733,
              28.844387546473396
            ],
            [
              -89.18531939618711,
              28.844390867550562
            ],
            [
              -89.18532128208747,
              28.84448106341969
            ],
            [
              -89.1851163989762,
              28.84448438419831
            ],
            [
              -89.18512205619975,
              28.84475497183466
            ],
            [
              -89.18522449802441,
              28.84475331146573
            ],
            [
              -89.18522638387111,
              28.84484350733573
            ],
            [
              -89.18543126767098,
              28.844840186352425
            ],
            [
              -89.18543315370279,
              28.844930382208787
            ],
            [
              -89.18553559567799,
              28.8449287215944
            ],
            [
              -89.18553936794405,
              28.845109113290853
            ],
            [
              -89.18543692579236,
              28.845110773917547
            ],
            [
              -89.18544447007523,
              28.845471557319232
            ],
            [
              -89.18554691257985,
              28.845469896667908
            ],
            [
              -89.18555634356915,
              28.84592087585953
            ],
            [
              -89.18545390062333,
              28.845922536541636
            ],
            [
              -89.1854614452174,
              28.84628331989579
            ],
            [
              -89.18535900190999,
              28.8462849805248
            ],
            [
              -89.18536466018158,
              28.846555568045048
            ],
            [
              -89.18526221660078,
              28.846557228614802
            ],
            [
              -89.18526598864857,
              28.84673762030067
            ],
            [
              -89.18506110110806,
              28.846740941231637
            ],
            [
              -89.18506298696843,
              28.846831137084923
            ],
            [
              -89.18485809921685,
              28.84683445771732
            ],
            [
              -89.18485998490938,
              28.846924653581578
            ],
            [
              -89.18424532091777,
              28.846934613650408
            ],
            [
              -89.18424720608945,
              28.847024809550266
            ],
            [
              -89.18414476197236,
              28.847026469295862
            ],
            [
              -89.18414853216521,
              28.847206861103935
            ],
            [
              -89.18404608786298,
              28.847208520784122
            ],
            [
              -89.18404985791386,
              28.847388912599214
            ],
            [
              -89.18394741342651,
              28.84739057221399
            ],
            [
              -89.18394929837667,
              28.847480768125703
            ],
            [
              -89.18384685379243,
              28.847482427668893
            ],
            [
              -89.18385062354217,
              28.84766281950069
            ],
            [
              -89.18374817877277,
              28.847664478978462
            ],
            [
              -89.18375194838057,
              28.847844870817276
            ],
            [
              -89.18364950342605,
              28.84784653022962
            ],
            [
              -89.18365515763779,
              28.848117117996406
            ],
            [
              -89.18355271240989,
              28.848118777349484
            ],
            [
              -89.1835583664346,
              28.848389365122845
            ],
            [
              -89.18366081192725,
              28.848387705751307
            ],
            [
              -89.18366646629448,
              28.848658293494328
            ],
            [
              -89.18356402053705,
              28.84865995288432
            ],
            [
              -89.18356590525516,
              28.84875014880218
            ],
            [
              -89.18346345940085,
              28.848751808120593
            ],
            [
              -89.18346534403932,
              28.84884200404328
            ],
            [
              -89.1831580061598,
              28.848846981550608
            ],
            [
              -89.18315989054216,
              28.848937177490427
            ],
            [
              -89.18285255232014,
              28.848942154316653
            ],
            [
              -89.18285443644636,
              28.849032350273596
            ],
            [
              -89.18254709788187,
              28.84903732641872
            ],
            [
              -89.18254898175196,
              28.849127522392802
            ],
            [
              -89.18244653545828,
              28.84912918095852
            ],
            [
              -89.18244841924876,
              28.849219376937437
            ]
          ]
        ]
      },
      "properties": {
        "incident_id": "SP-003",
        "type": "AI-detected-slick",
        "source": "Sentinel-1 SAR",
        "method": "U-Net segmentation + radiometric filtering"
      }
    },
    {
      "type": "Feature",
      "geometry": {
        "type": "Polygon",
        "coordinates": [
          [
            [
              -89.03141982264361,
              28.835067485655063
            ],
            [
              -89.0307027249687,
              28.835078285593966
            ],
            [
              -89.03070097312431,
              28.83498808060384
            ],
            [
              -89.03059853065541,
              28.834989623135698
            ],
            [
              -89.03059677890728,
              28.834899418138537
            ],
            [
              -89.03049433651859,
              28.834900960586964
            ],
            [
              -89.03049083322286,
              28.83472055057731
            ],
            [
              -89.03038839100259,
              28.83472209293658
            ],
            [
              -89.03038663945499,
              28.834631887924075
            ],
            [
              -89.03028419731493,
              28.83463343019991
            ],
            [
              -89.03028244586358,
              28.83454322518039
            ],
            [
              -89.0301800038037,
              28.8345447673728
            ],
            [
              -89.03017825244862,
              28.834454562346256
            ],
            [
              -89.03007581046893,
              28.834456104455235
            ],
            [
              -89.03007405921011,
              28.834365899421677
            ],
            [
              -89.02997161731061,
              28.834367441447228
            ],
            [
              -89.02996986614802,
              28.83427723640662
            ],
            [
              -89.02986742432874,
              28.834278778348747
            ],
            [
              -89.02986392220411,
              28.834098368252214
            ],
            [
              -89.02976148055325,
              28.834099910105188
            ],
            [
              -89.02975972959119,
              28.834009705049244
            ],
            [
              -89.02965728802052,
              28.8340112468188
            ],
            [
              -89.02965378629693,
              28.83383083669156
            ],
            [
              -89.02955134489467,
              28.833832378371977
            ],
            [
              -89.02954784337965,
              28.833651968228093
            ],
            [
              -89.0294454021458,
              28.833653509819364
            ],
            [
              -89.0294401501981,
              28.833382894576584
            ],
            [
              -89.02933770922091,
              28.833384436073008
            ],
            [
              -89.029334208139,
              28.833204025893206
            ],
            [
              -89.02923176733022,
              28.833205567300485
            ],
            [
              -89.02922826645685,
              28.833025157104043
            ],
            [
              -89.02912582581648,
              28.83302669842218
            ],
            [
              -89.02912232515165,
              28.832846288209073
            ],
            [
              -89.0290198846797,
              28.832847829438077
            ],
            [
              -89.0290163842234,
              28.83266741920832
            ],
            [
              -89.02891394391983,
              28.83266896034819
            ],
            [
              -89.02891219379195,
              28.83257875522565
            ],
            [
              -89.02880975356858,
              28.832580296282096
            ],
            [
              -89.02879925349899,
              28.832039065485144
            ],
            [
              -89.02890169319306,
              28.832037524462987
            ],
            [
              -89.02889644300194,
              28.83176690906405
            ],
            [
              -89.02899888242335,
              28.831765367981344
            ],
            [
              -89.02899363203979,
              28.831494752587815
            ],
            [
              -89.02909607118853,
              28.831493211444556
            ],
            [
              -89.02909082061255,
              28.831222596056453
            ],
            [
              -89.02919325948865,
              28.831221054852634
            ],
            [
              -89.02918975896836,
              28.831040644598804
            ],
            [
              -89.02929219766,
              28.831039103328727
            ],
            [
              -89.02929044732367,
              28.83094889820557
            ],
            [
              -89.0293928859191,
              28.830947356863508
            ],
            [
              -89.02938763469366,
              28.830676741503382
            ],
            [
              -89.02949007301643,
              28.830675200100778
            ],
            [
              -89.0294883225358,
              28.83058499498383
            ],
            [
              -89.02959076076232,
              28.830583453509238
            ],
            [
              -89.0295890102015,
              28.830493248396717
            ],
            [
              -89.0302036388629,
              28.830483997951877
            ],
            [
              -89.03020538995297,
              28.830574203030086
            ],
            [
              -89.03030782812331,
              28.830572661011622
            ],
            [
              -89.03030957930962,
              28.83066286608282
            ],
            [
              -89.03041201756014,
              28.830661323980944
            ],
            [
              -89.03041376884266,
              28.830751529045106
            ],
            [
              -89.03061864549603,
              28.830748444596807
            ],
            [
              -89.03062039696302,
              28.830838649648236
            ],
            [
              -89.03072283536586,
              28.83083710730182
            ],
            [
              -89.03072458692908,
              28.830927312346223
            ],
            [
              -89.03082702541211,
              28.830925769916387
            ],
            [
              -89.03082877707156,
              28.831015974953765
            ],
            [
              -89.03093121563478,
              28.83101443244052
            ],
            [
              -89.03093296739047,
              28.83110463747086
            ],
            [
              -89.0311378446692,
              28.831101552199833
            ],
            [
              -89.03113959660935,
              28.83119175721743
            ],
            [
              -89.0312420353249,
              28.831190214459642
            ],
            [
              -89.03124378736128,
              28.831280419470225
            ],
            [
              -89.03144866494466,
              28.83127733371012
            ],
            [
              -89.03145216939437,
              28.83145774370445
            ],
            [
              -89.03155460835043,
              28.831456200696405
            ],
            [
              -89.0315581130087,
              28.8316366106741
            ],
            [
              -89.03166055213315,
              28.83163506757691
            ],
            [
              -89.03166405699997,
              28.831815477537923
            ],
            [
              -89.0317664962928,
              28.831813934351587
            ],
            [
              -89.03176824882648,
              28.83190413932442
            ],
            [
              -89.0318706881995,
              28.83190259605465
            ],
            [
              -89.03187244082943,
              28.831992801020448
            ],
            [
              -89.03197488028263,
              28.831991257667255
            ],
            [
              -89.03197663300878,
              28.832081462626046
            ],
            [
              -89.03207907254217,
              28.83207991918943
            ],
            [
              -89.03208082536459,
              28.83217012414117
            ],
            [
              -89.03218326497814,
              28.832168580621133
            ],
            [
              -89.03218501789681,
              28.83225878556585
            ],
            [
              -89.03228745759054,
              28.832257241962377
            ],
            [
              -89.03228921060547,
              28.83234744690007
            ],
            [
              -89.03239165037937,
              28.832345903213177
            ],
            [
              -89.03239340349054,
              28.832436108143828
            ],
            [
              -89.03249584334463,
              28.832434564373514
            ],
            [
              -89.032501102991,
              28.83270517914049
            ],
            [
              -89.0326035431017,
              28.83270363527529
            ],
            [
              -89.03260704974925,
              28.832884045101956
            ],
            [
              -89.03270949002834,
              28.832882501147605
            ],
            [
              -89.0327340386964,
              28.834145369708068
            ],
            [
              -89.03263159718223,
              28.834146913742586
            ],
            [
              -89.03263335063058,
              28.8342371186357
            ],
            [
              -89.03253090902015,
              28.83423866259825
            ],
            [
              -89.03253266238832,
              28.834328867495795
            ],
            [
              -89.03243022068163,
              28.83433041138635
            ],
            [
              -89.03243197396961,
              28.83442061628831
            ],
            [
              -89.03222709035566,
              28.834423703847747
            ],
            [
              -89.03222884347524,
              28.83451390875986
            ],
            [
              -89.0320239596527,
              28.83451699601991
            ],
            [
              -89.03202571260387,
              28.834607200942163
            ],
            [
              -89.03182082857272,
              28.834610287902834
            ],
            [
              -89.03182258135547,
              28.83470049283523
            ],
            [
              -89.03172013923962,
              28.834702036204725
            ],
            [
              -89.03172189194218,
              28.83479224114154
            ],
            [
              -89.03161944973007,
              28.834793784439047
            ],
            [
              -89.03162120235244,
              28.834883989380273
            ],
            [
              -89.03151876004408,
              28.8348855326058
            ],
            [
              -89.03152051258625,
              28.83497573755146
            ],
            [
              -89.03141807018163,
              28.834977280704997
            ],
            [
              -89.03141982264361,
              28.835067485655063
            ]
          ]
        ]
      },
      "properties": {
        "incident_id": "SP-003",
        "type": "AI-detected-slick",
        "source": "Sentinel-1 SAR",
        "method": "U-Net segmentation + radiometric filtering"
      }
    }
  ]
}